[0.008s] Invoking command in '/home/huahai/dobot_ws/build/dobot_msgs_v3': CMAKE_PREFIX_PATH=/opt/ros/humble /usr/bin/cmake /home/huahai/dobot_ws/src/DOBOT_6Axis_ROS2_V3/dobot_msgs_v3 -DCMAKE_INSTALL_PREFIX=/home/huahai/dobot_ws/install/dobot_msgs_v3
[0.053s] -- The C compiler identification is GNU 11.4.0
[0.097s] -- The CXX compiler identification is GNU 11.4.0
[0.103s] -- Detecting C compiler ABI info
[0.165s] -- Detecting C compiler ABI info - done
[0.170s] -- Check for working C compiler: /usr/bin/cc - skipped
[0.170s] -- Detecting C compile features
[0.171s] -- Detecting C compile features - done
[0.173s] -- Detecting CXX compiler ABI info
[0.238s] -- Detecting CXX compiler ABI info - done
[0.241s] -- Check for working CXX compiler: /usr/bin/c++ - skipped
[0.242s] -- Detecting CXX compile features
[0.243s] -- Detecting CXX compile features - done
[0.244s] -- Found ament_cmake: 1.3.13 (/opt/ros/humble/share/ament_cmake/cmake)
[0.373s] -- Found Python3: /usr/bin/python3 (found version "3.10.12") found components: Interpreter 
[0.457s] -- Found rclcpp: 16.0.18 (/opt/ros/humble/share/rclcpp/cmake)
[0.577s] -- Found rosidl_generator_c: 3.1.8 (/opt/ros/humble/share/rosidl_generator_c/cmake)
[0.607s] -- Found rosidl_adapter: 3.1.8 (/opt/ros/humble/share/rosidl_adapter/cmake)
[0.647s] -- Found rosidl_generator_cpp: 3.1.8 (/opt/ros/humble/share/rosidl_generator_cpp/cmake)
[0.670s] -- Using all available rosidl_typesupport_c: rosidl_typesupport_fastrtps_c;rosidl_typesupport_introspection_c
[0.698s] -- Using all available rosidl_typesupport_cpp: rosidl_typesupport_fastrtps_cpp;rosidl_typesupport_introspection_cpp
[0.756s] -- Found rmw_implementation_cmake: 6.1.2 (/opt/ros/humble/share/rmw_implementation_cmake/cmake)
[0.760s] -- Found rmw_fastrtps_cpp: 6.2.10 (/opt/ros/humble/share/rmw_fastrtps_cpp/cmake)
[0.855s] -- Found OpenSSL: /usr/lib/x86_64-linux-gnu/libcrypto.so (found version "3.0.2")  
[0.876s] -- Found FastRTPS: /opt/ros/humble/include  
[0.903s] -- Using RMW implementation 'rmw_fastrtps_cpp' as default
[0.916s] -- Looking for pthread.h
[0.994s] -- Looking for pthread.h - found
[0.996s] -- Performing Test CMAKE_HAVE_LIBC_PTHREAD
[1.059s] -- Performing Test CMAKE_HAVE_LIBC_PTHREAD - Success
[1.061s] -- Found Threads: TRUE  
[1.128s] -- Found rosidl_default_generators: 1.2.0 (/opt/ros/humble/share/rosidl_default_generators/cmake)
[1.692s] -- Found ament_cmake_ros: 0.10.0 (/opt/ros/humble/share/ament_cmake_ros/cmake)
[1.995s] -- Using all available rosidl_typesupport_c: rosidl_typesupport_fastrtps_c;rosidl_typesupport_introspection_c
[2.105s] -- Using all available rosidl_typesupport_cpp: rosidl_typesupport_fastrtps_cpp;rosidl_typesupport_introspection_cpp
[2.123s] -- Found PythonInterp: /usr/bin/python3 (found suitable version "3.10.12", minimum required is "3.6") 
[2.125s] -- Found python_cmake_module: 0.10.0 (/opt/ros/humble/share/python_cmake_module/cmake)
[2.146s] -- Found PythonLibs: /usr/lib/x86_64-linux-gnu/libpython3.10.so (found suitable version "3.10.12", minimum required is "3.5") 
[2.146s] -- Using PYTHON_EXECUTABLE: /usr/bin/python3
[2.147s] -- Using PYTHON_INCLUDE_DIRS: /usr/include/python3.10
[2.147s] -- Using PYTHON_LIBRARIES: /usr/lib/x86_64-linux-gnu/libpython3.10.so
[2.162s] -- Found PythonExtra: .so  
[2.212s] -- Configuring done
[2.319s] -- Generating done
[2.336s] -- Build files have been written to: /home/huahai/dobot_ws/build/dobot_msgs_v3
[2.346s] Invoked command in '/home/huahai/dobot_ws/build/dobot_msgs_v3' returned '0': CMAKE_PREFIX_PATH=/opt/ros/humble /usr/bin/cmake /home/huahai/dobot_ws/src/DOBOT_6Axis_ROS2_V3/dobot_msgs_v3 -DCMAKE_INSTALL_PREFIX=/home/huahai/dobot_ws/install/dobot_msgs_v3
[2.350s] Invoking command in '/home/huahai/dobot_ws/build/dobot_msgs_v3': CMAKE_PREFIX_PATH=/opt/ros/humble /usr/bin/cmake --build /home/huahai/dobot_ws/build/dobot_msgs_v3 -- -j2 -l2
[2.440s] [  0%] [34m[1mGenerating C code for ROS interfaces[0m
[2.449s] [  0%] [34m[1mGenerating C++ code for ROS interfaces[0m
[10.479s] [  0%] Built target dobot_msgs_v3__cpp
[10.503s] [  0%] Built target ament_cmake_python_copy_dobot_msgs_v3
[10.511s] [  0%] [34m[1mGenerating C++ type support dispatch for ROS interfaces[0m
[10.625s] [  0%] [32mBuilding C object CMakeFiles/dobot_msgs_v3__rosidl_generator_c.dir/rosidl_generator_c/dobot_msgs_v3/msg/detail/robot_status__functions.c.o[0m
[10.681s] [  0%] [32mBuilding C object CMakeFiles/dobot_msgs_v3__rosidl_generator_c.dir/rosidl_generator_c/dobot_msgs_v3/msg/detail/tool_vector_actual__functions.c.o[0m
[10.714s] [  0%] [32mBuilding C object CMakeFiles/dobot_msgs_v3__rosidl_generator_c.dir/rosidl_generator_c/dobot_msgs_v3/srv/detail/acc_j__functions.c.o[0m
[10.757s] [  1%] [32mBuilding C object CMakeFiles/dobot_msgs_v3__rosidl_generator_c.dir/rosidl_generator_c/dobot_msgs_v3/srv/detail/acc_l__functions.c.o[0m
[10.795s] [  1%] [32mBuilding C object CMakeFiles/dobot_msgs_v3__rosidl_generator_c.dir/rosidl_generator_c/dobot_msgs_v3/srv/detail/ao__functions.c.o[0m
[10.833s] [  1%] [32mBuilding C object CMakeFiles/dobot_msgs_v3__rosidl_generator_c.dir/rosidl_generator_c/dobot_msgs_v3/srv/detail/ao_execute__functions.c.o[0m
[10.872s] [  1%] [32mBuilding C object CMakeFiles/dobot_msgs_v3__rosidl_generator_c.dir/rosidl_generator_c/dobot_msgs_v3/srv/detail/arc__functions.c.o[0m
[10.916s] [  1%] [32mBuilding C object CMakeFiles/dobot_msgs_v3__rosidl_generator_c.dir/rosidl_generator_c/dobot_msgs_v3/srv/detail/arch__functions.c.o[0m
[10.956s] [  1%] [32mBuilding C object CMakeFiles/dobot_msgs_v3__rosidl_generator_c.dir/rosidl_generator_c/dobot_msgs_v3/srv/detail/brake_control__functions.c.o[0m
[10.999s] [  1%] [32mBuilding C object CMakeFiles/dobot_msgs_v3__rosidl_generator_c.dir/rosidl_generator_c/dobot_msgs_v3/srv/detail/circle__functions.c.o[0m
[11.039s] [  2%] [32mBuilding C object CMakeFiles/dobot_msgs_v3__rosidl_generator_c.dir/rosidl_generator_c/dobot_msgs_v3/srv/detail/clear_error__functions.c.o[0m
[11.081s] [  2%] [32mBuilding C object CMakeFiles/dobot_msgs_v3__rosidl_generator_c.dir/rosidl_generator_c/dobot_msgs_v3/srv/detail/continues__functions.c.o[0m
[11.121s] [  2%] [32mBuilding C object CMakeFiles/dobot_msgs_v3__rosidl_generator_c.dir/rosidl_generator_c/dobot_msgs_v3/srv/detail/continue_script__functions.c.o[0m
[11.165s] [  2%] [32mBuilding C object CMakeFiles/dobot_msgs_v3__rosidl_generator_c.dir/rosidl_generator_c/dobot_msgs_v3/srv/detail/cp__functions.c.o[0m
[11.206s] [  2%] [32mBuilding C object CMakeFiles/dobot_msgs_v3__rosidl_generator_c.dir/rosidl_generator_c/dobot_msgs_v3/srv/detail/di__functions.c.o[0m
[11.244s] [  2%] [32mBuilding C object CMakeFiles/dobot_msgs_v3__rosidl_generator_c.dir/rosidl_generator_c/dobot_msgs_v3/srv/detail/digital_outputs__functions.c.o[0m
[11.283s] [  2%] [32mBuilding C object CMakeFiles/dobot_msgs_v3__rosidl_generator_c.dir/rosidl_generator_c/dobot_msgs_v3/srv/detail/disable_robot__functions.c.o[0m
[11.325s] [  3%] [32mBuilding C object CMakeFiles/dobot_msgs_v3__rosidl_generator_c.dir/rosidl_generator_c/dobot_msgs_v3/srv/detail/do__functions.c.o[0m
[11.364s] [  3%] [32mBuilding C object CMakeFiles/dobot_msgs_v3__rosidl_generator_c.dir/rosidl_generator_c/dobot_msgs_v3/srv/detail/do_execute__functions.c.o[0m
[11.407s] [  3%] [32mBuilding C object CMakeFiles/dobot_msgs_v3__rosidl_generator_c.dir/rosidl_generator_c/dobot_msgs_v3/srv/detail/do_group__functions.c.o[0m
[11.447s] [  3%] [32mBuilding C object CMakeFiles/dobot_msgs_v3__rosidl_generator_c.dir/rosidl_generator_c/dobot_msgs_v3/srv/detail/emergency_stop__functions.c.o[0m
[11.486s] [  3%] [32mBuilding C object CMakeFiles/dobot_msgs_v3__rosidl_generator_c.dir/rosidl_generator_c/dobot_msgs_v3/srv/detail/enable_robot__functions.c.o[0m
[11.524s] [  3%] [32mBuilding C object CMakeFiles/dobot_msgs_v3__rosidl_generator_c.dir/rosidl_generator_c/dobot_msgs_v3/srv/detail/get_angle__functions.c.o[0m
[11.565s] [  3%] [32mBuilding C object CMakeFiles/dobot_msgs_v3__rosidl_generator_c.dir/rosidl_generator_c/dobot_msgs_v3/srv/detail/get_coils__functions.c.o[0m
[11.606s] [  4%] [32mBuilding C object CMakeFiles/dobot_msgs_v3__rosidl_generator_c.dir/rosidl_generator_c/dobot_msgs_v3/srv/detail/get_error_id__functions.c.o[0m
[11.647s] [  4%] [32mBuilding C object CMakeFiles/dobot_msgs_v3__rosidl_generator_c.dir/rosidl_generator_c/dobot_msgs_v3/srv/detail/get_hold_regs__functions.c.o[0m
[11.687s] [  4%] [32mBuilding C object CMakeFiles/dobot_msgs_v3__rosidl_generator_c.dir/rosidl_generator_c/dobot_msgs_v3/srv/detail/get_in_bits__functions.c.o[0m
[11.728s] [  4%] [32mBuilding C object CMakeFiles/dobot_msgs_v3__rosidl_generator_c.dir/rosidl_generator_c/dobot_msgs_v3/srv/detail/get_in_regs__functions.c.o[0m
[11.769s] [  4%] [32mBuilding C object CMakeFiles/dobot_msgs_v3__rosidl_generator_c.dir/rosidl_generator_c/dobot_msgs_v3/srv/detail/get_pose__functions.c.o[0m
[11.813s] [  4%] [32mBuilding C object CMakeFiles/dobot_msgs_v3__rosidl_generator_c.dir/rosidl_generator_c/dobot_msgs_v3/srv/detail/inverse_solution__functions.c.o[0m
[11.860s] [  4%] [32mBuilding C object CMakeFiles/dobot_msgs_v3__rosidl_generator_c.dir/rosidl_generator_c/dobot_msgs_v3/srv/detail/joint_mov_j__functions.c.o[0m
[11.906s] [  5%] [32mBuilding C object CMakeFiles/dobot_msgs_v3__rosidl_generator_c.dir/rosidl_generator_c/dobot_msgs_v3/srv/detail/jump__functions.c.o[0m
[11.946s] [  5%] [32mBuilding C object CMakeFiles/dobot_msgs_v3__rosidl_generator_c.dir/rosidl_generator_c/dobot_msgs_v3/srv/detail/lim_z__functions.c.o[0m
[11.992s] [  5%] [32mBuilding C object CMakeFiles/dobot_msgs_v3__rosidl_generator_c.dir/rosidl_generator_c/dobot_msgs_v3/srv/detail/load_switch__functions.c.o[0m
[12.034s] [  5%] [32mBuilding C object CMakeFiles/dobot_msgs_v3__rosidl_generator_c.dir/rosidl_generator_c/dobot_msgs_v3/srv/detail/modbus_close__functions.c.o[0m
[12.079s] [  5%] [32mBuilding C object CMakeFiles/dobot_msgs_v3__rosidl_generator_c.dir/rosidl_generator_c/dobot_msgs_v3/srv/detail/modbus_create__functions.c.o[0m
[12.122s] [  5%] [32mBuilding C object CMakeFiles/dobot_msgs_v3__rosidl_generator_c.dir/rosidl_generator_c/dobot_msgs_v3/srv/detail/move_jog__functions.c.o[0m
[12.166s] [  5%] [32mBuilding C object CMakeFiles/dobot_msgs_v3__rosidl_generator_c.dir/rosidl_generator_c/dobot_msgs_v3/srv/detail/mov_j__functions.c.o[0m
[12.209s] [  6%] [32mBuilding C object CMakeFiles/dobot_msgs_v3__rosidl_generator_c.dir/rosidl_generator_c/dobot_msgs_v3/srv/detail/mov_j_ext__functions.c.o[0m
[12.250s] [  6%] [32mBuilding C object CMakeFiles/dobot_msgs_v3__rosidl_generator_c.dir/rosidl_generator_c/dobot_msgs_v3/srv/detail/mov_jio__functions.c.o[0m
[12.293s] [  6%] [32mBuilding C object CMakeFiles/dobot_msgs_v3__rosidl_generator_c.dir/rosidl_generator_c/dobot_msgs_v3/srv/detail/mov_l__functions.c.o[0m
[12.337s] [  6%] [32mBuilding C object CMakeFiles/dobot_msgs_v3__rosidl_generator_c.dir/rosidl_generator_c/dobot_msgs_v3/srv/detail/mov_lio__functions.c.o[0m
[12.379s] [  6%] [32mBuilding C object CMakeFiles/dobot_msgs_v3__rosidl_generator_c.dir/rosidl_generator_c/dobot_msgs_v3/srv/detail/pause__functions.c.o[0m
[12.415s] [  6%] [32mBuilding C object CMakeFiles/dobot_msgs_v3__rosidl_generator_c.dir/rosidl_generator_c/dobot_msgs_v3/srv/detail/pause_script__functions.c.o[0m
[12.455s] [  6%] [32mBuilding C object CMakeFiles/dobot_msgs_v3__rosidl_generator_c.dir/rosidl_generator_c/dobot_msgs_v3/srv/detail/pay_load__functions.c.o[0m
[12.497s] [  7%] [32mBuilding C object CMakeFiles/dobot_msgs_v3__rosidl_generator_c.dir/rosidl_generator_c/dobot_msgs_v3/srv/detail/positive_solution__functions.c.o[0m
[12.537s] [  7%] [32mBuilding C object CMakeFiles/dobot_msgs_v3__rosidl_generator_c.dir/rosidl_generator_c/dobot_msgs_v3/srv/detail/power_on__functions.c.o[0m
[12.576s] [  7%] [32mBuilding C object CMakeFiles/dobot_msgs_v3__rosidl_generator_c.dir/rosidl_generator_c/dobot_msgs_v3/srv/detail/rel_joint_mov_j__functions.c.o[0m
[12.591s] [  7%] [32mBuilding CXX object CMakeFiles/dobot_msgs_v3__rosidl_typesupport_cpp.dir/rosidl_typesupport_cpp/dobot_msgs_v3/msg/robot_status__type_support.cpp.o[0m
[12.622s] [  7%] [32mBuilding C object CMakeFiles/dobot_msgs_v3__rosidl_generator_c.dir/rosidl_generator_c/dobot_msgs_v3/srv/detail/rel_mov_j__functions.c.o[0m
[12.669s] [  7%] [32mBuilding C object CMakeFiles/dobot_msgs_v3__rosidl_generator_c.dir/rosidl_generator_c/dobot_msgs_v3/srv/detail/rel_mov_j_user__functions.c.o[0m
[12.715s] [  7%] [32mBuilding C object CMakeFiles/dobot_msgs_v3__rosidl_generator_c.dir/rosidl_generator_c/dobot_msgs_v3/srv/detail/rel_mov_j_tool__functions.c.o[0m
[12.760s] [  7%] [32mBuilding C object CMakeFiles/dobot_msgs_v3__rosidl_generator_c.dir/rosidl_generator_c/dobot_msgs_v3/srv/detail/rel_mov_l__functions.c.o[0m
[12.802s] [  8%] [32mBuilding C object CMakeFiles/dobot_msgs_v3__rosidl_generator_c.dir/rosidl_generator_c/dobot_msgs_v3/srv/detail/rel_mov_l_user__functions.c.o[0m
[12.835s] [  8%] [32mBuilding CXX object CMakeFiles/dobot_msgs_v3__rosidl_typesupport_cpp.dir/rosidl_typesupport_cpp/dobot_msgs_v3/msg/tool_vector_actual__type_support.cpp.o[0m
[12.844s] [  8%] [32mBuilding C object CMakeFiles/dobot_msgs_v3__rosidl_generator_c.dir/rosidl_generator_c/dobot_msgs_v3/srv/detail/rel_mov_l_tool__functions.c.o[0m
[12.886s] [  8%] [32mBuilding C object CMakeFiles/dobot_msgs_v3__rosidl_generator_c.dir/rosidl_generator_c/dobot_msgs_v3/srv/detail/reset_robot__functions.c.o[0m
[12.926s] [  8%] [32mBuilding C object CMakeFiles/dobot_msgs_v3__rosidl_generator_c.dir/rosidl_generator_c/dobot_msgs_v3/srv/detail/robot_mode__functions.c.o[0m
[12.969s] [  8%] [32mBuilding C object CMakeFiles/dobot_msgs_v3__rosidl_generator_c.dir/rosidl_generator_c/dobot_msgs_v3/srv/detail/run_script__functions.c.o[0m
[13.001s] [  9%] [32mBuilding CXX object CMakeFiles/dobot_msgs_v3__rosidl_typesupport_cpp.dir/rosidl_typesupport_cpp/dobot_msgs_v3/srv/acc_j__type_support.cpp.o[0m
[13.009s] [  9%] [32mBuilding C object CMakeFiles/dobot_msgs_v3__rosidl_generator_c.dir/rosidl_generator_c/dobot_msgs_v3/srv/detail/servo_j__functions.c.o[0m
[13.049s] [  9%] [32mBuilding C object CMakeFiles/dobot_msgs_v3__rosidl_generator_c.dir/rosidl_generator_c/dobot_msgs_v3/srv/detail/servo_p__functions.c.o[0m
[13.090s] [ 10%] [32mBuilding C object CMakeFiles/dobot_msgs_v3__rosidl_generator_c.dir/rosidl_generator_c/dobot_msgs_v3/srv/detail/set_arm_orientation__functions.c.o[0m
[13.133s] [ 10%] [32mBuilding C object CMakeFiles/dobot_msgs_v3__rosidl_generator_c.dir/rosidl_generator_c/dobot_msgs_v3/srv/detail/set_coils__functions.c.o[0m
[13.179s] [ 10%] [32mBuilding C object CMakeFiles/dobot_msgs_v3__rosidl_generator_c.dir/rosidl_generator_c/dobot_msgs_v3/srv/detail/set_collision_level__functions.c.o[0m
[13.179s] [ 10%] [32mBuilding CXX object CMakeFiles/dobot_msgs_v3__rosidl_typesupport_cpp.dir/rosidl_typesupport_cpp/dobot_msgs_v3/srv/acc_l__type_support.cpp.o[0m
[13.219s] [ 10%] [32mBuilding C object CMakeFiles/dobot_msgs_v3__rosidl_generator_c.dir/rosidl_generator_c/dobot_msgs_v3/srv/detail/set_hold_regs__functions.c.o[0m
[13.261s] [ 10%] [32mBuilding C object CMakeFiles/dobot_msgs_v3__rosidl_generator_c.dir/rosidl_generator_c/dobot_msgs_v3/srv/detail/set_obstacle_avoid__functions.c.o[0m
[13.301s] [ 10%] [32mBuilding C object CMakeFiles/dobot_msgs_v3__rosidl_generator_c.dir/rosidl_generator_c/dobot_msgs_v3/srv/detail/set_payload__functions.c.o[0m
[13.341s] [ 10%] [32mBuilding C object CMakeFiles/dobot_msgs_v3__rosidl_generator_c.dir/rosidl_generator_c/dobot_msgs_v3/srv/detail/set_safe_skin__functions.c.o[0m
[13.346s] [ 10%] [32mBuilding CXX object CMakeFiles/dobot_msgs_v3__rosidl_typesupport_cpp.dir/rosidl_typesupport_cpp/dobot_msgs_v3/srv/ao__type_support.cpp.o[0m
[13.382s] [ 11%] [32mBuilding C object CMakeFiles/dobot_msgs_v3__rosidl_generator_c.dir/rosidl_generator_c/dobot_msgs_v3/srv/detail/speed_factor__functions.c.o[0m
[13.422s] [ 11%] [32mBuilding C object CMakeFiles/dobot_msgs_v3__rosidl_generator_c.dir/rosidl_generator_c/dobot_msgs_v3/srv/detail/speed_j__functions.c.o[0m
[13.462s] [ 11%] [32mBuilding C object CMakeFiles/dobot_msgs_v3__rosidl_generator_c.dir/rosidl_generator_c/dobot_msgs_v3/srv/detail/speed_l__functions.c.o[0m
[13.502s] [ 11%] [32mBuilding C object CMakeFiles/dobot_msgs_v3__rosidl_generator_c.dir/rosidl_generator_c/dobot_msgs_v3/srv/detail/start_drag__functions.c.o[0m
[13.506s] [ 11%] [32mBuilding CXX object CMakeFiles/dobot_msgs_v3__rosidl_typesupport_cpp.dir/rosidl_typesupport_cpp/dobot_msgs_v3/srv/ao_execute__type_support.cpp.o[0m
[13.541s] [ 11%] [32mBuilding C object CMakeFiles/dobot_msgs_v3__rosidl_generator_c.dir/rosidl_generator_c/dobot_msgs_v3/srv/detail/start_fc_trace__functions.c.o[0m
[13.583s] [ 11%] [32mBuilding C object CMakeFiles/dobot_msgs_v3__rosidl_generator_c.dir/rosidl_generator_c/dobot_msgs_v3/srv/detail/start_path__functions.c.o[0m
[13.624s] [ 11%] [32mBuilding C object CMakeFiles/dobot_msgs_v3__rosidl_generator_c.dir/rosidl_generator_c/dobot_msgs_v3/srv/detail/start_trace__functions.c.o[0m
[13.665s] [ 12%] [32mBuilding C object CMakeFiles/dobot_msgs_v3__rosidl_generator_c.dir/rosidl_generator_c/dobot_msgs_v3/srv/detail/stop_drag__functions.c.o[0m
[13.674s] [ 12%] [32mBuilding CXX object CMakeFiles/dobot_msgs_v3__rosidl_typesupport_cpp.dir/rosidl_typesupport_cpp/dobot_msgs_v3/srv/arc__type_support.cpp.o[0m
[13.704s] [ 12%] [32mBuilding C object CMakeFiles/dobot_msgs_v3__rosidl_generator_c.dir/rosidl_generator_c/dobot_msgs_v3/srv/detail/stopmove_jog__functions.c.o[0m
[13.744s] [ 12%] [32mBuilding C object CMakeFiles/dobot_msgs_v3__rosidl_generator_c.dir/rosidl_generator_c/dobot_msgs_v3/srv/detail/stop_script__functions.c.o[0m
[13.784s] [ 12%] [32mBuilding C object CMakeFiles/dobot_msgs_v3__rosidl_generator_c.dir/rosidl_generator_c/dobot_msgs_v3/srv/detail/sync__functions.c.o[0m
[13.822s] [ 12%] [32mBuilding C object CMakeFiles/dobot_msgs_v3__rosidl_generator_c.dir/rosidl_generator_c/dobot_msgs_v3/srv/detail/sync_all__functions.c.o[0m
[13.838s] [ 12%] [32mBuilding CXX object CMakeFiles/dobot_msgs_v3__rosidl_typesupport_cpp.dir/rosidl_typesupport_cpp/dobot_msgs_v3/srv/arch__type_support.cpp.o[0m
[13.863s] [ 12%] [32mBuilding C object CMakeFiles/dobot_msgs_v3__rosidl_generator_c.dir/rosidl_generator_c/dobot_msgs_v3/srv/detail/tool__functions.c.o[0m
[13.901s] [ 12%] [32mBuilding C object CMakeFiles/dobot_msgs_v3__rosidl_generator_c.dir/rosidl_generator_c/dobot_msgs_v3/srv/detail/tool_di__functions.c.o[0m
[13.945s] [ 13%] [32mBuilding C object CMakeFiles/dobot_msgs_v3__rosidl_generator_c.dir/rosidl_generator_c/dobot_msgs_v3/srv/detail/tool_do__functions.c.o[0m
[13.983s] [ 13%] [32mBuilding C object CMakeFiles/dobot_msgs_v3__rosidl_generator_c.dir/rosidl_generator_c/dobot_msgs_v3/srv/detail/tool_do_execute__functions.c.o[0m
[14.004s] [ 13%] [32mBuilding CXX object CMakeFiles/dobot_msgs_v3__rosidl_typesupport_cpp.dir/rosidl_typesupport_cpp/dobot_msgs_v3/srv/brake_control__type_support.cpp.o[0m
[14.021s] [ 13%] [32mBuilding C object CMakeFiles/dobot_msgs_v3__rosidl_generator_c.dir/rosidl_generator_c/dobot_msgs_v3/srv/detail/user__functions.c.o[0m
[14.061s] [ 13%] [32mBuilding C object CMakeFiles/dobot_msgs_v3__rosidl_generator_c.dir/rosidl_generator_c/dobot_msgs_v3/srv/detail/wait__functions.c.o[0m
[14.102s] [ 13%] [32m[1mLinking C shared library libdobot_msgs_v3__rosidl_generator_c.so[0m
[14.161s] [ 13%] Built target dobot_msgs_v3__rosidl_generator_c
[14.171s] [ 13%] [34m[1mGenerating C++ type support for eProsima Fast-RTPS[0m
[14.175s] [ 14%] [32mBuilding CXX object CMakeFiles/dobot_msgs_v3__rosidl_typesupport_cpp.dir/rosidl_typesupport_cpp/dobot_msgs_v3/srv/circle__type_support.cpp.o[0m
[14.349s] [ 14%] [32mBuilding CXX object CMakeFiles/dobot_msgs_v3__rosidl_typesupport_cpp.dir/rosidl_typesupport_cpp/dobot_msgs_v3/srv/clear_error__type_support.cpp.o[0m
[14.516s] [ 14%] [32mBuilding CXX object CMakeFiles/dobot_msgs_v3__rosidl_typesupport_cpp.dir/rosidl_typesupport_cpp/dobot_msgs_v3/srv/continues__type_support.cpp.o[0m
[14.682s] [ 14%] [32mBuilding CXX object CMakeFiles/dobot_msgs_v3__rosidl_typesupport_cpp.dir/rosidl_typesupport_cpp/dobot_msgs_v3/srv/continue_script__type_support.cpp.o[0m
[14.848s] [ 14%] [32mBuilding CXX object CMakeFiles/dobot_msgs_v3__rosidl_typesupport_cpp.dir/rosidl_typesupport_cpp/dobot_msgs_v3/srv/cp__type_support.cpp.o[0m
[15.014s] [ 14%] [32mBuilding CXX object CMakeFiles/dobot_msgs_v3__rosidl_typesupport_cpp.dir/rosidl_typesupport_cpp/dobot_msgs_v3/srv/di__type_support.cpp.o[0m
[15.177s] [ 15%] [32mBuilding CXX object CMakeFiles/dobot_msgs_v3__rosidl_typesupport_cpp.dir/rosidl_typesupport_cpp/dobot_msgs_v3/srv/digital_outputs__type_support.cpp.o[0m
[15.335s] [ 15%] [32mBuilding CXX object CMakeFiles/dobot_msgs_v3__rosidl_typesupport_cpp.dir/rosidl_typesupport_cpp/dobot_msgs_v3/srv/disable_robot__type_support.cpp.o[0m
[15.494s] [ 15%] [32mBuilding CXX object CMakeFiles/dobot_msgs_v3__rosidl_typesupport_cpp.dir/rosidl_typesupport_cpp/dobot_msgs_v3/srv/do__type_support.cpp.o[0m
[15.648s] [ 15%] [32mBuilding CXX object CMakeFiles/dobot_msgs_v3__rosidl_typesupport_cpp.dir/rosidl_typesupport_cpp/dobot_msgs_v3/srv/do_execute__type_support.cpp.o[0m
[15.805s] [ 15%] [32mBuilding CXX object CMakeFiles/dobot_msgs_v3__rosidl_typesupport_cpp.dir/rosidl_typesupport_cpp/dobot_msgs_v3/srv/do_group__type_support.cpp.o[0m
[15.960s] [ 15%] [32mBuilding CXX object CMakeFiles/dobot_msgs_v3__rosidl_typesupport_cpp.dir/rosidl_typesupport_cpp/dobot_msgs_v3/srv/emergency_stop__type_support.cpp.o[0m
[16.117s] [ 15%] [32mBuilding CXX object CMakeFiles/dobot_msgs_v3__rosidl_typesupport_cpp.dir/rosidl_typesupport_cpp/dobot_msgs_v3/srv/enable_robot__type_support.cpp.o[0m
[16.276s] [ 16%] [32mBuilding CXX object CMakeFiles/dobot_msgs_v3__rosidl_typesupport_cpp.dir/rosidl_typesupport_cpp/dobot_msgs_v3/srv/get_angle__type_support.cpp.o[0m
[16.448s] [ 16%] [32mBuilding CXX object CMakeFiles/dobot_msgs_v3__rosidl_typesupport_cpp.dir/rosidl_typesupport_cpp/dobot_msgs_v3/srv/get_coils__type_support.cpp.o[0m
[16.609s] [ 16%] [32mBuilding CXX object CMakeFiles/dobot_msgs_v3__rosidl_typesupport_cpp.dir/rosidl_typesupport_cpp/dobot_msgs_v3/srv/get_error_id__type_support.cpp.o[0m
[16.774s] [ 16%] [32mBuilding CXX object CMakeFiles/dobot_msgs_v3__rosidl_typesupport_cpp.dir/rosidl_typesupport_cpp/dobot_msgs_v3/srv/get_hold_regs__type_support.cpp.o[0m
[16.936s] [ 16%] [32mBuilding CXX object CMakeFiles/dobot_msgs_v3__rosidl_typesupport_cpp.dir/rosidl_typesupport_cpp/dobot_msgs_v3/srv/get_in_bits__type_support.cpp.o[0m
[17.098s] [ 16%] [32mBuilding CXX object CMakeFiles/dobot_msgs_v3__rosidl_typesupport_cpp.dir/rosidl_typesupport_cpp/dobot_msgs_v3/srv/get_in_regs__type_support.cpp.o[0m
[17.264s] [ 16%] [32mBuilding CXX object CMakeFiles/dobot_msgs_v3__rosidl_typesupport_cpp.dir/rosidl_typesupport_cpp/dobot_msgs_v3/srv/get_pose__type_support.cpp.o[0m
[17.420s] [ 17%] [32mBuilding CXX object CMakeFiles/dobot_msgs_v3__rosidl_typesupport_cpp.dir/rosidl_typesupport_cpp/dobot_msgs_v3/srv/inverse_solution__type_support.cpp.o[0m
[17.574s] [ 17%] [32mBuilding CXX object CMakeFiles/dobot_msgs_v3__rosidl_typesupport_cpp.dir/rosidl_typesupport_cpp/dobot_msgs_v3/srv/joint_mov_j__type_support.cpp.o[0m
[17.730s] [ 17%] [32mBuilding CXX object CMakeFiles/dobot_msgs_v3__rosidl_typesupport_cpp.dir/rosidl_typesupport_cpp/dobot_msgs_v3/srv/jump__type_support.cpp.o[0m
[17.877s] [ 17%] [32mBuilding CXX object CMakeFiles/dobot_msgs_v3__rosidl_typesupport_fastrtps_cpp.dir/rosidl_typesupport_fastrtps_cpp/dobot_msgs_v3/msg/detail/dds_fastrtps/robot_status__type_support.cpp.o[0m
[17.886s] [ 17%] [32mBuilding CXX object CMakeFiles/dobot_msgs_v3__rosidl_typesupport_cpp.dir/rosidl_typesupport_cpp/dobot_msgs_v3/srv/lim_z__type_support.cpp.o[0m
[18.044s] [ 17%] [32mBuilding CXX object CMakeFiles/dobot_msgs_v3__rosidl_typesupport_cpp.dir/rosidl_typesupport_cpp/dobot_msgs_v3/srv/load_switch__type_support.cpp.o[0m
[18.119s] [ 18%] [32mBuilding CXX object CMakeFiles/dobot_msgs_v3__rosidl_typesupport_fastrtps_cpp.dir/rosidl_typesupport_fastrtps_cpp/dobot_msgs_v3/msg/detail/dds_fastrtps/tool_vector_actual__type_support.cpp.o[0m
[18.207s] [ 18%] [32mBuilding CXX object CMakeFiles/dobot_msgs_v3__rosidl_typesupport_cpp.dir/rosidl_typesupport_cpp/dobot_msgs_v3/srv/modbus_close__type_support.cpp.o[0m
[18.350s] [ 18%] [32mBuilding CXX object CMakeFiles/dobot_msgs_v3__rosidl_typesupport_fastrtps_cpp.dir/rosidl_typesupport_fastrtps_cpp/dobot_msgs_v3/srv/detail/dds_fastrtps/acc_j__type_support.cpp.o[0m
[18.364s] [ 18%] [32mBuilding CXX object CMakeFiles/dobot_msgs_v3__rosidl_typesupport_cpp.dir/rosidl_typesupport_cpp/dobot_msgs_v3/srv/modbus_create__type_support.cpp.o[0m
[18.524s] [ 19%] [32mBuilding CXX object CMakeFiles/dobot_msgs_v3__rosidl_typesupport_cpp.dir/rosidl_typesupport_cpp/dobot_msgs_v3/srv/move_jog__type_support.cpp.o[0m
[18.604s] [ 19%] [32mBuilding CXX object CMakeFiles/dobot_msgs_v3__rosidl_typesupport_fastrtps_cpp.dir/rosidl_typesupport_fastrtps_cpp/dobot_msgs_v3/srv/detail/dds_fastrtps/acc_l__type_support.cpp.o[0m
[18.689s] [ 19%] [32mBuilding CXX object CMakeFiles/dobot_msgs_v3__rosidl_typesupport_cpp.dir/rosidl_typesupport_cpp/dobot_msgs_v3/srv/mov_j__type_support.cpp.o[0m
[18.841s] [ 19%] [32mBuilding CXX object CMakeFiles/dobot_msgs_v3__rosidl_typesupport_fastrtps_cpp.dir/rosidl_typesupport_fastrtps_cpp/dobot_msgs_v3/srv/detail/dds_fastrtps/ao__type_support.cpp.o[0m
[18.851s] [ 19%] [32mBuilding CXX object CMakeFiles/dobot_msgs_v3__rosidl_typesupport_cpp.dir/rosidl_typesupport_cpp/dobot_msgs_v3/srv/mov_j_ext__type_support.cpp.o[0m
[19.013s] [ 19%] [32mBuilding CXX object CMakeFiles/dobot_msgs_v3__rosidl_typesupport_cpp.dir/rosidl_typesupport_cpp/dobot_msgs_v3/srv/mov_jio__type_support.cpp.o[0m
[19.082s] [ 19%] [32mBuilding CXX object CMakeFiles/dobot_msgs_v3__rosidl_typesupport_fastrtps_cpp.dir/rosidl_typesupport_fastrtps_cpp/dobot_msgs_v3/srv/detail/dds_fastrtps/ao_execute__type_support.cpp.o[0m
[19.172s] [ 19%] [32mBuilding CXX object CMakeFiles/dobot_msgs_v3__rosidl_typesupport_cpp.dir/rosidl_typesupport_cpp/dobot_msgs_v3/srv/mov_l__type_support.cpp.o[0m
[19.322s] [ 19%] [32mBuilding CXX object CMakeFiles/dobot_msgs_v3__rosidl_typesupport_fastrtps_cpp.dir/rosidl_typesupport_fastrtps_cpp/dobot_msgs_v3/srv/detail/dds_fastrtps/arc__type_support.cpp.o[0m
[19.336s] [ 19%] [32mBuilding CXX object CMakeFiles/dobot_msgs_v3__rosidl_typesupport_cpp.dir/rosidl_typesupport_cpp/dobot_msgs_v3/srv/mov_lio__type_support.cpp.o[0m
[19.493s] [ 19%] [32mBuilding CXX object CMakeFiles/dobot_msgs_v3__rosidl_typesupport_cpp.dir/rosidl_typesupport_cpp/dobot_msgs_v3/srv/pause__type_support.cpp.o[0m
[19.603s] [ 19%] [32mBuilding CXX object CMakeFiles/dobot_msgs_v3__rosidl_typesupport_fastrtps_cpp.dir/rosidl_typesupport_fastrtps_cpp/dobot_msgs_v3/srv/detail/dds_fastrtps/arch__type_support.cpp.o[0m
[19.657s] [ 20%] [32mBuilding CXX object CMakeFiles/dobot_msgs_v3__rosidl_typesupport_cpp.dir/rosidl_typesupport_cpp/dobot_msgs_v3/srv/pause_script__type_support.cpp.o[0m
[19.822s] [ 20%] [32mBuilding CXX object CMakeFiles/dobot_msgs_v3__rosidl_typesupport_cpp.dir/rosidl_typesupport_cpp/dobot_msgs_v3/srv/pay_load__type_support.cpp.o[0m
[19.846s] [ 21%] [32mBuilding CXX object CMakeFiles/dobot_msgs_v3__rosidl_typesupport_fastrtps_cpp.dir/rosidl_typesupport_fastrtps_cpp/dobot_msgs_v3/srv/detail/dds_fastrtps/brake_control__type_support.cpp.o[0m
[19.984s] [ 21%] [32mBuilding CXX object CMakeFiles/dobot_msgs_v3__rosidl_typesupport_cpp.dir/rosidl_typesupport_cpp/dobot_msgs_v3/srv/positive_solution__type_support.cpp.o[0m
[20.096s] [ 21%] [32mBuilding CXX object CMakeFiles/dobot_msgs_v3__rosidl_typesupport_fastrtps_cpp.dir/rosidl_typesupport_fastrtps_cpp/dobot_msgs_v3/srv/detail/dds_fastrtps/circle__type_support.cpp.o[0m
[20.154s] [ 21%] [32mBuilding CXX object CMakeFiles/dobot_msgs_v3__rosidl_typesupport_cpp.dir/rosidl_typesupport_cpp/dobot_msgs_v3/srv/power_on__type_support.cpp.o[0m
[20.321s] [ 21%] [32mBuilding CXX object CMakeFiles/dobot_msgs_v3__rosidl_typesupport_cpp.dir/rosidl_typesupport_cpp/dobot_msgs_v3/srv/rel_joint_mov_j__type_support.cpp.o[0m
[20.377s] [ 21%] [32mBuilding CXX object CMakeFiles/dobot_msgs_v3__rosidl_typesupport_fastrtps_cpp.dir/rosidl_typesupport_fastrtps_cpp/dobot_msgs_v3/srv/detail/dds_fastrtps/clear_error__type_support.cpp.o[0m
[20.479s] [ 21%] [32mBuilding CXX object CMakeFiles/dobot_msgs_v3__rosidl_typesupport_cpp.dir/rosidl_typesupport_cpp/dobot_msgs_v3/srv/rel_mov_j__type_support.cpp.o[0m
[20.627s] [ 21%] [32mBuilding CXX object CMakeFiles/dobot_msgs_v3__rosidl_typesupport_fastrtps_cpp.dir/rosidl_typesupport_fastrtps_cpp/dobot_msgs_v3/srv/detail/dds_fastrtps/continues__type_support.cpp.o[0m
[20.653s] [ 21%] [32mBuilding CXX object CMakeFiles/dobot_msgs_v3__rosidl_typesupport_cpp.dir/rosidl_typesupport_cpp/dobot_msgs_v3/srv/rel_mov_j_user__type_support.cpp.o[0m
[20.824s] [ 22%] [32mBuilding CXX object CMakeFiles/dobot_msgs_v3__rosidl_typesupport_cpp.dir/rosidl_typesupport_cpp/dobot_msgs_v3/srv/rel_mov_j_tool__type_support.cpp.o[0m
[20.875s] [ 22%] [32mBuilding CXX object CMakeFiles/dobot_msgs_v3__rosidl_typesupport_fastrtps_cpp.dir/rosidl_typesupport_fastrtps_cpp/dobot_msgs_v3/srv/detail/dds_fastrtps/continue_script__type_support.cpp.o[0m
[20.997s] [ 22%] [32mBuilding CXX object CMakeFiles/dobot_msgs_v3__rosidl_typesupport_cpp.dir/rosidl_typesupport_cpp/dobot_msgs_v3/srv/rel_mov_l__type_support.cpp.o[0m
[21.131s] [ 22%] [32mBuilding CXX object CMakeFiles/dobot_msgs_v3__rosidl_typesupport_fastrtps_cpp.dir/rosidl_typesupport_fastrtps_cpp/dobot_msgs_v3/srv/detail/dds_fastrtps/cp__type_support.cpp.o[0m
[21.168s] [ 22%] [32mBuilding CXX object CMakeFiles/dobot_msgs_v3__rosidl_typesupport_cpp.dir/rosidl_typesupport_cpp/dobot_msgs_v3/srv/rel_mov_l_user__type_support.cpp.o[0m
[21.337s] [ 22%] [32mBuilding CXX object CMakeFiles/dobot_msgs_v3__rosidl_typesupport_cpp.dir/rosidl_typesupport_cpp/dobot_msgs_v3/srv/rel_mov_l_tool__type_support.cpp.o[0m
[21.381s] [ 22%] [32mBuilding CXX object CMakeFiles/dobot_msgs_v3__rosidl_typesupport_fastrtps_cpp.dir/rosidl_typesupport_fastrtps_cpp/dobot_msgs_v3/srv/detail/dds_fastrtps/di__type_support.cpp.o[0m
[21.504s] [ 22%] [32mBuilding CXX object CMakeFiles/dobot_msgs_v3__rosidl_typesupport_cpp.dir/rosidl_typesupport_cpp/dobot_msgs_v3/srv/reset_robot__type_support.cpp.o[0m
[21.633s] [ 23%] [32mBuilding CXX object CMakeFiles/dobot_msgs_v3__rosidl_typesupport_fastrtps_cpp.dir/rosidl_typesupport_fastrtps_cpp/dobot_msgs_v3/srv/detail/dds_fastrtps/digital_outputs__type_support.cpp.o[0m
[21.674s] [ 23%] [32mBuilding CXX object CMakeFiles/dobot_msgs_v3__rosidl_typesupport_cpp.dir/rosidl_typesupport_cpp/dobot_msgs_v3/srv/robot_mode__type_support.cpp.o[0m
[21.832s] [ 23%] [32mBuilding CXX object CMakeFiles/dobot_msgs_v3__rosidl_typesupport_cpp.dir/rosidl_typesupport_cpp/dobot_msgs_v3/srv/run_script__type_support.cpp.o[0m
[21.870s] [ 23%] [32mBuilding CXX object CMakeFiles/dobot_msgs_v3__rosidl_typesupport_fastrtps_cpp.dir/rosidl_typesupport_fastrtps_cpp/dobot_msgs_v3/srv/detail/dds_fastrtps/disable_robot__type_support.cpp.o[0m
[21.990s] [ 24%] [32mBuilding CXX object CMakeFiles/dobot_msgs_v3__rosidl_typesupport_cpp.dir/rosidl_typesupport_cpp/dobot_msgs_v3/srv/servo_j__type_support.cpp.o[0m
[22.106s] [ 24%] [32mBuilding CXX object CMakeFiles/dobot_msgs_v3__rosidl_typesupport_fastrtps_cpp.dir/rosidl_typesupport_fastrtps_cpp/dobot_msgs_v3/srv/detail/dds_fastrtps/do__type_support.cpp.o[0m
[22.153s] [ 24%] [32mBuilding CXX object CMakeFiles/dobot_msgs_v3__rosidl_typesupport_cpp.dir/rosidl_typesupport_cpp/dobot_msgs_v3/srv/servo_p__type_support.cpp.o[0m
[22.312s] [ 24%] [32mBuilding CXX object CMakeFiles/dobot_msgs_v3__rosidl_typesupport_cpp.dir/rosidl_typesupport_cpp/dobot_msgs_v3/srv/set_arm_orientation__type_support.cpp.o[0m
[22.340s] [ 24%] [32mBuilding CXX object CMakeFiles/dobot_msgs_v3__rosidl_typesupport_fastrtps_cpp.dir/rosidl_typesupport_fastrtps_cpp/dobot_msgs_v3/srv/detail/dds_fastrtps/do_execute__type_support.cpp.o[0m
[22.475s] [ 24%] [32mBuilding CXX object CMakeFiles/dobot_msgs_v3__rosidl_typesupport_cpp.dir/rosidl_typesupport_cpp/dobot_msgs_v3/srv/set_coils__type_support.cpp.o[0m
[22.582s] [ 24%] [32mBuilding CXX object CMakeFiles/dobot_msgs_v3__rosidl_typesupport_fastrtps_cpp.dir/rosidl_typesupport_fastrtps_cpp/dobot_msgs_v3/srv/detail/dds_fastrtps/do_group__type_support.cpp.o[0m
[22.639s] [ 24%] [32mBuilding CXX object CMakeFiles/dobot_msgs_v3__rosidl_typesupport_cpp.dir/rosidl_typesupport_cpp/dobot_msgs_v3/srv/set_collision_level__type_support.cpp.o[0m
[22.798s] [ 24%] [32mBuilding CXX object CMakeFiles/dobot_msgs_v3__rosidl_typesupport_cpp.dir/rosidl_typesupport_cpp/dobot_msgs_v3/srv/set_hold_regs__type_support.cpp.o[0m
[22.851s] [ 24%] [32mBuilding CXX object CMakeFiles/dobot_msgs_v3__rosidl_typesupport_fastrtps_cpp.dir/rosidl_typesupport_fastrtps_cpp/dobot_msgs_v3/srv/detail/dds_fastrtps/emergency_stop__type_support.cpp.o[0m
[22.971s] [ 24%] [32mBuilding CXX object CMakeFiles/dobot_msgs_v3__rosidl_typesupport_cpp.dir/rosidl_typesupport_cpp/dobot_msgs_v3/srv/set_obstacle_avoid__type_support.cpp.o[0m
[23.103s] [ 24%] [32mBuilding CXX object CMakeFiles/dobot_msgs_v3__rosidl_typesupport_fastrtps_cpp.dir/rosidl_typesupport_fastrtps_cpp/dobot_msgs_v3/srv/detail/dds_fastrtps/enable_robot__type_support.cpp.o[0m
[23.142s] [ 25%] [32mBuilding CXX object CMakeFiles/dobot_msgs_v3__rosidl_typesupport_cpp.dir/rosidl_typesupport_cpp/dobot_msgs_v3/srv/set_payload__type_support.cpp.o[0m
[23.304s] [ 25%] [32mBuilding CXX object CMakeFiles/dobot_msgs_v3__rosidl_typesupport_cpp.dir/rosidl_typesupport_cpp/dobot_msgs_v3/srv/set_safe_skin__type_support.cpp.o[0m
[23.349s] [ 26%] [32mBuilding CXX object CMakeFiles/dobot_msgs_v3__rosidl_typesupport_fastrtps_cpp.dir/rosidl_typesupport_fastrtps_cpp/dobot_msgs_v3/srv/detail/dds_fastrtps/get_angle__type_support.cpp.o[0m
[23.470s] [ 26%] [32mBuilding CXX object CMakeFiles/dobot_msgs_v3__rosidl_typesupport_cpp.dir/rosidl_typesupport_cpp/dobot_msgs_v3/srv/speed_factor__type_support.cpp.o[0m
[23.594s] [ 26%] [32mBuilding CXX object CMakeFiles/dobot_msgs_v3__rosidl_typesupport_fastrtps_cpp.dir/rosidl_typesupport_fastrtps_cpp/dobot_msgs_v3/srv/detail/dds_fastrtps/get_coils__type_support.cpp.o[0m
[23.632s] [ 26%] [32mBuilding CXX object CMakeFiles/dobot_msgs_v3__rosidl_typesupport_cpp.dir/rosidl_typesupport_cpp/dobot_msgs_v3/srv/speed_j__type_support.cpp.o[0m
[23.797s] [ 26%] [32mBuilding CXX object CMakeFiles/dobot_msgs_v3__rosidl_typesupport_cpp.dir/rosidl_typesupport_cpp/dobot_msgs_v3/srv/speed_l__type_support.cpp.o[0m
[23.847s] [ 26%] [32mBuilding CXX object CMakeFiles/dobot_msgs_v3__rosidl_typesupport_fastrtps_cpp.dir/rosidl_typesupport_fastrtps_cpp/dobot_msgs_v3/srv/detail/dds_fastrtps/get_error_id__type_support.cpp.o[0m
[23.961s] [ 26%] [32mBuilding CXX object CMakeFiles/dobot_msgs_v3__rosidl_typesupport_cpp.dir/rosidl_typesupport_cpp/dobot_msgs_v3/srv/start_drag__type_support.cpp.o[0m
[24.096s] [ 26%] [32mBuilding CXX object CMakeFiles/dobot_msgs_v3__rosidl_typesupport_fastrtps_cpp.dir/rosidl_typesupport_fastrtps_cpp/dobot_msgs_v3/srv/detail/dds_fastrtps/get_hold_regs__type_support.cpp.o[0m
[24.128s] [ 26%] [32mBuilding CXX object CMakeFiles/dobot_msgs_v3__rosidl_typesupport_cpp.dir/rosidl_typesupport_cpp/dobot_msgs_v3/srv/start_fc_trace__type_support.cpp.o[0m
[24.288s] [ 27%] [32mBuilding CXX object CMakeFiles/dobot_msgs_v3__rosidl_typesupport_cpp.dir/rosidl_typesupport_cpp/dobot_msgs_v3/srv/start_path__type_support.cpp.o[0m
[24.335s] [ 27%] [32mBuilding CXX object CMakeFiles/dobot_msgs_v3__rosidl_typesupport_fastrtps_cpp.dir/rosidl_typesupport_fastrtps_cpp/dobot_msgs_v3/srv/detail/dds_fastrtps/get_in_bits__type_support.cpp.o[0m
[24.450s] [ 27%] [32mBuilding CXX object CMakeFiles/dobot_msgs_v3__rosidl_typesupport_cpp.dir/rosidl_typesupport_cpp/dobot_msgs_v3/srv/start_trace__type_support.cpp.o[0m
[24.590s] [ 27%] [32mBuilding CXX object CMakeFiles/dobot_msgs_v3__rosidl_typesupport_fastrtps_cpp.dir/rosidl_typesupport_fastrtps_cpp/dobot_msgs_v3/srv/detail/dds_fastrtps/get_in_regs__type_support.cpp.o[0m
[24.617s] [ 27%] [32mBuilding CXX object CMakeFiles/dobot_msgs_v3__rosidl_typesupport_cpp.dir/rosidl_typesupport_cpp/dobot_msgs_v3/srv/stop_drag__type_support.cpp.o[0m
[24.785s] [ 27%] [32mBuilding CXX object CMakeFiles/dobot_msgs_v3__rosidl_typesupport_cpp.dir/rosidl_typesupport_cpp/dobot_msgs_v3/srv/stopmove_jog__type_support.cpp.o[0m
[24.876s] [ 27%] [32mBuilding CXX object CMakeFiles/dobot_msgs_v3__rosidl_typesupport_fastrtps_cpp.dir/rosidl_typesupport_fastrtps_cpp/dobot_msgs_v3/srv/detail/dds_fastrtps/get_pose__type_support.cpp.o[0m
[24.948s] [ 27%] [32mBuilding CXX object CMakeFiles/dobot_msgs_v3__rosidl_typesupport_cpp.dir/rosidl_typesupport_cpp/dobot_msgs_v3/srv/stop_script__type_support.cpp.o[0m
[25.112s] [ 27%] [32mBuilding CXX object CMakeFiles/dobot_msgs_v3__rosidl_typesupport_cpp.dir/rosidl_typesupport_cpp/dobot_msgs_v3/srv/sync__type_support.cpp.o[0m
[25.128s] [ 28%] [32mBuilding CXX object CMakeFiles/dobot_msgs_v3__rosidl_typesupport_fastrtps_cpp.dir/rosidl_typesupport_fastrtps_cpp/dobot_msgs_v3/srv/detail/dds_fastrtps/inverse_solution__type_support.cpp.o[0m
[25.279s] [ 28%] [32mBuilding CXX object CMakeFiles/dobot_msgs_v3__rosidl_typesupport_cpp.dir/rosidl_typesupport_cpp/dobot_msgs_v3/srv/sync_all__type_support.cpp.o[0m
[25.385s] [ 28%] [32mBuilding CXX object CMakeFiles/dobot_msgs_v3__rosidl_typesupport_fastrtps_cpp.dir/rosidl_typesupport_fastrtps_cpp/dobot_msgs_v3/srv/detail/dds_fastrtps/joint_mov_j__type_support.cpp.o[0m
[25.442s] [ 29%] [32mBuilding CXX object CMakeFiles/dobot_msgs_v3__rosidl_typesupport_cpp.dir/rosidl_typesupport_cpp/dobot_msgs_v3/srv/tool__type_support.cpp.o[0m
[25.609s] [ 29%] [32mBuilding CXX object CMakeFiles/dobot_msgs_v3__rosidl_typesupport_cpp.dir/rosidl_typesupport_cpp/dobot_msgs_v3/srv/tool_di__type_support.cpp.o[0m
[25.673s] [ 29%] [32mBuilding CXX object CMakeFiles/dobot_msgs_v3__rosidl_typesupport_fastrtps_cpp.dir/rosidl_typesupport_fastrtps_cpp/dobot_msgs_v3/srv/detail/dds_fastrtps/jump__type_support.cpp.o[0m
[25.773s] [ 29%] [32mBuilding CXX object CMakeFiles/dobot_msgs_v3__rosidl_typesupport_cpp.dir/rosidl_typesupport_cpp/dobot_msgs_v3/srv/tool_do__type_support.cpp.o[0m
[25.918s] [ 29%] [32mBuilding CXX object CMakeFiles/dobot_msgs_v3__rosidl_typesupport_fastrtps_cpp.dir/rosidl_typesupport_fastrtps_cpp/dobot_msgs_v3/srv/detail/dds_fastrtps/lim_z__type_support.cpp.o[0m
[25.933s] [ 29%] [32mBuilding CXX object CMakeFiles/dobot_msgs_v3__rosidl_typesupport_cpp.dir/rosidl_typesupport_cpp/dobot_msgs_v3/srv/tool_do_execute__type_support.cpp.o[0m
[26.094s] [ 29%] [32mBuilding CXX object CMakeFiles/dobot_msgs_v3__rosidl_typesupport_cpp.dir/rosidl_typesupport_cpp/dobot_msgs_v3/srv/user__type_support.cpp.o[0m
[26.164s] [ 29%] [32mBuilding CXX object CMakeFiles/dobot_msgs_v3__rosidl_typesupport_fastrtps_cpp.dir/rosidl_typesupport_fastrtps_cpp/dobot_msgs_v3/srv/detail/dds_fastrtps/load_switch__type_support.cpp.o[0m
[26.262s] [ 29%] [32mBuilding CXX object CMakeFiles/dobot_msgs_v3__rosidl_typesupport_cpp.dir/rosidl_typesupport_cpp/dobot_msgs_v3/srv/wait__type_support.cpp.o[0m
[26.410s] [ 29%] [32mBuilding CXX object CMakeFiles/dobot_msgs_v3__rosidl_typesupport_fastrtps_cpp.dir/rosidl_typesupport_fastrtps_cpp/dobot_msgs_v3/srv/detail/dds_fastrtps/modbus_close__type_support.cpp.o[0m
[26.428s] [ 29%] [32m[1mLinking CXX shared library libdobot_msgs_v3__rosidl_typesupport_cpp.so[0m
[26.481s] [ 29%] Built target dobot_msgs_v3__rosidl_typesupport_cpp
[26.503s] [ 30%] [34m[1mGenerating C introspection for ROS interfaces[0m
[26.688s] [ 30%] [32mBuilding CXX object CMakeFiles/dobot_msgs_v3__rosidl_typesupport_fastrtps_cpp.dir/rosidl_typesupport_fastrtps_cpp/dobot_msgs_v3/srv/detail/dds_fastrtps/modbus_create__type_support.cpp.o[0m
[26.930s] [ 31%] [32mBuilding CXX object CMakeFiles/dobot_msgs_v3__rosidl_typesupport_fastrtps_cpp.dir/rosidl_typesupport_fastrtps_cpp/dobot_msgs_v3/srv/detail/dds_fastrtps/move_jog__type_support.cpp.o[0m
[27.208s] [ 31%] [32mBuilding CXX object CMakeFiles/dobot_msgs_v3__rosidl_typesupport_fastrtps_cpp.dir/rosidl_typesupport_fastrtps_cpp/dobot_msgs_v3/srv/detail/dds_fastrtps/mov_j__type_support.cpp.o[0m
[27.494s] [ 31%] [32mBuilding CXX object CMakeFiles/dobot_msgs_v3__rosidl_typesupport_fastrtps_cpp.dir/rosidl_typesupport_fastrtps_cpp/dobot_msgs_v3/srv/detail/dds_fastrtps/mov_j_ext__type_support.cpp.o[0m
[27.761s] [ 31%] [32mBuilding CXX object CMakeFiles/dobot_msgs_v3__rosidl_typesupport_fastrtps_cpp.dir/rosidl_typesupport_fastrtps_cpp/dobot_msgs_v3/srv/detail/dds_fastrtps/mov_jio__type_support.cpp.o[0m
[28.041s] [ 31%] [32mBuilding CXX object CMakeFiles/dobot_msgs_v3__rosidl_typesupport_fastrtps_cpp.dir/rosidl_typesupport_fastrtps_cpp/dobot_msgs_v3/srv/detail/dds_fastrtps/mov_l__type_support.cpp.o[0m
[28.324s] [ 31%] [32mBuilding CXX object CMakeFiles/dobot_msgs_v3__rosidl_typesupport_fastrtps_cpp.dir/rosidl_typesupport_fastrtps_cpp/dobot_msgs_v3/srv/detail/dds_fastrtps/mov_lio__type_support.cpp.o[0m
[28.604s] [ 31%] [32mBuilding CXX object CMakeFiles/dobot_msgs_v3__rosidl_typesupport_fastrtps_cpp.dir/rosidl_typesupport_fastrtps_cpp/dobot_msgs_v3/srv/detail/dds_fastrtps/pause__type_support.cpp.o[0m
[28.837s] [ 32%] [32mBuilding CXX object CMakeFiles/dobot_msgs_v3__rosidl_typesupport_fastrtps_cpp.dir/rosidl_typesupport_fastrtps_cpp/dobot_msgs_v3/srv/detail/dds_fastrtps/pause_script__type_support.cpp.o[0m
[29.083s] [ 32%] [32mBuilding CXX object CMakeFiles/dobot_msgs_v3__rosidl_typesupport_fastrtps_cpp.dir/rosidl_typesupport_fastrtps_cpp/dobot_msgs_v3/srv/detail/dds_fastrtps/pay_load__type_support.cpp.o[0m
[29.346s] [ 32%] [32mBuilding CXX object CMakeFiles/dobot_msgs_v3__rosidl_typesupport_fastrtps_cpp.dir/rosidl_typesupport_fastrtps_cpp/dobot_msgs_v3/srv/detail/dds_fastrtps/positive_solution__type_support.cpp.o[0m
[29.595s] [ 32%] [32mBuilding CXX object CMakeFiles/dobot_msgs_v3__rosidl_typesupport_fastrtps_cpp.dir/rosidl_typesupport_fastrtps_cpp/dobot_msgs_v3/srv/detail/dds_fastrtps/power_on__type_support.cpp.o[0m
[29.840s] [ 32%] [32mBuilding CXX object CMakeFiles/dobot_msgs_v3__rosidl_typesupport_fastrtps_cpp.dir/rosidl_typesupport_fastrtps_cpp/dobot_msgs_v3/srv/detail/dds_fastrtps/rel_joint_mov_j__type_support.cpp.o[0m
[29.892s] [ 32%] [32mBuilding C object CMakeFiles/dobot_msgs_v3__rosidl_typesupport_introspection_c.dir/rosidl_typesupport_introspection_c/dobot_msgs_v3/msg/detail/robot_status__type_support.c.o[0m
[29.922s] [ 32%] [32mBuilding C object CMakeFiles/dobot_msgs_v3__rosidl_typesupport_introspection_c.dir/rosidl_typesupport_introspection_c/dobot_msgs_v3/msg/detail/tool_vector_actual__type_support.c.o[0m
[29.948s] [ 32%] [32mBuilding C object CMakeFiles/dobot_msgs_v3__rosidl_typesupport_introspection_c.dir/rosidl_typesupport_introspection_c/dobot_msgs_v3/srv/detail/acc_j__type_support.c.o[0m
[29.979s] [ 32%] [32mBuilding C object CMakeFiles/dobot_msgs_v3__rosidl_typesupport_introspection_c.dir/rosidl_typesupport_introspection_c/dobot_msgs_v3/srv/detail/acc_l__type_support.c.o[0m
[30.007s] [ 32%] [32mBuilding C object CMakeFiles/dobot_msgs_v3__rosidl_typesupport_introspection_c.dir/rosidl_typesupport_introspection_c/dobot_msgs_v3/srv/detail/ao__type_support.c.o[0m
[30.037s] [ 32%] [32mBuilding C object CMakeFiles/dobot_msgs_v3__rosidl_typesupport_introspection_c.dir/rosidl_typesupport_introspection_c/dobot_msgs_v3/srv/detail/ao_execute__type_support.c.o[0m
[30.068s] [ 33%] [32mBuilding C object CMakeFiles/dobot_msgs_v3__rosidl_typesupport_introspection_c.dir/rosidl_typesupport_introspection_c/dobot_msgs_v3/srv/detail/arc__type_support.c.o[0m
[30.098s] [ 33%] [32mBuilding C object CMakeFiles/dobot_msgs_v3__rosidl_typesupport_introspection_c.dir/rosidl_typesupport_introspection_c/dobot_msgs_v3/srv/detail/arch__type_support.c.o[0m
[30.126s] [ 33%] [32mBuilding C object CMakeFiles/dobot_msgs_v3__rosidl_typesupport_introspection_c.dir/rosidl_typesupport_introspection_c/dobot_msgs_v3/srv/detail/brake_control__type_support.c.o[0m
[30.141s] [ 33%] [32mBuilding CXX object CMakeFiles/dobot_msgs_v3__rosidl_typesupport_fastrtps_cpp.dir/rosidl_typesupport_fastrtps_cpp/dobot_msgs_v3/srv/detail/dds_fastrtps/rel_mov_j__type_support.cpp.o[0m
[30.154s] [ 33%] [32mBuilding C object CMakeFiles/dobot_msgs_v3__rosidl_typesupport_introspection_c.dir/rosidl_typesupport_introspection_c/dobot_msgs_v3/srv/detail/circle__type_support.c.o[0m
[30.184s] [ 33%] [32mBuilding C object CMakeFiles/dobot_msgs_v3__rosidl_typesupport_introspection_c.dir/rosidl_typesupport_introspection_c/dobot_msgs_v3/srv/detail/clear_error__type_support.c.o[0m
[30.210s] [ 33%] [32mBuilding C object CMakeFiles/dobot_msgs_v3__rosidl_typesupport_introspection_c.dir/rosidl_typesupport_introspection_c/dobot_msgs_v3/srv/detail/continues__type_support.c.o[0m
[30.237s] [ 33%] [32mBuilding C object CMakeFiles/dobot_msgs_v3__rosidl_typesupport_introspection_c.dir/rosidl_typesupport_introspection_c/dobot_msgs_v3/srv/detail/continue_script__type_support.c.o[0m
[30.267s] [ 34%] [32mBuilding C object CMakeFiles/dobot_msgs_v3__rosidl_typesupport_introspection_c.dir/rosidl_typesupport_introspection_c/dobot_msgs_v3/srv/detail/cp__type_support.c.o[0m
[30.291s] [ 34%] [32mBuilding C object CMakeFiles/dobot_msgs_v3__rosidl_typesupport_introspection_c.dir/rosidl_typesupport_introspection_c/dobot_msgs_v3/srv/detail/di__type_support.c.o[0m
[30.318s] [ 34%] [32mBuilding C object CMakeFiles/dobot_msgs_v3__rosidl_typesupport_introspection_c.dir/rosidl_typesupport_introspection_c/dobot_msgs_v3/srv/detail/digital_outputs__type_support.c.o[0m
[30.344s] [ 34%] [32mBuilding C object CMakeFiles/dobot_msgs_v3__rosidl_typesupport_introspection_c.dir/rosidl_typesupport_introspection_c/dobot_msgs_v3/srv/detail/disable_robot__type_support.c.o[0m
[30.372s] [ 34%] [32mBuilding C object CMakeFiles/dobot_msgs_v3__rosidl_typesupport_introspection_c.dir/rosidl_typesupport_introspection_c/dobot_msgs_v3/srv/detail/do__type_support.c.o[0m
[30.399s] [ 34%] [32mBuilding C object CMakeFiles/dobot_msgs_v3__rosidl_typesupport_introspection_c.dir/rosidl_typesupport_introspection_c/dobot_msgs_v3/srv/detail/do_execute__type_support.c.o[0m
[30.424s] [ 34%] [32mBuilding CXX object CMakeFiles/dobot_msgs_v3__rosidl_typesupport_fastrtps_cpp.dir/rosidl_typesupport_fastrtps_cpp/dobot_msgs_v3/srv/detail/dds_fastrtps/rel_mov_j_user__type_support.cpp.o[0m
[30.425s] [ 34%] [32mBuilding C object CMakeFiles/dobot_msgs_v3__rosidl_typesupport_introspection_c.dir/rosidl_typesupport_introspection_c/dobot_msgs_v3/srv/detail/do_group__type_support.c.o[0m
[30.454s] [ 35%] [32mBuilding C object CMakeFiles/dobot_msgs_v3__rosidl_typesupport_introspection_c.dir/rosidl_typesupport_introspection_c/dobot_msgs_v3/srv/detail/emergency_stop__type_support.c.o[0m
[30.479s] [ 35%] [32mBuilding C object CMakeFiles/dobot_msgs_v3__rosidl_typesupport_introspection_c.dir/rosidl_typesupport_introspection_c/dobot_msgs_v3/srv/detail/enable_robot__type_support.c.o[0m
[30.505s] [ 35%] [32mBuilding C object CMakeFiles/dobot_msgs_v3__rosidl_typesupport_introspection_c.dir/rosidl_typesupport_introspection_c/dobot_msgs_v3/srv/detail/get_angle__type_support.c.o[0m
[30.531s] [ 35%] [32mBuilding C object CMakeFiles/dobot_msgs_v3__rosidl_typesupport_introspection_c.dir/rosidl_typesupport_introspection_c/dobot_msgs_v3/srv/detail/get_coils__type_support.c.o[0m
[30.561s] [ 35%] [32mBuilding C object CMakeFiles/dobot_msgs_v3__rosidl_typesupport_introspection_c.dir/rosidl_typesupport_introspection_c/dobot_msgs_v3/srv/detail/get_error_id__type_support.c.o[0m
[30.588s] [ 35%] [32mBuilding C object CMakeFiles/dobot_msgs_v3__rosidl_typesupport_introspection_c.dir/rosidl_typesupport_introspection_c/dobot_msgs_v3/srv/detail/get_hold_regs__type_support.c.o[0m
[30.614s] [ 35%] [32mBuilding C object CMakeFiles/dobot_msgs_v3__rosidl_typesupport_introspection_c.dir/rosidl_typesupport_introspection_c/dobot_msgs_v3/srv/detail/get_in_bits__type_support.c.o[0m
[30.640s] [ 36%] [32mBuilding C object CMakeFiles/dobot_msgs_v3__rosidl_typesupport_introspection_c.dir/rosidl_typesupport_introspection_c/dobot_msgs_v3/srv/detail/get_in_regs__type_support.c.o[0m
[30.668s] [ 36%] [32mBuilding C object CMakeFiles/dobot_msgs_v3__rosidl_typesupport_introspection_c.dir/rosidl_typesupport_introspection_c/dobot_msgs_v3/srv/detail/get_pose__type_support.c.o[0m
[30.694s] [ 36%] [32mBuilding C object CMakeFiles/dobot_msgs_v3__rosidl_typesupport_introspection_c.dir/rosidl_typesupport_introspection_c/dobot_msgs_v3/srv/detail/inverse_solution__type_support.c.o[0m
[30.704s] [ 37%] [32mBuilding CXX object CMakeFiles/dobot_msgs_v3__rosidl_typesupport_fastrtps_cpp.dir/rosidl_typesupport_fastrtps_cpp/dobot_msgs_v3/srv/detail/dds_fastrtps/rel_mov_j_tool__type_support.cpp.o[0m
[30.721s] [ 37%] [32mBuilding C object CMakeFiles/dobot_msgs_v3__rosidl_typesupport_introspection_c.dir/rosidl_typesupport_introspection_c/dobot_msgs_v3/srv/detail/joint_mov_j__type_support.c.o[0m
[30.747s] [ 37%] [32mBuilding C object CMakeFiles/dobot_msgs_v3__rosidl_typesupport_introspection_c.dir/rosidl_typesupport_introspection_c/dobot_msgs_v3/srv/detail/jump__type_support.c.o[0m
[30.773s] [ 37%] [32mBuilding C object CMakeFiles/dobot_msgs_v3__rosidl_typesupport_introspection_c.dir/rosidl_typesupport_introspection_c/dobot_msgs_v3/srv/detail/lim_z__type_support.c.o[0m
[30.799s] [ 38%] [32mBuilding C object CMakeFiles/dobot_msgs_v3__rosidl_typesupport_introspection_c.dir/rosidl_typesupport_introspection_c/dobot_msgs_v3/srv/detail/load_switch__type_support.c.o[0m
[30.825s] [ 38%] [32mBuilding C object CMakeFiles/dobot_msgs_v3__rosidl_typesupport_introspection_c.dir/rosidl_typesupport_introspection_c/dobot_msgs_v3/srv/detail/modbus_close__type_support.c.o[0m
[30.854s] [ 38%] [32mBuilding C object CMakeFiles/dobot_msgs_v3__rosidl_typesupport_introspection_c.dir/rosidl_typesupport_introspection_c/dobot_msgs_v3/srv/detail/modbus_create__type_support.c.o[0m
[30.884s] [ 38%] [32mBuilding C object CMakeFiles/dobot_msgs_v3__rosidl_typesupport_introspection_c.dir/rosidl_typesupport_introspection_c/dobot_msgs_v3/srv/detail/move_jog__type_support.c.o[0m
[30.924s] [ 38%] [32mBuilding C object CMakeFiles/dobot_msgs_v3__rosidl_typesupport_introspection_c.dir/rosidl_typesupport_introspection_c/dobot_msgs_v3/srv/detail/mov_j__type_support.c.o[0m
[30.953s] [ 38%] [32mBuilding C object CMakeFiles/dobot_msgs_v3__rosidl_typesupport_introspection_c.dir/rosidl_typesupport_introspection_c/dobot_msgs_v3/srv/detail/mov_j_ext__type_support.c.o[0m
[30.984s] [ 38%] [32mBuilding C object CMakeFiles/dobot_msgs_v3__rosidl_typesupport_introspection_c.dir/rosidl_typesupport_introspection_c/dobot_msgs_v3/srv/detail/mov_jio__type_support.c.o[0m
[31.006s] [ 38%] [32mBuilding CXX object CMakeFiles/dobot_msgs_v3__rosidl_typesupport_fastrtps_cpp.dir/rosidl_typesupport_fastrtps_cpp/dobot_msgs_v3/srv/detail/dds_fastrtps/rel_mov_l__type_support.cpp.o[0m
[31.014s] [ 39%] [32mBuilding C object CMakeFiles/dobot_msgs_v3__rosidl_typesupport_introspection_c.dir/rosidl_typesupport_introspection_c/dobot_msgs_v3/srv/detail/mov_l__type_support.c.o[0m
[31.045s] [ 39%] [32mBuilding C object CMakeFiles/dobot_msgs_v3__rosidl_typesupport_introspection_c.dir/rosidl_typesupport_introspection_c/dobot_msgs_v3/srv/detail/mov_lio__type_support.c.o[0m
[31.076s] [ 39%] [32mBuilding C object CMakeFiles/dobot_msgs_v3__rosidl_typesupport_introspection_c.dir/rosidl_typesupport_introspection_c/dobot_msgs_v3/srv/detail/pause__type_support.c.o[0m
[31.100s] [ 39%] [32mBuilding C object CMakeFiles/dobot_msgs_v3__rosidl_typesupport_introspection_c.dir/rosidl_typesupport_introspection_c/dobot_msgs_v3/srv/detail/pause_script__type_support.c.o[0m
[31.127s] [ 39%] [32mBuilding C object CMakeFiles/dobot_msgs_v3__rosidl_typesupport_introspection_c.dir/rosidl_typesupport_introspection_c/dobot_msgs_v3/srv/detail/pay_load__type_support.c.o[0m
[31.153s] [ 39%] [32mBuilding C object CMakeFiles/dobot_msgs_v3__rosidl_typesupport_introspection_c.dir/rosidl_typesupport_introspection_c/dobot_msgs_v3/srv/detail/positive_solution__type_support.c.o[0m
[31.183s] [ 39%] [32mBuilding C object CMakeFiles/dobot_msgs_v3__rosidl_typesupport_introspection_c.dir/rosidl_typesupport_introspection_c/dobot_msgs_v3/srv/detail/power_on__type_support.c.o[0m
[31.208s] [ 40%] [32mBuilding C object CMakeFiles/dobot_msgs_v3__rosidl_typesupport_introspection_c.dir/rosidl_typesupport_introspection_c/dobot_msgs_v3/srv/detail/rel_joint_mov_j__type_support.c.o[0m
[31.235s] [ 40%] [32mBuilding C object CMakeFiles/dobot_msgs_v3__rosidl_typesupport_introspection_c.dir/rosidl_typesupport_introspection_c/dobot_msgs_v3/srv/detail/rel_mov_j__type_support.c.o[0m
[31.265s] [ 40%] [32mBuilding C object CMakeFiles/dobot_msgs_v3__rosidl_typesupport_introspection_c.dir/rosidl_typesupport_introspection_c/dobot_msgs_v3/srv/detail/rel_mov_j_user__type_support.c.o[0m
[31.289s] [ 40%] [32mBuilding CXX object CMakeFiles/dobot_msgs_v3__rosidl_typesupport_fastrtps_cpp.dir/rosidl_typesupport_fastrtps_cpp/dobot_msgs_v3/srv/detail/dds_fastrtps/rel_mov_l_user__type_support.cpp.o[0m
[31.294s] [ 40%] [32mBuilding C object CMakeFiles/dobot_msgs_v3__rosidl_typesupport_introspection_c.dir/rosidl_typesupport_introspection_c/dobot_msgs_v3/srv/detail/rel_mov_j_tool__type_support.c.o[0m
[31.323s] [ 40%] [32mBuilding C object CMakeFiles/dobot_msgs_v3__rosidl_typesupport_introspection_c.dir/rosidl_typesupport_introspection_c/dobot_msgs_v3/srv/detail/rel_mov_l__type_support.c.o[0m
[31.350s] [ 40%] [32mBuilding C object CMakeFiles/dobot_msgs_v3__rosidl_typesupport_introspection_c.dir/rosidl_typesupport_introspection_c/dobot_msgs_v3/srv/detail/rel_mov_l_user__type_support.c.o[0m
[31.380s] [ 40%] [32mBuilding C object CMakeFiles/dobot_msgs_v3__rosidl_typesupport_introspection_c.dir/rosidl_typesupport_introspection_c/dobot_msgs_v3/srv/detail/rel_mov_l_tool__type_support.c.o[0m
[31.408s] [ 41%] [32mBuilding C object CMakeFiles/dobot_msgs_v3__rosidl_typesupport_introspection_c.dir/rosidl_typesupport_introspection_c/dobot_msgs_v3/srv/detail/reset_robot__type_support.c.o[0m
[31.434s] [ 41%] [32mBuilding C object CMakeFiles/dobot_msgs_v3__rosidl_typesupport_introspection_c.dir/rosidl_typesupport_introspection_c/dobot_msgs_v3/srv/detail/robot_mode__type_support.c.o[0m
[31.460s] [ 41%] [32mBuilding C object CMakeFiles/dobot_msgs_v3__rosidl_typesupport_introspection_c.dir/rosidl_typesupport_introspection_c/dobot_msgs_v3/srv/detail/run_script__type_support.c.o[0m
[31.489s] [ 41%] [32mBuilding C object CMakeFiles/dobot_msgs_v3__rosidl_typesupport_introspection_c.dir/rosidl_typesupport_introspection_c/dobot_msgs_v3/srv/detail/servo_j__type_support.c.o[0m
[31.518s] [ 41%] [32mBuilding C object CMakeFiles/dobot_msgs_v3__rosidl_typesupport_introspection_c.dir/rosidl_typesupport_introspection_c/dobot_msgs_v3/srv/detail/servo_p__type_support.c.o[0m
[31.545s] [ 41%] [32mBuilding C object CMakeFiles/dobot_msgs_v3__rosidl_typesupport_introspection_c.dir/rosidl_typesupport_introspection_c/dobot_msgs_v3/srv/detail/set_arm_orientation__type_support.c.o[0m
[31.566s] [ 41%] [32mBuilding CXX object CMakeFiles/dobot_msgs_v3__rosidl_typesupport_fastrtps_cpp.dir/rosidl_typesupport_fastrtps_cpp/dobot_msgs_v3/srv/detail/dds_fastrtps/rel_mov_l_tool__type_support.cpp.o[0m
[31.574s] [ 41%] [32mBuilding C object CMakeFiles/dobot_msgs_v3__rosidl_typesupport_introspection_c.dir/rosidl_typesupport_introspection_c/dobot_msgs_v3/srv/detail/set_coils__type_support.c.o[0m
[31.602s] [ 42%] [32mBuilding C object CMakeFiles/dobot_msgs_v3__rosidl_typesupport_introspection_c.dir/rosidl_typesupport_introspection_c/dobot_msgs_v3/srv/detail/set_collision_level__type_support.c.o[0m
[31.633s] [ 42%] [32mBuilding C object CMakeFiles/dobot_msgs_v3__rosidl_typesupport_introspection_c.dir/rosidl_typesupport_introspection_c/dobot_msgs_v3/srv/detail/set_hold_regs__type_support.c.o[0m
[31.659s] [ 42%] [32mBuilding C object CMakeFiles/dobot_msgs_v3__rosidl_typesupport_introspection_c.dir/rosidl_typesupport_introspection_c/dobot_msgs_v3/srv/detail/set_obstacle_avoid__type_support.c.o[0m
[31.688s] [ 42%] [32mBuilding C object CMakeFiles/dobot_msgs_v3__rosidl_typesupport_introspection_c.dir/rosidl_typesupport_introspection_c/dobot_msgs_v3/srv/detail/set_payload__type_support.c.o[0m
[31.717s] [ 42%] [32mBuilding C object CMakeFiles/dobot_msgs_v3__rosidl_typesupport_introspection_c.dir/rosidl_typesupport_introspection_c/dobot_msgs_v3/srv/detail/set_safe_skin__type_support.c.o[0m
[31.741s] [ 42%] [32mBuilding C object CMakeFiles/dobot_msgs_v3__rosidl_typesupport_introspection_c.dir/rosidl_typesupport_introspection_c/dobot_msgs_v3/srv/detail/speed_factor__type_support.c.o[0m
[31.768s] [ 42%] [32mBuilding C object CMakeFiles/dobot_msgs_v3__rosidl_typesupport_introspection_c.dir/rosidl_typesupport_introspection_c/dobot_msgs_v3/srv/detail/speed_j__type_support.c.o[0m
[31.798s] [ 43%] [32mBuilding C object CMakeFiles/dobot_msgs_v3__rosidl_typesupport_introspection_c.dir/rosidl_typesupport_introspection_c/dobot_msgs_v3/srv/detail/speed_l__type_support.c.o[0m
[31.822s] [ 43%] [32mBuilding C object CMakeFiles/dobot_msgs_v3__rosidl_typesupport_introspection_c.dir/rosidl_typesupport_introspection_c/dobot_msgs_v3/srv/detail/start_drag__type_support.c.o[0m
[31.850s] [ 43%] [32mBuilding C object CMakeFiles/dobot_msgs_v3__rosidl_typesupport_introspection_c.dir/rosidl_typesupport_introspection_c/dobot_msgs_v3/srv/detail/start_fc_trace__type_support.c.o[0m
[31.855s] [ 43%] [32mBuilding CXX object CMakeFiles/dobot_msgs_v3__rosidl_typesupport_fastrtps_cpp.dir/rosidl_typesupport_fastrtps_cpp/dobot_msgs_v3/srv/detail/dds_fastrtps/reset_robot__type_support.cpp.o[0m
[31.879s] [ 43%] [32mBuilding C object CMakeFiles/dobot_msgs_v3__rosidl_typesupport_introspection_c.dir/rosidl_typesupport_introspection_c/dobot_msgs_v3/srv/detail/start_path__type_support.c.o[0m
[31.908s] [ 43%] [32mBuilding C object CMakeFiles/dobot_msgs_v3__rosidl_typesupport_introspection_c.dir/rosidl_typesupport_introspection_c/dobot_msgs_v3/srv/detail/start_trace__type_support.c.o[0m
[31.934s] [ 43%] [32mBuilding C object CMakeFiles/dobot_msgs_v3__rosidl_typesupport_introspection_c.dir/rosidl_typesupport_introspection_c/dobot_msgs_v3/srv/detail/stop_drag__type_support.c.o[0m
[31.960s] [ 43%] [32mBuilding C object CMakeFiles/dobot_msgs_v3__rosidl_typesupport_introspection_c.dir/rosidl_typesupport_introspection_c/dobot_msgs_v3/srv/detail/stopmove_jog__type_support.c.o[0m
[31.987s] [ 44%] [32mBuilding C object CMakeFiles/dobot_msgs_v3__rosidl_typesupport_introspection_c.dir/rosidl_typesupport_introspection_c/dobot_msgs_v3/srv/detail/stop_script__type_support.c.o[0m
[32.014s] [ 44%] [32mBuilding C object CMakeFiles/dobot_msgs_v3__rosidl_typesupport_introspection_c.dir/rosidl_typesupport_introspection_c/dobot_msgs_v3/srv/detail/sync__type_support.c.o[0m
[32.042s] [ 44%] [32mBuilding C object CMakeFiles/dobot_msgs_v3__rosidl_typesupport_introspection_c.dir/rosidl_typesupport_introspection_c/dobot_msgs_v3/srv/detail/sync_all__type_support.c.o[0m
[32.069s] [ 44%] [32mBuilding C object CMakeFiles/dobot_msgs_v3__rosidl_typesupport_introspection_c.dir/rosidl_typesupport_introspection_c/dobot_msgs_v3/srv/detail/tool__type_support.c.o[0m
[32.097s] [ 44%] [32mBuilding C object CMakeFiles/dobot_msgs_v3__rosidl_typesupport_introspection_c.dir/rosidl_typesupport_introspection_c/dobot_msgs_v3/srv/detail/tool_di__type_support.c.o[0m
[32.118s] [ 44%] [32mBuilding CXX object CMakeFiles/dobot_msgs_v3__rosidl_typesupport_fastrtps_cpp.dir/rosidl_typesupport_fastrtps_cpp/dobot_msgs_v3/srv/detail/dds_fastrtps/robot_mode__type_support.cpp.o[0m
[32.124s] [ 44%] [32mBuilding C object CMakeFiles/dobot_msgs_v3__rosidl_typesupport_introspection_c.dir/rosidl_typesupport_introspection_c/dobot_msgs_v3/srv/detail/tool_do__type_support.c.o[0m
[32.154s] [ 44%] [32mBuilding C object CMakeFiles/dobot_msgs_v3__rosidl_typesupport_introspection_c.dir/rosidl_typesupport_introspection_c/dobot_msgs_v3/srv/detail/tool_do_execute__type_support.c.o[0m
[32.181s] [ 45%] [32mBuilding C object CMakeFiles/dobot_msgs_v3__rosidl_typesupport_introspection_c.dir/rosidl_typesupport_introspection_c/dobot_msgs_v3/srv/detail/user__type_support.c.o[0m
[32.208s] [ 45%] [32mBuilding C object CMakeFiles/dobot_msgs_v3__rosidl_typesupport_introspection_c.dir/rosidl_typesupport_introspection_c/dobot_msgs_v3/srv/detail/wait__type_support.c.o[0m
[32.235s] [ 45%] [32m[1mLinking C shared library libdobot_msgs_v3__rosidl_typesupport_introspection_c.so[0m
[32.283s] [ 45%] Built target dobot_msgs_v3__rosidl_typesupport_introspection_c
[32.292s] [ 45%] [32mBuilding CXX object CMakeFiles/dobot_msgs_v3__rosidl_typesupport_fastrtps_cpp.dir/rosidl_typesupport_fastrtps_cpp/dobot_msgs_v3/srv/detail/dds_fastrtps/run_script__type_support.cpp.o[0m
[32.377s] [ 46%] [32mBuilding CXX object CMakeFiles/dobot_msgs_v3__rosidl_typesupport_fastrtps_cpp.dir/rosidl_typesupport_fastrtps_cpp/dobot_msgs_v3/srv/detail/dds_fastrtps/servo_j__type_support.cpp.o[0m
[32.548s] [ 46%] [32mBuilding CXX object CMakeFiles/dobot_msgs_v3__rosidl_typesupport_fastrtps_cpp.dir/rosidl_typesupport_fastrtps_cpp/dobot_msgs_v3/srv/detail/dds_fastrtps/servo_p__type_support.cpp.o[0m
[32.665s] [ 46%] [32mBuilding CXX object CMakeFiles/dobot_msgs_v3__rosidl_typesupport_fastrtps_cpp.dir/rosidl_typesupport_fastrtps_cpp/dobot_msgs_v3/srv/detail/dds_fastrtps/set_arm_orientation__type_support.cpp.o[0m
[32.802s] [ 46%] [32mBuilding CXX object CMakeFiles/dobot_msgs_v3__rosidl_typesupport_fastrtps_cpp.dir/rosidl_typesupport_fastrtps_cpp/dobot_msgs_v3/srv/detail/dds_fastrtps/set_coils__type_support.cpp.o[0m
[32.924s] [ 46%] [32mBuilding CXX object CMakeFiles/dobot_msgs_v3__rosidl_typesupport_fastrtps_cpp.dir/rosidl_typesupport_fastrtps_cpp/dobot_msgs_v3/srv/detail/dds_fastrtps/set_collision_level__type_support.cpp.o[0m
[33.055s] [ 46%] [32mBuilding CXX object CMakeFiles/dobot_msgs_v3__rosidl_typesupport_fastrtps_cpp.dir/rosidl_typesupport_fastrtps_cpp/dobot_msgs_v3/srv/detail/dds_fastrtps/set_hold_regs__type_support.cpp.o[0m
[33.176s] [ 46%] [32mBuilding CXX object CMakeFiles/dobot_msgs_v3__rosidl_typesupport_fastrtps_cpp.dir/rosidl_typesupport_fastrtps_cpp/dobot_msgs_v3/srv/detail/dds_fastrtps/set_obstacle_avoid__type_support.cpp.o[0m
[33.306s] [ 47%] [32mBuilding CXX object CMakeFiles/dobot_msgs_v3__rosidl_typesupport_fastrtps_cpp.dir/rosidl_typesupport_fastrtps_cpp/dobot_msgs_v3/srv/detail/dds_fastrtps/set_payload__type_support.cpp.o[0m
[33.424s] [ 47%] [32mBuilding CXX object CMakeFiles/dobot_msgs_v3__rosidl_typesupport_fastrtps_cpp.dir/rosidl_typesupport_fastrtps_cpp/dobot_msgs_v3/srv/detail/dds_fastrtps/set_safe_skin__type_support.cpp.o[0m
[33.556s] [ 48%] [34m[1mGenerating C type support dispatch for ROS interfaces[0m
[33.663s] [ 48%] [32mBuilding CXX object CMakeFiles/dobot_msgs_v3__rosidl_typesupport_fastrtps_cpp.dir/rosidl_typesupport_fastrtps_cpp/dobot_msgs_v3/srv/detail/dds_fastrtps/speed_factor__type_support.cpp.o[0m
[33.909s] [ 48%] [32mBuilding CXX object CMakeFiles/dobot_msgs_v3__rosidl_typesupport_fastrtps_cpp.dir/rosidl_typesupport_fastrtps_cpp/dobot_msgs_v3/srv/detail/dds_fastrtps/speed_j__type_support.cpp.o[0m
[34.148s] [ 48%] [32mBuilding CXX object CMakeFiles/dobot_msgs_v3__rosidl_typesupport_fastrtps_cpp.dir/rosidl_typesupport_fastrtps_cpp/dobot_msgs_v3/srv/detail/dds_fastrtps/speed_l__type_support.cpp.o[0m
[34.385s] [ 48%] [32mBuilding CXX object CMakeFiles/dobot_msgs_v3__rosidl_typesupport_fastrtps_cpp.dir/rosidl_typesupport_fastrtps_cpp/dobot_msgs_v3/srv/detail/dds_fastrtps/start_drag__type_support.cpp.o[0m
[34.633s] [ 48%] [32mBuilding CXX object CMakeFiles/dobot_msgs_v3__rosidl_typesupport_fastrtps_cpp.dir/rosidl_typesupport_fastrtps_cpp/dobot_msgs_v3/srv/detail/dds_fastrtps/start_fc_trace__type_support.cpp.o[0m
[34.887s] [ 49%] [32mBuilding CXX object CMakeFiles/dobot_msgs_v3__rosidl_typesupport_fastrtps_cpp.dir/rosidl_typesupport_fastrtps_cpp/dobot_msgs_v3/srv/detail/dds_fastrtps/start_path__type_support.cpp.o[0m
[35.129s] [ 49%] [32mBuilding CXX object CMakeFiles/dobot_msgs_v3__rosidl_typesupport_fastrtps_cpp.dir/rosidl_typesupport_fastrtps_cpp/dobot_msgs_v3/srv/detail/dds_fastrtps/start_trace__type_support.cpp.o[0m
[35.368s] [ 49%] [32mBuilding CXX object CMakeFiles/dobot_msgs_v3__rosidl_typesupport_fastrtps_cpp.dir/rosidl_typesupport_fastrtps_cpp/dobot_msgs_v3/srv/detail/dds_fastrtps/stop_drag__type_support.cpp.o[0m
[35.546s] [ 49%] [32mBuilding CXX object CMakeFiles/dobot_msgs_v3__rosidl_typesupport_c.dir/rosidl_typesupport_c/dobot_msgs_v3/msg/robot_status__type_support.cpp.o[0m
[35.571s] [ 49%] [32mBuilding CXX object CMakeFiles/dobot_msgs_v3__rosidl_typesupport_c.dir/rosidl_typesupport_c/dobot_msgs_v3/msg/tool_vector_actual__type_support.cpp.o[0m
[35.594s] [ 49%] [32mBuilding CXX object CMakeFiles/dobot_msgs_v3__rosidl_typesupport_c.dir/rosidl_typesupport_c/dobot_msgs_v3/srv/acc_j__type_support.cpp.o[0m
[35.613s] [ 49%] [32mBuilding CXX object CMakeFiles/dobot_msgs_v3__rosidl_typesupport_fastrtps_cpp.dir/rosidl_typesupport_fastrtps_cpp/dobot_msgs_v3/srv/detail/dds_fastrtps/stopmove_jog__type_support.cpp.o[0m
[35.619s] [ 49%] [32mBuilding CXX object CMakeFiles/dobot_msgs_v3__rosidl_typesupport_c.dir/rosidl_typesupport_c/dobot_msgs_v3/srv/acc_l__type_support.cpp.o[0m
[35.641s] [ 49%] [32mBuilding CXX object CMakeFiles/dobot_msgs_v3__rosidl_typesupport_c.dir/rosidl_typesupport_c/dobot_msgs_v3/srv/ao__type_support.cpp.o[0m
[35.663s] [ 49%] [32mBuilding CXX object CMakeFiles/dobot_msgs_v3__rosidl_typesupport_c.dir/rosidl_typesupport_c/dobot_msgs_v3/srv/ao_execute__type_support.cpp.o[0m
[35.687s] [ 50%] [32mBuilding CXX object CMakeFiles/dobot_msgs_v3__rosidl_typesupport_c.dir/rosidl_typesupport_c/dobot_msgs_v3/srv/arc__type_support.cpp.o[0m
[35.711s] [ 50%] [32mBuilding CXX object CMakeFiles/dobot_msgs_v3__rosidl_typesupport_c.dir/rosidl_typesupport_c/dobot_msgs_v3/srv/arch__type_support.cpp.o[0m
[35.734s] [ 50%] [32mBuilding CXX object CMakeFiles/dobot_msgs_v3__rosidl_typesupport_c.dir/rosidl_typesupport_c/dobot_msgs_v3/srv/brake_control__type_support.cpp.o[0m
[35.757s] [ 50%] [32mBuilding CXX object CMakeFiles/dobot_msgs_v3__rosidl_typesupport_c.dir/rosidl_typesupport_c/dobot_msgs_v3/srv/circle__type_support.cpp.o[0m
[35.781s] [ 50%] [32mBuilding CXX object CMakeFiles/dobot_msgs_v3__rosidl_typesupport_c.dir/rosidl_typesupport_c/dobot_msgs_v3/srv/clear_error__type_support.cpp.o[0m
[35.805s] [ 50%] [32mBuilding CXX object CMakeFiles/dobot_msgs_v3__rosidl_typesupport_c.dir/rosidl_typesupport_c/dobot_msgs_v3/srv/continues__type_support.cpp.o[0m
[35.831s] [ 50%] [32mBuilding CXX object CMakeFiles/dobot_msgs_v3__rosidl_typesupport_c.dir/rosidl_typesupport_c/dobot_msgs_v3/srv/continue_script__type_support.cpp.o[0m
[35.856s] [ 51%] [32mBuilding CXX object CMakeFiles/dobot_msgs_v3__rosidl_typesupport_c.dir/rosidl_typesupport_c/dobot_msgs_v3/srv/cp__type_support.cpp.o[0m
[35.864s] [ 51%] [32mBuilding CXX object CMakeFiles/dobot_msgs_v3__rosidl_typesupport_fastrtps_cpp.dir/rosidl_typesupport_fastrtps_cpp/dobot_msgs_v3/srv/detail/dds_fastrtps/stop_script__type_support.cpp.o[0m
[35.881s] [ 51%] [32mBuilding CXX object CMakeFiles/dobot_msgs_v3__rosidl_typesupport_c.dir/rosidl_typesupport_c/dobot_msgs_v3/srv/di__type_support.cpp.o[0m
[35.905s] [ 51%] [32mBuilding CXX object CMakeFiles/dobot_msgs_v3__rosidl_typesupport_c.dir/rosidl_typesupport_c/dobot_msgs_v3/srv/digital_outputs__type_support.cpp.o[0m
[35.929s] [ 51%] [32mBuilding CXX object CMakeFiles/dobot_msgs_v3__rosidl_typesupport_c.dir/rosidl_typesupport_c/dobot_msgs_v3/srv/disable_robot__type_support.cpp.o[0m
[35.953s] [ 51%] [32mBuilding CXX object CMakeFiles/dobot_msgs_v3__rosidl_typesupport_c.dir/rosidl_typesupport_c/dobot_msgs_v3/srv/do__type_support.cpp.o[0m
[35.978s] [ 51%] [32mBuilding CXX object CMakeFiles/dobot_msgs_v3__rosidl_typesupport_c.dir/rosidl_typesupport_c/dobot_msgs_v3/srv/do_execute__type_support.cpp.o[0m
[36.002s] [ 51%] [32mBuilding CXX object CMakeFiles/dobot_msgs_v3__rosidl_typesupport_c.dir/rosidl_typesupport_c/dobot_msgs_v3/srv/do_group__type_support.cpp.o[0m
[36.026s] [ 52%] [32mBuilding CXX object CMakeFiles/dobot_msgs_v3__rosidl_typesupport_c.dir/rosidl_typesupport_c/dobot_msgs_v3/srv/emergency_stop__type_support.cpp.o[0m
[36.051s] [ 52%] [32mBuilding CXX object CMakeFiles/dobot_msgs_v3__rosidl_typesupport_c.dir/rosidl_typesupport_c/dobot_msgs_v3/srv/enable_robot__type_support.cpp.o[0m
[36.076s] [ 52%] [32mBuilding CXX object CMakeFiles/dobot_msgs_v3__rosidl_typesupport_c.dir/rosidl_typesupport_c/dobot_msgs_v3/srv/get_angle__type_support.cpp.o[0m
[36.099s] [ 52%] [32mBuilding CXX object CMakeFiles/dobot_msgs_v3__rosidl_typesupport_c.dir/rosidl_typesupport_c/dobot_msgs_v3/srv/get_coils__type_support.cpp.o[0m
[36.123s] [ 52%] [32mBuilding CXX object CMakeFiles/dobot_msgs_v3__rosidl_typesupport_c.dir/rosidl_typesupport_c/dobot_msgs_v3/srv/get_error_id__type_support.cpp.o[0m
[36.123s] [ 52%] [32mBuilding CXX object CMakeFiles/dobot_msgs_v3__rosidl_typesupport_fastrtps_cpp.dir/rosidl_typesupport_fastrtps_cpp/dobot_msgs_v3/srv/detail/dds_fastrtps/sync__type_support.cpp.o[0m
[36.146s] [ 52%] [32mBuilding CXX object CMakeFiles/dobot_msgs_v3__rosidl_typesupport_c.dir/rosidl_typesupport_c/dobot_msgs_v3/srv/get_hold_regs__type_support.cpp.o[0m
[36.171s] [ 52%] [32mBuilding CXX object CMakeFiles/dobot_msgs_v3__rosidl_typesupport_c.dir/rosidl_typesupport_c/dobot_msgs_v3/srv/get_in_bits__type_support.cpp.o[0m
[36.196s] [ 53%] [32mBuilding CXX object CMakeFiles/dobot_msgs_v3__rosidl_typesupport_c.dir/rosidl_typesupport_c/dobot_msgs_v3/srv/get_in_regs__type_support.cpp.o[0m
[36.220s] [ 53%] [32mBuilding CXX object CMakeFiles/dobot_msgs_v3__rosidl_typesupport_c.dir/rosidl_typesupport_c/dobot_msgs_v3/srv/get_pose__type_support.cpp.o[0m
[36.246s] [ 53%] [32mBuilding CXX object CMakeFiles/dobot_msgs_v3__rosidl_typesupport_c.dir/rosidl_typesupport_c/dobot_msgs_v3/srv/inverse_solution__type_support.cpp.o[0m
[36.272s] [ 53%] [32mBuilding CXX object CMakeFiles/dobot_msgs_v3__rosidl_typesupport_c.dir/rosidl_typesupport_c/dobot_msgs_v3/srv/joint_mov_j__type_support.cpp.o[0m
[36.296s] [ 53%] [32mBuilding CXX object CMakeFiles/dobot_msgs_v3__rosidl_typesupport_c.dir/rosidl_typesupport_c/dobot_msgs_v3/srv/jump__type_support.cpp.o[0m
[36.322s] [ 53%] [32mBuilding CXX object CMakeFiles/dobot_msgs_v3__rosidl_typesupport_c.dir/rosidl_typesupport_c/dobot_msgs_v3/srv/lim_z__type_support.cpp.o[0m
[36.347s] [ 53%] [32mBuilding CXX object CMakeFiles/dobot_msgs_v3__rosidl_typesupport_c.dir/rosidl_typesupport_c/dobot_msgs_v3/srv/load_switch__type_support.cpp.o[0m
[36.370s] [ 54%] [32mBuilding CXX object CMakeFiles/dobot_msgs_v3__rosidl_typesupport_c.dir/rosidl_typesupport_c/dobot_msgs_v3/srv/modbus_close__type_support.cpp.o[0m
[36.399s] [ 54%] [32mBuilding CXX object CMakeFiles/dobot_msgs_v3__rosidl_typesupport_c.dir/rosidl_typesupport_c/dobot_msgs_v3/srv/modbus_create__type_support.cpp.o[0m
[36.412s] [ 54%] [32mBuilding CXX object CMakeFiles/dobot_msgs_v3__rosidl_typesupport_fastrtps_cpp.dir/rosidl_typesupport_fastrtps_cpp/dobot_msgs_v3/srv/detail/dds_fastrtps/sync_all__type_support.cpp.o[0m
[36.424s] [ 54%] [32mBuilding CXX object CMakeFiles/dobot_msgs_v3__rosidl_typesupport_c.dir/rosidl_typesupport_c/dobot_msgs_v3/srv/move_jog__type_support.cpp.o[0m
[36.449s] [ 54%] [32mBuilding CXX object CMakeFiles/dobot_msgs_v3__rosidl_typesupport_c.dir/rosidl_typesupport_c/dobot_msgs_v3/srv/mov_j__type_support.cpp.o[0m
[36.474s] [ 54%] [32mBuilding CXX object CMakeFiles/dobot_msgs_v3__rosidl_typesupport_c.dir/rosidl_typesupport_c/dobot_msgs_v3/srv/mov_j_ext__type_support.cpp.o[0m
[36.500s] [ 54%] [32mBuilding CXX object CMakeFiles/dobot_msgs_v3__rosidl_typesupport_c.dir/rosidl_typesupport_c/dobot_msgs_v3/srv/mov_jio__type_support.cpp.o[0m
[36.525s] [ 54%] [32mBuilding CXX object CMakeFiles/dobot_msgs_v3__rosidl_typesupport_c.dir/rosidl_typesupport_c/dobot_msgs_v3/srv/mov_l__type_support.cpp.o[0m
[36.550s] [ 55%] [32mBuilding CXX object CMakeFiles/dobot_msgs_v3__rosidl_typesupport_c.dir/rosidl_typesupport_c/dobot_msgs_v3/srv/mov_lio__type_support.cpp.o[0m
[36.578s] [ 55%] [32mBuilding CXX object CMakeFiles/dobot_msgs_v3__rosidl_typesupport_c.dir/rosidl_typesupport_c/dobot_msgs_v3/srv/pause__type_support.cpp.o[0m
[36.604s] [ 55%] [32mBuilding CXX object CMakeFiles/dobot_msgs_v3__rosidl_typesupport_c.dir/rosidl_typesupport_c/dobot_msgs_v3/srv/pause_script__type_support.cpp.o[0m
[36.627s] [ 55%] [32mBuilding CXX object CMakeFiles/dobot_msgs_v3__rosidl_typesupport_c.dir/rosidl_typesupport_c/dobot_msgs_v3/srv/pay_load__type_support.cpp.o[0m
[36.652s] [ 55%] [32mBuilding CXX object CMakeFiles/dobot_msgs_v3__rosidl_typesupport_c.dir/rosidl_typesupport_c/dobot_msgs_v3/srv/positive_solution__type_support.cpp.o[0m
[36.665s] [ 56%] [32mBuilding CXX object CMakeFiles/dobot_msgs_v3__rosidl_typesupport_fastrtps_cpp.dir/rosidl_typesupport_fastrtps_cpp/dobot_msgs_v3/srv/detail/dds_fastrtps/tool__type_support.cpp.o[0m
[36.676s] [ 56%] [32mBuilding CXX object CMakeFiles/dobot_msgs_v3__rosidl_typesupport_c.dir/rosidl_typesupport_c/dobot_msgs_v3/srv/power_on__type_support.cpp.o[0m
[36.700s] [ 56%] [32mBuilding CXX object CMakeFiles/dobot_msgs_v3__rosidl_typesupport_c.dir/rosidl_typesupport_c/dobot_msgs_v3/srv/rel_joint_mov_j__type_support.cpp.o[0m
[36.725s] [ 57%] [32mBuilding CXX object CMakeFiles/dobot_msgs_v3__rosidl_typesupport_c.dir/rosidl_typesupport_c/dobot_msgs_v3/srv/rel_mov_j__type_support.cpp.o[0m
[36.748s] [ 57%] [32mBuilding CXX object CMakeFiles/dobot_msgs_v3__rosidl_typesupport_c.dir/rosidl_typesupport_c/dobot_msgs_v3/srv/rel_mov_j_user__type_support.cpp.o[0m
[36.773s] [ 57%] [32mBuilding CXX object CMakeFiles/dobot_msgs_v3__rosidl_typesupport_c.dir/rosidl_typesupport_c/dobot_msgs_v3/srv/rel_mov_j_tool__type_support.cpp.o[0m
[36.797s] [ 57%] [32mBuilding CXX object CMakeFiles/dobot_msgs_v3__rosidl_typesupport_c.dir/rosidl_typesupport_c/dobot_msgs_v3/srv/rel_mov_l__type_support.cpp.o[0m
[36.823s] [ 57%] [32mBuilding CXX object CMakeFiles/dobot_msgs_v3__rosidl_typesupport_c.dir/rosidl_typesupport_c/dobot_msgs_v3/srv/rel_mov_l_user__type_support.cpp.o[0m
[36.845s] [ 57%] [32mBuilding CXX object CMakeFiles/dobot_msgs_v3__rosidl_typesupport_c.dir/rosidl_typesupport_c/dobot_msgs_v3/srv/rel_mov_l_tool__type_support.cpp.o[0m
[36.869s] [ 57%] [32mBuilding CXX object CMakeFiles/dobot_msgs_v3__rosidl_typesupport_c.dir/rosidl_typesupport_c/dobot_msgs_v3/srv/reset_robot__type_support.cpp.o[0m
[36.892s] [ 58%] [32mBuilding CXX object CMakeFiles/dobot_msgs_v3__rosidl_typesupport_c.dir/rosidl_typesupport_c/dobot_msgs_v3/srv/robot_mode__type_support.cpp.o[0m
[36.914s] [ 58%] [32mBuilding CXX object CMakeFiles/dobot_msgs_v3__rosidl_typesupport_fastrtps_cpp.dir/rosidl_typesupport_fastrtps_cpp/dobot_msgs_v3/srv/detail/dds_fastrtps/tool_di__type_support.cpp.o[0m
[36.916s] [ 58%] [32mBuilding CXX object CMakeFiles/dobot_msgs_v3__rosidl_typesupport_c.dir/rosidl_typesupport_c/dobot_msgs_v3/srv/run_script__type_support.cpp.o[0m
[36.940s] [ 58%] [32mBuilding CXX object CMakeFiles/dobot_msgs_v3__rosidl_typesupport_c.dir/rosidl_typesupport_c/dobot_msgs_v3/srv/servo_j__type_support.cpp.o[0m
[36.962s] [ 58%] [32mBuilding CXX object CMakeFiles/dobot_msgs_v3__rosidl_typesupport_c.dir/rosidl_typesupport_c/dobot_msgs_v3/srv/servo_p__type_support.cpp.o[0m
[36.986s] [ 58%] [32mBuilding CXX object CMakeFiles/dobot_msgs_v3__rosidl_typesupport_c.dir/rosidl_typesupport_c/dobot_msgs_v3/srv/set_arm_orientation__type_support.cpp.o[0m
[37.012s] [ 58%] [32mBuilding CXX object CMakeFiles/dobot_msgs_v3__rosidl_typesupport_c.dir/rosidl_typesupport_c/dobot_msgs_v3/srv/set_coils__type_support.cpp.o[0m
[37.034s] [ 58%] [32mBuilding CXX object CMakeFiles/dobot_msgs_v3__rosidl_typesupport_c.dir/rosidl_typesupport_c/dobot_msgs_v3/srv/set_collision_level__type_support.cpp.o[0m
[37.058s] [ 59%] [32mBuilding CXX object CMakeFiles/dobot_msgs_v3__rosidl_typesupport_c.dir/rosidl_typesupport_c/dobot_msgs_v3/srv/set_hold_regs__type_support.cpp.o[0m
[37.081s] [ 59%] [32mBuilding CXX object CMakeFiles/dobot_msgs_v3__rosidl_typesupport_c.dir/rosidl_typesupport_c/dobot_msgs_v3/srv/set_obstacle_avoid__type_support.cpp.o[0m
[37.105s] [ 59%] [32mBuilding CXX object CMakeFiles/dobot_msgs_v3__rosidl_typesupport_c.dir/rosidl_typesupport_c/dobot_msgs_v3/srv/set_payload__type_support.cpp.o[0m
[37.128s] [ 59%] [32mBuilding CXX object CMakeFiles/dobot_msgs_v3__rosidl_typesupport_c.dir/rosidl_typesupport_c/dobot_msgs_v3/srv/set_safe_skin__type_support.cpp.o[0m
[37.151s] [ 59%] [32mBuilding CXX object CMakeFiles/dobot_msgs_v3__rosidl_typesupport_c.dir/rosidl_typesupport_c/dobot_msgs_v3/srv/speed_factor__type_support.cpp.o[0m
[37.159s] [ 59%] [32mBuilding CXX object CMakeFiles/dobot_msgs_v3__rosidl_typesupport_fastrtps_cpp.dir/rosidl_typesupport_fastrtps_cpp/dobot_msgs_v3/srv/detail/dds_fastrtps/tool_do__type_support.cpp.o[0m
[37.173s] [ 59%] [32mBuilding CXX object CMakeFiles/dobot_msgs_v3__rosidl_typesupport_c.dir/rosidl_typesupport_c/dobot_msgs_v3/srv/speed_j__type_support.cpp.o[0m
[37.196s] [ 59%] [32mBuilding CXX object CMakeFiles/dobot_msgs_v3__rosidl_typesupport_c.dir/rosidl_typesupport_c/dobot_msgs_v3/srv/speed_l__type_support.cpp.o[0m
[37.221s] [ 60%] [32mBuilding CXX object CMakeFiles/dobot_msgs_v3__rosidl_typesupport_c.dir/rosidl_typesupport_c/dobot_msgs_v3/srv/start_drag__type_support.cpp.o[0m
[37.243s] [ 60%] [32mBuilding CXX object CMakeFiles/dobot_msgs_v3__rosidl_typesupport_c.dir/rosidl_typesupport_c/dobot_msgs_v3/srv/start_fc_trace__type_support.cpp.o[0m
[37.268s] [ 60%] [32mBuilding CXX object CMakeFiles/dobot_msgs_v3__rosidl_typesupport_c.dir/rosidl_typesupport_c/dobot_msgs_v3/srv/start_path__type_support.cpp.o[0m
[37.291s] [ 60%] [32mBuilding CXX object CMakeFiles/dobot_msgs_v3__rosidl_typesupport_c.dir/rosidl_typesupport_c/dobot_msgs_v3/srv/start_trace__type_support.cpp.o[0m
[37.316s] [ 60%] [32mBuilding CXX object CMakeFiles/dobot_msgs_v3__rosidl_typesupport_c.dir/rosidl_typesupport_c/dobot_msgs_v3/srv/stop_drag__type_support.cpp.o[0m
[37.338s] [ 60%] [32mBuilding CXX object CMakeFiles/dobot_msgs_v3__rosidl_typesupport_c.dir/rosidl_typesupport_c/dobot_msgs_v3/srv/stopmove_jog__type_support.cpp.o[0m
[37.362s] [ 60%] [32mBuilding CXX object CMakeFiles/dobot_msgs_v3__rosidl_typesupport_c.dir/rosidl_typesupport_c/dobot_msgs_v3/srv/stop_script__type_support.cpp.o[0m
[37.384s] [ 61%] [32mBuilding CXX object CMakeFiles/dobot_msgs_v3__rosidl_typesupport_c.dir/rosidl_typesupport_c/dobot_msgs_v3/srv/sync__type_support.cpp.o[0m
[37.406s] [ 61%] [32mBuilding CXX object CMakeFiles/dobot_msgs_v3__rosidl_typesupport_fastrtps_cpp.dir/rosidl_typesupport_fastrtps_cpp/dobot_msgs_v3/srv/detail/dds_fastrtps/tool_do_execute__type_support.cpp.o[0m
[37.410s] [ 61%] [32mBuilding CXX object CMakeFiles/dobot_msgs_v3__rosidl_typesupport_c.dir/rosidl_typesupport_c/dobot_msgs_v3/srv/sync_all__type_support.cpp.o[0m
[37.434s] [ 61%] [32mBuilding CXX object CMakeFiles/dobot_msgs_v3__rosidl_typesupport_c.dir/rosidl_typesupport_c/dobot_msgs_v3/srv/tool__type_support.cpp.o[0m
[37.458s] [ 61%] [32mBuilding CXX object CMakeFiles/dobot_msgs_v3__rosidl_typesupport_c.dir/rosidl_typesupport_c/dobot_msgs_v3/srv/tool_di__type_support.cpp.o[0m
[37.481s] [ 61%] [32mBuilding CXX object CMakeFiles/dobot_msgs_v3__rosidl_typesupport_c.dir/rosidl_typesupport_c/dobot_msgs_v3/srv/tool_do__type_support.cpp.o[0m
[37.506s] [ 61%] [32mBuilding CXX object CMakeFiles/dobot_msgs_v3__rosidl_typesupport_c.dir/rosidl_typesupport_c/dobot_msgs_v3/srv/tool_do_execute__type_support.cpp.o[0m
[37.527s] [ 61%] [32mBuilding CXX object CMakeFiles/dobot_msgs_v3__rosidl_typesupport_c.dir/rosidl_typesupport_c/dobot_msgs_v3/srv/user__type_support.cpp.o[0m
[37.550s] [ 62%] [32mBuilding CXX object CMakeFiles/dobot_msgs_v3__rosidl_typesupport_c.dir/rosidl_typesupport_c/dobot_msgs_v3/srv/wait__type_support.cpp.o[0m
[37.572s] [ 62%] [32m[1mLinking CXX shared library libdobot_msgs_v3__rosidl_typesupport_c.so[0m
[37.621s] [ 62%] Built target dobot_msgs_v3__rosidl_typesupport_c
[37.631s] [ 62%] [34m[1mGenerating C++ introspection for ROS interfaces[0m
[37.651s] [ 62%] [32mBuilding CXX object CMakeFiles/dobot_msgs_v3__rosidl_typesupport_fastrtps_cpp.dir/rosidl_typesupport_fastrtps_cpp/dobot_msgs_v3/srv/detail/dds_fastrtps/user__type_support.cpp.o[0m
[37.899s] [ 62%] [32mBuilding CXX object CMakeFiles/dobot_msgs_v3__rosidl_typesupport_fastrtps_cpp.dir/rosidl_typesupport_fastrtps_cpp/dobot_msgs_v3/srv/detail/dds_fastrtps/wait__type_support.cpp.o[0m
[38.146s] [ 62%] [32m[1mLinking CXX shared library libdobot_msgs_v3__rosidl_typesupport_fastrtps_cpp.so[0m
[38.245s] [ 62%] Built target dobot_msgs_v3__rosidl_typesupport_fastrtps_cpp
[38.397s] running egg_info
[38.397s] creating dobot_msgs_v3.egg-info
[38.397s] writing dobot_msgs_v3.egg-info/PKG-INFO
[38.397s] writing dependency_links to dobot_msgs_v3.egg-info/dependency_links.txt
[38.397s] writing top-level names to dobot_msgs_v3.egg-info/top_level.txt
[38.397s] writing manifest file 'dobot_msgs_v3.egg-info/SOURCES.txt'
[38.398s] reading manifest file 'dobot_msgs_v3.egg-info/SOURCES.txt'
[38.398s] writing manifest file 'dobot_msgs_v3.egg-info/SOURCES.txt'
[38.417s] [ 62%] Built target ament_cmake_python_build_dobot_msgs_v3_egg
[38.427s] [ 63%] [34m[1mGenerating C type support for eProsima Fast-RTPS[0m
[40.747s] [ 63%] [32mBuilding CXX object CMakeFiles/dobot_msgs_v3__rosidl_typesupport_introspection_cpp.dir/rosidl_typesupport_introspection_cpp/dobot_msgs_v3/msg/detail/robot_status__type_support.cpp.o[0m
[40.980s] [ 64%] [32mBuilding CXX object CMakeFiles/dobot_msgs_v3__rosidl_typesupport_introspection_cpp.dir/rosidl_typesupport_introspection_cpp/dobot_msgs_v3/msg/detail/tool_vector_actual__type_support.cpp.o[0m
[41.217s] [ 64%] [32mBuilding CXX object CMakeFiles/dobot_msgs_v3__rosidl_typesupport_introspection_cpp.dir/rosidl_typesupport_introspection_cpp/dobot_msgs_v3/srv/detail/acc_j__type_support.cpp.o[0m
[41.447s] [ 64%] [32mBuilding CXX object CMakeFiles/dobot_msgs_v3__rosidl_typesupport_introspection_cpp.dir/rosidl_typesupport_introspection_cpp/dobot_msgs_v3/srv/detail/acc_l__type_support.cpp.o[0m
[41.677s] [ 64%] [32mBuilding CXX object CMakeFiles/dobot_msgs_v3__rosidl_typesupport_introspection_cpp.dir/rosidl_typesupport_introspection_cpp/dobot_msgs_v3/srv/detail/ao__type_support.cpp.o[0m
[41.902s] [ 64%] [32mBuilding CXX object CMakeFiles/dobot_msgs_v3__rosidl_typesupport_introspection_cpp.dir/rosidl_typesupport_introspection_cpp/dobot_msgs_v3/srv/detail/ao_execute__type_support.cpp.o[0m
[41.974s] [ 64%] [32mBuilding CXX object CMakeFiles/dobot_msgs_v3__rosidl_typesupport_fastrtps_c.dir/rosidl_typesupport_fastrtps_c/dobot_msgs_v3/msg/detail/robot_status__type_support_c.cpp.o[0m
[42.132s] [ 64%] [32mBuilding CXX object CMakeFiles/dobot_msgs_v3__rosidl_typesupport_introspection_cpp.dir/rosidl_typesupport_introspection_cpp/dobot_msgs_v3/srv/detail/arc__type_support.cpp.o[0m
[42.173s] [ 64%] [32mBuilding CXX object CMakeFiles/dobot_msgs_v3__rosidl_typesupport_fastrtps_c.dir/rosidl_typesupport_fastrtps_c/dobot_msgs_v3/msg/detail/tool_vector_actual__type_support_c.cpp.o[0m
[42.367s] [ 64%] [32mBuilding CXX object CMakeFiles/dobot_msgs_v3__rosidl_typesupport_fastrtps_c.dir/rosidl_typesupport_fastrtps_c/dobot_msgs_v3/srv/detail/acc_j__type_support_c.cpp.o[0m
[42.375s] [ 64%] [32mBuilding CXX object CMakeFiles/dobot_msgs_v3__rosidl_typesupport_introspection_cpp.dir/rosidl_typesupport_introspection_cpp/dobot_msgs_v3/srv/detail/arch__type_support.cpp.o[0m
[42.573s] [ 64%] [32mBuilding CXX object CMakeFiles/dobot_msgs_v3__rosidl_typesupport_fastrtps_c.dir/rosidl_typesupport_fastrtps_c/dobot_msgs_v3/srv/detail/acc_l__type_support_c.cpp.o[0m
[42.607s] [ 65%] [32mBuilding CXX object CMakeFiles/dobot_msgs_v3__rosidl_typesupport_introspection_cpp.dir/rosidl_typesupport_introspection_cpp/dobot_msgs_v3/srv/detail/brake_control__type_support.cpp.o[0m
[42.774s] [ 65%] [32mBuilding CXX object CMakeFiles/dobot_msgs_v3__rosidl_typesupport_fastrtps_c.dir/rosidl_typesupport_fastrtps_c/dobot_msgs_v3/srv/detail/ao__type_support_c.cpp.o[0m
[42.839s] [ 65%] [32mBuilding CXX object CMakeFiles/dobot_msgs_v3__rosidl_typesupport_introspection_cpp.dir/rosidl_typesupport_introspection_cpp/dobot_msgs_v3/srv/detail/circle__type_support.cpp.o[0m
[42.992s] [ 65%] [32mBuilding CXX object CMakeFiles/dobot_msgs_v3__rosidl_typesupport_fastrtps_c.dir/rosidl_typesupport_fastrtps_c/dobot_msgs_v3/srv/detail/ao_execute__type_support_c.cpp.o[0m
[43.123s] [ 65%] [32mBuilding CXX object CMakeFiles/dobot_msgs_v3__rosidl_typesupport_introspection_cpp.dir/rosidl_typesupport_introspection_cpp/dobot_msgs_v3/srv/detail/clear_error__type_support.cpp.o[0m
[43.224s] [ 66%] [32mBuilding CXX object CMakeFiles/dobot_msgs_v3__rosidl_typesupport_fastrtps_c.dir/rosidl_typesupport_fastrtps_c/dobot_msgs_v3/srv/detail/arc__type_support_c.cpp.o[0m
[43.368s] [ 66%] [32mBuilding CXX object CMakeFiles/dobot_msgs_v3__rosidl_typesupport_introspection_cpp.dir/rosidl_typesupport_introspection_cpp/dobot_msgs_v3/srv/detail/continues__type_support.cpp.o[0m
[43.446s] [ 66%] [32mBuilding CXX object CMakeFiles/dobot_msgs_v3__rosidl_typesupport_fastrtps_c.dir/rosidl_typesupport_fastrtps_c/dobot_msgs_v3/srv/detail/arch__type_support_c.cpp.o[0m
[43.604s] [ 66%] [32mBuilding CXX object CMakeFiles/dobot_msgs_v3__rosidl_typesupport_introspection_cpp.dir/rosidl_typesupport_introspection_cpp/dobot_msgs_v3/srv/detail/continue_script__type_support.cpp.o[0m
[43.654s] [ 66%] [32mBuilding CXX object CMakeFiles/dobot_msgs_v3__rosidl_typesupport_fastrtps_c.dir/rosidl_typesupport_fastrtps_c/dobot_msgs_v3/srv/detail/brake_control__type_support_c.cpp.o[0m
[43.831s] [ 66%] [32mBuilding CXX object CMakeFiles/dobot_msgs_v3__rosidl_typesupport_introspection_cpp.dir/rosidl_typesupport_introspection_cpp/dobot_msgs_v3/srv/detail/cp__type_support.cpp.o[0m
[43.855s] [ 66%] [32mBuilding CXX object CMakeFiles/dobot_msgs_v3__rosidl_typesupport_fastrtps_c.dir/rosidl_typesupport_fastrtps_c/dobot_msgs_v3/srv/detail/circle__type_support_c.cpp.o[0m
[44.050s] [ 66%] [32mBuilding CXX object CMakeFiles/dobot_msgs_v3__rosidl_typesupport_introspection_cpp.dir/rosidl_typesupport_introspection_cpp/dobot_msgs_v3/srv/detail/di__type_support.cpp.o[0m
[44.060s] [ 66%] [32mBuilding CXX object CMakeFiles/dobot_msgs_v3__rosidl_typesupport_fastrtps_c.dir/rosidl_typesupport_fastrtps_c/dobot_msgs_v3/srv/detail/clear_error__type_support_c.cpp.o[0m
[44.258s] [ 66%] [32mBuilding CXX object CMakeFiles/dobot_msgs_v3__rosidl_typesupport_fastrtps_c.dir/rosidl_typesupport_fastrtps_c/dobot_msgs_v3/srv/detail/continues__type_support_c.cpp.o[0m
[44.279s] [ 67%] [32mBuilding CXX object CMakeFiles/dobot_msgs_v3__rosidl_typesupport_introspection_cpp.dir/rosidl_typesupport_introspection_cpp/dobot_msgs_v3/srv/detail/digital_outputs__type_support.cpp.o[0m
[44.459s] [ 67%] [32mBuilding CXX object CMakeFiles/dobot_msgs_v3__rosidl_typesupport_fastrtps_c.dir/rosidl_typesupport_fastrtps_c/dobot_msgs_v3/srv/detail/continue_script__type_support_c.cpp.o[0m
[44.499s] [ 67%] [32mBuilding CXX object CMakeFiles/dobot_msgs_v3__rosidl_typesupport_introspection_cpp.dir/rosidl_typesupport_introspection_cpp/dobot_msgs_v3/srv/detail/disable_robot__type_support.cpp.o[0m
[44.658s] [ 68%] [32mBuilding CXX object CMakeFiles/dobot_msgs_v3__rosidl_typesupport_fastrtps_c.dir/rosidl_typesupport_fastrtps_c/dobot_msgs_v3/srv/detail/cp__type_support_c.cpp.o[0m
[44.727s] [ 68%] [32mBuilding CXX object CMakeFiles/dobot_msgs_v3__rosidl_typesupport_introspection_cpp.dir/rosidl_typesupport_introspection_cpp/dobot_msgs_v3/srv/detail/do__type_support.cpp.o[0m
[44.871s] [ 68%] [32mBuilding CXX object CMakeFiles/dobot_msgs_v3__rosidl_typesupport_fastrtps_c.dir/rosidl_typesupport_fastrtps_c/dobot_msgs_v3/srv/detail/di__type_support_c.cpp.o[0m
[44.963s] [ 68%] [32mBuilding CXX object CMakeFiles/dobot_msgs_v3__rosidl_typesupport_introspection_cpp.dir/rosidl_typesupport_introspection_cpp/dobot_msgs_v3/srv/detail/do_execute__type_support.cpp.o[0m
[45.074s] [ 68%] [32mBuilding CXX object CMakeFiles/dobot_msgs_v3__rosidl_typesupport_fastrtps_c.dir/rosidl_typesupport_fastrtps_c/dobot_msgs_v3/srv/detail/digital_outputs__type_support_c.cpp.o[0m
[45.192s] [ 68%] [32mBuilding CXX object CMakeFiles/dobot_msgs_v3__rosidl_typesupport_introspection_cpp.dir/rosidl_typesupport_introspection_cpp/dobot_msgs_v3/srv/detail/do_group__type_support.cpp.o[0m
[45.278s] [ 68%] [32mBuilding CXX object CMakeFiles/dobot_msgs_v3__rosidl_typesupport_fastrtps_c.dir/rosidl_typesupport_fastrtps_c/dobot_msgs_v3/srv/detail/disable_robot__type_support_c.cpp.o[0m
[45.443s] [ 68%] [32mBuilding CXX object CMakeFiles/dobot_msgs_v3__rosidl_typesupport_introspection_cpp.dir/rosidl_typesupport_introspection_cpp/dobot_msgs_v3/srv/detail/emergency_stop__type_support.cpp.o[0m
[45.484s] [ 68%] [32mBuilding CXX object CMakeFiles/dobot_msgs_v3__rosidl_typesupport_fastrtps_c.dir/rosidl_typesupport_fastrtps_c/dobot_msgs_v3/srv/detail/do__type_support_c.cpp.o[0m
[45.671s] [ 68%] [32mBuilding CXX object CMakeFiles/dobot_msgs_v3__rosidl_typesupport_introspection_cpp.dir/rosidl_typesupport_introspection_cpp/dobot_msgs_v3/srv/detail/enable_robot__type_support.cpp.o[0m
[45.689s] [ 68%] [32mBuilding CXX object CMakeFiles/dobot_msgs_v3__rosidl_typesupport_fastrtps_c.dir/rosidl_typesupport_fastrtps_c/dobot_msgs_v3/srv/detail/do_execute__type_support_c.cpp.o[0m
[45.892s] [ 68%] [32mBuilding CXX object CMakeFiles/dobot_msgs_v3__rosidl_typesupport_fastrtps_c.dir/rosidl_typesupport_fastrtps_c/dobot_msgs_v3/srv/detail/do_group__type_support_c.cpp.o[0m
[45.898s] [ 69%] [32mBuilding CXX object CMakeFiles/dobot_msgs_v3__rosidl_typesupport_introspection_cpp.dir/rosidl_typesupport_introspection_cpp/dobot_msgs_v3/srv/detail/get_angle__type_support.cpp.o[0m
[46.096s] [ 70%] [32mBuilding CXX object CMakeFiles/dobot_msgs_v3__rosidl_typesupport_fastrtps_c.dir/rosidl_typesupport_fastrtps_c/dobot_msgs_v3/srv/detail/emergency_stop__type_support_c.cpp.o[0m
[46.127s] [ 70%] [32mBuilding CXX object CMakeFiles/dobot_msgs_v3__rosidl_typesupport_introspection_cpp.dir/rosidl_typesupport_introspection_cpp/dobot_msgs_v3/srv/detail/get_coils__type_support.cpp.o[0m
[46.298s] [ 70%] [32mBuilding CXX object CMakeFiles/dobot_msgs_v3__rosidl_typesupport_fastrtps_c.dir/rosidl_typesupport_fastrtps_c/dobot_msgs_v3/srv/detail/enable_robot__type_support_c.cpp.o[0m
[46.354s] [ 70%] [32mBuilding CXX object CMakeFiles/dobot_msgs_v3__rosidl_typesupport_introspection_cpp.dir/rosidl_typesupport_introspection_cpp/dobot_msgs_v3/srv/detail/get_error_id__type_support.cpp.o[0m
[46.505s] [ 70%] [32mBuilding CXX object CMakeFiles/dobot_msgs_v3__rosidl_typesupport_fastrtps_c.dir/rosidl_typesupport_fastrtps_c/dobot_msgs_v3/srv/detail/get_angle__type_support_c.cpp.o[0m
[46.586s] [ 70%] [32mBuilding CXX object CMakeFiles/dobot_msgs_v3__rosidl_typesupport_introspection_cpp.dir/rosidl_typesupport_introspection_cpp/dobot_msgs_v3/srv/detail/get_hold_regs__type_support.cpp.o[0m
[46.712s] [ 70%] [32mBuilding CXX object CMakeFiles/dobot_msgs_v3__rosidl_typesupport_fastrtps_c.dir/rosidl_typesupport_fastrtps_c/dobot_msgs_v3/srv/detail/get_coils__type_support_c.cpp.o[0m
[46.818s] [ 70%] [32mBuilding CXX object CMakeFiles/dobot_msgs_v3__rosidl_typesupport_introspection_cpp.dir/rosidl_typesupport_introspection_cpp/dobot_msgs_v3/srv/detail/get_in_bits__type_support.cpp.o[0m
[46.918s] [ 70%] [32mBuilding CXX object CMakeFiles/dobot_msgs_v3__rosidl_typesupport_fastrtps_c.dir/rosidl_typesupport_fastrtps_c/dobot_msgs_v3/srv/detail/get_error_id__type_support_c.cpp.o[0m
[47.050s] [ 70%] [32mBuilding CXX object CMakeFiles/dobot_msgs_v3__rosidl_typesupport_introspection_cpp.dir/rosidl_typesupport_introspection_cpp/dobot_msgs_v3/srv/detail/get_in_regs__type_support.cpp.o[0m
[47.124s] [ 70%] [32mBuilding CXX object CMakeFiles/dobot_msgs_v3__rosidl_typesupport_fastrtps_c.dir/rosidl_typesupport_fastrtps_c/dobot_msgs_v3/srv/detail/get_hold_regs__type_support_c.cpp.o[0m
[47.298s] [ 70%] [32mBuilding CXX object CMakeFiles/dobot_msgs_v3__rosidl_typesupport_introspection_cpp.dir/rosidl_typesupport_introspection_cpp/dobot_msgs_v3/srv/detail/get_pose__type_support.cpp.o[0m
[47.327s] [ 70%] [32mBuilding CXX object CMakeFiles/dobot_msgs_v3__rosidl_typesupport_fastrtps_c.dir/rosidl_typesupport_fastrtps_c/dobot_msgs_v3/srv/detail/get_in_bits__type_support_c.cpp.o[0m
[47.526s] [ 71%] [32mBuilding CXX object CMakeFiles/dobot_msgs_v3__rosidl_typesupport_introspection_cpp.dir/rosidl_typesupport_introspection_cpp/dobot_msgs_v3/srv/detail/inverse_solution__type_support.cpp.o[0m
[47.531s] [ 72%] [32mBuilding CXX object CMakeFiles/dobot_msgs_v3__rosidl_typesupport_fastrtps_c.dir/rosidl_typesupport_fastrtps_c/dobot_msgs_v3/srv/detail/get_in_regs__type_support_c.cpp.o[0m
[47.743s] [ 72%] [32mBuilding CXX object CMakeFiles/dobot_msgs_v3__rosidl_typesupport_fastrtps_c.dir/rosidl_typesupport_fastrtps_c/dobot_msgs_v3/srv/detail/get_pose__type_support_c.cpp.o[0m
[47.750s] [ 72%] [32mBuilding CXX object CMakeFiles/dobot_msgs_v3__rosidl_typesupport_introspection_cpp.dir/rosidl_typesupport_introspection_cpp/dobot_msgs_v3/srv/detail/joint_mov_j__type_support.cpp.o[0m
[47.948s] [ 72%] [32mBuilding CXX object CMakeFiles/dobot_msgs_v3__rosidl_typesupport_fastrtps_c.dir/rosidl_typesupport_fastrtps_c/dobot_msgs_v3/srv/detail/inverse_solution__type_support_c.cpp.o[0m
[48.003s] [ 72%] [32mBuilding CXX object CMakeFiles/dobot_msgs_v3__rosidl_typesupport_introspection_cpp.dir/rosidl_typesupport_introspection_cpp/dobot_msgs_v3/srv/detail/jump__type_support.cpp.o[0m
[48.159s] [ 72%] [32mBuilding CXX object CMakeFiles/dobot_msgs_v3__rosidl_typesupport_fastrtps_c.dir/rosidl_typesupport_fastrtps_c/dobot_msgs_v3/srv/detail/joint_mov_j__type_support_c.cpp.o[0m
[48.225s] [ 72%] [32mBuilding CXX object CMakeFiles/dobot_msgs_v3__rosidl_typesupport_introspection_cpp.dir/rosidl_typesupport_introspection_cpp/dobot_msgs_v3/srv/detail/lim_z__type_support.cpp.o[0m
[48.368s] [ 72%] [32mBuilding CXX object CMakeFiles/dobot_msgs_v3__rosidl_typesupport_fastrtps_c.dir/rosidl_typesupport_fastrtps_c/dobot_msgs_v3/srv/detail/jump__type_support_c.cpp.o[0m
[48.453s] [ 72%] [32mBuilding CXX object CMakeFiles/dobot_msgs_v3__rosidl_typesupport_introspection_cpp.dir/rosidl_typesupport_introspection_cpp/dobot_msgs_v3/srv/detail/load_switch__type_support.cpp.o[0m
[48.568s] [ 72%] [32mBuilding CXX object CMakeFiles/dobot_msgs_v3__rosidl_typesupport_fastrtps_c.dir/rosidl_typesupport_fastrtps_c/dobot_msgs_v3/srv/detail/lim_z__type_support_c.cpp.o[0m
[48.672s] [ 72%] [32mBuilding CXX object CMakeFiles/dobot_msgs_v3__rosidl_typesupport_introspection_cpp.dir/rosidl_typesupport_introspection_cpp/dobot_msgs_v3/srv/detail/modbus_close__type_support.cpp.o[0m
[48.767s] [ 72%] [32mBuilding CXX object CMakeFiles/dobot_msgs_v3__rosidl_typesupport_fastrtps_c.dir/rosidl_typesupport_fastrtps_c/dobot_msgs_v3/srv/detail/load_switch__type_support_c.cpp.o[0m
[48.893s] [ 72%] [32mBuilding CXX object CMakeFiles/dobot_msgs_v3__rosidl_typesupport_introspection_cpp.dir/rosidl_typesupport_introspection_cpp/dobot_msgs_v3/srv/detail/modbus_create__type_support.cpp.o[0m
[48.965s] [ 73%] [32mBuilding CXX object CMakeFiles/dobot_msgs_v3__rosidl_typesupport_fastrtps_c.dir/rosidl_typesupport_fastrtps_c/dobot_msgs_v3/srv/detail/modbus_close__type_support_c.cpp.o[0m
[49.120s] [ 74%] [32mBuilding CXX object CMakeFiles/dobot_msgs_v3__rosidl_typesupport_introspection_cpp.dir/rosidl_typesupport_introspection_cpp/dobot_msgs_v3/srv/detail/move_jog__type_support.cpp.o[0m
[49.168s] [ 74%] [32mBuilding CXX object CMakeFiles/dobot_msgs_v3__rosidl_typesupport_fastrtps_c.dir/rosidl_typesupport_fastrtps_c/dobot_msgs_v3/srv/detail/modbus_create__type_support_c.cpp.o[0m
[49.370s] [ 74%] [32mBuilding CXX object CMakeFiles/dobot_msgs_v3__rosidl_typesupport_introspection_cpp.dir/rosidl_typesupport_introspection_cpp/dobot_msgs_v3/srv/detail/mov_j__type_support.cpp.o[0m
[49.373s] [ 74%] [32mBuilding CXX object CMakeFiles/dobot_msgs_v3__rosidl_typesupport_fastrtps_c.dir/rosidl_typesupport_fastrtps_c/dobot_msgs_v3/srv/detail/move_jog__type_support_c.cpp.o[0m
[49.582s] [ 74%] [32mBuilding CXX object CMakeFiles/dobot_msgs_v3__rosidl_typesupport_fastrtps_c.dir/rosidl_typesupport_fastrtps_c/dobot_msgs_v3/srv/detail/mov_j__type_support_c.cpp.o[0m
[49.622s] [ 74%] [32mBuilding CXX object CMakeFiles/dobot_msgs_v3__rosidl_typesupport_introspection_cpp.dir/rosidl_typesupport_introspection_cpp/dobot_msgs_v3/srv/detail/mov_j_ext__type_support.cpp.o[0m
[49.795s] [ 74%] [32mBuilding CXX object CMakeFiles/dobot_msgs_v3__rosidl_typesupport_fastrtps_c.dir/rosidl_typesupport_fastrtps_c/dobot_msgs_v3/srv/detail/mov_j_ext__type_support_c.cpp.o[0m
[49.871s] [ 74%] [32mBuilding CXX object CMakeFiles/dobot_msgs_v3__rosidl_typesupport_introspection_cpp.dir/rosidl_typesupport_introspection_cpp/dobot_msgs_v3/srv/detail/mov_jio__type_support.cpp.o[0m
[50.005s] [ 74%] [32mBuilding CXX object CMakeFiles/dobot_msgs_v3__rosidl_typesupport_fastrtps_c.dir/rosidl_typesupport_fastrtps_c/dobot_msgs_v3/srv/detail/mov_jio__type_support_c.cpp.o[0m
[50.127s] [ 74%] [32mBuilding CXX object CMakeFiles/dobot_msgs_v3__rosidl_typesupport_introspection_cpp.dir/rosidl_typesupport_introspection_cpp/dobot_msgs_v3/srv/detail/mov_l__type_support.cpp.o[0m
[50.218s] [ 74%] [32mBuilding CXX object CMakeFiles/dobot_msgs_v3__rosidl_typesupport_fastrtps_c.dir/rosidl_typesupport_fastrtps_c/dobot_msgs_v3/srv/detail/mov_l__type_support_c.cpp.o[0m
[50.377s] [ 74%] [32mBuilding CXX object CMakeFiles/dobot_msgs_v3__rosidl_typesupport_introspection_cpp.dir/rosidl_typesupport_introspection_cpp/dobot_msgs_v3/srv/detail/mov_lio__type_support.cpp.o[0m
[50.425s] [ 75%] [32mBuilding CXX object CMakeFiles/dobot_msgs_v3__rosidl_typesupport_fastrtps_c.dir/rosidl_typesupport_fastrtps_c/dobot_msgs_v3/srv/detail/mov_lio__type_support_c.cpp.o[0m
[50.622s] [ 75%] [32mBuilding CXX object CMakeFiles/dobot_msgs_v3__rosidl_typesupport_introspection_cpp.dir/rosidl_typesupport_introspection_cpp/dobot_msgs_v3/srv/detail/pause__type_support.cpp.o[0m
[50.630s] [ 75%] [32mBuilding CXX object CMakeFiles/dobot_msgs_v3__rosidl_typesupport_fastrtps_c.dir/rosidl_typesupport_fastrtps_c/dobot_msgs_v3/srv/detail/pause__type_support_c.cpp.o[0m
[50.843s] [ 75%] [32mBuilding CXX object CMakeFiles/dobot_msgs_v3__rosidl_typesupport_fastrtps_c.dir/rosidl_typesupport_fastrtps_c/dobot_msgs_v3/srv/detail/pause_script__type_support_c.cpp.o[0m
[50.855s] [ 76%] [32mBuilding CXX object CMakeFiles/dobot_msgs_v3__rosidl_typesupport_introspection_cpp.dir/rosidl_typesupport_introspection_cpp/dobot_msgs_v3/srv/detail/pause_script__type_support.cpp.o[0m
[51.047s] [ 76%] [32mBuilding CXX object CMakeFiles/dobot_msgs_v3__rosidl_typesupport_fastrtps_c.dir/rosidl_typesupport_fastrtps_c/dobot_msgs_v3/srv/detail/pay_load__type_support_c.cpp.o[0m
[51.079s] [ 76%] [32mBuilding CXX object CMakeFiles/dobot_msgs_v3__rosidl_typesupport_introspection_cpp.dir/rosidl_typesupport_introspection_cpp/dobot_msgs_v3/srv/detail/pay_load__type_support.cpp.o[0m
[51.252s] [ 76%] [32mBuilding CXX object CMakeFiles/dobot_msgs_v3__rosidl_typesupport_fastrtps_c.dir/rosidl_typesupport_fastrtps_c/dobot_msgs_v3/srv/detail/positive_solution__type_support_c.cpp.o[0m
[51.304s] [ 76%] [32mBuilding CXX object CMakeFiles/dobot_msgs_v3__rosidl_typesupport_introspection_cpp.dir/rosidl_typesupport_introspection_cpp/dobot_msgs_v3/srv/detail/positive_solution__type_support.cpp.o[0m
[51.465s] [ 76%] [32mBuilding CXX object CMakeFiles/dobot_msgs_v3__rosidl_typesupport_fastrtps_c.dir/rosidl_typesupport_fastrtps_c/dobot_msgs_v3/srv/detail/power_on__type_support_c.cpp.o[0m
[51.530s] [ 76%] [32mBuilding CXX object CMakeFiles/dobot_msgs_v3__rosidl_typesupport_introspection_cpp.dir/rosidl_typesupport_introspection_cpp/dobot_msgs_v3/srv/detail/power_on__type_support.cpp.o[0m
[51.669s] [ 76%] [32mBuilding CXX object CMakeFiles/dobot_msgs_v3__rosidl_typesupport_fastrtps_c.dir/rosidl_typesupport_fastrtps_c/dobot_msgs_v3/srv/detail/rel_joint_mov_j__type_support_c.cpp.o[0m
[51.755s] [ 76%] [32mBuilding CXX object CMakeFiles/dobot_msgs_v3__rosidl_typesupport_introspection_cpp.dir/rosidl_typesupport_introspection_cpp/dobot_msgs_v3/srv/detail/rel_joint_mov_j__type_support.cpp.o[0m
[51.880s] [ 77%] [32mBuilding CXX object CMakeFiles/dobot_msgs_v3__rosidl_typesupport_fastrtps_c.dir/rosidl_typesupport_fastrtps_c/dobot_msgs_v3/srv/detail/rel_mov_j__type_support_c.cpp.o[0m
[52.005s] [ 77%] [32mBuilding CXX object CMakeFiles/dobot_msgs_v3__rosidl_typesupport_introspection_cpp.dir/rosidl_typesupport_introspection_cpp/dobot_msgs_v3/srv/detail/rel_mov_j__type_support.cpp.o[0m
[52.095s] [ 77%] [32mBuilding CXX object CMakeFiles/dobot_msgs_v3__rosidl_typesupport_fastrtps_c.dir/rosidl_typesupport_fastrtps_c/dobot_msgs_v3/srv/detail/rel_mov_j_user__type_support_c.cpp.o[0m
[52.252s] [ 77%] [32mBuilding CXX object CMakeFiles/dobot_msgs_v3__rosidl_typesupport_introspection_cpp.dir/rosidl_typesupport_introspection_cpp/dobot_msgs_v3/srv/detail/rel_mov_j_user__type_support.cpp.o[0m
[52.306s] [ 77%] [32mBuilding CXX object CMakeFiles/dobot_msgs_v3__rosidl_typesupport_fastrtps_c.dir/rosidl_typesupport_fastrtps_c/dobot_msgs_v3/srv/detail/rel_mov_j_tool__type_support_c.cpp.o[0m
[52.500s] [ 78%] [32mBuilding CXX object CMakeFiles/dobot_msgs_v3__rosidl_typesupport_introspection_cpp.dir/rosidl_typesupport_introspection_cpp/dobot_msgs_v3/srv/detail/rel_mov_j_tool__type_support.cpp.o[0m
[52.520s] [ 78%] [32mBuilding CXX object CMakeFiles/dobot_msgs_v3__rosidl_typesupport_fastrtps_c.dir/rosidl_typesupport_fastrtps_c/dobot_msgs_v3/srv/detail/rel_mov_l__type_support_c.cpp.o[0m
[52.728s] [ 78%] [32mBuilding CXX object CMakeFiles/dobot_msgs_v3__rosidl_typesupport_fastrtps_c.dir/rosidl_typesupport_fastrtps_c/dobot_msgs_v3/srv/detail/rel_mov_l_user__type_support_c.cpp.o[0m
[52.745s] [ 78%] [32mBuilding CXX object CMakeFiles/dobot_msgs_v3__rosidl_typesupport_introspection_cpp.dir/rosidl_typesupport_introspection_cpp/dobot_msgs_v3/srv/detail/rel_mov_l__type_support.cpp.o[0m
[52.941s] [ 78%] [32mBuilding CXX object CMakeFiles/dobot_msgs_v3__rosidl_typesupport_fastrtps_c.dir/rosidl_typesupport_fastrtps_c/dobot_msgs_v3/srv/detail/rel_mov_l_tool__type_support_c.cpp.o[0m
[52.993s] [ 78%] [32mBuilding CXX object CMakeFiles/dobot_msgs_v3__rosidl_typesupport_introspection_cpp.dir/rosidl_typesupport_introspection_cpp/dobot_msgs_v3/srv/detail/rel_mov_l_user__type_support.cpp.o[0m
[53.155s] [ 78%] [32mBuilding CXX object CMakeFiles/dobot_msgs_v3__rosidl_typesupport_fastrtps_c.dir/rosidl_typesupport_fastrtps_c/dobot_msgs_v3/srv/detail/reset_robot__type_support_c.cpp.o[0m
[53.242s] [ 78%] [32mBuilding CXX object CMakeFiles/dobot_msgs_v3__rosidl_typesupport_introspection_cpp.dir/rosidl_typesupport_introspection_cpp/dobot_msgs_v3/srv/detail/rel_mov_l_tool__type_support.cpp.o[0m
[53.363s] [ 79%] [32mBuilding CXX object CMakeFiles/dobot_msgs_v3__rosidl_typesupport_fastrtps_c.dir/rosidl_typesupport_fastrtps_c/dobot_msgs_v3/srv/detail/robot_mode__type_support_c.cpp.o[0m
[53.502s] [ 79%] [32mBuilding CXX object CMakeFiles/dobot_msgs_v3__rosidl_typesupport_introspection_cpp.dir/rosidl_typesupport_introspection_cpp/dobot_msgs_v3/srv/detail/reset_robot__type_support.cpp.o[0m
[53.580s] [ 79%] [32mBuilding CXX object CMakeFiles/dobot_msgs_v3__rosidl_typesupport_fastrtps_c.dir/rosidl_typesupport_fastrtps_c/dobot_msgs_v3/srv/detail/run_script__type_support_c.cpp.o[0m
[53.724s] [ 79%] [32mBuilding CXX object CMakeFiles/dobot_msgs_v3__rosidl_typesupport_introspection_cpp.dir/rosidl_typesupport_introspection_cpp/dobot_msgs_v3/srv/detail/robot_mode__type_support.cpp.o[0m
[53.782s] [ 79%] [32mBuilding CXX object CMakeFiles/dobot_msgs_v3__rosidl_typesupport_fastrtps_c.dir/rosidl_typesupport_fastrtps_c/dobot_msgs_v3/srv/detail/servo_j__type_support_c.cpp.o[0m
[53.945s] [ 79%] [32mBuilding CXX object CMakeFiles/dobot_msgs_v3__rosidl_typesupport_introspection_cpp.dir/rosidl_typesupport_introspection_cpp/dobot_msgs_v3/srv/detail/run_script__type_support.cpp.o[0m
[53.992s] [ 79%] [32mBuilding CXX object CMakeFiles/dobot_msgs_v3__rosidl_typesupport_fastrtps_c.dir/rosidl_typesupport_fastrtps_c/dobot_msgs_v3/srv/detail/servo_p__type_support_c.cpp.o[0m
[54.169s] [ 80%] [32mBuilding CXX object CMakeFiles/dobot_msgs_v3__rosidl_typesupport_introspection_cpp.dir/rosidl_typesupport_introspection_cpp/dobot_msgs_v3/srv/detail/servo_j__type_support.cpp.o[0m
[54.200s] [ 80%] [32mBuilding CXX object CMakeFiles/dobot_msgs_v3__rosidl_typesupport_fastrtps_c.dir/rosidl_typesupport_fastrtps_c/dobot_msgs_v3/srv/detail/set_arm_orientation__type_support_c.cpp.o[0m
[54.403s] [ 80%] [32mBuilding CXX object CMakeFiles/dobot_msgs_v3__rosidl_typesupport_fastrtps_c.dir/rosidl_typesupport_fastrtps_c/dobot_msgs_v3/srv/detail/set_coils__type_support_c.cpp.o[0m
[54.422s] [ 80%] [32mBuilding CXX object CMakeFiles/dobot_msgs_v3__rosidl_typesupport_introspection_cpp.dir/rosidl_typesupport_introspection_cpp/dobot_msgs_v3/srv/detail/servo_p__type_support.cpp.o[0m
[54.612s] [ 80%] [32mBuilding CXX object CMakeFiles/dobot_msgs_v3__rosidl_typesupport_fastrtps_c.dir/rosidl_typesupport_fastrtps_c/dobot_msgs_v3/srv/detail/set_collision_level__type_support_c.cpp.o[0m
[54.647s] [ 80%] [32mBuilding CXX object CMakeFiles/dobot_msgs_v3__rosidl_typesupport_introspection_cpp.dir/rosidl_typesupport_introspection_cpp/dobot_msgs_v3/srv/detail/set_arm_orientation__type_support.cpp.o[0m
[54.813s] [ 81%] [32mBuilding CXX object CMakeFiles/dobot_msgs_v3__rosidl_typesupport_fastrtps_c.dir/rosidl_typesupport_fastrtps_c/dobot_msgs_v3/srv/detail/set_hold_regs__type_support_c.cpp.o[0m
[54.869s] [ 81%] [32mBuilding CXX object CMakeFiles/dobot_msgs_v3__rosidl_typesupport_introspection_cpp.dir/rosidl_typesupport_introspection_cpp/dobot_msgs_v3/srv/detail/set_coils__type_support.cpp.o[0m
[55.019s] [ 81%] [32mBuilding CXX object CMakeFiles/dobot_msgs_v3__rosidl_typesupport_fastrtps_c.dir/rosidl_typesupport_fastrtps_c/dobot_msgs_v3/srv/detail/set_obstacle_avoid__type_support_c.cpp.o[0m
[55.100s] [ 81%] [32mBuilding CXX object CMakeFiles/dobot_msgs_v3__rosidl_typesupport_introspection_cpp.dir/rosidl_typesupport_introspection_cpp/dobot_msgs_v3/srv/detail/set_collision_level__type_support.cpp.o[0m
[55.220s] [ 81%] [32mBuilding CXX object CMakeFiles/dobot_msgs_v3__rosidl_typesupport_fastrtps_c.dir/rosidl_typesupport_fastrtps_c/dobot_msgs_v3/srv/detail/set_payload__type_support_c.cpp.o[0m
[55.319s] [ 81%] [32mBuilding CXX object CMakeFiles/dobot_msgs_v3__rosidl_typesupport_introspection_cpp.dir/rosidl_typesupport_introspection_cpp/dobot_msgs_v3/srv/detail/set_hold_regs__type_support.cpp.o[0m
[55.417s] [ 81%] [32mBuilding CXX object CMakeFiles/dobot_msgs_v3__rosidl_typesupport_fastrtps_c.dir/rosidl_typesupport_fastrtps_c/dobot_msgs_v3/srv/detail/set_safe_skin__type_support_c.cpp.o[0m
[55.544s] [ 81%] [32mBuilding CXX object CMakeFiles/dobot_msgs_v3__rosidl_typesupport_introspection_cpp.dir/rosidl_typesupport_introspection_cpp/dobot_msgs_v3/srv/detail/set_obstacle_avoid__type_support.cpp.o[0m
[55.622s] [ 81%] [32mBuilding CXX object CMakeFiles/dobot_msgs_v3__rosidl_typesupport_fastrtps_c.dir/rosidl_typesupport_fastrtps_c/dobot_msgs_v3/srv/detail/speed_factor__type_support_c.cpp.o[0m
[55.772s] [ 82%] [32mBuilding CXX object CMakeFiles/dobot_msgs_v3__rosidl_typesupport_introspection_cpp.dir/rosidl_typesupport_introspection_cpp/dobot_msgs_v3/srv/detail/set_payload__type_support.cpp.o[0m
[55.827s] [ 82%] [32mBuilding CXX object CMakeFiles/dobot_msgs_v3__rosidl_typesupport_fastrtps_c.dir/rosidl_typesupport_fastrtps_c/dobot_msgs_v3/srv/detail/speed_j__type_support_c.cpp.o[0m
[55.995s] [ 82%] [32mBuilding CXX object CMakeFiles/dobot_msgs_v3__rosidl_typesupport_introspection_cpp.dir/rosidl_typesupport_introspection_cpp/dobot_msgs_v3/srv/detail/set_safe_skin__type_support.cpp.o[0m
[56.034s] [ 83%] [32mBuilding CXX object CMakeFiles/dobot_msgs_v3__rosidl_typesupport_fastrtps_c.dir/rosidl_typesupport_fastrtps_c/dobot_msgs_v3/srv/detail/speed_l__type_support_c.cpp.o[0m
[56.223s] [ 83%] [32mBuilding CXX object CMakeFiles/dobot_msgs_v3__rosidl_typesupport_introspection_cpp.dir/rosidl_typesupport_introspection_cpp/dobot_msgs_v3/srv/detail/speed_factor__type_support.cpp.o[0m
[56.237s] [ 83%] [32mBuilding CXX object CMakeFiles/dobot_msgs_v3__rosidl_typesupport_fastrtps_c.dir/rosidl_typesupport_fastrtps_c/dobot_msgs_v3/srv/detail/start_drag__type_support_c.cpp.o[0m
[56.440s] [ 83%] [32mBuilding CXX object CMakeFiles/dobot_msgs_v3__rosidl_typesupport_fastrtps_c.dir/rosidl_typesupport_fastrtps_c/dobot_msgs_v3/srv/detail/start_fc_trace__type_support_c.cpp.o[0m
[56.441s] [ 83%] [32mBuilding CXX object CMakeFiles/dobot_msgs_v3__rosidl_typesupport_introspection_cpp.dir/rosidl_typesupport_introspection_cpp/dobot_msgs_v3/srv/detail/speed_j__type_support.cpp.o[0m
[56.651s] [ 83%] [32mBuilding CXX object CMakeFiles/dobot_msgs_v3__rosidl_typesupport_fastrtps_c.dir/rosidl_typesupport_fastrtps_c/dobot_msgs_v3/srv/detail/start_path__type_support_c.cpp.o[0m
[56.667s] [ 83%] [32mBuilding CXX object CMakeFiles/dobot_msgs_v3__rosidl_typesupport_introspection_cpp.dir/rosidl_typesupport_introspection_cpp/dobot_msgs_v3/srv/detail/speed_l__type_support.cpp.o[0m
[56.859s] [ 83%] [32mBuilding CXX object CMakeFiles/dobot_msgs_v3__rosidl_typesupport_fastrtps_c.dir/rosidl_typesupport_fastrtps_c/dobot_msgs_v3/srv/detail/start_trace__type_support_c.cpp.o[0m
[56.887s] [ 83%] [32mBuilding CXX object CMakeFiles/dobot_msgs_v3__rosidl_typesupport_introspection_cpp.dir/rosidl_typesupport_introspection_cpp/dobot_msgs_v3/srv/detail/start_drag__type_support.cpp.o[0m
[57.058s] [ 83%] [32mBuilding CXX object CMakeFiles/dobot_msgs_v3__rosidl_typesupport_fastrtps_c.dir/rosidl_typesupport_fastrtps_c/dobot_msgs_v3/srv/detail/stop_drag__type_support_c.cpp.o[0m
[57.112s] [ 83%] [32mBuilding CXX object CMakeFiles/dobot_msgs_v3__rosidl_typesupport_introspection_cpp.dir/rosidl_typesupport_introspection_cpp/dobot_msgs_v3/srv/detail/start_fc_trace__type_support.cpp.o[0m
[57.261s] [ 83%] [32mBuilding CXX object CMakeFiles/dobot_msgs_v3__rosidl_typesupport_fastrtps_c.dir/rosidl_typesupport_fastrtps_c/dobot_msgs_v3/srv/detail/stopmove_jog__type_support_c.cpp.o[0m
[57.340s] [ 84%] [32mBuilding CXX object CMakeFiles/dobot_msgs_v3__rosidl_typesupport_introspection_cpp.dir/rosidl_typesupport_introspection_cpp/dobot_msgs_v3/srv/detail/start_path__type_support.cpp.o[0m
[57.463s] [ 85%] [32mBuilding CXX object CMakeFiles/dobot_msgs_v3__rosidl_typesupport_fastrtps_c.dir/rosidl_typesupport_fastrtps_c/dobot_msgs_v3/srv/detail/stop_script__type_support_c.cpp.o[0m
[57.565s] [ 85%] [32mBuilding CXX object CMakeFiles/dobot_msgs_v3__rosidl_typesupport_introspection_cpp.dir/rosidl_typesupport_introspection_cpp/dobot_msgs_v3/srv/detail/start_trace__type_support.cpp.o[0m
[57.666s] [ 85%] [32mBuilding CXX object CMakeFiles/dobot_msgs_v3__rosidl_typesupport_fastrtps_c.dir/rosidl_typesupport_fastrtps_c/dobot_msgs_v3/srv/detail/sync__type_support_c.cpp.o[0m
[57.796s] [ 85%] [32mBuilding CXX object CMakeFiles/dobot_msgs_v3__rosidl_typesupport_introspection_cpp.dir/rosidl_typesupport_introspection_cpp/dobot_msgs_v3/srv/detail/stop_drag__type_support.cpp.o[0m
[57.886s] [ 85%] [32mBuilding CXX object CMakeFiles/dobot_msgs_v3__rosidl_typesupport_fastrtps_c.dir/rosidl_typesupport_fastrtps_c/dobot_msgs_v3/srv/detail/sync_all__type_support_c.cpp.o[0m
[58.034s] [ 85%] [32mBuilding CXX object CMakeFiles/dobot_msgs_v3__rosidl_typesupport_introspection_cpp.dir/rosidl_typesupport_introspection_cpp/dobot_msgs_v3/srv/detail/stopmove_jog__type_support.cpp.o[0m
[58.097s] [ 85%] [32mBuilding CXX object CMakeFiles/dobot_msgs_v3__rosidl_typesupport_fastrtps_c.dir/rosidl_typesupport_fastrtps_c/dobot_msgs_v3/srv/detail/tool__type_support_c.cpp.o[0m
[58.264s] [ 85%] [32mBuilding CXX object CMakeFiles/dobot_msgs_v3__rosidl_typesupport_introspection_cpp.dir/rosidl_typesupport_introspection_cpp/dobot_msgs_v3/srv/detail/stop_script__type_support.cpp.o[0m
[58.301s] [ 85%] [32mBuilding CXX object CMakeFiles/dobot_msgs_v3__rosidl_typesupport_fastrtps_c.dir/rosidl_typesupport_fastrtps_c/dobot_msgs_v3/srv/detail/tool_di__type_support_c.cpp.o[0m
[58.493s] [ 85%] [32mBuilding CXX object CMakeFiles/dobot_msgs_v3__rosidl_typesupport_introspection_cpp.dir/rosidl_typesupport_introspection_cpp/dobot_msgs_v3/srv/detail/sync__type_support.cpp.o[0m
[58.510s] [ 85%] [32mBuilding CXX object CMakeFiles/dobot_msgs_v3__rosidl_typesupport_fastrtps_c.dir/rosidl_typesupport_fastrtps_c/dobot_msgs_v3/srv/detail/tool_do__type_support_c.cpp.o[0m
[58.726s] [ 85%] [32mBuilding CXX object CMakeFiles/dobot_msgs_v3__rosidl_typesupport_fastrtps_c.dir/rosidl_typesupport_fastrtps_c/dobot_msgs_v3/srv/detail/tool_do_execute__type_support_c.cpp.o[0m
[58.728s] [ 85%] [32mBuilding CXX object CMakeFiles/dobot_msgs_v3__rosidl_typesupport_introspection_cpp.dir/rosidl_typesupport_introspection_cpp/dobot_msgs_v3/srv/detail/sync_all__type_support.cpp.o[0m
[58.938s] [ 86%] [32mBuilding CXX object CMakeFiles/dobot_msgs_v3__rosidl_typesupport_fastrtps_c.dir/rosidl_typesupport_fastrtps_c/dobot_msgs_v3/srv/detail/user__type_support_c.cpp.o[0m
[58.958s] [ 87%] [32mBuilding CXX object CMakeFiles/dobot_msgs_v3__rosidl_typesupport_introspection_cpp.dir/rosidl_typesupport_introspection_cpp/dobot_msgs_v3/srv/detail/tool__type_support.cpp.o[0m
[59.151s] [ 87%] [32mBuilding CXX object CMakeFiles/dobot_msgs_v3__rosidl_typesupport_fastrtps_c.dir/rosidl_typesupport_fastrtps_c/dobot_msgs_v3/srv/detail/wait__type_support_c.cpp.o[0m
[59.190s] [ 87%] [32mBuilding CXX object CMakeFiles/dobot_msgs_v3__rosidl_typesupport_introspection_cpp.dir/rosidl_typesupport_introspection_cpp/dobot_msgs_v3/srv/detail/tool_di__type_support.cpp.o[0m
[59.366s] [ 87%] [32m[1mLinking CXX shared library libdobot_msgs_v3__rosidl_typesupport_fastrtps_c.so[0m
[59.435s] [ 87%] [32mBuilding CXX object CMakeFiles/dobot_msgs_v3__rosidl_typesupport_introspection_cpp.dir/rosidl_typesupport_introspection_cpp/dobot_msgs_v3/srv/detail/tool_do__type_support.cpp.o[0m
[59.447s] [ 87%] Built target dobot_msgs_v3__rosidl_typesupport_fastrtps_c
[59.454s] [ 87%] [32mBuilding CXX object CMakeFiles/dobot_msgs_v3__rosidl_typesupport_introspection_cpp.dir/rosidl_typesupport_introspection_cpp/dobot_msgs_v3/srv/detail/tool_do_execute__type_support.cpp.o[0m
[59.670s] [ 87%] [32mBuilding CXX object CMakeFiles/dobot_msgs_v3__rosidl_typesupport_introspection_cpp.dir/rosidl_typesupport_introspection_cpp/dobot_msgs_v3/srv/detail/user__type_support.cpp.o[0m
[59.694s] [ 87%] [32mBuilding CXX object CMakeFiles/dobot_msgs_v3__rosidl_typesupport_introspection_cpp.dir/rosidl_typesupport_introspection_cpp/dobot_msgs_v3/srv/detail/wait__type_support.cpp.o[0m
[59.926s] [ 88%] [32m[1mLinking CXX shared library libdobot_msgs_v3__rosidl_typesupport_introspection_cpp.so[0m
[60.021s] [ 88%] Built target dobot_msgs_v3__rosidl_typesupport_introspection_cpp
[60.041s] [ 88%] Built target dobot_msgs_v3
[60.062s] [ 88%] [34m[1mGenerating Python code for ROS interfaces[0m
[66.859s] [ 88%] Built target dobot_msgs_v3__py
[66.880s] [ 88%] [32mBuilding C object CMakeFiles/dobot_msgs_v3__rosidl_generator_py.dir/rosidl_generator_py/dobot_msgs_v3/msg/_robot_status_s.c.o[0m
[66.880s] [ 88%] [32mBuilding C object CMakeFiles/dobot_msgs_v3__rosidl_generator_py.dir/rosidl_generator_py/dobot_msgs_v3/msg/_tool_vector_actual_s.c.o[0m
[67.001s] [ 89%] [32mBuilding C object CMakeFiles/dobot_msgs_v3__rosidl_generator_py.dir/rosidl_generator_py/dobot_msgs_v3/srv/_acc_j_s.c.o[0m
[67.002s] [ 89%] [32mBuilding C object CMakeFiles/dobot_msgs_v3__rosidl_generator_py.dir/rosidl_generator_py/dobot_msgs_v3/srv/_acc_l_s.c.o[0m
[67.071s] [ 89%] [32mBuilding C object CMakeFiles/dobot_msgs_v3__rosidl_generator_py.dir/rosidl_generator_py/dobot_msgs_v3/srv/_ao_s.c.o[0m
[67.071s] [ 89%] [32mBuilding C object CMakeFiles/dobot_msgs_v3__rosidl_generator_py.dir/rosidl_generator_py/dobot_msgs_v3/srv/_ao_execute_s.c.o[0m
[67.144s] [ 89%] [32mBuilding C object CMakeFiles/dobot_msgs_v3__rosidl_generator_py.dir/rosidl_generator_py/dobot_msgs_v3/srv/_arc_s.c.o[0m
[67.146s] [ 89%] [32mBuilding C object CMakeFiles/dobot_msgs_v3__rosidl_generator_py.dir/rosidl_generator_py/dobot_msgs_v3/srv/_arch_s.c.o[0m
[67.213s] [ 89%] [32mBuilding C object CMakeFiles/dobot_msgs_v3__rosidl_generator_py.dir/rosidl_generator_py/dobot_msgs_v3/srv/_brake_control_s.c.o[0m
[67.220s] [ 90%] [32mBuilding C object CMakeFiles/dobot_msgs_v3__rosidl_generator_py.dir/rosidl_generator_py/dobot_msgs_v3/srv/_circle_s.c.o[0m
[67.287s] [ 90%] [32mBuilding C object CMakeFiles/dobot_msgs_v3__rosidl_generator_py.dir/rosidl_generator_py/dobot_msgs_v3/srv/_clear_error_s.c.o[0m
[67.299s] [ 90%] [32mBuilding C object CMakeFiles/dobot_msgs_v3__rosidl_generator_py.dir/rosidl_generator_py/dobot_msgs_v3/srv/_continues_s.c.o[0m
[67.356s] [ 90%] [32mBuilding C object CMakeFiles/dobot_msgs_v3__rosidl_generator_py.dir/rosidl_generator_py/dobot_msgs_v3/srv/_continue_script_s.c.o[0m
[67.369s] [ 90%] [32mBuilding C object CMakeFiles/dobot_msgs_v3__rosidl_generator_py.dir/rosidl_generator_py/dobot_msgs_v3/srv/_cp_s.c.o[0m
[67.424s] [ 90%] [32mBuilding C object CMakeFiles/dobot_msgs_v3__rosidl_generator_py.dir/rosidl_generator_py/dobot_msgs_v3/srv/_di_s.c.o[0m
[67.437s] [ 90%] [32mBuilding C object CMakeFiles/dobot_msgs_v3__rosidl_generator_py.dir/rosidl_generator_py/dobot_msgs_v3/srv/_digital_outputs_s.c.o[0m
[67.495s] [ 91%] [32mBuilding C object CMakeFiles/dobot_msgs_v3__rosidl_generator_py.dir/rosidl_generator_py/dobot_msgs_v3/srv/_disable_robot_s.c.o[0m
[67.510s] [ 91%] [32mBuilding C object CMakeFiles/dobot_msgs_v3__rosidl_generator_py.dir/rosidl_generator_py/dobot_msgs_v3/srv/_do_s.c.o[0m
[67.565s] [ 91%] [32mBuilding C object CMakeFiles/dobot_msgs_v3__rosidl_generator_py.dir/rosidl_generator_py/dobot_msgs_v3/srv/_do_execute_s.c.o[0m
[67.580s] [ 91%] [32mBuilding C object CMakeFiles/dobot_msgs_v3__rosidl_generator_py.dir/rosidl_generator_py/dobot_msgs_v3/srv/_do_group_s.c.o[0m
[67.635s] [ 91%] [32mBuilding C object CMakeFiles/dobot_msgs_v3__rosidl_generator_py.dir/rosidl_generator_py/dobot_msgs_v3/srv/_emergency_stop_s.c.o[0m
[67.654s] [ 91%] [32mBuilding C object CMakeFiles/dobot_msgs_v3__rosidl_generator_py.dir/rosidl_generator_py/dobot_msgs_v3/srv/_enable_robot_s.c.o[0m
[67.705s] [ 91%] [32mBuilding C object CMakeFiles/dobot_msgs_v3__rosidl_generator_py.dir/rosidl_generator_py/dobot_msgs_v3/srv/_get_angle_s.c.o[0m
[67.725s] [ 92%] [32mBuilding C object CMakeFiles/dobot_msgs_v3__rosidl_generator_py.dir/rosidl_generator_py/dobot_msgs_v3/srv/_get_coils_s.c.o[0m
[67.773s] [ 92%] [32mBuilding C object CMakeFiles/dobot_msgs_v3__rosidl_generator_py.dir/rosidl_generator_py/dobot_msgs_v3/srv/_get_error_id_s.c.o[0m
[67.795s] [ 92%] [32mBuilding C object CMakeFiles/dobot_msgs_v3__rosidl_generator_py.dir/rosidl_generator_py/dobot_msgs_v3/srv/_get_hold_regs_s.c.o[0m
[67.841s] [ 92%] [32mBuilding C object CMakeFiles/dobot_msgs_v3__rosidl_generator_py.dir/rosidl_generator_py/dobot_msgs_v3/srv/_get_in_bits_s.c.o[0m
[67.864s] [ 92%] [32mBuilding C object CMakeFiles/dobot_msgs_v3__rosidl_generator_py.dir/rosidl_generator_py/dobot_msgs_v3/srv/_get_in_regs_s.c.o[0m
[67.910s] [ 92%] [32mBuilding C object CMakeFiles/dobot_msgs_v3__rosidl_generator_py.dir/rosidl_generator_py/dobot_msgs_v3/srv/_get_pose_s.c.o[0m
[67.935s] [ 92%] [32mBuilding C object CMakeFiles/dobot_msgs_v3__rosidl_generator_py.dir/rosidl_generator_py/dobot_msgs_v3/srv/_inverse_solution_s.c.o[0m
[67.978s] [ 93%] [32mBuilding C object CMakeFiles/dobot_msgs_v3__rosidl_generator_py.dir/rosidl_generator_py/dobot_msgs_v3/srv/_joint_mov_j_s.c.o[0m
[68.006s] [ 93%] [32mBuilding C object CMakeFiles/dobot_msgs_v3__rosidl_generator_py.dir/rosidl_generator_py/dobot_msgs_v3/srv/_jump_s.c.o[0m
[68.050s] [ 93%] [32mBuilding C object CMakeFiles/dobot_msgs_v3__rosidl_generator_py.dir/rosidl_generator_py/dobot_msgs_v3/srv/_lim_z_s.c.o[0m
[68.075s] [ 93%] [32mBuilding C object CMakeFiles/dobot_msgs_v3__rosidl_generator_py.dir/rosidl_generator_py/dobot_msgs_v3/srv/_load_switch_s.c.o[0m
[68.117s] [ 93%] [32mBuilding C object CMakeFiles/dobot_msgs_v3__rosidl_generator_py.dir/rosidl_generator_py/dobot_msgs_v3/srv/_modbus_close_s.c.o[0m
[68.142s] [ 93%] [32mBuilding C object CMakeFiles/dobot_msgs_v3__rosidl_generator_py.dir/rosidl_generator_py/dobot_msgs_v3/srv/_modbus_create_s.c.o[0m
[68.186s] [ 93%] [32mBuilding C object CMakeFiles/dobot_msgs_v3__rosidl_generator_py.dir/rosidl_generator_py/dobot_msgs_v3/srv/_move_jog_s.c.o[0m
[68.212s] [ 94%] [32mBuilding C object CMakeFiles/dobot_msgs_v3__rosidl_generator_py.dir/rosidl_generator_py/dobot_msgs_v3/srv/_mov_j_s.c.o[0m
[68.258s] [ 94%] [32mBuilding C object CMakeFiles/dobot_msgs_v3__rosidl_generator_py.dir/rosidl_generator_py/dobot_msgs_v3/srv/_mov_j_ext_s.c.o[0m
[68.285s] [ 94%] [32mBuilding C object CMakeFiles/dobot_msgs_v3__rosidl_generator_py.dir/rosidl_generator_py/dobot_msgs_v3/srv/_mov_jio_s.c.o[0m
[68.328s] [ 94%] [32mBuilding C object CMakeFiles/dobot_msgs_v3__rosidl_generator_py.dir/rosidl_generator_py/dobot_msgs_v3/srv/_mov_l_s.c.o[0m
[68.355s] [ 94%] [32mBuilding C object CMakeFiles/dobot_msgs_v3__rosidl_generator_py.dir/rosidl_generator_py/dobot_msgs_v3/srv/_mov_lio_s.c.o[0m
[68.403s] [ 94%] [32mBuilding C object CMakeFiles/dobot_msgs_v3__rosidl_generator_py.dir/rosidl_generator_py/dobot_msgs_v3/srv/_pause_s.c.o[0m
[68.433s] [ 94%] [32mBuilding C object CMakeFiles/dobot_msgs_v3__rosidl_generator_py.dir/rosidl_generator_py/dobot_msgs_v3/srv/_pause_script_s.c.o[0m
[68.472s] [ 95%] [32mBuilding C object CMakeFiles/dobot_msgs_v3__rosidl_generator_py.dir/rosidl_generator_py/dobot_msgs_v3/srv/_pay_load_s.c.o[0m
[68.503s] [ 95%] [32mBuilding C object CMakeFiles/dobot_msgs_v3__rosidl_generator_py.dir/rosidl_generator_py/dobot_msgs_v3/srv/_positive_solution_s.c.o[0m
[68.540s] [ 95%] [32mBuilding C object CMakeFiles/dobot_msgs_v3__rosidl_generator_py.dir/rosidl_generator_py/dobot_msgs_v3/srv/_power_on_s.c.o[0m
[68.576s] [ 95%] [32mBuilding C object CMakeFiles/dobot_msgs_v3__rosidl_generator_py.dir/rosidl_generator_py/dobot_msgs_v3/srv/_rel_joint_mov_j_s.c.o[0m
[68.609s] [ 95%] [32mBuilding C object CMakeFiles/dobot_msgs_v3__rosidl_generator_py.dir/rosidl_generator_py/dobot_msgs_v3/srv/_rel_mov_j_s.c.o[0m
[68.651s] [ 95%] [32mBuilding C object CMakeFiles/dobot_msgs_v3__rosidl_generator_py.dir/rosidl_generator_py/dobot_msgs_v3/srv/_rel_mov_j_user_s.c.o[0m
[68.687s] [ 96%] [32mBuilding C object CMakeFiles/dobot_msgs_v3__rosidl_generator_py.dir/rosidl_generator_py/dobot_msgs_v3/srv/_rel_mov_j_tool_s.c.o[0m
[68.729s] [ 96%] [32mBuilding C object CMakeFiles/dobot_msgs_v3__rosidl_generator_py.dir/rosidl_generator_py/dobot_msgs_v3/srv/_rel_mov_l_s.c.o[0m
[68.761s] [ 96%] [32mBuilding C object CMakeFiles/dobot_msgs_v3__rosidl_generator_py.dir/rosidl_generator_py/dobot_msgs_v3/srv/_rel_mov_l_user_s.c.o[0m
[68.806s] [ 96%] [32mBuilding C object CMakeFiles/dobot_msgs_v3__rosidl_generator_py.dir/rosidl_generator_py/dobot_msgs_v3/srv/_rel_mov_l_tool_s.c.o[0m
[68.838s] [ 96%] [32mBuilding C object CMakeFiles/dobot_msgs_v3__rosidl_generator_py.dir/rosidl_generator_py/dobot_msgs_v3/srv/_reset_robot_s.c.o[0m
[68.884s] [ 96%] [32mBuilding C object CMakeFiles/dobot_msgs_v3__rosidl_generator_py.dir/rosidl_generator_py/dobot_msgs_v3/srv/_robot_mode_s.c.o[0m
[68.907s] [ 96%] [32mBuilding C object CMakeFiles/dobot_msgs_v3__rosidl_generator_py.dir/rosidl_generator_py/dobot_msgs_v3/srv/_run_script_s.c.o[0m
[68.953s] [ 97%] [32mBuilding C object CMakeFiles/dobot_msgs_v3__rosidl_generator_py.dir/rosidl_generator_py/dobot_msgs_v3/srv/_servo_j_s.c.o[0m
[68.976s] [ 97%] [32mBuilding C object CMakeFiles/dobot_msgs_v3__rosidl_generator_py.dir/rosidl_generator_py/dobot_msgs_v3/srv/_servo_p_s.c.o[0m
[69.027s] [ 97%] [32mBuilding C object CMakeFiles/dobot_msgs_v3__rosidl_generator_py.dir/rosidl_generator_py/dobot_msgs_v3/srv/_set_arm_orientation_s.c.o[0m
[69.048s] [ 97%] [32mBuilding C object CMakeFiles/dobot_msgs_v3__rosidl_generator_py.dir/rosidl_generator_py/dobot_msgs_v3/srv/_set_coils_s.c.o[0m
[69.096s] [ 97%] [32mBuilding C object CMakeFiles/dobot_msgs_v3__rosidl_generator_py.dir/rosidl_generator_py/dobot_msgs_v3/srv/_set_collision_level_s.c.o[0m
[69.118s] [ 97%] [32mBuilding C object CMakeFiles/dobot_msgs_v3__rosidl_generator_py.dir/rosidl_generator_py/dobot_msgs_v3/srv/_set_hold_regs_s.c.o[0m
[69.169s] [ 97%] [32mBuilding C object CMakeFiles/dobot_msgs_v3__rosidl_generator_py.dir/rosidl_generator_py/dobot_msgs_v3/srv/_set_obstacle_avoid_s.c.o[0m
[69.192s] [ 98%] [32mBuilding C object CMakeFiles/dobot_msgs_v3__rosidl_generator_py.dir/rosidl_generator_py/dobot_msgs_v3/srv/_set_payload_s.c.o[0m
[69.241s] [ 98%] [32mBuilding C object CMakeFiles/dobot_msgs_v3__rosidl_generator_py.dir/rosidl_generator_py/dobot_msgs_v3/srv/_set_safe_skin_s.c.o[0m
[69.263s] [ 98%] [32mBuilding C object CMakeFiles/dobot_msgs_v3__rosidl_generator_py.dir/rosidl_generator_py/dobot_msgs_v3/srv/_speed_factor_s.c.o[0m
[69.311s] [ 98%] [32mBuilding C object CMakeFiles/dobot_msgs_v3__rosidl_generator_py.dir/rosidl_generator_py/dobot_msgs_v3/srv/_speed_j_s.c.o[0m
[69.334s] [ 98%] [32mBuilding C object CMakeFiles/dobot_msgs_v3__rosidl_generator_py.dir/rosidl_generator_py/dobot_msgs_v3/srv/_speed_l_s.c.o[0m
[69.383s] [ 98%] [32mBuilding C object CMakeFiles/dobot_msgs_v3__rosidl_generator_py.dir/rosidl_generator_py/dobot_msgs_v3/srv/_start_drag_s.c.o[0m
[69.405s] [ 98%] [32mBuilding C object CMakeFiles/dobot_msgs_v3__rosidl_generator_py.dir/rosidl_generator_py/dobot_msgs_v3/srv/_start_fc_trace_s.c.o[0m
[69.449s] [ 99%] [32mBuilding C object CMakeFiles/dobot_msgs_v3__rosidl_generator_py.dir/rosidl_generator_py/dobot_msgs_v3/srv/_start_path_s.c.o[0m
[69.474s] [ 99%] [32mBuilding C object CMakeFiles/dobot_msgs_v3__rosidl_generator_py.dir/rosidl_generator_py/dobot_msgs_v3/srv/_start_trace_s.c.o[0m
[69.519s] [ 99%] [32mBuilding C object CMakeFiles/dobot_msgs_v3__rosidl_generator_py.dir/rosidl_generator_py/dobot_msgs_v3/srv/_stop_drag_s.c.o[0m
[69.542s] [ 99%] [32mBuilding C object CMakeFiles/dobot_msgs_v3__rosidl_generator_py.dir/rosidl_generator_py/dobot_msgs_v3/srv/_stopmove_jog_s.c.o[0m
[69.588s] [ 99%] [32mBuilding C object CMakeFiles/dobot_msgs_v3__rosidl_generator_py.dir/rosidl_generator_py/dobot_msgs_v3/srv/_stop_script_s.c.o[0m
[69.612s] [ 99%] [32mBuilding C object CMakeFiles/dobot_msgs_v3__rosidl_generator_py.dir/rosidl_generator_py/dobot_msgs_v3/srv/_sync_s.c.o[0m
[69.659s] [ 99%] [32mBuilding C object CMakeFiles/dobot_msgs_v3__rosidl_generator_py.dir/rosidl_generator_py/dobot_msgs_v3/srv/_sync_all_s.c.o[0m
[69.681s] [100%] [32mBuilding C object CMakeFiles/dobot_msgs_v3__rosidl_generator_py.dir/rosidl_generator_py/dobot_msgs_v3/srv/_tool_s.c.o[0m
[69.730s] [100%] [32mBuilding C object CMakeFiles/dobot_msgs_v3__rosidl_generator_py.dir/rosidl_generator_py/dobot_msgs_v3/srv/_tool_di_s.c.o[0m
[69.749s] [100%] [32mBuilding C object CMakeFiles/dobot_msgs_v3__rosidl_generator_py.dir/rosidl_generator_py/dobot_msgs_v3/srv/_tool_do_s.c.o[0m
[69.801s] [100%] [32mBuilding C object CMakeFiles/dobot_msgs_v3__rosidl_generator_py.dir/rosidl_generator_py/dobot_msgs_v3/srv/_tool_do_execute_s.c.o[0m
[69.818s] [100%] [32mBuilding C object CMakeFiles/dobot_msgs_v3__rosidl_generator_py.dir/rosidl_generator_py/dobot_msgs_v3/srv/_user_s.c.o[0m
[69.868s] [100%] [32mBuilding C object CMakeFiles/dobot_msgs_v3__rosidl_generator_py.dir/rosidl_generator_py/dobot_msgs_v3/srv/_wait_s.c.o[0m
[69.935s] [100%] [32m[1mLinking C shared library rosidl_generator_py/dobot_msgs_v3/libdobot_msgs_v3__rosidl_generator_py.so[0m
[69.984s] [100%] Built target dobot_msgs_v3__rosidl_generator_py
[70.000s] [100%] [32mBuilding C object CMakeFiles/dobot_msgs_v3__rosidl_typesupport_fastrtps_c__pyext.dir/rosidl_generator_py/dobot_msgs_v3/_dobot_msgs_v3_s.ep.rosidl_typesupport_fastrtps_c.c.o[0m
[70.001s] [100%] [32mBuilding C object CMakeFiles/dobot_msgs_v3__rosidl_typesupport_introspection_c__pyext.dir/rosidl_generator_py/dobot_msgs_v3/_dobot_msgs_v3_s.ep.rosidl_typesupport_introspection_c.c.o[0m
[70.389s] [100%] [32m[1mLinking C shared library rosidl_generator_py/dobot_msgs_v3/dobot_msgs_v3_s__rosidl_typesupport_fastrtps_c.cpython-310-x86_64-linux-gnu.so[0m
[70.393s] [100%] [32m[1mLinking C shared library rosidl_generator_py/dobot_msgs_v3/dobot_msgs_v3_s__rosidl_typesupport_introspection_c.cpython-310-x86_64-linux-gnu.so[0m
[70.425s] [100%] Built target dobot_msgs_v3__rosidl_typesupport_fastrtps_c__pyext
[70.431s] [100%] Built target dobot_msgs_v3__rosidl_typesupport_introspection_c__pyext
[70.441s] [100%] [32mBuilding C object CMakeFiles/dobot_msgs_v3__rosidl_typesupport_c__pyext.dir/rosidl_generator_py/dobot_msgs_v3/_dobot_msgs_v3_s.ep.rosidl_typesupport_c.c.o[0m
[70.819s] [100%] [32m[1mLinking C shared library rosidl_generator_py/dobot_msgs_v3/dobot_msgs_v3_s__rosidl_typesupport_c.cpython-310-x86_64-linux-gnu.so[0m
[70.859s] [100%] Built target dobot_msgs_v3__rosidl_typesupport_c__pyext
[70.869s] Invoked command in '/home/huahai/dobot_ws/build/dobot_msgs_v3' returned '0': CMAKE_PREFIX_PATH=/opt/ros/humble /usr/bin/cmake --build /home/huahai/dobot_ws/build/dobot_msgs_v3 -- -j2 -l2
[70.870s] Invoking command in '/home/huahai/dobot_ws/build/dobot_msgs_v3': CMAKE_PREFIX_PATH=/opt/ros/humble /usr/bin/cmake --install /home/huahai/dobot_ws/build/dobot_msgs_v3
[70.879s] -- Install configuration: ""
[70.879s] -- Installing: /home/huahai/dobot_ws/install/dobot_msgs_v3/share/ament_index/resource_index/rosidl_interfaces/dobot_msgs_v3
[70.880s] -- Installing: /home/huahai/dobot_ws/install/dobot_msgs_v3/include/dobot_msgs_v3/dobot_msgs_v3
[70.880s] -- Installing: /home/huahai/dobot_ws/install/dobot_msgs_v3/include/dobot_msgs_v3/dobot_msgs_v3/msg
[70.880s] -- Installing: /home/huahai/dobot_ws/install/dobot_msgs_v3/include/dobot_msgs_v3/dobot_msgs_v3/msg/detail
[70.880s] -- Installing: /home/huahai/dobot_ws/install/dobot_msgs_v3/include/dobot_msgs_v3/dobot_msgs_v3/msg/detail/tool_vector_actual__functions.h
[70.880s] -- Installing: /home/huahai/dobot_ws/install/dobot_msgs_v3/include/dobot_msgs_v3/dobot_msgs_v3/msg/detail/robot_status__type_support.h
[70.880s] -- Installing: /home/huahai/dobot_ws/install/dobot_msgs_v3/include/dobot_msgs_v3/dobot_msgs_v3/msg/detail/robot_status__functions.c
[70.880s] -- Installing: /home/huahai/dobot_ws/install/dobot_msgs_v3/include/dobot_msgs_v3/dobot_msgs_v3/msg/detail/tool_vector_actual__struct.h
[70.880s] -- Installing: /home/huahai/dobot_ws/install/dobot_msgs_v3/include/dobot_msgs_v3/dobot_msgs_v3/msg/detail/tool_vector_actual__functions.c
[70.880s] -- Installing: /home/huahai/dobot_ws/install/dobot_msgs_v3/include/dobot_msgs_v3/dobot_msgs_v3/msg/detail/robot_status__functions.h
[70.880s] -- Installing: /home/huahai/dobot_ws/install/dobot_msgs_v3/include/dobot_msgs_v3/dobot_msgs_v3/msg/detail/tool_vector_actual__type_support.h
[70.880s] -- Installing: /home/huahai/dobot_ws/install/dobot_msgs_v3/include/dobot_msgs_v3/dobot_msgs_v3/msg/detail/robot_status__struct.h
[70.880s] -- Installing: /home/huahai/dobot_ws/install/dobot_msgs_v3/include/dobot_msgs_v3/dobot_msgs_v3/msg/tool_vector_actual.h
[70.880s] -- Installing: /home/huahai/dobot_ws/install/dobot_msgs_v3/include/dobot_msgs_v3/dobot_msgs_v3/msg/robot_status.h
[70.881s] -- Installing: /home/huahai/dobot_ws/install/dobot_msgs_v3/include/dobot_msgs_v3/dobot_msgs_v3/msg/rosidl_generator_c__visibility_control.h
[70.881s] -- Installing: /home/huahai/dobot_ws/install/dobot_msgs_v3/include/dobot_msgs_v3/dobot_msgs_v3/srv
[70.881s] -- Installing: /home/huahai/dobot_ws/install/dobot_msgs_v3/include/dobot_msgs_v3/dobot_msgs_v3/srv/detail
[70.881s] -- Installing: /home/huahai/dobot_ws/install/dobot_msgs_v3/include/dobot_msgs_v3/dobot_msgs_v3/srv/detail/arc__struct.h
[70.881s] -- Installing: /home/huahai/dobot_ws/install/dobot_msgs_v3/include/dobot_msgs_v3/dobot_msgs_v3/srv/detail/acc_j__type_support.h
[70.881s] -- Installing: /home/huahai/dobot_ws/install/dobot_msgs_v3/include/dobot_msgs_v3/dobot_msgs_v3/srv/detail/stop_script__functions.c
[70.881s] -- Installing: /home/huahai/dobot_ws/install/dobot_msgs_v3/include/dobot_msgs_v3/dobot_msgs_v3/srv/detail/do_execute__functions.c
[70.881s] -- Installing: /home/huahai/dobot_ws/install/dobot_msgs_v3/include/dobot_msgs_v3/dobot_msgs_v3/srv/detail/arch__struct.h
[70.881s] -- Installing: /home/huahai/dobot_ws/install/dobot_msgs_v3/include/dobot_msgs_v3/dobot_msgs_v3/srv/detail/tool_do_execute__type_support.h
[70.881s] -- Installing: /home/huahai/dobot_ws/install/dobot_msgs_v3/include/dobot_msgs_v3/dobot_msgs_v3/srv/detail/start_drag__functions.c
[70.881s] -- Installing: /home/huahai/dobot_ws/install/dobot_msgs_v3/include/dobot_msgs_v3/dobot_msgs_v3/srv/detail/wait__functions.c
[70.881s] -- Installing: /home/huahai/dobot_ws/install/dobot_msgs_v3/include/dobot_msgs_v3/dobot_msgs_v3/srv/detail/speed_j__struct.h
[70.881s] -- Installing: /home/huahai/dobot_ws/install/dobot_msgs_v3/include/dobot_msgs_v3/dobot_msgs_v3/srv/detail/power_on__functions.c
[70.882s] -- Installing: /home/huahai/dobot_ws/install/dobot_msgs_v3/include/dobot_msgs_v3/dobot_msgs_v3/srv/detail/stop_drag__struct.h
[70.882s] -- Installing: /home/huahai/dobot_ws/install/dobot_msgs_v3/include/dobot_msgs_v3/dobot_msgs_v3/srv/detail/emergency_stop__struct.h
[70.882s] -- Installing: /home/huahai/dobot_ws/install/dobot_msgs_v3/include/dobot_msgs_v3/dobot_msgs_v3/srv/detail/wait__struct.h
[70.882s] -- Installing: /home/huahai/dobot_ws/install/dobot_msgs_v3/include/dobot_msgs_v3/dobot_msgs_v3/srv/detail/servo_p__functions.h
[70.882s] -- Installing: /home/huahai/dobot_ws/install/dobot_msgs_v3/include/dobot_msgs_v3/dobot_msgs_v3/srv/detail/pause__type_support.h
[70.882s] -- Installing: /home/huahai/dobot_ws/install/dobot_msgs_v3/include/dobot_msgs_v3/dobot_msgs_v3/srv/detail/set_collision_level__functions.c
[70.882s] -- Installing: /home/huahai/dobot_ws/install/dobot_msgs_v3/include/dobot_msgs_v3/dobot_msgs_v3/srv/detail/set_safe_skin__functions.c
[70.882s] -- Installing: /home/huahai/dobot_ws/install/dobot_msgs_v3/include/dobot_msgs_v3/dobot_msgs_v3/srv/detail/tool__struct.h
[70.882s] -- Installing: /home/huahai/dobot_ws/install/dobot_msgs_v3/include/dobot_msgs_v3/dobot_msgs_v3/srv/detail/start_fc_trace__functions.c
[70.882s] -- Installing: /home/huahai/dobot_ws/install/dobot_msgs_v3/include/dobot_msgs_v3/dobot_msgs_v3/srv/detail/do__functions.c
[70.882s] -- Installing: /home/huahai/dobot_ws/install/dobot_msgs_v3/include/dobot_msgs_v3/dobot_msgs_v3/srv/detail/get_in_regs__struct.h
[70.882s] -- Installing: /home/huahai/dobot_ws/install/dobot_msgs_v3/include/dobot_msgs_v3/dobot_msgs_v3/srv/detail/enable_robot__struct.h
[70.883s] -- Installing: /home/huahai/dobot_ws/install/dobot_msgs_v3/include/dobot_msgs_v3/dobot_msgs_v3/srv/detail/lim_z__type_support.h
[70.883s] -- Installing: /home/huahai/dobot_ws/install/dobot_msgs_v3/include/dobot_msgs_v3/dobot_msgs_v3/srv/detail/speed_l__functions.h
[70.883s] -- Installing: /home/huahai/dobot_ws/install/dobot_msgs_v3/include/dobot_msgs_v3/dobot_msgs_v3/srv/detail/rel_mov_l_user__struct.h
[70.883s] -- Installing: /home/huahai/dobot_ws/install/dobot_msgs_v3/include/dobot_msgs_v3/dobot_msgs_v3/srv/detail/jump__functions.c
[70.883s] -- Installing: /home/huahai/dobot_ws/install/dobot_msgs_v3/include/dobot_msgs_v3/dobot_msgs_v3/srv/detail/get_coils__type_support.h
[70.883s] -- Installing: /home/huahai/dobot_ws/install/dobot_msgs_v3/include/dobot_msgs_v3/dobot_msgs_v3/srv/detail/arch__functions.h
[70.883s] -- Installing: /home/huahai/dobot_ws/install/dobot_msgs_v3/include/dobot_msgs_v3/dobot_msgs_v3/srv/detail/ao__type_support.h
[70.883s] -- Installing: /home/huahai/dobot_ws/install/dobot_msgs_v3/include/dobot_msgs_v3/dobot_msgs_v3/srv/detail/wait__type_support.h
[70.883s] -- Installing: /home/huahai/dobot_ws/install/dobot_msgs_v3/include/dobot_msgs_v3/dobot_msgs_v3/srv/detail/positive_solution__type_support.h
[70.883s] -- Installing: /home/huahai/dobot_ws/install/dobot_msgs_v3/include/dobot_msgs_v3/dobot_msgs_v3/srv/detail/rel_mov_j_tool__functions.c
[70.883s] -- Installing: /home/huahai/dobot_ws/install/dobot_msgs_v3/include/dobot_msgs_v3/dobot_msgs_v3/srv/detail/emergency_stop__functions.h
[70.883s] -- Installing: /home/huahai/dobot_ws/install/dobot_msgs_v3/include/dobot_msgs_v3/dobot_msgs_v3/srv/detail/rel_mov_j_tool__functions.h
[70.883s] -- Installing: /home/huahai/dobot_ws/install/dobot_msgs_v3/include/dobot_msgs_v3/dobot_msgs_v3/srv/detail/disable_robot__functions.c
[70.883s] -- Installing: /home/huahai/dobot_ws/install/dobot_msgs_v3/include/dobot_msgs_v3/dobot_msgs_v3/srv/detail/modbus_create__functions.h
[70.883s] -- Installing: /home/huahai/dobot_ws/install/dobot_msgs_v3/include/dobot_msgs_v3/dobot_msgs_v3/srv/detail/pause__functions.c
[70.883s] -- Installing: /home/huahai/dobot_ws/install/dobot_msgs_v3/include/dobot_msgs_v3/dobot_msgs_v3/srv/detail/lim_z__functions.h
[70.884s] -- Installing: /home/huahai/dobot_ws/install/dobot_msgs_v3/include/dobot_msgs_v3/dobot_msgs_v3/srv/detail/ao_execute__functions.h
[70.884s] -- Installing: /home/huahai/dobot_ws/install/dobot_msgs_v3/include/dobot_msgs_v3/dobot_msgs_v3/srv/detail/continue_script__functions.h
[70.884s] -- Installing: /home/huahai/dobot_ws/install/dobot_msgs_v3/include/dobot_msgs_v3/dobot_msgs_v3/srv/detail/pay_load__functions.h
[70.884s] -- Installing: /home/huahai/dobot_ws/install/dobot_msgs_v3/include/dobot_msgs_v3/dobot_msgs_v3/srv/detail/get_angle__struct.h
[70.884s] -- Installing: /home/huahai/dobot_ws/install/dobot_msgs_v3/include/dobot_msgs_v3/dobot_msgs_v3/srv/detail/set_arm_orientation__type_support.h
[70.884s] -- Installing: /home/huahai/dobot_ws/install/dobot_msgs_v3/include/dobot_msgs_v3/dobot_msgs_v3/srv/detail/tool__functions.c
[70.884s] -- Installing: /home/huahai/dobot_ws/install/dobot_msgs_v3/include/dobot_msgs_v3/dobot_msgs_v3/srv/detail/ao__functions.h
[70.884s] -- Installing: /home/huahai/dobot_ws/install/dobot_msgs_v3/include/dobot_msgs_v3/dobot_msgs_v3/srv/detail/clear_error__functions.h
[70.884s] -- Installing: /home/huahai/dobot_ws/install/dobot_msgs_v3/include/dobot_msgs_v3/dobot_msgs_v3/srv/detail/mov_lio__type_support.h
[70.884s] -- Installing: /home/huahai/dobot_ws/install/dobot_msgs_v3/include/dobot_msgs_v3/dobot_msgs_v3/srv/detail/rel_mov_j_user__struct.h
[70.884s] -- Installing: /home/huahai/dobot_ws/install/dobot_msgs_v3/include/dobot_msgs_v3/dobot_msgs_v3/srv/detail/get_in_regs__functions.c
[70.884s] -- Installing: /home/huahai/dobot_ws/install/dobot_msgs_v3/include/dobot_msgs_v3/dobot_msgs_v3/srv/detail/stop_drag__functions.c
[70.884s] -- Installing: /home/huahai/dobot_ws/install/dobot_msgs_v3/include/dobot_msgs_v3/dobot_msgs_v3/srv/detail/user__functions.c
[70.884s] -- Installing: /home/huahai/dobot_ws/install/dobot_msgs_v3/include/dobot_msgs_v3/dobot_msgs_v3/srv/detail/load_switch__functions.h
[70.885s] -- Installing: /home/huahai/dobot_ws/install/dobot_msgs_v3/include/dobot_msgs_v3/dobot_msgs_v3/srv/detail/stopmove_jog__type_support.h
[70.885s] -- Installing: /home/huahai/dobot_ws/install/dobot_msgs_v3/include/dobot_msgs_v3/dobot_msgs_v3/srv/detail/get_angle__functions.h
[70.885s] -- Installing: /home/huahai/dobot_ws/install/dobot_msgs_v3/include/dobot_msgs_v3/dobot_msgs_v3/srv/detail/rel_joint_mov_j__functions.h
[70.885s] -- Installing: /home/huahai/dobot_ws/install/dobot_msgs_v3/include/dobot_msgs_v3/dobot_msgs_v3/srv/detail/set_arm_orientation__functions.h
[70.885s] -- Installing: /home/huahai/dobot_ws/install/dobot_msgs_v3/include/dobot_msgs_v3/dobot_msgs_v3/srv/detail/user__struct.h
[70.885s] -- Installing: /home/huahai/dobot_ws/install/dobot_msgs_v3/include/dobot_msgs_v3/dobot_msgs_v3/srv/detail/mov_j__type_support.h
[70.885s] -- Installing: /home/huahai/dobot_ws/install/dobot_msgs_v3/include/dobot_msgs_v3/dobot_msgs_v3/srv/detail/servo_p__type_support.h
[70.885s] -- Installing: /home/huahai/dobot_ws/install/dobot_msgs_v3/include/dobot_msgs_v3/dobot_msgs_v3/srv/detail/modbus_close__type_support.h
[70.885s] -- Installing: /home/huahai/dobot_ws/install/dobot_msgs_v3/include/dobot_msgs_v3/dobot_msgs_v3/srv/detail/mov_j_ext__functions.c
[70.885s] -- Installing: /home/huahai/dobot_ws/install/dobot_msgs_v3/include/dobot_msgs_v3/dobot_msgs_v3/srv/detail/joint_mov_j__struct.h
[70.885s] -- Installing: /home/huahai/dobot_ws/install/dobot_msgs_v3/include/dobot_msgs_v3/dobot_msgs_v3/srv/detail/rel_mov_j_user__functions.h
[70.885s] -- Installing: /home/huahai/dobot_ws/install/dobot_msgs_v3/include/dobot_msgs_v3/dobot_msgs_v3/srv/detail/load_switch__functions.c
[70.886s] -- Installing: /home/huahai/dobot_ws/install/dobot_msgs_v3/include/dobot_msgs_v3/dobot_msgs_v3/srv/detail/acc_j__functions.c
[70.886s] -- Installing: /home/huahai/dobot_ws/install/dobot_msgs_v3/include/dobot_msgs_v3/dobot_msgs_v3/srv/detail/cp__functions.h
[70.886s] -- Installing: /home/huahai/dobot_ws/install/dobot_msgs_v3/include/dobot_msgs_v3/dobot_msgs_v3/srv/detail/user__functions.h
[70.886s] -- Installing: /home/huahai/dobot_ws/install/dobot_msgs_v3/include/dobot_msgs_v3/dobot_msgs_v3/srv/detail/tool__functions.h
[70.886s] -- Installing: /home/huahai/dobot_ws/install/dobot_msgs_v3/include/dobot_msgs_v3/dobot_msgs_v3/srv/detail/do_execute__struct.h
[70.886s] -- Installing: /home/huahai/dobot_ws/install/dobot_msgs_v3/include/dobot_msgs_v3/dobot_msgs_v3/srv/detail/run_script__struct.h
[70.886s] -- Installing: /home/huahai/dobot_ws/install/dobot_msgs_v3/include/dobot_msgs_v3/dobot_msgs_v3/srv/detail/pause_script__functions.h
[70.886s] -- Installing: /home/huahai/dobot_ws/install/dobot_msgs_v3/include/dobot_msgs_v3/dobot_msgs_v3/srv/detail/set_obstacle_avoid__functions.c
[70.886s] -- Installing: /home/huahai/dobot_ws/install/dobot_msgs_v3/include/dobot_msgs_v3/dobot_msgs_v3/srv/detail/joint_mov_j__type_support.h
[70.886s] -- Installing: /home/huahai/dobot_ws/install/dobot_msgs_v3/include/dobot_msgs_v3/dobot_msgs_v3/srv/detail/do__functions.h
[70.886s] -- Installing: /home/huahai/dobot_ws/install/dobot_msgs_v3/include/dobot_msgs_v3/dobot_msgs_v3/srv/detail/continues__functions.h
[70.886s] -- Installing: /home/huahai/dobot_ws/install/dobot_msgs_v3/include/dobot_msgs_v3/dobot_msgs_v3/srv/detail/get_pose__functions.h
[70.886s] -- Installing: /home/huahai/dobot_ws/install/dobot_msgs_v3/include/dobot_msgs_v3/dobot_msgs_v3/srv/detail/get_hold_regs__functions.h
[70.886s] -- Installing: /home/huahai/dobot_ws/install/dobot_msgs_v3/include/dobot_msgs_v3/dobot_msgs_v3/srv/detail/get_in_regs__type_support.h
[70.886s] -- Installing: /home/huahai/dobot_ws/install/dobot_msgs_v3/include/dobot_msgs_v3/dobot_msgs_v3/srv/detail/rel_mov_j_tool__type_support.h
[70.886s] -- Installing: /home/huahai/dobot_ws/install/dobot_msgs_v3/include/dobot_msgs_v3/dobot_msgs_v3/srv/detail/move_jog__functions.h
[70.886s] -- Installing: /home/huahai/dobot_ws/install/dobot_msgs_v3/include/dobot_msgs_v3/dobot_msgs_v3/srv/detail/continues__type_support.h
[70.887s] -- Installing: /home/huahai/dobot_ws/install/dobot_msgs_v3/include/dobot_msgs_v3/dobot_msgs_v3/srv/detail/sync__struct.h
[70.887s] -- Installing: /home/huahai/dobot_ws/install/dobot_msgs_v3/include/dobot_msgs_v3/dobot_msgs_v3/srv/detail/mov_lio__functions.c
[70.887s] -- Installing: /home/huahai/dobot_ws/install/dobot_msgs_v3/include/dobot_msgs_v3/dobot_msgs_v3/srv/detail/cp__type_support.h
[70.887s] -- Installing: /home/huahai/dobot_ws/install/dobot_msgs_v3/include/dobot_msgs_v3/dobot_msgs_v3/srv/detail/tool_do__functions.h
[70.887s] -- Installing: /home/huahai/dobot_ws/install/dobot_msgs_v3/include/dobot_msgs_v3/dobot_msgs_v3/srv/detail/set_payload__functions.c
[70.887s] -- Installing: /home/huahai/dobot_ws/install/dobot_msgs_v3/include/dobot_msgs_v3/dobot_msgs_v3/srv/detail/digital_outputs__functions.c
[70.887s] -- Installing: /home/huahai/dobot_ws/install/dobot_msgs_v3/include/dobot_msgs_v3/dobot_msgs_v3/srv/detail/start_path__functions.h
[70.887s] -- Installing: /home/huahai/dobot_ws/install/dobot_msgs_v3/include/dobot_msgs_v3/dobot_msgs_v3/srv/detail/start_path__struct.h
[70.887s] -- Installing: /home/huahai/dobot_ws/install/dobot_msgs_v3/include/dobot_msgs_v3/dobot_msgs_v3/srv/detail/rel_mov_l_tool__type_support.h
[70.887s] -- Installing: /home/huahai/dobot_ws/install/dobot_msgs_v3/include/dobot_msgs_v3/dobot_msgs_v3/srv/detail/mov_l__functions.c
[70.887s] -- Installing: /home/huahai/dobot_ws/install/dobot_msgs_v3/include/dobot_msgs_v3/dobot_msgs_v3/srv/detail/start_drag__functions.h
[70.887s] -- Installing: /home/huahai/dobot_ws/install/dobot_msgs_v3/include/dobot_msgs_v3/dobot_msgs_v3/srv/detail/robot_mode__type_support.h
[70.887s] -- Installing: /home/huahai/dobot_ws/install/dobot_msgs_v3/include/dobot_msgs_v3/dobot_msgs_v3/srv/detail/positive_solution__struct.h
[70.887s] -- Installing: /home/huahai/dobot_ws/install/dobot_msgs_v3/include/dobot_msgs_v3/dobot_msgs_v3/srv/detail/set_payload__struct.h
[70.888s] -- Installing: /home/huahai/dobot_ws/install/dobot_msgs_v3/include/dobot_msgs_v3/dobot_msgs_v3/srv/detail/start_path__type_support.h
[70.888s] -- Installing: /home/huahai/dobot_ws/install/dobot_msgs_v3/include/dobot_msgs_v3/dobot_msgs_v3/srv/detail/set_coils__functions.c
[70.888s] -- Installing: /home/huahai/dobot_ws/install/dobot_msgs_v3/include/dobot_msgs_v3/dobot_msgs_v3/srv/detail/tool_di__functions.h
[70.888s] -- Installing: /home/huahai/dobot_ws/install/dobot_msgs_v3/include/dobot_msgs_v3/dobot_msgs_v3/srv/detail/get_error_id__functions.c
[70.888s] -- Installing: /home/huahai/dobot_ws/install/dobot_msgs_v3/include/dobot_msgs_v3/dobot_msgs_v3/srv/detail/get_coils__functions.h
[70.888s] -- Installing: /home/huahai/dobot_ws/install/dobot_msgs_v3/include/dobot_msgs_v3/dobot_msgs_v3/srv/detail/acc_j__functions.h
[70.888s] -- Installing: /home/huahai/dobot_ws/install/dobot_msgs_v3/include/dobot_msgs_v3/dobot_msgs_v3/srv/detail/pause__functions.h
[70.888s] -- Installing: /home/huahai/dobot_ws/install/dobot_msgs_v3/include/dobot_msgs_v3/dobot_msgs_v3/srv/detail/rel_mov_l_user__functions.c
[70.888s] -- Installing: /home/huahai/dobot_ws/install/dobot_msgs_v3/include/dobot_msgs_v3/dobot_msgs_v3/srv/detail/speed_j__type_support.h
[70.888s] -- Installing: /home/huahai/dobot_ws/install/dobot_msgs_v3/include/dobot_msgs_v3/dobot_msgs_v3/srv/detail/set_hold_regs__struct.h
[70.888s] -- Installing: /home/huahai/dobot_ws/install/dobot_msgs_v3/include/dobot_msgs_v3/dobot_msgs_v3/srv/detail/stopmove_jog__struct.h
[70.888s] -- Installing: /home/huahai/dobot_ws/install/dobot_msgs_v3/include/dobot_msgs_v3/dobot_msgs_v3/srv/detail/joint_mov_j__functions.h
[70.889s] -- Installing: /home/huahai/dobot_ws/install/dobot_msgs_v3/include/dobot_msgs_v3/dobot_msgs_v3/srv/detail/continue_script__type_support.h
[70.889s] -- Installing: /home/huahai/dobot_ws/install/dobot_msgs_v3/include/dobot_msgs_v3/dobot_msgs_v3/srv/detail/speed_factor__struct.h
[70.889s] -- Installing: /home/huahai/dobot_ws/install/dobot_msgs_v3/include/dobot_msgs_v3/dobot_msgs_v3/srv/detail/rel_mov_l_user__type_support.h
[70.889s] -- Installing: /home/huahai/dobot_ws/install/dobot_msgs_v3/include/dobot_msgs_v3/dobot_msgs_v3/srv/detail/continue_script__struct.h
[70.889s] -- Installing: /home/huahai/dobot_ws/install/dobot_msgs_v3/include/dobot_msgs_v3/dobot_msgs_v3/srv/detail/continue_script__functions.c
[70.889s] -- Installing: /home/huahai/dobot_ws/install/dobot_msgs_v3/include/dobot_msgs_v3/dobot_msgs_v3/srv/detail/enable_robot__functions.c
[70.889s] -- Installing: /home/huahai/dobot_ws/install/dobot_msgs_v3/include/dobot_msgs_v3/dobot_msgs_v3/srv/detail/acc_l__functions.h
[70.889s] -- Installing: /home/huahai/dobot_ws/install/dobot_msgs_v3/include/dobot_msgs_v3/dobot_msgs_v3/srv/detail/do_group__type_support.h
[70.889s] -- Installing: /home/huahai/dobot_ws/install/dobot_msgs_v3/include/dobot_msgs_v3/dobot_msgs_v3/srv/detail/clear_error__struct.h
[70.889s] -- Installing: /home/huahai/dobot_ws/install/dobot_msgs_v3/include/dobot_msgs_v3/dobot_msgs_v3/srv/detail/set_obstacle_avoid__functions.h
[70.889s] -- Installing: /home/huahai/dobot_ws/install/dobot_msgs_v3/include/dobot_msgs_v3/dobot_msgs_v3/srv/detail/power_on__functions.h
[70.890s] -- Installing: /home/huahai/dobot_ws/install/dobot_msgs_v3/include/dobot_msgs_v3/dobot_msgs_v3/srv/detail/inverse_solution__struct.h
[70.890s] -- Installing: /home/huahai/dobot_ws/install/dobot_msgs_v3/include/dobot_msgs_v3/dobot_msgs_v3/srv/detail/do_group__functions.h
[70.890s] -- Installing: /home/huahai/dobot_ws/install/dobot_msgs_v3/include/dobot_msgs_v3/dobot_msgs_v3/srv/detail/start_drag__struct.h
[70.890s] -- Installing: /home/huahai/dobot_ws/install/dobot_msgs_v3/include/dobot_msgs_v3/dobot_msgs_v3/srv/detail/get_angle__functions.c
[70.890s] -- Installing: /home/huahai/dobot_ws/install/dobot_msgs_v3/include/dobot_msgs_v3/dobot_msgs_v3/srv/detail/disable_robot__functions.h
[70.890s] -- Installing: /home/huahai/dobot_ws/install/dobot_msgs_v3/include/dobot_msgs_v3/dobot_msgs_v3/srv/detail/ao__functions.c
[70.890s] -- Installing: /home/huahai/dobot_ws/install/dobot_msgs_v3/include/dobot_msgs_v3/dobot_msgs_v3/srv/detail/set_hold_regs__functions.c
[70.890s] -- Installing: /home/huahai/dobot_ws/install/dobot_msgs_v3/include/dobot_msgs_v3/dobot_msgs_v3/srv/detail/cp__functions.c
[70.890s] -- Installing: /home/huahai/dobot_ws/install/dobot_msgs_v3/include/dobot_msgs_v3/dobot_msgs_v3/srv/detail/speed_factor__functions.h
[70.890s] -- Installing: /home/huahai/dobot_ws/install/dobot_msgs_v3/include/dobot_msgs_v3/dobot_msgs_v3/srv/detail/tool_do__type_support.h
[70.890s] -- Installing: /home/huahai/dobot_ws/install/dobot_msgs_v3/include/dobot_msgs_v3/dobot_msgs_v3/srv/detail/get_pose__struct.h
[70.890s] -- Installing: /home/huahai/dobot_ws/install/dobot_msgs_v3/include/dobot_msgs_v3/dobot_msgs_v3/srv/detail/acc_l__functions.c
[70.890s] -- Installing: /home/huahai/dobot_ws/install/dobot_msgs_v3/include/dobot_msgs_v3/dobot_msgs_v3/srv/detail/rel_mov_l__struct.h
[70.890s] -- Installing: /home/huahai/dobot_ws/install/dobot_msgs_v3/include/dobot_msgs_v3/dobot_msgs_v3/srv/detail/pause_script__type_support.h
[70.890s] -- Installing: /home/huahai/dobot_ws/install/dobot_msgs_v3/include/dobot_msgs_v3/dobot_msgs_v3/srv/detail/stop_script__struct.h
[70.891s] -- Installing: /home/huahai/dobot_ws/install/dobot_msgs_v3/include/dobot_msgs_v3/dobot_msgs_v3/srv/detail/rel_mov_j_user__type_support.h
[70.891s] -- Installing: /home/huahai/dobot_ws/install/dobot_msgs_v3/include/dobot_msgs_v3/dobot_msgs_v3/srv/detail/start_trace__type_support.h
[70.891s] -- Installing: /home/huahai/dobot_ws/install/dobot_msgs_v3/include/dobot_msgs_v3/dobot_msgs_v3/srv/detail/di__functions.c
[70.891s] -- Installing: /home/huahai/dobot_ws/install/dobot_msgs_v3/include/dobot_msgs_v3/dobot_msgs_v3/srv/detail/set_collision_level__type_support.h
[70.891s] -- Installing: /home/huahai/dobot_ws/install/dobot_msgs_v3/include/dobot_msgs_v3/dobot_msgs_v3/srv/detail/digital_outputs__functions.h
[70.891s] -- Installing: /home/huahai/dobot_ws/install/dobot_msgs_v3/include/dobot_msgs_v3/dobot_msgs_v3/srv/detail/get_error_id__functions.h
[70.891s] -- Installing: /home/huahai/dobot_ws/install/dobot_msgs_v3/include/dobot_msgs_v3/dobot_msgs_v3/srv/detail/sync_all__functions.c
[70.891s] -- Installing: /home/huahai/dobot_ws/install/dobot_msgs_v3/include/dobot_msgs_v3/dobot_msgs_v3/srv/detail/tool_do_execute__struct.h
[70.891s] -- Installing: /home/huahai/dobot_ws/install/dobot_msgs_v3/include/dobot_msgs_v3/dobot_msgs_v3/srv/detail/clear_error__type_support.h
[70.891s] -- Installing: /home/huahai/dobot_ws/install/dobot_msgs_v3/include/dobot_msgs_v3/dobot_msgs_v3/srv/detail/reset_robot__functions.c
[70.891s] -- Installing: /home/huahai/dobot_ws/install/dobot_msgs_v3/include/dobot_msgs_v3/dobot_msgs_v3/srv/detail/di__struct.h
[70.891s] -- Installing: /home/huahai/dobot_ws/install/dobot_msgs_v3/include/dobot_msgs_v3/dobot_msgs_v3/srv/detail/get_error_id__struct.h
[70.891s] -- Installing: /home/huahai/dobot_ws/install/dobot_msgs_v3/include/dobot_msgs_v3/dobot_msgs_v3/srv/detail/pay_load__struct.h
[70.891s] -- Installing: /home/huahai/dobot_ws/install/dobot_msgs_v3/include/dobot_msgs_v3/dobot_msgs_v3/srv/detail/mov_j__functions.c
[70.891s] -- Installing: /home/huahai/dobot_ws/install/dobot_msgs_v3/include/dobot_msgs_v3/dobot_msgs_v3/srv/detail/arch__type_support.h
[70.891s] -- Installing: /home/huahai/dobot_ws/install/dobot_msgs_v3/include/dobot_msgs_v3/dobot_msgs_v3/srv/detail/disable_robot__type_support.h
[70.892s] -- Installing: /home/huahai/dobot_ws/install/dobot_msgs_v3/include/dobot_msgs_v3/dobot_msgs_v3/srv/detail/rel_mov_l__functions.c
[70.892s] -- Installing: /home/huahai/dobot_ws/install/dobot_msgs_v3/include/dobot_msgs_v3/dobot_msgs_v3/srv/detail/start_trace__functions.h
[70.892s] -- Installing: /home/huahai/dobot_ws/install/dobot_msgs_v3/include/dobot_msgs_v3/dobot_msgs_v3/srv/detail/get_in_regs__functions.h
[70.892s] -- Installing: /home/huahai/dobot_ws/install/dobot_msgs_v3/include/dobot_msgs_v3/dobot_msgs_v3/srv/detail/brake_control__functions.c
[70.892s] -- Installing: /home/huahai/dobot_ws/install/dobot_msgs_v3/include/dobot_msgs_v3/dobot_msgs_v3/srv/detail/do__type_support.h
[70.892s] -- Installing: /home/huahai/dobot_ws/install/dobot_msgs_v3/include/dobot_msgs_v3/dobot_msgs_v3/srv/detail/power_on__type_support.h
[70.892s] -- Installing: /home/huahai/dobot_ws/install/dobot_msgs_v3/include/dobot_msgs_v3/dobot_msgs_v3/srv/detail/load_switch__type_support.h
[70.892s] -- Installing: /home/huahai/dobot_ws/install/dobot_msgs_v3/include/dobot_msgs_v3/dobot_msgs_v3/srv/detail/rel_joint_mov_j__functions.c
[70.892s] -- Installing: /home/huahai/dobot_ws/install/dobot_msgs_v3/include/dobot_msgs_v3/dobot_msgs_v3/srv/detail/circle__struct.h
[70.893s] -- Installing: /home/huahai/dobot_ws/install/dobot_msgs_v3/include/dobot_msgs_v3/dobot_msgs_v3/srv/detail/load_switch__struct.h
[70.893s] -- Installing: /home/huahai/dobot_ws/install/dobot_msgs_v3/include/dobot_msgs_v3/dobot_msgs_v3/srv/detail/sync__functions.c
[70.893s] -- Installing: /home/huahai/dobot_ws/install/dobot_msgs_v3/include/dobot_msgs_v3/dobot_msgs_v3/srv/detail/get_in_bits__type_support.h
[70.893s] -- Installing: /home/huahai/dobot_ws/install/dobot_msgs_v3/include/dobot_msgs_v3/dobot_msgs_v3/srv/detail/servo_p__struct.h
[70.893s] -- Installing: /home/huahai/dobot_ws/install/dobot_msgs_v3/include/dobot_msgs_v3/dobot_msgs_v3/srv/detail/servo_j__struct.h
[70.893s] -- Installing: /home/huahai/dobot_ws/install/dobot_msgs_v3/include/dobot_msgs_v3/dobot_msgs_v3/srv/detail/digital_outputs__type_support.h
[70.893s] -- Installing: /home/huahai/dobot_ws/install/dobot_msgs_v3/include/dobot_msgs_v3/dobot_msgs_v3/srv/detail/get_coils__functions.c
[70.893s] -- Installing: /home/huahai/dobot_ws/install/dobot_msgs_v3/include/dobot_msgs_v3/dobot_msgs_v3/srv/detail/set_arm_orientation__functions.c
[70.893s] -- Installing: /home/huahai/dobot_ws/install/dobot_msgs_v3/include/dobot_msgs_v3/dobot_msgs_v3/srv/detail/start_drag__type_support.h
[70.893s] -- Installing: /home/huahai/dobot_ws/install/dobot_msgs_v3/include/dobot_msgs_v3/dobot_msgs_v3/srv/detail/tool_do_execute__functions.c
[70.893s] -- Installing: /home/huahai/dobot_ws/install/dobot_msgs_v3/include/dobot_msgs_v3/dobot_msgs_v3/srv/detail/circle__type_support.h
[70.893s] -- Installing: /home/huahai/dobot_ws/install/dobot_msgs_v3/include/dobot_msgs_v3/dobot_msgs_v3/srv/detail/get_in_bits__functions.c
[70.893s] -- Installing: /home/huahai/dobot_ws/install/dobot_msgs_v3/include/dobot_msgs_v3/dobot_msgs_v3/srv/detail/set_obstacle_avoid__struct.h
[70.893s] -- Installing: /home/huahai/dobot_ws/install/dobot_msgs_v3/include/dobot_msgs_v3/dobot_msgs_v3/srv/detail/rel_mov_l__type_support.h
[70.893s] -- Installing: /home/huahai/dobot_ws/install/dobot_msgs_v3/include/dobot_msgs_v3/dobot_msgs_v3/srv/detail/start_trace__functions.c
[70.893s] -- Installing: /home/huahai/dobot_ws/install/dobot_msgs_v3/include/dobot_msgs_v3/dobot_msgs_v3/srv/detail/set_payload__type_support.h
[70.893s] -- Installing: /home/huahai/dobot_ws/install/dobot_msgs_v3/include/dobot_msgs_v3/dobot_msgs_v3/srv/detail/tool_di__functions.c
[70.893s] -- Installing: /home/huahai/dobot_ws/install/dobot_msgs_v3/include/dobot_msgs_v3/dobot_msgs_v3/srv/detail/rel_mov_j__functions.h
[70.893s] -- Installing: /home/huahai/dobot_ws/install/dobot_msgs_v3/include/dobot_msgs_v3/dobot_msgs_v3/srv/detail/get_hold_regs__type_support.h
[70.893s] -- Installing: /home/huahai/dobot_ws/install/dobot_msgs_v3/include/dobot_msgs_v3/dobot_msgs_v3/srv/detail/start_fc_trace__struct.h
[70.893s] -- Installing: /home/huahai/dobot_ws/install/dobot_msgs_v3/include/dobot_msgs_v3/dobot_msgs_v3/srv/detail/rel_mov_l_tool__functions.h
[70.893s] -- Installing: /home/huahai/dobot_ws/install/dobot_msgs_v3/include/dobot_msgs_v3/dobot_msgs_v3/srv/detail/reset_robot__type_support.h
[70.894s] -- Installing: /home/huahai/dobot_ws/install/dobot_msgs_v3/include/dobot_msgs_v3/dobot_msgs_v3/srv/detail/ao_execute__type_support.h
[70.894s] -- Installing: /home/huahai/dobot_ws/install/dobot_msgs_v3/include/dobot_msgs_v3/dobot_msgs_v3/srv/detail/do_group__struct.h
[70.894s] -- Installing: /home/huahai/dobot_ws/install/dobot_msgs_v3/include/dobot_msgs_v3/dobot_msgs_v3/srv/detail/get_pose__functions.c
[70.894s] -- Installing: /home/huahai/dobot_ws/install/dobot_msgs_v3/include/dobot_msgs_v3/dobot_msgs_v3/srv/detail/start_fc_trace__functions.h
[70.894s] -- Installing: /home/huahai/dobot_ws/install/dobot_msgs_v3/include/dobot_msgs_v3/dobot_msgs_v3/srv/detail/start_fc_trace__type_support.h
[70.894s] -- Installing: /home/huahai/dobot_ws/install/dobot_msgs_v3/include/dobot_msgs_v3/dobot_msgs_v3/srv/detail/mov_lio__struct.h
[70.894s] -- Installing: /home/huahai/dobot_ws/install/dobot_msgs_v3/include/dobot_msgs_v3/dobot_msgs_v3/srv/detail/tool__type_support.h
[70.894s] -- Installing: /home/huahai/dobot_ws/install/dobot_msgs_v3/include/dobot_msgs_v3/dobot_msgs_v3/srv/detail/reset_robot__struct.h
[70.894s] -- Installing: /home/huahai/dobot_ws/install/dobot_msgs_v3/include/dobot_msgs_v3/dobot_msgs_v3/srv/detail/rel_mov_j__type_support.h
[70.894s] -- Installing: /home/huahai/dobot_ws/install/dobot_msgs_v3/include/dobot_msgs_v3/dobot_msgs_v3/srv/detail/modbus_create__struct.h
[70.894s] -- Installing: /home/huahai/dobot_ws/install/dobot_msgs_v3/include/dobot_msgs_v3/dobot_msgs_v3/srv/detail/modbus_create__type_support.h
[70.895s] -- Installing: /home/huahai/dobot_ws/install/dobot_msgs_v3/include/dobot_msgs_v3/dobot_msgs_v3/srv/detail/modbus_close__functions.c
[70.895s] -- Installing: /home/huahai/dobot_ws/install/dobot_msgs_v3/include/dobot_msgs_v3/dobot_msgs_v3/srv/detail/acc_j__struct.h
[70.895s] -- Installing: /home/huahai/dobot_ws/install/dobot_msgs_v3/include/dobot_msgs_v3/dobot_msgs_v3/srv/detail/lim_z__functions.c
[70.895s] -- Installing: /home/huahai/dobot_ws/install/dobot_msgs_v3/include/dobot_msgs_v3/dobot_msgs_v3/srv/detail/tool_do__struct.h
[70.895s] -- Installing: /home/huahai/dobot_ws/install/dobot_msgs_v3/include/dobot_msgs_v3/dobot_msgs_v3/srv/detail/set_collision_level__struct.h
[70.895s] -- Installing: /home/huahai/dobot_ws/install/dobot_msgs_v3/include/dobot_msgs_v3/dobot_msgs_v3/srv/detail/mov_jio__type_support.h
[70.895s] -- Installing: /home/huahai/dobot_ws/install/dobot_msgs_v3/include/dobot_msgs_v3/dobot_msgs_v3/srv/detail/do__struct.h
[70.895s] -- Installing: /home/huahai/dobot_ws/install/dobot_msgs_v3/include/dobot_msgs_v3/dobot_msgs_v3/srv/detail/sync_all__functions.h
[70.895s] -- Installing: /home/huahai/dobot_ws/install/dobot_msgs_v3/include/dobot_msgs_v3/dobot_msgs_v3/srv/detail/emergency_stop__type_support.h
[70.895s] -- Installing: /home/huahai/dobot_ws/install/dobot_msgs_v3/include/dobot_msgs_v3/dobot_msgs_v3/srv/detail/modbus_create__functions.c
[70.895s] -- Installing: /home/huahai/dobot_ws/install/dobot_msgs_v3/include/dobot_msgs_v3/dobot_msgs_v3/srv/detail/set_hold_regs__functions.h
[70.896s] -- Installing: /home/huahai/dobot_ws/install/dobot_msgs_v3/include/dobot_msgs_v3/dobot_msgs_v3/srv/detail/mov_l__functions.h
[70.896s] -- Installing: /home/huahai/dobot_ws/install/dobot_msgs_v3/include/dobot_msgs_v3/dobot_msgs_v3/srv/detail/stopmove_jog__functions.c
[70.896s] -- Installing: /home/huahai/dobot_ws/install/dobot_msgs_v3/include/dobot_msgs_v3/dobot_msgs_v3/srv/detail/sync_all__type_support.h
[70.896s] -- Installing: /home/huahai/dobot_ws/install/dobot_msgs_v3/include/dobot_msgs_v3/dobot_msgs_v3/srv/detail/pay_load__functions.c
[70.896s] -- Installing: /home/huahai/dobot_ws/install/dobot_msgs_v3/include/dobot_msgs_v3/dobot_msgs_v3/srv/detail/sync_all__struct.h
[70.896s] -- Installing: /home/huahai/dobot_ws/install/dobot_msgs_v3/include/dobot_msgs_v3/dobot_msgs_v3/srv/detail/get_coils__struct.h
[70.896s] -- Installing: /home/huahai/dobot_ws/install/dobot_msgs_v3/include/dobot_msgs_v3/dobot_msgs_v3/srv/detail/move_jog__functions.c
[70.896s] -- Installing: /home/huahai/dobot_ws/install/dobot_msgs_v3/include/dobot_msgs_v3/dobot_msgs_v3/srv/detail/pause_script__functions.c
[70.896s] -- Installing: /home/huahai/dobot_ws/install/dobot_msgs_v3/include/dobot_msgs_v3/dobot_msgs_v3/srv/detail/cp__struct.h
[70.896s] -- Installing: /home/huahai/dobot_ws/install/dobot_msgs_v3/include/dobot_msgs_v3/dobot_msgs_v3/srv/detail/speed_factor__functions.c
[70.896s] -- Installing: /home/huahai/dobot_ws/install/dobot_msgs_v3/include/dobot_msgs_v3/dobot_msgs_v3/srv/detail/speed_factor__type_support.h
[70.896s] -- Installing: /home/huahai/dobot_ws/install/dobot_msgs_v3/include/dobot_msgs_v3/dobot_msgs_v3/srv/detail/enable_robot__type_support.h
[70.896s] -- Installing: /home/huahai/dobot_ws/install/dobot_msgs_v3/include/dobot_msgs_v3/dobot_msgs_v3/srv/detail/rel_mov_j_tool__struct.h
[70.896s] -- Installing: /home/huahai/dobot_ws/install/dobot_msgs_v3/include/dobot_msgs_v3/dobot_msgs_v3/srv/detail/modbus_close__struct.h
[70.896s] -- Installing: /home/huahai/dobot_ws/install/dobot_msgs_v3/include/dobot_msgs_v3/dobot_msgs_v3/srv/detail/speed_l__struct.h
[70.897s] -- Installing: /home/huahai/dobot_ws/install/dobot_msgs_v3/include/dobot_msgs_v3/dobot_msgs_v3/srv/detail/set_coils__type_support.h
[70.897s] -- Installing: /home/huahai/dobot_ws/install/dobot_msgs_v3/include/dobot_msgs_v3/dobot_msgs_v3/srv/detail/servo_j__type_support.h
[70.897s] -- Installing: /home/huahai/dobot_ws/install/dobot_msgs_v3/include/dobot_msgs_v3/dobot_msgs_v3/srv/detail/get_angle__type_support.h
[70.897s] -- Installing: /home/huahai/dobot_ws/install/dobot_msgs_v3/include/dobot_msgs_v3/dobot_msgs_v3/srv/detail/mov_l__type_support.h
[70.897s] -- Installing: /home/huahai/dobot_ws/install/dobot_msgs_v3/include/dobot_msgs_v3/dobot_msgs_v3/srv/detail/set_safe_skin__functions.h
[70.897s] -- Installing: /home/huahai/dobot_ws/install/dobot_msgs_v3/include/dobot_msgs_v3/dobot_msgs_v3/srv/detail/power_on__struct.h
[70.897s] -- Installing: /home/huahai/dobot_ws/install/dobot_msgs_v3/include/dobot_msgs_v3/dobot_msgs_v3/srv/detail/set_coils__struct.h
[70.897s] -- Installing: /home/huahai/dobot_ws/install/dobot_msgs_v3/include/dobot_msgs_v3/dobot_msgs_v3/srv/detail/inverse_solution__functions.c
[70.897s] -- Installing: /home/huahai/dobot_ws/install/dobot_msgs_v3/include/dobot_msgs_v3/dobot_msgs_v3/srv/detail/sync__type_support.h
[70.897s] -- Installing: /home/huahai/dobot_ws/install/dobot_msgs_v3/include/dobot_msgs_v3/dobot_msgs_v3/srv/detail/stopmove_jog__functions.h
[70.897s] -- Installing: /home/huahai/dobot_ws/install/dobot_msgs_v3/include/dobot_msgs_v3/dobot_msgs_v3/srv/detail/start_trace__struct.h
[70.897s] -- Installing: /home/huahai/dobot_ws/install/dobot_msgs_v3/include/dobot_msgs_v3/dobot_msgs_v3/srv/detail/clear_error__functions.c
[70.898s] -- Installing: /home/huahai/dobot_ws/install/dobot_msgs_v3/include/dobot_msgs_v3/dobot_msgs_v3/srv/detail/set_collision_level__functions.h
[70.898s] -- Installing: /home/huahai/dobot_ws/install/dobot_msgs_v3/include/dobot_msgs_v3/dobot_msgs_v3/srv/detail/mov_j__struct.h
[70.898s] -- Installing: /home/huahai/dobot_ws/install/dobot_msgs_v3/include/dobot_msgs_v3/dobot_msgs_v3/srv/detail/move_jog__type_support.h
[70.898s] -- Installing: /home/huahai/dobot_ws/install/dobot_msgs_v3/include/dobot_msgs_v3/dobot_msgs_v3/srv/detail/mov_lio__functions.h
[70.898s] -- Installing: /home/huahai/dobot_ws/install/dobot_msgs_v3/include/dobot_msgs_v3/dobot_msgs_v3/srv/detail/mov_j__functions.h
[70.898s] -- Installing: /home/huahai/dobot_ws/install/dobot_msgs_v3/include/dobot_msgs_v3/dobot_msgs_v3/srv/detail/do_execute__functions.h
[70.898s] -- Installing: /home/huahai/dobot_ws/install/dobot_msgs_v3/include/dobot_msgs_v3/dobot_msgs_v3/srv/detail/get_in_bits__struct.h
[70.898s] -- Installing: /home/huahai/dobot_ws/install/dobot_msgs_v3/include/dobot_msgs_v3/dobot_msgs_v3/srv/detail/speed_j__functions.c
[70.898s] -- Installing: /home/huahai/dobot_ws/install/dobot_msgs_v3/include/dobot_msgs_v3/dobot_msgs_v3/srv/detail/run_script__functions.h
[70.898s] -- Installing: /home/huahai/dobot_ws/install/dobot_msgs_v3/include/dobot_msgs_v3/dobot_msgs_v3/srv/detail/lim_z__struct.h
[70.898s] -- Installing: /home/huahai/dobot_ws/install/dobot_msgs_v3/include/dobot_msgs_v3/dobot_msgs_v3/srv/detail/enable_robot__functions.h
[70.898s] -- Installing: /home/huahai/dobot_ws/install/dobot_msgs_v3/include/dobot_msgs_v3/dobot_msgs_v3/srv/detail/pause_script__struct.h
[70.899s] -- Installing: /home/huahai/dobot_ws/install/dobot_msgs_v3/include/dobot_msgs_v3/dobot_msgs_v3/srv/detail/disable_robot__struct.h
[70.899s] -- Installing: /home/huahai/dobot_ws/install/dobot_msgs_v3/include/dobot_msgs_v3/dobot_msgs_v3/srv/detail/digital_outputs__struct.h
[70.899s] -- Installing: /home/huahai/dobot_ws/install/dobot_msgs_v3/include/dobot_msgs_v3/dobot_msgs_v3/srv/detail/arch__functions.c
[70.899s] -- Installing: /home/huahai/dobot_ws/install/dobot_msgs_v3/include/dobot_msgs_v3/dobot_msgs_v3/srv/detail/rel_joint_mov_j__type_support.h
[70.899s] -- Installing: /home/huahai/dobot_ws/install/dobot_msgs_v3/include/dobot_msgs_v3/dobot_msgs_v3/srv/detail/set_coils__functions.h
[70.899s] -- Installing: /home/huahai/dobot_ws/install/dobot_msgs_v3/include/dobot_msgs_v3/dobot_msgs_v3/srv/detail/mov_l__struct.h
[70.899s] -- Installing: /home/huahai/dobot_ws/install/dobot_msgs_v3/include/dobot_msgs_v3/dobot_msgs_v3/srv/detail/di__type_support.h
[70.899s] -- Installing: /home/huahai/dobot_ws/install/dobot_msgs_v3/include/dobot_msgs_v3/dobot_msgs_v3/srv/detail/pay_load__type_support.h
[70.899s] -- Installing: /home/huahai/dobot_ws/install/dobot_msgs_v3/include/dobot_msgs_v3/dobot_msgs_v3/srv/detail/do_execute__type_support.h
[70.899s] -- Installing: /home/huahai/dobot_ws/install/dobot_msgs_v3/include/dobot_msgs_v3/dobot_msgs_v3/srv/detail/speed_j__functions.h
[70.900s] -- Installing: /home/huahai/dobot_ws/install/dobot_msgs_v3/include/dobot_msgs_v3/dobot_msgs_v3/srv/detail/mov_jio__struct.h
[70.900s] -- Installing: /home/huahai/dobot_ws/install/dobot_msgs_v3/include/dobot_msgs_v3/dobot_msgs_v3/srv/detail/rel_mov_l_tool__struct.h
[70.900s] -- Installing: /home/huahai/dobot_ws/install/dobot_msgs_v3/include/dobot_msgs_v3/dobot_msgs_v3/srv/detail/circle__functions.c
[70.900s] -- Installing: /home/huahai/dobot_ws/install/dobot_msgs_v3/include/dobot_msgs_v3/dobot_msgs_v3/srv/detail/emergency_stop__functions.c
[70.900s] -- Installing: /home/huahai/dobot_ws/install/dobot_msgs_v3/include/dobot_msgs_v3/dobot_msgs_v3/srv/detail/move_jog__struct.h
[70.900s] -- Installing: /home/huahai/dobot_ws/install/dobot_msgs_v3/include/dobot_msgs_v3/dobot_msgs_v3/srv/detail/servo_p__functions.c
[70.900s] -- Installing: /home/huahai/dobot_ws/install/dobot_msgs_v3/include/dobot_msgs_v3/dobot_msgs_v3/srv/detail/mov_j_ext__functions.h
[70.900s] -- Installing: /home/huahai/dobot_ws/install/dobot_msgs_v3/include/dobot_msgs_v3/dobot_msgs_v3/srv/detail/speed_l__type_support.h
[70.900s] -- Installing: /home/huahai/dobot_ws/install/dobot_msgs_v3/include/dobot_msgs_v3/dobot_msgs_v3/srv/detail/rel_mov_l_user__functions.h
[70.901s] -- Installing: /home/huahai/dobot_ws/install/dobot_msgs_v3/include/dobot_msgs_v3/dobot_msgs_v3/srv/detail/tool_di__type_support.h
[70.901s] -- Installing: /home/huahai/dobot_ws/install/dobot_msgs_v3/include/dobot_msgs_v3/dobot_msgs_v3/srv/detail/arc__functions.h
[70.901s] -- Installing: /home/huahai/dobot_ws/install/dobot_msgs_v3/include/dobot_msgs_v3/dobot_msgs_v3/srv/detail/joint_mov_j__functions.c
[70.901s] -- Installing: /home/huahai/dobot_ws/install/dobot_msgs_v3/include/dobot_msgs_v3/dobot_msgs_v3/srv/detail/ao_execute__functions.c
[70.901s] -- Installing: /home/huahai/dobot_ws/install/dobot_msgs_v3/include/dobot_msgs_v3/dobot_msgs_v3/srv/detail/set_obstacle_avoid__type_support.h
[70.901s] -- Installing: /home/huahai/dobot_ws/install/dobot_msgs_v3/include/dobot_msgs_v3/dobot_msgs_v3/srv/detail/servo_j__functions.c
[70.901s] -- Installing: /home/huahai/dobot_ws/install/dobot_msgs_v3/include/dobot_msgs_v3/dobot_msgs_v3/srv/detail/mov_jio__functions.h
[70.901s] -- Installing: /home/huahai/dobot_ws/install/dobot_msgs_v3/include/dobot_msgs_v3/dobot_msgs_v3/srv/detail/rel_mov_j__struct.h
[70.901s] -- Installing: /home/huahai/dobot_ws/install/dobot_msgs_v3/include/dobot_msgs_v3/dobot_msgs_v3/srv/detail/set_arm_orientation__struct.h
[70.901s] -- Installing: /home/huahai/dobot_ws/install/dobot_msgs_v3/include/dobot_msgs_v3/dobot_msgs_v3/srv/detail/get_pose__type_support.h
[70.901s] -- Installing: /home/huahai/dobot_ws/install/dobot_msgs_v3/include/dobot_msgs_v3/dobot_msgs_v3/srv/detail/rel_mov_j__functions.c
[70.901s] -- Installing: /home/huahai/dobot_ws/install/dobot_msgs_v3/include/dobot_msgs_v3/dobot_msgs_v3/srv/detail/modbus_close__functions.h
[70.901s] -- Installing: /home/huahai/dobot_ws/install/dobot_msgs_v3/include/dobot_msgs_v3/dobot_msgs_v3/srv/detail/rel_joint_mov_j__struct.h
[70.901s] -- Installing: /home/huahai/dobot_ws/install/dobot_msgs_v3/include/dobot_msgs_v3/dobot_msgs_v3/srv/detail/mov_jio__functions.c
[70.902s] -- Installing: /home/huahai/dobot_ws/install/dobot_msgs_v3/include/dobot_msgs_v3/dobot_msgs_v3/srv/detail/jump__struct.h
[70.902s] -- Installing: /home/huahai/dobot_ws/install/dobot_msgs_v3/include/dobot_msgs_v3/dobot_msgs_v3/srv/detail/tool_di__struct.h
[70.902s] -- Installing: /home/huahai/dobot_ws/install/dobot_msgs_v3/include/dobot_msgs_v3/dobot_msgs_v3/srv/detail/set_safe_skin__type_support.h
[70.902s] -- Installing: /home/huahai/dobot_ws/install/dobot_msgs_v3/include/dobot_msgs_v3/dobot_msgs_v3/srv/detail/jump__functions.h
[70.902s] -- Installing: /home/huahai/dobot_ws/install/dobot_msgs_v3/include/dobot_msgs_v3/dobot_msgs_v3/srv/detail/arc__functions.c
[70.902s] -- Installing: /home/huahai/dobot_ws/install/dobot_msgs_v3/include/dobot_msgs_v3/dobot_msgs_v3/srv/detail/continues__struct.h
[70.902s] -- Installing: /home/huahai/dobot_ws/install/dobot_msgs_v3/include/dobot_msgs_v3/dobot_msgs_v3/srv/detail/stop_script__functions.h
[70.902s] -- Installing: /home/huahai/dobot_ws/install/dobot_msgs_v3/include/dobot_msgs_v3/dobot_msgs_v3/srv/detail/pause__struct.h
[70.902s] -- Installing: /home/huahai/dobot_ws/install/dobot_msgs_v3/include/dobot_msgs_v3/dobot_msgs_v3/srv/detail/jump__type_support.h
[70.902s] -- Installing: /home/huahai/dobot_ws/install/dobot_msgs_v3/include/dobot_msgs_v3/dobot_msgs_v3/srv/detail/ao_execute__struct.h
[70.902s] -- Installing: /home/huahai/dobot_ws/install/dobot_msgs_v3/include/dobot_msgs_v3/dobot_msgs_v3/srv/detail/user__type_support.h
[70.902s] -- Installing: /home/huahai/dobot_ws/install/dobot_msgs_v3/include/dobot_msgs_v3/dobot_msgs_v3/srv/detail/mov_j_ext__type_support.h
[70.902s] -- Installing: /home/huahai/dobot_ws/install/dobot_msgs_v3/include/dobot_msgs_v3/dobot_msgs_v3/srv/detail/set_hold_regs__type_support.h
[70.902s] -- Installing: /home/huahai/dobot_ws/install/dobot_msgs_v3/include/dobot_msgs_v3/dobot_msgs_v3/srv/detail/brake_control__type_support.h
[70.902s] -- Installing: /home/huahai/dobot_ws/install/dobot_msgs_v3/include/dobot_msgs_v3/dobot_msgs_v3/srv/detail/reset_robot__functions.h
[70.903s] -- Installing: /home/huahai/dobot_ws/install/dobot_msgs_v3/include/dobot_msgs_v3/dobot_msgs_v3/srv/detail/servo_j__functions.h
[70.903s] -- Installing: /home/huahai/dobot_ws/install/dobot_msgs_v3/include/dobot_msgs_v3/dobot_msgs_v3/srv/detail/brake_control__struct.h
[70.903s] -- Installing: /home/huahai/dobot_ws/install/dobot_msgs_v3/include/dobot_msgs_v3/dobot_msgs_v3/srv/detail/tool_do__functions.c
[70.903s] -- Installing: /home/huahai/dobot_ws/install/dobot_msgs_v3/include/dobot_msgs_v3/dobot_msgs_v3/srv/detail/set_safe_skin__struct.h
[70.903s] -- Installing: /home/huahai/dobot_ws/install/dobot_msgs_v3/include/dobot_msgs_v3/dobot_msgs_v3/srv/detail/tool_do_execute__functions.h
[70.903s] -- Installing: /home/huahai/dobot_ws/install/dobot_msgs_v3/include/dobot_msgs_v3/dobot_msgs_v3/srv/detail/positive_solution__functions.c
[70.903s] -- Installing: /home/huahai/dobot_ws/install/dobot_msgs_v3/include/dobot_msgs_v3/dobot_msgs_v3/srv/detail/stop_script__type_support.h
[70.903s] -- Installing: /home/huahai/dobot_ws/install/dobot_msgs_v3/include/dobot_msgs_v3/dobot_msgs_v3/srv/detail/robot_mode__functions.c
[70.903s] -- Installing: /home/huahai/dobot_ws/install/dobot_msgs_v3/include/dobot_msgs_v3/dobot_msgs_v3/srv/detail/mov_j_ext__struct.h
[70.903s] -- Installing: /home/huahai/dobot_ws/install/dobot_msgs_v3/include/dobot_msgs_v3/dobot_msgs_v3/srv/detail/brake_control__functions.h
[70.903s] -- Installing: /home/huahai/dobot_ws/install/dobot_msgs_v3/include/dobot_msgs_v3/dobot_msgs_v3/srv/detail/rel_mov_j_user__functions.c
[70.903s] -- Installing: /home/huahai/dobot_ws/install/dobot_msgs_v3/include/dobot_msgs_v3/dobot_msgs_v3/srv/detail/get_error_id__type_support.h
[70.903s] -- Installing: /home/huahai/dobot_ws/install/dobot_msgs_v3/include/dobot_msgs_v3/dobot_msgs_v3/srv/detail/acc_l__type_support.h
[70.904s] -- Installing: /home/huahai/dobot_ws/install/dobot_msgs_v3/include/dobot_msgs_v3/dobot_msgs_v3/srv/detail/get_in_bits__functions.h
[70.904s] -- Installing: /home/huahai/dobot_ws/install/dobot_msgs_v3/include/dobot_msgs_v3/dobot_msgs_v3/srv/detail/sync__functions.h
[70.904s] -- Installing: /home/huahai/dobot_ws/install/dobot_msgs_v3/include/dobot_msgs_v3/dobot_msgs_v3/srv/detail/run_script__functions.c
[70.904s] -- Installing: /home/huahai/dobot_ws/install/dobot_msgs_v3/include/dobot_msgs_v3/dobot_msgs_v3/srv/detail/rel_mov_l__functions.h
[70.904s] -- Installing: /home/huahai/dobot_ws/install/dobot_msgs_v3/include/dobot_msgs_v3/dobot_msgs_v3/srv/detail/robot_mode__functions.h
[70.904s] -- Installing: /home/huahai/dobot_ws/install/dobot_msgs_v3/include/dobot_msgs_v3/dobot_msgs_v3/srv/detail/wait__functions.h
[70.904s] -- Installing: /home/huahai/dobot_ws/install/dobot_msgs_v3/include/dobot_msgs_v3/dobot_msgs_v3/srv/detail/speed_l__functions.c
[70.904s] -- Installing: /home/huahai/dobot_ws/install/dobot_msgs_v3/include/dobot_msgs_v3/dobot_msgs_v3/srv/detail/robot_mode__struct.h
[70.904s] -- Installing: /home/huahai/dobot_ws/install/dobot_msgs_v3/include/dobot_msgs_v3/dobot_msgs_v3/srv/detail/set_payload__functions.h
[70.904s] -- Installing: /home/huahai/dobot_ws/install/dobot_msgs_v3/include/dobot_msgs_v3/dobot_msgs_v3/srv/detail/di__functions.h
[70.904s] -- Installing: /home/huahai/dobot_ws/install/dobot_msgs_v3/include/dobot_msgs_v3/dobot_msgs_v3/srv/detail/circle__functions.h
[70.904s] -- Installing: /home/huahai/dobot_ws/install/dobot_msgs_v3/include/dobot_msgs_v3/dobot_msgs_v3/srv/detail/get_hold_regs__functions.c
[70.904s] -- Installing: /home/huahai/dobot_ws/install/dobot_msgs_v3/include/dobot_msgs_v3/dobot_msgs_v3/srv/detail/acc_l__struct.h
[70.904s] -- Installing: /home/huahai/dobot_ws/install/dobot_msgs_v3/include/dobot_msgs_v3/dobot_msgs_v3/srv/detail/start_path__functions.c
[70.905s] -- Installing: /home/huahai/dobot_ws/install/dobot_msgs_v3/include/dobot_msgs_v3/dobot_msgs_v3/srv/detail/get_hold_regs__struct.h
[70.905s] -- Installing: /home/huahai/dobot_ws/install/dobot_msgs_v3/include/dobot_msgs_v3/dobot_msgs_v3/srv/detail/positive_solution__functions.h
[70.905s] -- Installing: /home/huahai/dobot_ws/install/dobot_msgs_v3/include/dobot_msgs_v3/dobot_msgs_v3/srv/detail/arc__type_support.h
[70.905s] -- Installing: /home/huahai/dobot_ws/install/dobot_msgs_v3/include/dobot_msgs_v3/dobot_msgs_v3/srv/detail/stop_drag__functions.h
[70.905s] -- Installing: /home/huahai/dobot_ws/install/dobot_msgs_v3/include/dobot_msgs_v3/dobot_msgs_v3/srv/detail/run_script__type_support.h
[70.905s] -- Installing: /home/huahai/dobot_ws/install/dobot_msgs_v3/include/dobot_msgs_v3/dobot_msgs_v3/srv/detail/continues__functions.c
[70.905s] -- Installing: /home/huahai/dobot_ws/install/dobot_msgs_v3/include/dobot_msgs_v3/dobot_msgs_v3/srv/detail/stop_drag__type_support.h
[70.905s] -- Installing: /home/huahai/dobot_ws/install/dobot_msgs_v3/include/dobot_msgs_v3/dobot_msgs_v3/srv/detail/inverse_solution__functions.h
[70.905s] -- Installing: /home/huahai/dobot_ws/install/dobot_msgs_v3/include/dobot_msgs_v3/dobot_msgs_v3/srv/detail/inverse_solution__type_support.h
[70.905s] -- Installing: /home/huahai/dobot_ws/install/dobot_msgs_v3/include/dobot_msgs_v3/dobot_msgs_v3/srv/detail/do_group__functions.c
[70.905s] -- Installing: /home/huahai/dobot_ws/install/dobot_msgs_v3/include/dobot_msgs_v3/dobot_msgs_v3/srv/detail/rel_mov_l_tool__functions.c
[70.905s] -- Installing: /home/huahai/dobot_ws/install/dobot_msgs_v3/include/dobot_msgs_v3/dobot_msgs_v3/srv/detail/ao__struct.h
[70.905s] -- Installing: /home/huahai/dobot_ws/install/dobot_msgs_v3/include/dobot_msgs_v3/dobot_msgs_v3/srv/load_switch.h
[70.906s] -- Installing: /home/huahai/dobot_ws/install/dobot_msgs_v3/include/dobot_msgs_v3/dobot_msgs_v3/srv/robot_mode.h
[70.906s] -- Installing: /home/huahai/dobot_ws/install/dobot_msgs_v3/include/dobot_msgs_v3/dobot_msgs_v3/srv/do_execute.h
[70.906s] -- Installing: /home/huahai/dobot_ws/install/dobot_msgs_v3/include/dobot_msgs_v3/dobot_msgs_v3/srv/stop_drag.h
[70.906s] -- Installing: /home/huahai/dobot_ws/install/dobot_msgs_v3/include/dobot_msgs_v3/dobot_msgs_v3/srv/power_on.h
[70.906s] -- Installing: /home/huahai/dobot_ws/install/dobot_msgs_v3/include/dobot_msgs_v3/dobot_msgs_v3/srv/get_pose.h
[70.906s] -- Installing: /home/huahai/dobot_ws/install/dobot_msgs_v3/include/dobot_msgs_v3/dobot_msgs_v3/srv/rel_mov_l_tool.h
[70.906s] -- Installing: /home/huahai/dobot_ws/install/dobot_msgs_v3/include/dobot_msgs_v3/dobot_msgs_v3/srv/get_coils.h
[70.906s] -- Installing: /home/huahai/dobot_ws/install/dobot_msgs_v3/include/dobot_msgs_v3/dobot_msgs_v3/srv/start_fc_trace.h
[70.906s] -- Installing: /home/huahai/dobot_ws/install/dobot_msgs_v3/include/dobot_msgs_v3/dobot_msgs_v3/srv/mov_lio.h
[70.906s] -- Installing: /home/huahai/dobot_ws/install/dobot_msgs_v3/include/dobot_msgs_v3/dobot_msgs_v3/srv/do.h
[70.906s] -- Installing: /home/huahai/dobot_ws/install/dobot_msgs_v3/include/dobot_msgs_v3/dobot_msgs_v3/srv/get_in_regs.h
[70.906s] -- Installing: /home/huahai/dobot_ws/install/dobot_msgs_v3/include/dobot_msgs_v3/dobot_msgs_v3/srv/tool_do_execute.h
[70.906s] -- Installing: /home/huahai/dobot_ws/install/dobot_msgs_v3/include/dobot_msgs_v3/dobot_msgs_v3/srv/pay_load.h
[70.907s] -- Installing: /home/huahai/dobot_ws/install/dobot_msgs_v3/include/dobot_msgs_v3/dobot_msgs_v3/srv/tool_do.h
[70.907s] -- Installing: /home/huahai/dobot_ws/install/dobot_msgs_v3/include/dobot_msgs_v3/dobot_msgs_v3/srv/cp.h
[70.907s] -- Installing: /home/huahai/dobot_ws/install/dobot_msgs_v3/include/dobot_msgs_v3/dobot_msgs_v3/srv/get_in_bits.h
[70.907s] -- Installing: /home/huahai/dobot_ws/install/dobot_msgs_v3/include/dobot_msgs_v3/dobot_msgs_v3/srv/continues.h
[70.907s] -- Installing: /home/huahai/dobot_ws/install/dobot_msgs_v3/include/dobot_msgs_v3/dobot_msgs_v3/srv/tool.h
[70.907s] -- Installing: /home/huahai/dobot_ws/install/dobot_msgs_v3/include/dobot_msgs_v3/dobot_msgs_v3/srv/set_collision_level.h
[70.907s] -- Installing: /home/huahai/dobot_ws/install/dobot_msgs_v3/include/dobot_msgs_v3/dobot_msgs_v3/srv/speed_factor.h
[70.907s] -- Installing: /home/huahai/dobot_ws/install/dobot_msgs_v3/include/dobot_msgs_v3/dobot_msgs_v3/srv/mov_l.h
[70.907s] -- Installing: /home/huahai/dobot_ws/install/dobot_msgs_v3/include/dobot_msgs_v3/dobot_msgs_v3/srv/pause_script.h
[70.907s] -- Installing: /home/huahai/dobot_ws/install/dobot_msgs_v3/include/dobot_msgs_v3/dobot_msgs_v3/srv/sync.h
[70.907s] -- Installing: /home/huahai/dobot_ws/install/dobot_msgs_v3/include/dobot_msgs_v3/dobot_msgs_v3/srv/speed_l.h
[70.907s] -- Installing: /home/huahai/dobot_ws/install/dobot_msgs_v3/include/dobot_msgs_v3/dobot_msgs_v3/srv/lim_z.h
[70.907s] -- Installing: /home/huahai/dobot_ws/install/dobot_msgs_v3/include/dobot_msgs_v3/dobot_msgs_v3/srv/emergency_stop.h
[70.907s] -- Installing: /home/huahai/dobot_ws/install/dobot_msgs_v3/include/dobot_msgs_v3/dobot_msgs_v3/srv/wait.h
[70.907s] -- Installing: /home/huahai/dobot_ws/install/dobot_msgs_v3/include/dobot_msgs_v3/dobot_msgs_v3/srv/reset_robot.h
[70.907s] -- Installing: /home/huahai/dobot_ws/install/dobot_msgs_v3/include/dobot_msgs_v3/dobot_msgs_v3/srv/inverse_solution.h
[70.908s] -- Installing: /home/huahai/dobot_ws/install/dobot_msgs_v3/include/dobot_msgs_v3/dobot_msgs_v3/srv/pause.h
[70.908s] -- Installing: /home/huahai/dobot_ws/install/dobot_msgs_v3/include/dobot_msgs_v3/dobot_msgs_v3/srv/continue_script.h
[70.908s] -- Installing: /home/huahai/dobot_ws/install/dobot_msgs_v3/include/dobot_msgs_v3/dobot_msgs_v3/srv/user.h
[70.909s] -- Installing: /home/huahai/dobot_ws/install/dobot_msgs_v3/include/dobot_msgs_v3/dobot_msgs_v3/srv/rel_mov_j_tool.h
[70.909s] -- Installing: /home/huahai/dobot_ws/install/dobot_msgs_v3/include/dobot_msgs_v3/dobot_msgs_v3/srv/mov_j_ext.h
[70.909s] -- Installing: /home/huahai/dobot_ws/install/dobot_msgs_v3/include/dobot_msgs_v3/dobot_msgs_v3/srv/rel_mov_j_user.h
[70.909s] -- Installing: /home/huahai/dobot_ws/install/dobot_msgs_v3/include/dobot_msgs_v3/dobot_msgs_v3/srv/do_group.h
[70.909s] -- Installing: /home/huahai/dobot_ws/install/dobot_msgs_v3/include/dobot_msgs_v3/dobot_msgs_v3/srv/set_arm_orientation.h
[70.909s] -- Installing: /home/huahai/dobot_ws/install/dobot_msgs_v3/include/dobot_msgs_v3/dobot_msgs_v3/srv/arc.h
[70.909s] -- Installing: /home/huahai/dobot_ws/install/dobot_msgs_v3/include/dobot_msgs_v3/dobot_msgs_v3/srv/servo_j.h
[70.909s] -- Installing: /home/huahai/dobot_ws/install/dobot_msgs_v3/include/dobot_msgs_v3/dobot_msgs_v3/srv/set_payload.h
[70.909s] -- Installing: /home/huahai/dobot_ws/install/dobot_msgs_v3/include/dobot_msgs_v3/dobot_msgs_v3/srv/mov_jio.h
[70.909s] -- Installing: /home/huahai/dobot_ws/install/dobot_msgs_v3/include/dobot_msgs_v3/dobot_msgs_v3/srv/modbus_close.h
[70.909s] -- Installing: /home/huahai/dobot_ws/install/dobot_msgs_v3/include/dobot_msgs_v3/dobot_msgs_v3/srv/stop_script.h
[70.909s] -- Installing: /home/huahai/dobot_ws/install/dobot_msgs_v3/include/dobot_msgs_v3/dobot_msgs_v3/srv/clear_error.h
[70.909s] -- Installing: /home/huahai/dobot_ws/install/dobot_msgs_v3/include/dobot_msgs_v3/dobot_msgs_v3/srv/run_script.h
[70.909s] -- Installing: /home/huahai/dobot_ws/install/dobot_msgs_v3/include/dobot_msgs_v3/dobot_msgs_v3/srv/rel_mov_l.h
[70.909s] -- Installing: /home/huahai/dobot_ws/install/dobot_msgs_v3/include/dobot_msgs_v3/dobot_msgs_v3/srv/ao.h
[70.909s] -- Installing: /home/huahai/dobot_ws/install/dobot_msgs_v3/include/dobot_msgs_v3/dobot_msgs_v3/srv/rel_joint_mov_j.h
[70.909s] -- Installing: /home/huahai/dobot_ws/install/dobot_msgs_v3/include/dobot_msgs_v3/dobot_msgs_v3/srv/get_error_id.h
[70.909s] -- Installing: /home/huahai/dobot_ws/install/dobot_msgs_v3/include/dobot_msgs_v3/dobot_msgs_v3/srv/start_path.h
[70.909s] -- Installing: /home/huahai/dobot_ws/install/dobot_msgs_v3/include/dobot_msgs_v3/dobot_msgs_v3/srv/di.h
[70.909s] -- Installing: /home/huahai/dobot_ws/install/dobot_msgs_v3/include/dobot_msgs_v3/dobot_msgs_v3/srv/set_safe_skin.h
[70.909s] -- Installing: /home/huahai/dobot_ws/install/dobot_msgs_v3/include/dobot_msgs_v3/dobot_msgs_v3/srv/rel_mov_j.h
[70.909s] -- Installing: /home/huahai/dobot_ws/install/dobot_msgs_v3/include/dobot_msgs_v3/dobot_msgs_v3/srv/disable_robot.h
[70.910s] -- Installing: /home/huahai/dobot_ws/install/dobot_msgs_v3/include/dobot_msgs_v3/dobot_msgs_v3/srv/enable_robot.h
[70.910s] -- Installing: /home/huahai/dobot_ws/install/dobot_msgs_v3/include/dobot_msgs_v3/dobot_msgs_v3/srv/rel_mov_l_user.h
[70.910s] -- Installing: /home/huahai/dobot_ws/install/dobot_msgs_v3/include/dobot_msgs_v3/dobot_msgs_v3/srv/acc_j.h
[70.910s] -- Installing: /home/huahai/dobot_ws/install/dobot_msgs_v3/include/dobot_msgs_v3/dobot_msgs_v3/srv/ao_execute.h
[70.910s] -- Installing: /home/huahai/dobot_ws/install/dobot_msgs_v3/include/dobot_msgs_v3/dobot_msgs_v3/srv/speed_j.h
[70.910s] -- Installing: /home/huahai/dobot_ws/install/dobot_msgs_v3/include/dobot_msgs_v3/dobot_msgs_v3/srv/arch.h
[70.910s] -- Installing: /home/huahai/dobot_ws/install/dobot_msgs_v3/include/dobot_msgs_v3/dobot_msgs_v3/srv/set_hold_regs.h
[70.910s] -- Installing: /home/huahai/dobot_ws/install/dobot_msgs_v3/include/dobot_msgs_v3/dobot_msgs_v3/srv/get_angle.h
[70.910s] -- Installing: /home/huahai/dobot_ws/install/dobot_msgs_v3/include/dobot_msgs_v3/dobot_msgs_v3/srv/mov_j.h
[70.910s] -- Installing: /home/huahai/dobot_ws/install/dobot_msgs_v3/include/dobot_msgs_v3/dobot_msgs_v3/srv/start_drag.h
[70.910s] -- Installing: /home/huahai/dobot_ws/install/dobot_msgs_v3/include/dobot_msgs_v3/dobot_msgs_v3/srv/circle.h
[70.910s] -- Installing: /home/huahai/dobot_ws/install/dobot_msgs_v3/include/dobot_msgs_v3/dobot_msgs_v3/srv/joint_mov_j.h
[70.910s] -- Installing: /home/huahai/dobot_ws/install/dobot_msgs_v3/include/dobot_msgs_v3/dobot_msgs_v3/srv/brake_control.h
[70.910s] -- Installing: /home/huahai/dobot_ws/install/dobot_msgs_v3/include/dobot_msgs_v3/dobot_msgs_v3/srv/start_trace.h
[70.910s] -- Installing: /home/huahai/dobot_ws/install/dobot_msgs_v3/include/dobot_msgs_v3/dobot_msgs_v3/srv/set_obstacle_avoid.h
[70.910s] -- Installing: /home/huahai/dobot_ws/install/dobot_msgs_v3/include/dobot_msgs_v3/dobot_msgs_v3/srv/sync_all.h
[70.910s] -- Installing: /home/huahai/dobot_ws/install/dobot_msgs_v3/include/dobot_msgs_v3/dobot_msgs_v3/srv/get_hold_regs.h
[70.910s] -- Installing: /home/huahai/dobot_ws/install/dobot_msgs_v3/include/dobot_msgs_v3/dobot_msgs_v3/srv/acc_l.h
[70.910s] -- Installing: /home/huahai/dobot_ws/install/dobot_msgs_v3/include/dobot_msgs_v3/dobot_msgs_v3/srv/move_jog.h
[70.910s] -- Installing: /home/huahai/dobot_ws/install/dobot_msgs_v3/include/dobot_msgs_v3/dobot_msgs_v3/srv/modbus_create.h
[70.910s] -- Installing: /home/huahai/dobot_ws/install/dobot_msgs_v3/include/dobot_msgs_v3/dobot_msgs_v3/srv/jump.h
[70.910s] -- Installing: /home/huahai/dobot_ws/install/dobot_msgs_v3/include/dobot_msgs_v3/dobot_msgs_v3/srv/digital_outputs.h
[70.910s] -- Installing: /home/huahai/dobot_ws/install/dobot_msgs_v3/include/dobot_msgs_v3/dobot_msgs_v3/srv/set_coils.h
[70.910s] -- Installing: /home/huahai/dobot_ws/install/dobot_msgs_v3/include/dobot_msgs_v3/dobot_msgs_v3/srv/stopmove_jog.h
[70.911s] -- Installing: /home/huahai/dobot_ws/install/dobot_msgs_v3/include/dobot_msgs_v3/dobot_msgs_v3/srv/positive_solution.h
[70.911s] -- Installing: /home/huahai/dobot_ws/install/dobot_msgs_v3/include/dobot_msgs_v3/dobot_msgs_v3/srv/tool_di.h
[70.911s] -- Installing: /home/huahai/dobot_ws/install/dobot_msgs_v3/include/dobot_msgs_v3/dobot_msgs_v3/srv/servo_p.h
[70.911s] -- Installing: /home/huahai/dobot_ws/install/dobot_msgs_v3/share/dobot_msgs_v3/environment/library_path.sh
[70.911s] -- Installing: /home/huahai/dobot_ws/install/dobot_msgs_v3/share/dobot_msgs_v3/environment/library_path.dsv
[70.911s] -- Installing: /home/huahai/dobot_ws/install/dobot_msgs_v3/lib/libdobot_msgs_v3__rosidl_generator_c.so
[70.912s] -- Set runtime path of "/home/huahai/dobot_ws/install/dobot_msgs_v3/lib/libdobot_msgs_v3__rosidl_generator_c.so" to ""
[70.912s] -- Up-to-date: /home/huahai/dobot_ws/install/dobot_msgs_v3/include/dobot_msgs_v3/dobot_msgs_v3
[70.912s] -- Up-to-date: /home/huahai/dobot_ws/install/dobot_msgs_v3/include/dobot_msgs_v3/dobot_msgs_v3/msg
[70.912s] -- Up-to-date: /home/huahai/dobot_ws/install/dobot_msgs_v3/include/dobot_msgs_v3/dobot_msgs_v3/msg/detail
[70.912s] -- Installing: /home/huahai/dobot_ws/install/dobot_msgs_v3/include/dobot_msgs_v3/dobot_msgs_v3/msg/detail/robot_status__rosidl_typesupport_fastrtps_c.h
[70.912s] -- Installing: /home/huahai/dobot_ws/install/dobot_msgs_v3/include/dobot_msgs_v3/dobot_msgs_v3/msg/detail/tool_vector_actual__rosidl_typesupport_fastrtps_c.h
[70.912s] -- Installing: /home/huahai/dobot_ws/install/dobot_msgs_v3/include/dobot_msgs_v3/dobot_msgs_v3/msg/rosidl_typesupport_fastrtps_c__visibility_control.h
[70.912s] -- Up-to-date: /home/huahai/dobot_ws/install/dobot_msgs_v3/include/dobot_msgs_v3/dobot_msgs_v3/srv
[70.912s] -- Up-to-date: /home/huahai/dobot_ws/install/dobot_msgs_v3/include/dobot_msgs_v3/dobot_msgs_v3/srv/detail
[70.913s] -- Installing: /home/huahai/dobot_ws/install/dobot_msgs_v3/include/dobot_msgs_v3/dobot_msgs_v3/srv/detail/get_angle__rosidl_typesupport_fastrtps_c.h
[70.913s] -- Installing: /home/huahai/dobot_ws/install/dobot_msgs_v3/include/dobot_msgs_v3/dobot_msgs_v3/srv/detail/do_group__rosidl_typesupport_fastrtps_c.h
[70.913s] -- Installing: /home/huahai/dobot_ws/install/dobot_msgs_v3/include/dobot_msgs_v3/dobot_msgs_v3/srv/detail/tool_do_execute__rosidl_typesupport_fastrtps_c.h
[70.913s] -- Installing: /home/huahai/dobot_ws/install/dobot_msgs_v3/include/dobot_msgs_v3/dobot_msgs_v3/srv/detail/wait__rosidl_typesupport_fastrtps_c.h
[70.913s] -- Installing: /home/huahai/dobot_ws/install/dobot_msgs_v3/include/dobot_msgs_v3/dobot_msgs_v3/srv/detail/power_on__rosidl_typesupport_fastrtps_c.h
[70.913s] -- Installing: /home/huahai/dobot_ws/install/dobot_msgs_v3/include/dobot_msgs_v3/dobot_msgs_v3/srv/detail/set_safe_skin__rosidl_typesupport_fastrtps_c.h
[70.913s] -- Installing: /home/huahai/dobot_ws/install/dobot_msgs_v3/include/dobot_msgs_v3/dobot_msgs_v3/srv/detail/set_arm_orientation__rosidl_typesupport_fastrtps_c.h
[70.913s] -- Installing: /home/huahai/dobot_ws/install/dobot_msgs_v3/include/dobot_msgs_v3/dobot_msgs_v3/srv/detail/rel_mov_j__rosidl_typesupport_fastrtps_c.h
[70.913s] -- Installing: /home/huahai/dobot_ws/install/dobot_msgs_v3/include/dobot_msgs_v3/dobot_msgs_v3/srv/detail/pause_script__rosidl_typesupport_fastrtps_c.h
[70.913s] -- Installing: /home/huahai/dobot_ws/install/dobot_msgs_v3/include/dobot_msgs_v3/dobot_msgs_v3/srv/detail/start_drag__rosidl_typesupport_fastrtps_c.h
[70.913s] -- Installing: /home/huahai/dobot_ws/install/dobot_msgs_v3/include/dobot_msgs_v3/dobot_msgs_v3/srv/detail/mov_l__rosidl_typesupport_fastrtps_c.h
[70.913s] -- Installing: /home/huahai/dobot_ws/install/dobot_msgs_v3/include/dobot_msgs_v3/dobot_msgs_v3/srv/detail/enable_robot__rosidl_typesupport_fastrtps_c.h
[70.913s] -- Installing: /home/huahai/dobot_ws/install/dobot_msgs_v3/include/dobot_msgs_v3/dobot_msgs_v3/srv/detail/tool__rosidl_typesupport_fastrtps_c.h
[70.913s] -- Installing: /home/huahai/dobot_ws/install/dobot_msgs_v3/include/dobot_msgs_v3/dobot_msgs_v3/srv/detail/clear_error__rosidl_typesupport_fastrtps_c.h
[70.913s] -- Installing: /home/huahai/dobot_ws/install/dobot_msgs_v3/include/dobot_msgs_v3/dobot_msgs_v3/srv/detail/tool_do__rosidl_typesupport_fastrtps_c.h
[70.914s] -- Installing: /home/huahai/dobot_ws/install/dobot_msgs_v3/include/dobot_msgs_v3/dobot_msgs_v3/srv/detail/run_script__rosidl_typesupport_fastrtps_c.h
[70.914s] -- Installing: /home/huahai/dobot_ws/install/dobot_msgs_v3/include/dobot_msgs_v3/dobot_msgs_v3/srv/detail/speed_l__rosidl_typesupport_fastrtps_c.h
[70.914s] -- Installing: /home/huahai/dobot_ws/install/dobot_msgs_v3/include/dobot_msgs_v3/dobot_msgs_v3/srv/detail/load_switch__rosidl_typesupport_fastrtps_c.h
[70.914s] -- Installing: /home/huahai/dobot_ws/install/dobot_msgs_v3/include/dobot_msgs_v3/dobot_msgs_v3/srv/detail/digital_outputs__rosidl_typesupport_fastrtps_c.h
[70.914s] -- Installing: /home/huahai/dobot_ws/install/dobot_msgs_v3/include/dobot_msgs_v3/dobot_msgs_v3/srv/detail/set_payload__rosidl_typesupport_fastrtps_c.h
[70.914s] -- Installing: /home/huahai/dobot_ws/install/dobot_msgs_v3/include/dobot_msgs_v3/dobot_msgs_v3/srv/detail/ao__rosidl_typesupport_fastrtps_c.h
[70.914s] -- Installing: /home/huahai/dobot_ws/install/dobot_msgs_v3/include/dobot_msgs_v3/dobot_msgs_v3/srv/detail/set_coils__rosidl_typesupport_fastrtps_c.h
[70.914s] -- Installing: /home/huahai/dobot_ws/install/dobot_msgs_v3/include/dobot_msgs_v3/dobot_msgs_v3/srv/detail/pause__rosidl_typesupport_fastrtps_c.h
[70.914s] -- Installing: /home/huahai/dobot_ws/install/dobot_msgs_v3/include/dobot_msgs_v3/dobot_msgs_v3/srv/detail/rel_mov_j_tool__rosidl_typesupport_fastrtps_c.h
[70.914s] -- Installing: /home/huahai/dobot_ws/install/dobot_msgs_v3/include/dobot_msgs_v3/dobot_msgs_v3/srv/detail/get_pose__rosidl_typesupport_fastrtps_c.h
[70.914s] -- Installing: /home/huahai/dobot_ws/install/dobot_msgs_v3/include/dobot_msgs_v3/dobot_msgs_v3/srv/detail/continues__rosidl_typesupport_fastrtps_c.h
[70.915s] -- Installing: /home/huahai/dobot_ws/install/dobot_msgs_v3/include/dobot_msgs_v3/dobot_msgs_v3/srv/detail/brake_control__rosidl_typesupport_fastrtps_c.h
[70.915s] -- Installing: /home/huahai/dobot_ws/install/dobot_msgs_v3/include/dobot_msgs_v3/dobot_msgs_v3/srv/detail/modbus_close__rosidl_typesupport_fastrtps_c.h
[70.915s] -- Installing: /home/huahai/dobot_ws/install/dobot_msgs_v3/include/dobot_msgs_v3/dobot_msgs_v3/srv/detail/start_fc_trace__rosidl_typesupport_fastrtps_c.h
[70.915s] -- Installing: /home/huahai/dobot_ws/install/dobot_msgs_v3/include/dobot_msgs_v3/dobot_msgs_v3/srv/detail/di__rosidl_typesupport_fastrtps_c.h
[70.915s] -- Installing: /home/huahai/dobot_ws/install/dobot_msgs_v3/include/dobot_msgs_v3/dobot_msgs_v3/srv/detail/continue_script__rosidl_typesupport_fastrtps_c.h
[70.915s] -- Installing: /home/huahai/dobot_ws/install/dobot_msgs_v3/include/dobot_msgs_v3/dobot_msgs_v3/srv/detail/get_hold_regs__rosidl_typesupport_fastrtps_c.h
[70.915s] -- Installing: /home/huahai/dobot_ws/install/dobot_msgs_v3/include/dobot_msgs_v3/dobot_msgs_v3/srv/detail/start_path__rosidl_typesupport_fastrtps_c.h
[70.915s] -- Installing: /home/huahai/dobot_ws/install/dobot_msgs_v3/include/dobot_msgs_v3/dobot_msgs_v3/srv/detail/jump__rosidl_typesupport_fastrtps_c.h
[70.915s] -- Installing: /home/huahai/dobot_ws/install/dobot_msgs_v3/include/dobot_msgs_v3/dobot_msgs_v3/srv/detail/positive_solution__rosidl_typesupport_fastrtps_c.h
[70.915s] -- Installing: /home/huahai/dobot_ws/install/dobot_msgs_v3/include/dobot_msgs_v3/dobot_msgs_v3/srv/detail/stop_drag__rosidl_typesupport_fastrtps_c.h
[70.915s] -- Installing: /home/huahai/dobot_ws/install/dobot_msgs_v3/include/dobot_msgs_v3/dobot_msgs_v3/srv/detail/rel_mov_l__rosidl_typesupport_fastrtps_c.h
[70.915s] -- Installing: /home/huahai/dobot_ws/install/dobot_msgs_v3/include/dobot_msgs_v3/dobot_msgs_v3/srv/detail/rel_mov_l_user__rosidl_typesupport_fastrtps_c.h
[70.915s] -- Installing: /home/huahai/dobot_ws/install/dobot_msgs_v3/include/dobot_msgs_v3/dobot_msgs_v3/srv/detail/arc__rosidl_typesupport_fastrtps_c.h
[70.915s] -- Installing: /home/huahai/dobot_ws/install/dobot_msgs_v3/include/dobot_msgs_v3/dobot_msgs_v3/srv/detail/stop_script__rosidl_typesupport_fastrtps_c.h
[70.915s] -- Installing: /home/huahai/dobot_ws/install/dobot_msgs_v3/include/dobot_msgs_v3/dobot_msgs_v3/srv/detail/pay_load__rosidl_typesupport_fastrtps_c.h
[70.915s] -- Installing: /home/huahai/dobot_ws/install/dobot_msgs_v3/include/dobot_msgs_v3/dobot_msgs_v3/srv/detail/sync_all__rosidl_typesupport_fastrtps_c.h
[70.915s] -- Installing: /home/huahai/dobot_ws/install/dobot_msgs_v3/include/dobot_msgs_v3/dobot_msgs_v3/srv/detail/set_hold_regs__rosidl_typesupport_fastrtps_c.h
[70.915s] -- Installing: /home/huahai/dobot_ws/install/dobot_msgs_v3/include/dobot_msgs_v3/dobot_msgs_v3/srv/detail/inverse_solution__rosidl_typesupport_fastrtps_c.h
[70.915s] -- Installing: /home/huahai/dobot_ws/install/dobot_msgs_v3/include/dobot_msgs_v3/dobot_msgs_v3/srv/detail/do_execute__rosidl_typesupport_fastrtps_c.h
[70.915s] -- Installing: /home/huahai/dobot_ws/install/dobot_msgs_v3/include/dobot_msgs_v3/dobot_msgs_v3/srv/detail/emergency_stop__rosidl_typesupport_fastrtps_c.h
[70.916s] -- Installing: /home/huahai/dobot_ws/install/dobot_msgs_v3/include/dobot_msgs_v3/dobot_msgs_v3/srv/detail/modbus_create__rosidl_typesupport_fastrtps_c.h
[70.916s] -- Installing: /home/huahai/dobot_ws/install/dobot_msgs_v3/include/dobot_msgs_v3/dobot_msgs_v3/srv/detail/mov_lio__rosidl_typesupport_fastrtps_c.h
[70.916s] -- Installing: /home/huahai/dobot_ws/install/dobot_msgs_v3/include/dobot_msgs_v3/dobot_msgs_v3/srv/detail/ao_execute__rosidl_typesupport_fastrtps_c.h
[70.916s] -- Installing: /home/huahai/dobot_ws/install/dobot_msgs_v3/include/dobot_msgs_v3/dobot_msgs_v3/srv/detail/speed_j__rosidl_typesupport_fastrtps_c.h
[70.916s] -- Installing: /home/huahai/dobot_ws/install/dobot_msgs_v3/include/dobot_msgs_v3/dobot_msgs_v3/srv/detail/acc_l__rosidl_typesupport_fastrtps_c.h
[70.916s] -- Installing: /home/huahai/dobot_ws/install/dobot_msgs_v3/include/dobot_msgs_v3/dobot_msgs_v3/srv/detail/servo_p__rosidl_typesupport_fastrtps_c.h
[70.916s] -- Installing: /home/huahai/dobot_ws/install/dobot_msgs_v3/include/dobot_msgs_v3/dobot_msgs_v3/srv/detail/disable_robot__rosidl_typesupport_fastrtps_c.h
[70.916s] -- Installing: /home/huahai/dobot_ws/install/dobot_msgs_v3/include/dobot_msgs_v3/dobot_msgs_v3/srv/detail/get_coils__rosidl_typesupport_fastrtps_c.h
[70.916s] -- Installing: /home/huahai/dobot_ws/install/dobot_msgs_v3/include/dobot_msgs_v3/dobot_msgs_v3/srv/detail/mov_jio__rosidl_typesupport_fastrtps_c.h
[70.916s] -- Installing: /home/huahai/dobot_ws/install/dobot_msgs_v3/include/dobot_msgs_v3/dobot_msgs_v3/srv/detail/lim_z__rosidl_typesupport_fastrtps_c.h
[70.916s] -- Installing: /home/huahai/dobot_ws/install/dobot_msgs_v3/include/dobot_msgs_v3/dobot_msgs_v3/srv/detail/get_in_regs__rosidl_typesupport_fastrtps_c.h
[70.916s] -- Installing: /home/huahai/dobot_ws/install/dobot_msgs_v3/include/dobot_msgs_v3/dobot_msgs_v3/srv/detail/rel_mov_l_tool__rosidl_typesupport_fastrtps_c.h
[70.916s] -- Installing: /home/huahai/dobot_ws/install/dobot_msgs_v3/include/dobot_msgs_v3/dobot_msgs_v3/srv/detail/set_collision_level__rosidl_typesupport_fastrtps_c.h
[70.917s] -- Installing: /home/huahai/dobot_ws/install/dobot_msgs_v3/include/dobot_msgs_v3/dobot_msgs_v3/srv/detail/move_jog__rosidl_typesupport_fastrtps_c.h
[70.917s] -- Installing: /home/huahai/dobot_ws/install/dobot_msgs_v3/include/dobot_msgs_v3/dobot_msgs_v3/srv/detail/sync__rosidl_typesupport_fastrtps_c.h
[70.917s] -- Installing: /home/huahai/dobot_ws/install/dobot_msgs_v3/include/dobot_msgs_v3/dobot_msgs_v3/srv/detail/mov_j__rosidl_typesupport_fastrtps_c.h
[70.917s] -- Installing: /home/huahai/dobot_ws/install/dobot_msgs_v3/include/dobot_msgs_v3/dobot_msgs_v3/srv/detail/rel_joint_mov_j__rosidl_typesupport_fastrtps_c.h
[70.917s] -- Installing: /home/huahai/dobot_ws/install/dobot_msgs_v3/include/dobot_msgs_v3/dobot_msgs_v3/srv/detail/start_trace__rosidl_typesupport_fastrtps_c.h
[70.917s] -- Installing: /home/huahai/dobot_ws/install/dobot_msgs_v3/include/dobot_msgs_v3/dobot_msgs_v3/srv/detail/speed_factor__rosidl_typesupport_fastrtps_c.h
[70.917s] -- Installing: /home/huahai/dobot_ws/install/dobot_msgs_v3/include/dobot_msgs_v3/dobot_msgs_v3/srv/detail/tool_di__rosidl_typesupport_fastrtps_c.h
[70.917s] -- Installing: /home/huahai/dobot_ws/install/dobot_msgs_v3/include/dobot_msgs_v3/dobot_msgs_v3/srv/detail/reset_robot__rosidl_typesupport_fastrtps_c.h
[70.917s] -- Installing: /home/huahai/dobot_ws/install/dobot_msgs_v3/include/dobot_msgs_v3/dobot_msgs_v3/srv/detail/rel_mov_j_user__rosidl_typesupport_fastrtps_c.h
[70.917s] -- Installing: /home/huahai/dobot_ws/install/dobot_msgs_v3/include/dobot_msgs_v3/dobot_msgs_v3/srv/detail/stopmove_jog__rosidl_typesupport_fastrtps_c.h
[70.917s] -- Installing: /home/huahai/dobot_ws/install/dobot_msgs_v3/include/dobot_msgs_v3/dobot_msgs_v3/srv/detail/get_error_id__rosidl_typesupport_fastrtps_c.h
[70.917s] -- Installing: /home/huahai/dobot_ws/install/dobot_msgs_v3/include/dobot_msgs_v3/dobot_msgs_v3/srv/detail/get_in_bits__rosidl_typesupport_fastrtps_c.h
[70.917s] -- Installing: /home/huahai/dobot_ws/install/dobot_msgs_v3/include/dobot_msgs_v3/dobot_msgs_v3/srv/detail/set_obstacle_avoid__rosidl_typesupport_fastrtps_c.h
[70.917s] -- Installing: /home/huahai/dobot_ws/install/dobot_msgs_v3/include/dobot_msgs_v3/dobot_msgs_v3/srv/detail/robot_mode__rosidl_typesupport_fastrtps_c.h
[70.917s] -- Installing: /home/huahai/dobot_ws/install/dobot_msgs_v3/include/dobot_msgs_v3/dobot_msgs_v3/srv/detail/circle__rosidl_typesupport_fastrtps_c.h
[70.917s] -- Installing: /home/huahai/dobot_ws/install/dobot_msgs_v3/include/dobot_msgs_v3/dobot_msgs_v3/srv/detail/mov_j_ext__rosidl_typesupport_fastrtps_c.h
[70.917s] -- Installing: /home/huahai/dobot_ws/install/dobot_msgs_v3/include/dobot_msgs_v3/dobot_msgs_v3/srv/detail/joint_mov_j__rosidl_typesupport_fastrtps_c.h
[70.918s] -- Installing: /home/huahai/dobot_ws/install/dobot_msgs_v3/include/dobot_msgs_v3/dobot_msgs_v3/srv/detail/acc_j__rosidl_typesupport_fastrtps_c.h
[70.918s] -- Installing: /home/huahai/dobot_ws/install/dobot_msgs_v3/include/dobot_msgs_v3/dobot_msgs_v3/srv/detail/servo_j__rosidl_typesupport_fastrtps_c.h
[70.918s] -- Installing: /home/huahai/dobot_ws/install/dobot_msgs_v3/include/dobot_msgs_v3/dobot_msgs_v3/srv/detail/do__rosidl_typesupport_fastrtps_c.h
[70.918s] -- Installing: /home/huahai/dobot_ws/install/dobot_msgs_v3/include/dobot_msgs_v3/dobot_msgs_v3/srv/detail/arch__rosidl_typesupport_fastrtps_c.h
[70.918s] -- Installing: /home/huahai/dobot_ws/install/dobot_msgs_v3/include/dobot_msgs_v3/dobot_msgs_v3/srv/detail/cp__rosidl_typesupport_fastrtps_c.h
[70.918s] -- Installing: /home/huahai/dobot_ws/install/dobot_msgs_v3/include/dobot_msgs_v3/dobot_msgs_v3/srv/detail/user__rosidl_typesupport_fastrtps_c.h
[70.918s] -- Installing: /home/huahai/dobot_ws/install/dobot_msgs_v3/lib/libdobot_msgs_v3__rosidl_typesupport_fastrtps_c.so
[70.919s] -- Set runtime path of "/home/huahai/dobot_ws/install/dobot_msgs_v3/lib/libdobot_msgs_v3__rosidl_typesupport_fastrtps_c.so" to ""
[70.919s] -- Up-to-date: /home/huahai/dobot_ws/install/dobot_msgs_v3/include/dobot_msgs_v3/dobot_msgs_v3
[70.919s] -- Up-to-date: /home/huahai/dobot_ws/install/dobot_msgs_v3/include/dobot_msgs_v3/dobot_msgs_v3/msg
[70.919s] -- Up-to-date: /home/huahai/dobot_ws/install/dobot_msgs_v3/include/dobot_msgs_v3/dobot_msgs_v3/msg/detail
[70.919s] -- Installing: /home/huahai/dobot_ws/install/dobot_msgs_v3/include/dobot_msgs_v3/dobot_msgs_v3/msg/detail/tool_vector_actual__traits.hpp
[70.919s] -- Installing: /home/huahai/dobot_ws/install/dobot_msgs_v3/include/dobot_msgs_v3/dobot_msgs_v3/msg/detail/tool_vector_actual__type_support.hpp
[70.919s] -- Installing: /home/huahai/dobot_ws/install/dobot_msgs_v3/include/dobot_msgs_v3/dobot_msgs_v3/msg/detail/robot_status__builder.hpp
[70.919s] -- Installing: /home/huahai/dobot_ws/install/dobot_msgs_v3/include/dobot_msgs_v3/dobot_msgs_v3/msg/detail/robot_status__struct.hpp
[70.919s] -- Installing: /home/huahai/dobot_ws/install/dobot_msgs_v3/include/dobot_msgs_v3/dobot_msgs_v3/msg/detail/tool_vector_actual__builder.hpp
[70.919s] -- Installing: /home/huahai/dobot_ws/install/dobot_msgs_v3/include/dobot_msgs_v3/dobot_msgs_v3/msg/detail/robot_status__type_support.hpp
[70.920s] -- Installing: /home/huahai/dobot_ws/install/dobot_msgs_v3/include/dobot_msgs_v3/dobot_msgs_v3/msg/detail/robot_status__traits.hpp
[70.920s] -- Installing: /home/huahai/dobot_ws/install/dobot_msgs_v3/include/dobot_msgs_v3/dobot_msgs_v3/msg/detail/tool_vector_actual__struct.hpp
[70.920s] -- Installing: /home/huahai/dobot_ws/install/dobot_msgs_v3/include/dobot_msgs_v3/dobot_msgs_v3/msg/tool_vector_actual.hpp
[70.920s] -- Installing: /home/huahai/dobot_ws/install/dobot_msgs_v3/include/dobot_msgs_v3/dobot_msgs_v3/msg/robot_status.hpp
[70.920s] -- Installing: /home/huahai/dobot_ws/install/dobot_msgs_v3/include/dobot_msgs_v3/dobot_msgs_v3/msg/rosidl_generator_cpp__visibility_control.hpp
[70.920s] -- Up-to-date: /home/huahai/dobot_ws/install/dobot_msgs_v3/include/dobot_msgs_v3/dobot_msgs_v3/srv
[70.920s] -- Installing: /home/huahai/dobot_ws/install/dobot_msgs_v3/include/dobot_msgs_v3/dobot_msgs_v3/srv/speed_j.hpp
[70.920s] -- Up-to-date: /home/huahai/dobot_ws/install/dobot_msgs_v3/include/dobot_msgs_v3/dobot_msgs_v3/srv/detail
[70.920s] -- Installing: /home/huahai/dobot_ws/install/dobot_msgs_v3/include/dobot_msgs_v3/dobot_msgs_v3/srv/detail/do_group__builder.hpp
[70.920s] -- Installing: /home/huahai/dobot_ws/install/dobot_msgs_v3/include/dobot_msgs_v3/dobot_msgs_v3/srv/detail/sync__type_support.hpp
[70.920s] -- Installing: /home/huahai/dobot_ws/install/dobot_msgs_v3/include/dobot_msgs_v3/dobot_msgs_v3/srv/detail/set_coils__struct.hpp
[70.920s] -- Installing: /home/huahai/dobot_ws/install/dobot_msgs_v3/include/dobot_msgs_v3/dobot_msgs_v3/srv/detail/rel_mov_j__type_support.hpp
[70.920s] -- Installing: /home/huahai/dobot_ws/install/dobot_msgs_v3/include/dobot_msgs_v3/dobot_msgs_v3/srv/detail/tool__struct.hpp
[70.920s] -- Installing: /home/huahai/dobot_ws/install/dobot_msgs_v3/include/dobot_msgs_v3/dobot_msgs_v3/srv/detail/run_script__traits.hpp
[70.920s] -- Installing: /home/huahai/dobot_ws/install/dobot_msgs_v3/include/dobot_msgs_v3/dobot_msgs_v3/srv/detail/sync_all__traits.hpp
[70.921s] -- Installing: /home/huahai/dobot_ws/install/dobot_msgs_v3/include/dobot_msgs_v3/dobot_msgs_v3/srv/detail/mov_lio__struct.hpp
[70.921s] -- Installing: /home/huahai/dobot_ws/install/dobot_msgs_v3/include/dobot_msgs_v3/dobot_msgs_v3/srv/detail/stop_drag__struct.hpp
[70.921s] -- Installing: /home/huahai/dobot_ws/install/dobot_msgs_v3/include/dobot_msgs_v3/dobot_msgs_v3/srv/detail/do_group__struct.hpp
[70.921s] -- Installing: /home/huahai/dobot_ws/install/dobot_msgs_v3/include/dobot_msgs_v3/dobot_msgs_v3/srv/detail/digital_outputs__type_support.hpp
[70.921s] -- Installing: /home/huahai/dobot_ws/install/dobot_msgs_v3/include/dobot_msgs_v3/dobot_msgs_v3/srv/detail/modbus_create__type_support.hpp
[70.921s] -- Installing: /home/huahai/dobot_ws/install/dobot_msgs_v3/include/dobot_msgs_v3/dobot_msgs_v3/srv/detail/positive_solution__builder.hpp
[70.921s] -- Installing: /home/huahai/dobot_ws/install/dobot_msgs_v3/include/dobot_msgs_v3/dobot_msgs_v3/srv/detail/acc_j__struct.hpp
[70.921s] -- Installing: /home/huahai/dobot_ws/install/dobot_msgs_v3/include/dobot_msgs_v3/dobot_msgs_v3/srv/detail/modbus_close__traits.hpp
[70.921s] -- Installing: /home/huahai/dobot_ws/install/dobot_msgs_v3/include/dobot_msgs_v3/dobot_msgs_v3/srv/detail/continue_script__type_support.hpp
[70.921s] -- Installing: /home/huahai/dobot_ws/install/dobot_msgs_v3/include/dobot_msgs_v3/dobot_msgs_v3/srv/detail/get_in_bits__struct.hpp
[70.921s] -- Installing: /home/huahai/dobot_ws/install/dobot_msgs_v3/include/dobot_msgs_v3/dobot_msgs_v3/srv/detail/get_in_regs__traits.hpp
[70.921s] -- Installing: /home/huahai/dobot_ws/install/dobot_msgs_v3/include/dobot_msgs_v3/dobot_msgs_v3/srv/detail/brake_control__builder.hpp
[70.921s] -- Installing: /home/huahai/dobot_ws/install/dobot_msgs_v3/include/dobot_msgs_v3/dobot_msgs_v3/srv/detail/get_error_id__builder.hpp
[70.921s] -- Installing: /home/huahai/dobot_ws/install/dobot_msgs_v3/include/dobot_msgs_v3/dobot_msgs_v3/srv/detail/tool_do_execute__traits.hpp
[70.921s] -- Installing: /home/huahai/dobot_ws/install/dobot_msgs_v3/include/dobot_msgs_v3/dobot_msgs_v3/srv/detail/rel_mov_l_user__builder.hpp
[70.922s] -- Installing: /home/huahai/dobot_ws/install/dobot_msgs_v3/include/dobot_msgs_v3/dobot_msgs_v3/srv/detail/do_execute__builder.hpp
[70.922s] -- Installing: /home/huahai/dobot_ws/install/dobot_msgs_v3/include/dobot_msgs_v3/dobot_msgs_v3/srv/detail/continue_script__traits.hpp
[70.922s] -- Installing: /home/huahai/dobot_ws/install/dobot_msgs_v3/include/dobot_msgs_v3/dobot_msgs_v3/srv/detail/tool_di__traits.hpp
[70.922s] -- Installing: /home/huahai/dobot_ws/install/dobot_msgs_v3/include/dobot_msgs_v3/dobot_msgs_v3/srv/detail/servo_p__type_support.hpp
[70.922s] -- Installing: /home/huahai/dobot_ws/install/dobot_msgs_v3/include/dobot_msgs_v3/dobot_msgs_v3/srv/detail/set_arm_orientation__builder.hpp
[70.922s] -- Installing: /home/huahai/dobot_ws/install/dobot_msgs_v3/include/dobot_msgs_v3/dobot_msgs_v3/srv/detail/stop_drag__type_support.hpp
[70.922s] -- Installing: /home/huahai/dobot_ws/install/dobot_msgs_v3/include/dobot_msgs_v3/dobot_msgs_v3/srv/detail/get_coils__traits.hpp
[70.922s] -- Installing: /home/huahai/dobot_ws/install/dobot_msgs_v3/include/dobot_msgs_v3/dobot_msgs_v3/srv/detail/rel_mov_j__builder.hpp
[70.922s] -- Installing: /home/huahai/dobot_ws/install/dobot_msgs_v3/include/dobot_msgs_v3/dobot_msgs_v3/srv/detail/set_hold_regs__builder.hpp
[70.922s] -- Installing: /home/huahai/dobot_ws/install/dobot_msgs_v3/include/dobot_msgs_v3/dobot_msgs_v3/srv/detail/speed_l__type_support.hpp
[70.922s] -- Installing: /home/huahai/dobot_ws/install/dobot_msgs_v3/include/dobot_msgs_v3/dobot_msgs_v3/srv/detail/pause__traits.hpp
[70.922s] -- Installing: /home/huahai/dobot_ws/install/dobot_msgs_v3/include/dobot_msgs_v3/dobot_msgs_v3/srv/detail/mov_l__struct.hpp
[70.922s] -- Installing: /home/huahai/dobot_ws/install/dobot_msgs_v3/include/dobot_msgs_v3/dobot_msgs_v3/srv/detail/mov_j__builder.hpp
[70.922s] -- Installing: /home/huahai/dobot_ws/install/dobot_msgs_v3/include/dobot_msgs_v3/dobot_msgs_v3/srv/detail/jump__traits.hpp
[70.923s] -- Installing: /home/huahai/dobot_ws/install/dobot_msgs_v3/include/dobot_msgs_v3/dobot_msgs_v3/srv/detail/circle__type_support.hpp
[70.923s] -- Installing: /home/huahai/dobot_ws/install/dobot_msgs_v3/include/dobot_msgs_v3/dobot_msgs_v3/srv/detail/servo_j__struct.hpp
[70.923s] -- Installing: /home/huahai/dobot_ws/install/dobot_msgs_v3/include/dobot_msgs_v3/dobot_msgs_v3/srv/detail/continue_script__builder.hpp
[70.923s] -- Installing: /home/huahai/dobot_ws/install/dobot_msgs_v3/include/dobot_msgs_v3/dobot_msgs_v3/srv/detail/mov_l__traits.hpp
[70.923s] -- Installing: /home/huahai/dobot_ws/install/dobot_msgs_v3/include/dobot_msgs_v3/dobot_msgs_v3/srv/detail/tool_do__builder.hpp
[70.923s] -- Installing: /home/huahai/dobot_ws/install/dobot_msgs_v3/include/dobot_msgs_v3/dobot_msgs_v3/srv/detail/ao_execute__builder.hpp
[70.923s] -- Installing: /home/huahai/dobot_ws/install/dobot_msgs_v3/include/dobot_msgs_v3/dobot_msgs_v3/srv/detail/rel_mov_l_user__traits.hpp
[70.923s] -- Installing: /home/huahai/dobot_ws/install/dobot_msgs_v3/include/dobot_msgs_v3/dobot_msgs_v3/srv/detail/servo_p__builder.hpp
[70.923s] -- Installing: /home/huahai/dobot_ws/install/dobot_msgs_v3/include/dobot_msgs_v3/dobot_msgs_v3/srv/detail/disable_robot__struct.hpp
[70.923s] -- Installing: /home/huahai/dobot_ws/install/dobot_msgs_v3/include/dobot_msgs_v3/dobot_msgs_v3/srv/detail/rel_mov_j__struct.hpp
[70.923s] -- Installing: /home/huahai/dobot_ws/install/dobot_msgs_v3/include/dobot_msgs_v3/dobot_msgs_v3/srv/detail/set_payload__builder.hpp
[70.923s] -- Installing: /home/huahai/dobot_ws/install/dobot_msgs_v3/include/dobot_msgs_v3/dobot_msgs_v3/srv/detail/get_angle__builder.hpp
[70.923s] -- Installing: /home/huahai/dobot_ws/install/dobot_msgs_v3/include/dobot_msgs_v3/dobot_msgs_v3/srv/detail/tool_di__builder.hpp
[70.923s] -- Installing: /home/huahai/dobot_ws/install/dobot_msgs_v3/include/dobot_msgs_v3/dobot_msgs_v3/srv/detail/servo_j__builder.hpp
[70.923s] -- Installing: /home/huahai/dobot_ws/install/dobot_msgs_v3/include/dobot_msgs_v3/dobot_msgs_v3/srv/detail/rel_mov_l_user__struct.hpp
[70.924s] -- Installing: /home/huahai/dobot_ws/install/dobot_msgs_v3/include/dobot_msgs_v3/dobot_msgs_v3/srv/detail/set_hold_regs__traits.hpp
[70.924s] -- Installing: /home/huahai/dobot_ws/install/dobot_msgs_v3/include/dobot_msgs_v3/dobot_msgs_v3/srv/detail/wait__struct.hpp
[70.924s] -- Installing: /home/huahai/dobot_ws/install/dobot_msgs_v3/include/dobot_msgs_v3/dobot_msgs_v3/srv/detail/sync_all__builder.hpp
[70.924s] -- Installing: /home/huahai/dobot_ws/install/dobot_msgs_v3/include/dobot_msgs_v3/dobot_msgs_v3/srv/detail/rel_mov_l__struct.hpp
[70.924s] -- Installing: /home/huahai/dobot_ws/install/dobot_msgs_v3/include/dobot_msgs_v3/dobot_msgs_v3/srv/detail/start_drag__type_support.hpp
[70.924s] -- Installing: /home/huahai/dobot_ws/install/dobot_msgs_v3/include/dobot_msgs_v3/dobot_msgs_v3/srv/detail/acc_l__struct.hpp
[70.924s] -- Installing: /home/huahai/dobot_ws/install/dobot_msgs_v3/include/dobot_msgs_v3/dobot_msgs_v3/srv/detail/servo_j__traits.hpp
[70.924s] -- Installing: /home/huahai/dobot_ws/install/dobot_msgs_v3/include/dobot_msgs_v3/dobot_msgs_v3/srv/detail/stop_drag__traits.hpp
[70.924s] -- Installing: /home/huahai/dobot_ws/install/dobot_msgs_v3/include/dobot_msgs_v3/dobot_msgs_v3/srv/detail/pause_script__builder.hpp
[70.924s] -- Installing: /home/huahai/dobot_ws/install/dobot_msgs_v3/include/dobot_msgs_v3/dobot_msgs_v3/srv/detail/rel_joint_mov_j__type_support.hpp
[70.924s] -- Installing: /home/huahai/dobot_ws/install/dobot_msgs_v3/include/dobot_msgs_v3/dobot_msgs_v3/srv/detail/di__struct.hpp
[70.924s] -- Installing: /home/huahai/dobot_ws/install/dobot_msgs_v3/include/dobot_msgs_v3/dobot_msgs_v3/srv/detail/speed_j__builder.hpp
[70.924s] -- Installing: /home/huahai/dobot_ws/install/dobot_msgs_v3/include/dobot_msgs_v3/dobot_msgs_v3/srv/detail/run_script__type_support.hpp
[70.924s] -- Installing: /home/huahai/dobot_ws/install/dobot_msgs_v3/include/dobot_msgs_v3/dobot_msgs_v3/srv/detail/arc__traits.hpp
[70.924s] -- Installing: /home/huahai/dobot_ws/install/dobot_msgs_v3/include/dobot_msgs_v3/dobot_msgs_v3/srv/detail/pay_load__traits.hpp
[70.925s] -- Installing: /home/huahai/dobot_ws/install/dobot_msgs_v3/include/dobot_msgs_v3/dobot_msgs_v3/srv/detail/speed_l__builder.hpp
[70.925s] -- Installing: /home/huahai/dobot_ws/install/dobot_msgs_v3/include/dobot_msgs_v3/dobot_msgs_v3/srv/detail/run_script__builder.hpp
[70.925s] -- Installing: /home/huahai/dobot_ws/install/dobot_msgs_v3/include/dobot_msgs_v3/dobot_msgs_v3/srv/detail/di__traits.hpp
[70.925s] -- Installing: /home/huahai/dobot_ws/install/dobot_msgs_v3/include/dobot_msgs_v3/dobot_msgs_v3/srv/detail/pause__builder.hpp
[70.925s] -- Installing: /home/huahai/dobot_ws/install/dobot_msgs_v3/include/dobot_msgs_v3/dobot_msgs_v3/srv/detail/get_in_bits__builder.hpp
[70.925s] -- Installing: /home/huahai/dobot_ws/install/dobot_msgs_v3/include/dobot_msgs_v3/dobot_msgs_v3/srv/detail/modbus_create__traits.hpp
[70.925s] -- Installing: /home/huahai/dobot_ws/install/dobot_msgs_v3/include/dobot_msgs_v3/dobot_msgs_v3/srv/detail/digital_outputs__struct.hpp
[70.925s] -- Installing: /home/huahai/dobot_ws/install/dobot_msgs_v3/include/dobot_msgs_v3/dobot_msgs_v3/srv/detail/set_arm_orientation__struct.hpp
[70.925s] -- Installing: /home/huahai/dobot_ws/install/dobot_msgs_v3/include/dobot_msgs_v3/dobot_msgs_v3/srv/detail/get_in_regs__builder.hpp
[70.925s] -- Installing: /home/huahai/dobot_ws/install/dobot_msgs_v3/include/dobot_msgs_v3/dobot_msgs_v3/srv/detail/pause_script__traits.hpp
[70.925s] -- Installing: /home/huahai/dobot_ws/install/dobot_msgs_v3/include/dobot_msgs_v3/dobot_msgs_v3/srv/detail/set_collision_level__builder.hpp
[70.925s] -- Installing: /home/huahai/dobot_ws/install/dobot_msgs_v3/include/dobot_msgs_v3/dobot_msgs_v3/srv/detail/start_path__type_support.hpp
[70.925s] -- Installing: /home/huahai/dobot_ws/install/dobot_msgs_v3/include/dobot_msgs_v3/dobot_msgs_v3/srv/detail/rel_mov_j_user__builder.hpp
[70.925s] -- Installing: /home/huahai/dobot_ws/install/dobot_msgs_v3/include/dobot_msgs_v3/dobot_msgs_v3/srv/detail/rel_joint_mov_j__struct.hpp
[70.926s] -- Installing: /home/huahai/dobot_ws/install/dobot_msgs_v3/include/dobot_msgs_v3/dobot_msgs_v3/srv/detail/sync__builder.hpp
[70.926s] -- Installing: /home/huahai/dobot_ws/install/dobot_msgs_v3/include/dobot_msgs_v3/dobot_msgs_v3/srv/detail/get_pose__traits.hpp
[70.926s] -- Installing: /home/huahai/dobot_ws/install/dobot_msgs_v3/include/dobot_msgs_v3/dobot_msgs_v3/srv/detail/reset_robot__traits.hpp
[70.926s] -- Installing: /home/huahai/dobot_ws/install/dobot_msgs_v3/include/dobot_msgs_v3/dobot_msgs_v3/srv/detail/arc__struct.hpp
[70.926s] -- Installing: /home/huahai/dobot_ws/install/dobot_msgs_v3/include/dobot_msgs_v3/dobot_msgs_v3/srv/detail/sync__traits.hpp
[70.926s] -- Installing: /home/huahai/dobot_ws/install/dobot_msgs_v3/include/dobot_msgs_v3/dobot_msgs_v3/srv/detail/mov_jio__builder.hpp
[70.926s] -- Installing: /home/huahai/dobot_ws/install/dobot_msgs_v3/include/dobot_msgs_v3/dobot_msgs_v3/srv/detail/pay_load__builder.hpp
[70.926s] -- Installing: /home/huahai/dobot_ws/install/dobot_msgs_v3/include/dobot_msgs_v3/dobot_msgs_v3/srv/detail/arch__type_support.hpp
[70.926s] -- Installing: /home/huahai/dobot_ws/install/dobot_msgs_v3/include/dobot_msgs_v3/dobot_msgs_v3/srv/detail/set_collision_level__struct.hpp
[70.926s] -- Installing: /home/huahai/dobot_ws/install/dobot_msgs_v3/include/dobot_msgs_v3/dobot_msgs_v3/srv/detail/get_error_id__type_support.hpp
[70.926s] -- Installing: /home/huahai/dobot_ws/install/dobot_msgs_v3/include/dobot_msgs_v3/dobot_msgs_v3/srv/detail/set_collision_level__type_support.hpp
[70.927s] -- Installing: /home/huahai/dobot_ws/install/dobot_msgs_v3/include/dobot_msgs_v3/dobot_msgs_v3/srv/detail/acc_j__traits.hpp
[70.927s] -- Installing: /home/huahai/dobot_ws/install/dobot_msgs_v3/include/dobot_msgs_v3/dobot_msgs_v3/srv/detail/wait__builder.hpp
[70.927s] -- Installing: /home/huahai/dobot_ws/install/dobot_msgs_v3/include/dobot_msgs_v3/dobot_msgs_v3/srv/detail/get_pose__struct.hpp
[70.927s] -- Installing: /home/huahai/dobot_ws/install/dobot_msgs_v3/include/dobot_msgs_v3/dobot_msgs_v3/srv/detail/circle__builder.hpp
[70.927s] -- Installing: /home/huahai/dobot_ws/install/dobot_msgs_v3/include/dobot_msgs_v3/dobot_msgs_v3/srv/detail/do_execute__struct.hpp
[70.927s] -- Installing: /home/huahai/dobot_ws/install/dobot_msgs_v3/include/dobot_msgs_v3/dobot_msgs_v3/srv/detail/acc_l__type_support.hpp
[70.927s] -- Installing: /home/huahai/dobot_ws/install/dobot_msgs_v3/include/dobot_msgs_v3/dobot_msgs_v3/srv/detail/move_jog__struct.hpp
[70.927s] -- Installing: /home/huahai/dobot_ws/install/dobot_msgs_v3/include/dobot_msgs_v3/dobot_msgs_v3/srv/detail/brake_control__type_support.hpp
[70.927s] -- Installing: /home/huahai/dobot_ws/install/dobot_msgs_v3/include/dobot_msgs_v3/dobot_msgs_v3/srv/detail/get_coils__builder.hpp
[70.927s] -- Installing: /home/huahai/dobot_ws/install/dobot_msgs_v3/include/dobot_msgs_v3/dobot_msgs_v3/srv/detail/mov_j__traits.hpp
[70.928s] -- Installing: /home/huahai/dobot_ws/install/dobot_msgs_v3/include/dobot_msgs_v3/dobot_msgs_v3/srv/detail/set_obstacle_avoid__traits.hpp
[70.928s] -- Installing: /home/huahai/dobot_ws/install/dobot_msgs_v3/include/dobot_msgs_v3/dobot_msgs_v3/srv/detail/start_path__traits.hpp
[70.928s] -- Installing: /home/huahai/dobot_ws/install/dobot_msgs_v3/include/dobot_msgs_v3/dobot_msgs_v3/srv/detail/disable_robot__builder.hpp
[70.928s] -- Installing: /home/huahai/dobot_ws/install/dobot_msgs_v3/include/dobot_msgs_v3/dobot_msgs_v3/srv/detail/speed_j__traits.hpp
[70.928s] -- Installing: /home/huahai/dobot_ws/install/dobot_msgs_v3/include/dobot_msgs_v3/dobot_msgs_v3/srv/detail/start_drag__traits.hpp
[70.928s] -- Installing: /home/huahai/dobot_ws/install/dobot_msgs_v3/include/dobot_msgs_v3/dobot_msgs_v3/srv/detail/cp__traits.hpp
[70.928s] -- Installing: /home/huahai/dobot_ws/install/dobot_msgs_v3/include/dobot_msgs_v3/dobot_msgs_v3/srv/detail/continues__struct.hpp
[70.928s] -- Installing: /home/huahai/dobot_ws/install/dobot_msgs_v3/include/dobot_msgs_v3/dobot_msgs_v3/srv/detail/rel_mov_j_user__traits.hpp
[70.928s] -- Installing: /home/huahai/dobot_ws/install/dobot_msgs_v3/include/dobot_msgs_v3/dobot_msgs_v3/srv/detail/di__type_support.hpp
[70.928s] -- Installing: /home/huahai/dobot_ws/install/dobot_msgs_v3/include/dobot_msgs_v3/dobot_msgs_v3/srv/detail/set_coils__builder.hpp
[70.928s] -- Installing: /home/huahai/dobot_ws/install/dobot_msgs_v3/include/dobot_msgs_v3/dobot_msgs_v3/srv/detail/circle__struct.hpp
[70.928s] -- Installing: /home/huahai/dobot_ws/install/dobot_msgs_v3/include/dobot_msgs_v3/dobot_msgs_v3/srv/detail/wait__traits.hpp
[70.928s] -- Installing: /home/huahai/dobot_ws/install/dobot_msgs_v3/include/dobot_msgs_v3/dobot_msgs_v3/srv/detail/inverse_solution__struct.hpp
[70.929s] -- Installing: /home/huahai/dobot_ws/install/dobot_msgs_v3/include/dobot_msgs_v3/dobot_msgs_v3/srv/detail/acc_l__builder.hpp
[70.929s] -- Installing: /home/huahai/dobot_ws/install/dobot_msgs_v3/include/dobot_msgs_v3/dobot_msgs_v3/srv/detail/positive_solution__traits.hpp
[70.929s] -- Installing: /home/huahai/dobot_ws/install/dobot_msgs_v3/include/dobot_msgs_v3/dobot_msgs_v3/srv/detail/arch__struct.hpp
[70.929s] -- Installing: /home/huahai/dobot_ws/install/dobot_msgs_v3/include/dobot_msgs_v3/dobot_msgs_v3/srv/detail/ao__builder.hpp
[70.929s] -- Installing: /home/huahai/dobot_ws/install/dobot_msgs_v3/include/dobot_msgs_v3/dobot_msgs_v3/srv/detail/tool_do__traits.hpp
[70.929s] -- Installing: /home/huahai/dobot_ws/install/dobot_msgs_v3/include/dobot_msgs_v3/dobot_msgs_v3/srv/detail/tool_do__type_support.hpp
[70.929s] -- Installing: /home/huahai/dobot_ws/install/dobot_msgs_v3/include/dobot_msgs_v3/dobot_msgs_v3/srv/detail/set_hold_regs__type_support.hpp
[70.929s] -- Installing: /home/huahai/dobot_ws/install/dobot_msgs_v3/include/dobot_msgs_v3/dobot_msgs_v3/srv/detail/move_jog__traits.hpp
[70.929s] -- Installing: /home/huahai/dobot_ws/install/dobot_msgs_v3/include/dobot_msgs_v3/dobot_msgs_v3/srv/detail/reset_robot__type_support.hpp
[70.929s] -- Installing: /home/huahai/dobot_ws/install/dobot_msgs_v3/include/dobot_msgs_v3/dobot_msgs_v3/srv/detail/mov_lio__builder.hpp
[70.929s] -- Installing: /home/huahai/dobot_ws/install/dobot_msgs_v3/include/dobot_msgs_v3/dobot_msgs_v3/srv/detail/joint_mov_j__struct.hpp
[70.929s] -- Installing: /home/huahai/dobot_ws/install/dobot_msgs_v3/include/dobot_msgs_v3/dobot_msgs_v3/srv/detail/get_hold_regs__traits.hpp
[70.929s] -- Installing: /home/huahai/dobot_ws/install/dobot_msgs_v3/include/dobot_msgs_v3/dobot_msgs_v3/srv/detail/circle__traits.hpp
[70.929s] -- Installing: /home/huahai/dobot_ws/install/dobot_msgs_v3/include/dobot_msgs_v3/dobot_msgs_v3/srv/detail/tool__type_support.hpp
[70.930s] -- Installing: /home/huahai/dobot_ws/install/dobot_msgs_v3/include/dobot_msgs_v3/dobot_msgs_v3/srv/detail/start_path__builder.hpp
[70.930s] -- Installing: /home/huahai/dobot_ws/install/dobot_msgs_v3/include/dobot_msgs_v3/dobot_msgs_v3/srv/detail/rel_mov_l_tool__builder.hpp
[70.930s] -- Installing: /home/huahai/dobot_ws/install/dobot_msgs_v3/include/dobot_msgs_v3/dobot_msgs_v3/srv/detail/tool__builder.hpp
[70.930s] -- Installing: /home/huahai/dobot_ws/install/dobot_msgs_v3/include/dobot_msgs_v3/dobot_msgs_v3/srv/detail/load_switch__type_support.hpp
[70.930s] -- Installing: /home/huahai/dobot_ws/install/dobot_msgs_v3/include/dobot_msgs_v3/dobot_msgs_v3/srv/detail/brake_control__traits.hpp
[70.930s] -- Installing: /home/huahai/dobot_ws/install/dobot_msgs_v3/include/dobot_msgs_v3/dobot_msgs_v3/srv/detail/enable_robot__type_support.hpp
[70.930s] -- Installing: /home/huahai/dobot_ws/install/dobot_msgs_v3/include/dobot_msgs_v3/dobot_msgs_v3/srv/detail/get_hold_regs__type_support.hpp
[70.930s] -- Installing: /home/huahai/dobot_ws/install/dobot_msgs_v3/include/dobot_msgs_v3/dobot_msgs_v3/srv/detail/get_angle__traits.hpp
[70.930s] -- Installing: /home/huahai/dobot_ws/install/dobot_msgs_v3/include/dobot_msgs_v3/dobot_msgs_v3/srv/detail/set_obstacle_avoid__type_support.hpp
[70.930s] -- Installing: /home/huahai/dobot_ws/install/dobot_msgs_v3/include/dobot_msgs_v3/dobot_msgs_v3/srv/detail/do__type_support.hpp
[70.930s] -- Installing: /home/huahai/dobot_ws/install/dobot_msgs_v3/include/dobot_msgs_v3/dobot_msgs_v3/srv/detail/modbus_create__struct.hpp
[70.930s] -- Installing: /home/huahai/dobot_ws/install/dobot_msgs_v3/include/dobot_msgs_v3/dobot_msgs_v3/srv/detail/speed_l__struct.hpp
[70.930s] -- Installing: /home/huahai/dobot_ws/install/dobot_msgs_v3/include/dobot_msgs_v3/dobot_msgs_v3/srv/detail/emergency_stop__traits.hpp
[70.930s] -- Installing: /home/huahai/dobot_ws/install/dobot_msgs_v3/include/dobot_msgs_v3/dobot_msgs_v3/srv/detail/start_fc_trace__traits.hpp
[70.931s] -- Installing: /home/huahai/dobot_ws/install/dobot_msgs_v3/include/dobot_msgs_v3/dobot_msgs_v3/srv/detail/ao_execute__traits.hpp
[70.931s] -- Installing: /home/huahai/dobot_ws/install/dobot_msgs_v3/include/dobot_msgs_v3/dobot_msgs_v3/srv/detail/wait__type_support.hpp
[70.931s] -- Installing: /home/huahai/dobot_ws/install/dobot_msgs_v3/include/dobot_msgs_v3/dobot_msgs_v3/srv/detail/get_coils__struct.hpp
[70.931s] -- Installing: /home/huahai/dobot_ws/install/dobot_msgs_v3/include/dobot_msgs_v3/dobot_msgs_v3/srv/detail/mov_jio__traits.hpp
[70.931s] -- Installing: /home/huahai/dobot_ws/install/dobot_msgs_v3/include/dobot_msgs_v3/dobot_msgs_v3/srv/detail/continue_script__struct.hpp
[70.931s] -- Installing: /home/huahai/dobot_ws/install/dobot_msgs_v3/include/dobot_msgs_v3/dobot_msgs_v3/srv/detail/continues__traits.hpp
[70.931s] -- Installing: /home/huahai/dobot_ws/install/dobot_msgs_v3/include/dobot_msgs_v3/dobot_msgs_v3/srv/detail/mov_j__type_support.hpp
[70.931s] -- Installing: /home/huahai/dobot_ws/install/dobot_msgs_v3/include/dobot_msgs_v3/dobot_msgs_v3/srv/detail/stop_script__builder.hpp
[70.931s] -- Installing: /home/huahai/dobot_ws/install/dobot_msgs_v3/include/dobot_msgs_v3/dobot_msgs_v3/srv/detail/pause__type_support.hpp
[70.931s] -- Installing: /home/huahai/dobot_ws/install/dobot_msgs_v3/include/dobot_msgs_v3/dobot_msgs_v3/srv/detail/do__traits.hpp
[70.931s] -- Installing: /home/huahai/dobot_ws/install/dobot_msgs_v3/include/dobot_msgs_v3/dobot_msgs_v3/srv/detail/get_angle__struct.hpp
[70.931s] -- Installing: /home/huahai/dobot_ws/install/dobot_msgs_v3/include/dobot_msgs_v3/dobot_msgs_v3/srv/detail/emergency_stop__type_support.hpp
[70.931s] -- Installing: /home/huahai/dobot_ws/install/dobot_msgs_v3/include/dobot_msgs_v3/dobot_msgs_v3/srv/detail/arch__builder.hpp
[70.932s] -- Installing: /home/huahai/dobot_ws/install/dobot_msgs_v3/include/dobot_msgs_v3/dobot_msgs_v3/srv/detail/do_group__traits.hpp
[70.932s] -- Installing: /home/huahai/dobot_ws/install/dobot_msgs_v3/include/dobot_msgs_v3/dobot_msgs_v3/srv/detail/ao__traits.hpp
[70.932s] -- Installing: /home/huahai/dobot_ws/install/dobot_msgs_v3/include/dobot_msgs_v3/dobot_msgs_v3/srv/detail/run_script__struct.hpp
[70.932s] -- Installing: /home/huahai/dobot_ws/install/dobot_msgs_v3/include/dobot_msgs_v3/dobot_msgs_v3/srv/detail/rel_mov_l_tool__type_support.hpp
[70.932s] -- Installing: /home/huahai/dobot_ws/install/dobot_msgs_v3/include/dobot_msgs_v3/dobot_msgs_v3/srv/detail/joint_mov_j__type_support.hpp
[70.932s] -- Installing: /home/huahai/dobot_ws/install/dobot_msgs_v3/include/dobot_msgs_v3/dobot_msgs_v3/srv/detail/di__builder.hpp
[70.932s] -- Installing: /home/huahai/dobot_ws/install/dobot_msgs_v3/include/dobot_msgs_v3/dobot_msgs_v3/srv/detail/sync__struct.hpp
[70.932s] -- Installing: /home/huahai/dobot_ws/install/dobot_msgs_v3/include/dobot_msgs_v3/dobot_msgs_v3/srv/detail/servo_p__struct.hpp
[70.932s] -- Installing: /home/huahai/dobot_ws/install/dobot_msgs_v3/include/dobot_msgs_v3/dobot_msgs_v3/srv/detail/stop_script__traits.hpp
[70.933s] -- Installing: /home/huahai/dobot_ws/install/dobot_msgs_v3/include/dobot_msgs_v3/dobot_msgs_v3/srv/detail/robot_mode__traits.hpp
[70.933s] -- Installing: /home/huahai/dobot_ws/install/dobot_msgs_v3/include/dobot_msgs_v3/dobot_msgs_v3/srv/detail/get_in_bits__type_support.hpp
[70.933s] -- Installing: /home/huahai/dobot_ws/install/dobot_msgs_v3/include/dobot_msgs_v3/dobot_msgs_v3/srv/detail/jump__type_support.hpp
[70.933s] -- Installing: /home/huahai/dobot_ws/install/dobot_msgs_v3/include/dobot_msgs_v3/dobot_msgs_v3/srv/detail/sync_all__struct.hpp
[70.933s] -- Installing: /home/huahai/dobot_ws/install/dobot_msgs_v3/include/dobot_msgs_v3/dobot_msgs_v3/srv/detail/user__traits.hpp
[70.933s] -- Installing: /home/huahai/dobot_ws/install/dobot_msgs_v3/include/dobot_msgs_v3/dobot_msgs_v3/srv/detail/do_execute__type_support.hpp
[70.934s] -- Installing: /home/huahai/dobot_ws/install/dobot_msgs_v3/include/dobot_msgs_v3/dobot_msgs_v3/srv/detail/user__builder.hpp
[70.934s] -- Installing: /home/huahai/dobot_ws/install/dobot_msgs_v3/include/dobot_msgs_v3/dobot_msgs_v3/srv/detail/set_obstacle_avoid__struct.hpp
[70.934s] -- Installing: /home/huahai/dobot_ws/install/dobot_msgs_v3/include/dobot_msgs_v3/dobot_msgs_v3/srv/detail/disable_robot__type_support.hpp
[70.934s] -- Installing: /home/huahai/dobot_ws/install/dobot_msgs_v3/include/dobot_msgs_v3/dobot_msgs_v3/srv/detail/load_switch__builder.hpp
[70.934s] -- Installing: /home/huahai/dobot_ws/install/dobot_msgs_v3/include/dobot_msgs_v3/dobot_msgs_v3/srv/detail/rel_mov_l_tool__traits.hpp
[70.934s] -- Installing: /home/huahai/dobot_ws/install/dobot_msgs_v3/include/dobot_msgs_v3/dobot_msgs_v3/srv/detail/speed_factor__type_support.hpp
[70.934s] -- Installing: /home/huahai/dobot_ws/install/dobot_msgs_v3/include/dobot_msgs_v3/dobot_msgs_v3/srv/detail/mov_jio__type_support.hpp
[70.934s] -- Installing: /home/huahai/dobot_ws/install/dobot_msgs_v3/include/dobot_msgs_v3/dobot_msgs_v3/srv/detail/set_safe_skin__traits.hpp
[70.934s] -- Installing: /home/huahai/dobot_ws/install/dobot_msgs_v3/include/dobot_msgs_v3/dobot_msgs_v3/srv/detail/jump__builder.hpp
[70.934s] -- Installing: /home/huahai/dobot_ws/install/dobot_msgs_v3/include/dobot_msgs_v3/dobot_msgs_v3/srv/detail/rel_mov_l__traits.hpp
[70.934s] -- Installing: /home/huahai/dobot_ws/install/dobot_msgs_v3/include/dobot_msgs_v3/dobot_msgs_v3/srv/detail/lim_z__builder.hpp
[70.934s] -- Installing: /home/huahai/dobot_ws/install/dobot_msgs_v3/include/dobot_msgs_v3/dobot_msgs_v3/srv/detail/inverse_solution__builder.hpp
[70.934s] -- Installing: /home/huahai/dobot_ws/install/dobot_msgs_v3/include/dobot_msgs_v3/dobot_msgs_v3/srv/detail/ao_execute__struct.hpp
[70.934s] -- Installing: /home/huahai/dobot_ws/install/dobot_msgs_v3/include/dobot_msgs_v3/dobot_msgs_v3/srv/detail/get_hold_regs__builder.hpp
[70.934s] -- Installing: /home/huahai/dobot_ws/install/dobot_msgs_v3/include/dobot_msgs_v3/dobot_msgs_v3/srv/detail/pay_load__type_support.hpp
[70.934s] -- Installing: /home/huahai/dobot_ws/install/dobot_msgs_v3/include/dobot_msgs_v3/dobot_msgs_v3/srv/detail/tool_do_execute__builder.hpp
[70.934s] -- Installing: /home/huahai/dobot_ws/install/dobot_msgs_v3/include/dobot_msgs_v3/dobot_msgs_v3/srv/detail/load_switch__traits.hpp
[70.934s] -- Installing: /home/huahai/dobot_ws/install/dobot_msgs_v3/include/dobot_msgs_v3/dobot_msgs_v3/srv/detail/set_safe_skin__struct.hpp
[70.934s] -- Installing: /home/huahai/dobot_ws/install/dobot_msgs_v3/include/dobot_msgs_v3/dobot_msgs_v3/srv/detail/inverse_solution__traits.hpp
[70.934s] -- Installing: /home/huahai/dobot_ws/install/dobot_msgs_v3/include/dobot_msgs_v3/dobot_msgs_v3/srv/detail/get_hold_regs__struct.hpp
[70.934s] -- Installing: /home/huahai/dobot_ws/install/dobot_msgs_v3/include/dobot_msgs_v3/dobot_msgs_v3/srv/detail/start_trace__builder.hpp
[70.934s] -- Installing: /home/huahai/dobot_ws/install/dobot_msgs_v3/include/dobot_msgs_v3/dobot_msgs_v3/srv/detail/rel_mov_j_tool__type_support.hpp
[70.934s] -- Installing: /home/huahai/dobot_ws/install/dobot_msgs_v3/include/dobot_msgs_v3/dobot_msgs_v3/srv/detail/mov_j__struct.hpp
[70.934s] -- Installing: /home/huahai/dobot_ws/install/dobot_msgs_v3/include/dobot_msgs_v3/dobot_msgs_v3/srv/detail/servo_j__type_support.hpp
[70.934s] -- Installing: /home/huahai/dobot_ws/install/dobot_msgs_v3/include/dobot_msgs_v3/dobot_msgs_v3/srv/detail/speed_factor__struct.hpp
[70.934s] -- Installing: /home/huahai/dobot_ws/install/dobot_msgs_v3/include/dobot_msgs_v3/dobot_msgs_v3/srv/detail/cp__builder.hpp
[70.934s] -- Installing: /home/huahai/dobot_ws/install/dobot_msgs_v3/include/dobot_msgs_v3/dobot_msgs_v3/srv/detail/joint_mov_j__traits.hpp
[70.935s] -- Installing: /home/huahai/dobot_ws/install/dobot_msgs_v3/include/dobot_msgs_v3/dobot_msgs_v3/srv/detail/rel_mov_j_tool__traits.hpp
[70.935s] -- Installing: /home/huahai/dobot_ws/install/dobot_msgs_v3/include/dobot_msgs_v3/dobot_msgs_v3/srv/detail/set_payload__traits.hpp
[70.935s] -- Installing: /home/huahai/dobot_ws/install/dobot_msgs_v3/include/dobot_msgs_v3/dobot_msgs_v3/srv/detail/set_arm_orientation__type_support.hpp
[70.935s] -- Installing: /home/huahai/dobot_ws/install/dobot_msgs_v3/include/dobot_msgs_v3/dobot_msgs_v3/srv/detail/rel_joint_mov_j__builder.hpp
[70.935s] -- Installing: /home/huahai/dobot_ws/install/dobot_msgs_v3/include/dobot_msgs_v3/dobot_msgs_v3/srv/detail/ao__type_support.hpp
[70.935s] -- Installing: /home/huahai/dobot_ws/install/dobot_msgs_v3/include/dobot_msgs_v3/dobot_msgs_v3/srv/detail/modbus_create__builder.hpp
[70.935s] -- Installing: /home/huahai/dobot_ws/install/dobot_msgs_v3/include/dobot_msgs_v3/dobot_msgs_v3/srv/detail/acc_j__type_support.hpp
[70.935s] -- Installing: /home/huahai/dobot_ws/install/dobot_msgs_v3/include/dobot_msgs_v3/dobot_msgs_v3/srv/detail/get_coils__type_support.hpp
[70.935s] -- Installing: /home/huahai/dobot_ws/install/dobot_msgs_v3/include/dobot_msgs_v3/dobot_msgs_v3/srv/detail/stopmove_jog__struct.hpp
[70.935s] -- Installing: /home/huahai/dobot_ws/install/dobot_msgs_v3/include/dobot_msgs_v3/dobot_msgs_v3/srv/detail/mov_l__type_support.hpp
[70.935s] -- Installing: /home/huahai/dobot_ws/install/dobot_msgs_v3/include/dobot_msgs_v3/dobot_msgs_v3/srv/detail/get_angle__type_support.hpp
[70.935s] -- Installing: /home/huahai/dobot_ws/install/dobot_msgs_v3/include/dobot_msgs_v3/dobot_msgs_v3/srv/detail/start_fc_trace__struct.hpp
[70.935s] -- Installing: /home/huahai/dobot_ws/install/dobot_msgs_v3/include/dobot_msgs_v3/dobot_msgs_v3/srv/detail/tool_di__struct.hpp
[70.935s] -- Installing: /home/huahai/dobot_ws/install/dobot_msgs_v3/include/dobot_msgs_v3/dobot_msgs_v3/srv/detail/set_coils__type_support.hpp
[70.935s] -- Installing: /home/huahai/dobot_ws/install/dobot_msgs_v3/include/dobot_msgs_v3/dobot_msgs_v3/srv/detail/reset_robot__struct.hpp
[70.935s] -- Installing: /home/huahai/dobot_ws/install/dobot_msgs_v3/include/dobot_msgs_v3/dobot_msgs_v3/srv/detail/joint_mov_j__builder.hpp
[70.935s] -- Installing: /home/huahai/dobot_ws/install/dobot_msgs_v3/include/dobot_msgs_v3/dobot_msgs_v3/srv/detail/set_payload__struct.hpp
[70.935s] -- Installing: /home/huahai/dobot_ws/install/dobot_msgs_v3/include/dobot_msgs_v3/dobot_msgs_v3/srv/detail/cp__type_support.hpp
[70.935s] -- Installing: /home/huahai/dobot_ws/install/dobot_msgs_v3/include/dobot_msgs_v3/dobot_msgs_v3/srv/detail/set_safe_skin__type_support.hpp
[70.936s] -- Installing: /home/huahai/dobot_ws/install/dobot_msgs_v3/include/dobot_msgs_v3/dobot_msgs_v3/srv/detail/reset_robot__builder.hpp
[70.936s] -- Installing: /home/huahai/dobot_ws/install/dobot_msgs_v3/include/dobot_msgs_v3/dobot_msgs_v3/srv/detail/speed_factor__builder.hpp
[70.936s] -- Installing: /home/huahai/dobot_ws/install/dobot_msgs_v3/include/dobot_msgs_v3/dobot_msgs_v3/srv/detail/robot_mode__struct.hpp
[70.936s] -- Installing: /home/huahai/dobot_ws/install/dobot_msgs_v3/include/dobot_msgs_v3/dobot_msgs_v3/srv/detail/speed_factor__traits.hpp
[70.936s] -- Installing: /home/huahai/dobot_ws/install/dobot_msgs_v3/include/dobot_msgs_v3/dobot_msgs_v3/srv/detail/set_obstacle_avoid__builder.hpp
[70.936s] -- Installing: /home/huahai/dobot_ws/install/dobot_msgs_v3/include/dobot_msgs_v3/dobot_msgs_v3/srv/detail/ao_execute__type_support.hpp
[70.936s] -- Installing: /home/huahai/dobot_ws/install/dobot_msgs_v3/include/dobot_msgs_v3/dobot_msgs_v3/srv/detail/set_hold_regs__struct.hpp
[70.936s] -- Installing: /home/huahai/dobot_ws/install/dobot_msgs_v3/include/dobot_msgs_v3/dobot_msgs_v3/srv/detail/digital_outputs__builder.hpp
[70.936s] -- Installing: /home/huahai/dobot_ws/install/dobot_msgs_v3/include/dobot_msgs_v3/dobot_msgs_v3/srv/detail/cp__struct.hpp
[70.936s] -- Installing: /home/huahai/dobot_ws/install/dobot_msgs_v3/include/dobot_msgs_v3/dobot_msgs_v3/srv/detail/robot_mode__builder.hpp
[70.936s] -- Installing: /home/huahai/dobot_ws/install/dobot_msgs_v3/include/dobot_msgs_v3/dobot_msgs_v3/srv/detail/modbus_close__type_support.hpp
[70.936s] -- Installing: /home/huahai/dobot_ws/install/dobot_msgs_v3/include/dobot_msgs_v3/dobot_msgs_v3/srv/detail/clear_error__type_support.hpp
[70.936s] -- Installing: /home/huahai/dobot_ws/install/dobot_msgs_v3/include/dobot_msgs_v3/dobot_msgs_v3/srv/detail/pause_script__type_support.hpp
[70.936s] -- Installing: /home/huahai/dobot_ws/install/dobot_msgs_v3/include/dobot_msgs_v3/dobot_msgs_v3/srv/detail/set_collision_level__traits.hpp
[70.936s] -- Installing: /home/huahai/dobot_ws/install/dobot_msgs_v3/include/dobot_msgs_v3/dobot_msgs_v3/srv/detail/pay_load__struct.hpp
[70.936s] -- Installing: /home/huahai/dobot_ws/install/dobot_msgs_v3/include/dobot_msgs_v3/dobot_msgs_v3/srv/detail/stopmove_jog__type_support.hpp
[70.936s] -- Installing: /home/huahai/dobot_ws/install/dobot_msgs_v3/include/dobot_msgs_v3/dobot_msgs_v3/srv/detail/set_coils__traits.hpp
[70.936s] -- Installing: /home/huahai/dobot_ws/install/dobot_msgs_v3/include/dobot_msgs_v3/dobot_msgs_v3/srv/detail/rel_mov_j_tool__struct.hpp
[70.936s] -- Installing: /home/huahai/dobot_ws/install/dobot_msgs_v3/include/dobot_msgs_v3/dobot_msgs_v3/srv/detail/rel_joint_mov_j__traits.hpp
[70.937s] -- Installing: /home/huahai/dobot_ws/install/dobot_msgs_v3/include/dobot_msgs_v3/dobot_msgs_v3/srv/detail/rel_mov_j_tool__builder.hpp
[70.937s] -- Installing: /home/huahai/dobot_ws/install/dobot_msgs_v3/include/dobot_msgs_v3/dobot_msgs_v3/srv/detail/rel_mov_l_user__type_support.hpp
[70.937s] -- Installing: /home/huahai/dobot_ws/install/dobot_msgs_v3/include/dobot_msgs_v3/dobot_msgs_v3/srv/detail/tool_do_execute__struct.hpp
[70.937s] -- Installing: /home/huahai/dobot_ws/install/dobot_msgs_v3/include/dobot_msgs_v3/dobot_msgs_v3/srv/detail/get_in_bits__traits.hpp
[70.937s] -- Installing: /home/huahai/dobot_ws/install/dobot_msgs_v3/include/dobot_msgs_v3/dobot_msgs_v3/srv/detail/rel_mov_l__builder.hpp
[70.937s] -- Installing: /home/huahai/dobot_ws/install/dobot_msgs_v3/include/dobot_msgs_v3/dobot_msgs_v3/srv/detail/start_trace__type_support.hpp
[70.937s] -- Installing: /home/huahai/dobot_ws/install/dobot_msgs_v3/include/dobot_msgs_v3/dobot_msgs_v3/srv/detail/positive_solution__type_support.hpp
[70.937s] -- Installing: /home/huahai/dobot_ws/install/dobot_msgs_v3/include/dobot_msgs_v3/dobot_msgs_v3/srv/detail/speed_l__traits.hpp
[70.937s] -- Installing: /home/huahai/dobot_ws/install/dobot_msgs_v3/include/dobot_msgs_v3/dobot_msgs_v3/srv/detail/enable_robot__traits.hpp
[70.937s] -- Installing: /home/huahai/dobot_ws/install/dobot_msgs_v3/include/dobot_msgs_v3/dobot_msgs_v3/srv/detail/move_jog__type_support.hpp
[70.937s] -- Installing: /home/huahai/dobot_ws/install/dobot_msgs_v3/include/dobot_msgs_v3/dobot_msgs_v3/srv/detail/do__struct.hpp
[70.937s] -- Installing: /home/huahai/dobot_ws/install/dobot_msgs_v3/include/dobot_msgs_v3/dobot_msgs_v3/srv/detail/clear_error__traits.hpp
[70.937s] -- Installing: /home/huahai/dobot_ws/install/dobot_msgs_v3/include/dobot_msgs_v3/dobot_msgs_v3/srv/detail/get_in_regs__type_support.hpp
[70.938s] -- Installing: /home/huahai/dobot_ws/install/dobot_msgs_v3/include/dobot_msgs_v3/dobot_msgs_v3/srv/detail/tool__traits.hpp
[70.938s] -- Installing: /home/huahai/dobot_ws/install/dobot_msgs_v3/include/dobot_msgs_v3/dobot_msgs_v3/srv/detail/get_pose__type_support.hpp
[70.938s] -- Installing: /home/huahai/dobot_ws/install/dobot_msgs_v3/include/dobot_msgs_v3/dobot_msgs_v3/srv/detail/stop_script__struct.hpp
[70.938s] -- Installing: /home/huahai/dobot_ws/install/dobot_msgs_v3/include/dobot_msgs_v3/dobot_msgs_v3/srv/detail/stop_script__type_support.hpp
[70.938s] -- Installing: /home/huahai/dobot_ws/install/dobot_msgs_v3/include/dobot_msgs_v3/dobot_msgs_v3/srv/detail/power_on__builder.hpp
[70.938s] -- Installing: /home/huahai/dobot_ws/install/dobot_msgs_v3/include/dobot_msgs_v3/dobot_msgs_v3/srv/detail/ao__struct.hpp
[70.938s] -- Installing: /home/huahai/dobot_ws/install/dobot_msgs_v3/include/dobot_msgs_v3/dobot_msgs_v3/srv/detail/modbus_close__struct.hpp
[70.938s] -- Installing: /home/huahai/dobot_ws/install/dobot_msgs_v3/include/dobot_msgs_v3/dobot_msgs_v3/srv/detail/mov_lio__traits.hpp
[70.938s] -- Installing: /home/huahai/dobot_ws/install/dobot_msgs_v3/include/dobot_msgs_v3/dobot_msgs_v3/srv/detail/continues__type_support.hpp
[70.938s] -- Installing: /home/huahai/dobot_ws/install/dobot_msgs_v3/include/dobot_msgs_v3/dobot_msgs_v3/srv/detail/acc_j__builder.hpp
[70.938s] -- Installing: /home/huahai/dobot_ws/install/dobot_msgs_v3/include/dobot_msgs_v3/dobot_msgs_v3/srv/detail/clear_error__struct.hpp
[70.938s] -- Installing: /home/huahai/dobot_ws/install/dobot_msgs_v3/include/dobot_msgs_v3/dobot_msgs_v3/srv/detail/lim_z__type_support.hpp
[70.938s] -- Installing: /home/huahai/dobot_ws/install/dobot_msgs_v3/include/dobot_msgs_v3/dobot_msgs_v3/srv/detail/mov_j_ext__builder.hpp
[70.938s] -- Installing: /home/huahai/dobot_ws/install/dobot_msgs_v3/include/dobot_msgs_v3/dobot_msgs_v3/srv/detail/stopmove_jog__builder.hpp
[70.938s] -- Installing: /home/huahai/dobot_ws/install/dobot_msgs_v3/include/dobot_msgs_v3/dobot_msgs_v3/srv/detail/inverse_solution__type_support.hpp
[70.938s] -- Installing: /home/huahai/dobot_ws/install/dobot_msgs_v3/include/dobot_msgs_v3/dobot_msgs_v3/srv/detail/servo_p__traits.hpp
[70.939s] -- Installing: /home/huahai/dobot_ws/install/dobot_msgs_v3/include/dobot_msgs_v3/dobot_msgs_v3/srv/detail/disable_robot__traits.hpp
[70.939s] -- Installing: /home/huahai/dobot_ws/install/dobot_msgs_v3/include/dobot_msgs_v3/dobot_msgs_v3/srv/detail/tool_do__struct.hpp
[70.939s] -- Installing: /home/huahai/dobot_ws/install/dobot_msgs_v3/include/dobot_msgs_v3/dobot_msgs_v3/srv/detail/pause__struct.hpp
[70.939s] -- Installing: /home/huahai/dobot_ws/install/dobot_msgs_v3/include/dobot_msgs_v3/dobot_msgs_v3/srv/detail/tool_di__type_support.hpp
[70.939s] -- Installing: /home/huahai/dobot_ws/install/dobot_msgs_v3/include/dobot_msgs_v3/dobot_msgs_v3/srv/detail/modbus_close__builder.hpp
[70.939s] -- Installing: /home/huahai/dobot_ws/install/dobot_msgs_v3/include/dobot_msgs_v3/dobot_msgs_v3/srv/detail/speed_j__type_support.hpp
[70.939s] -- Installing: /home/huahai/dobot_ws/install/dobot_msgs_v3/include/dobot_msgs_v3/dobot_msgs_v3/srv/detail/emergency_stop__builder.hpp
[70.939s] -- Installing: /home/huahai/dobot_ws/install/dobot_msgs_v3/include/dobot_msgs_v3/dobot_msgs_v3/srv/detail/arc__builder.hpp
[70.939s] -- Installing: /home/huahai/dobot_ws/install/dobot_msgs_v3/include/dobot_msgs_v3/dobot_msgs_v3/srv/detail/get_error_id__struct.hpp
[70.940s] -- Installing: /home/huahai/dobot_ws/install/dobot_msgs_v3/include/dobot_msgs_v3/dobot_msgs_v3/srv/detail/power_on__type_support.hpp
[70.940s] -- Installing: /home/huahai/dobot_ws/install/dobot_msgs_v3/include/dobot_msgs_v3/dobot_msgs_v3/srv/detail/enable_robot__struct.hpp
[70.940s] -- Installing: /home/huahai/dobot_ws/install/dobot_msgs_v3/include/dobot_msgs_v3/dobot_msgs_v3/srv/detail/load_switch__struct.hpp
[70.940s] -- Installing: /home/huahai/dobot_ws/install/dobot_msgs_v3/include/dobot_msgs_v3/dobot_msgs_v3/srv/detail/power_on__struct.hpp
[70.940s] -- Installing: /home/huahai/dobot_ws/install/dobot_msgs_v3/include/dobot_msgs_v3/dobot_msgs_v3/srv/detail/continues__builder.hpp
[70.940s] -- Installing: /home/huahai/dobot_ws/install/dobot_msgs_v3/include/dobot_msgs_v3/dobot_msgs_v3/srv/detail/jump__struct.hpp
[70.940s] -- Installing: /home/huahai/dobot_ws/install/dobot_msgs_v3/include/dobot_msgs_v3/dobot_msgs_v3/srv/detail/start_trace__struct.hpp
[70.940s] -- Installing: /home/huahai/dobot_ws/install/dobot_msgs_v3/include/dobot_msgs_v3/dobot_msgs_v3/srv/detail/arch__traits.hpp
[70.940s] -- Installing: /home/huahai/dobot_ws/install/dobot_msgs_v3/include/dobot_msgs_v3/dobot_msgs_v3/srv/detail/rel_mov_l__type_support.hpp
[70.940s] -- Installing: /home/huahai/dobot_ws/install/dobot_msgs_v3/include/dobot_msgs_v3/dobot_msgs_v3/srv/detail/start_drag__struct.hpp
[70.940s] -- Installing: /home/huahai/dobot_ws/install/dobot_msgs_v3/include/dobot_msgs_v3/dobot_msgs_v3/srv/detail/clear_error__builder.hpp
[70.940s] -- Installing: /home/huahai/dobot_ws/install/dobot_msgs_v3/include/dobot_msgs_v3/dobot_msgs_v3/srv/detail/rel_mov_j_user__type_support.hpp
[70.941s] -- Installing: /home/huahai/dobot_ws/install/dobot_msgs_v3/include/dobot_msgs_v3/dobot_msgs_v3/srv/detail/mov_j_ext__type_support.hpp
[70.941s] -- Installing: /home/huahai/dobot_ws/install/dobot_msgs_v3/include/dobot_msgs_v3/dobot_msgs_v3/srv/detail/start_drag__builder.hpp
[70.941s] -- Installing: /home/huahai/dobot_ws/install/dobot_msgs_v3/include/dobot_msgs_v3/dobot_msgs_v3/srv/detail/get_error_id__traits.hpp
[70.941s] -- Installing: /home/huahai/dobot_ws/install/dobot_msgs_v3/include/dobot_msgs_v3/dobot_msgs_v3/srv/detail/emergency_stop__struct.hpp
[70.941s] -- Installing: /home/huahai/dobot_ws/install/dobot_msgs_v3/include/dobot_msgs_v3/dobot_msgs_v3/srv/detail/set_payload__type_support.hpp
[70.941s] -- Installing: /home/huahai/dobot_ws/install/dobot_msgs_v3/include/dobot_msgs_v3/dobot_msgs_v3/srv/detail/sync_all__type_support.hpp
[70.941s] -- Installing: /home/huahai/dobot_ws/install/dobot_msgs_v3/include/dobot_msgs_v3/dobot_msgs_v3/srv/detail/rel_mov_j__traits.hpp
[70.942s] -- Installing: /home/huahai/dobot_ws/install/dobot_msgs_v3/include/dobot_msgs_v3/dobot_msgs_v3/srv/detail/power_on__traits.hpp
[70.942s] -- Installing: /home/huahai/dobot_ws/install/dobot_msgs_v3/include/dobot_msgs_v3/dobot_msgs_v3/srv/detail/stopmove_jog__traits.hpp
[70.942s] -- Installing: /home/huahai/dobot_ws/install/dobot_msgs_v3/include/dobot_msgs_v3/dobot_msgs_v3/srv/detail/digital_outputs__traits.hpp
[70.942s] -- Installing: /home/huahai/dobot_ws/install/dobot_msgs_v3/include/dobot_msgs_v3/dobot_msgs_v3/srv/detail/mov_jio__struct.hpp
[70.942s] -- Installing: /home/huahai/dobot_ws/install/dobot_msgs_v3/include/dobot_msgs_v3/dobot_msgs_v3/srv/detail/robot_mode__type_support.hpp
[70.942s] -- Installing: /home/huahai/dobot_ws/install/dobot_msgs_v3/include/dobot_msgs_v3/dobot_msgs_v3/srv/detail/mov_j_ext__traits.hpp
[70.942s] -- Installing: /home/huahai/dobot_ws/install/dobot_msgs_v3/include/dobot_msgs_v3/dobot_msgs_v3/srv/detail/set_arm_orientation__traits.hpp
[70.942s] -- Installing: /home/huahai/dobot_ws/install/dobot_msgs_v3/include/dobot_msgs_v3/dobot_msgs_v3/srv/detail/brake_control__struct.hpp
[70.942s] -- Installing: /home/huahai/dobot_ws/install/dobot_msgs_v3/include/dobot_msgs_v3/dobot_msgs_v3/srv/detail/user__struct.hpp
[70.942s] -- Installing: /home/huahai/dobot_ws/install/dobot_msgs_v3/include/dobot_msgs_v3/dobot_msgs_v3/srv/detail/get_in_regs__struct.hpp
[70.942s] -- Installing: /home/huahai/dobot_ws/install/dobot_msgs_v3/include/dobot_msgs_v3/dobot_msgs_v3/srv/detail/get_pose__builder.hpp
[70.942s] -- Installing: /home/huahai/dobot_ws/install/dobot_msgs_v3/include/dobot_msgs_v3/dobot_msgs_v3/srv/detail/move_jog__builder.hpp
[70.942s] -- Installing: /home/huahai/dobot_ws/install/dobot_msgs_v3/include/dobot_msgs_v3/dobot_msgs_v3/srv/detail/lim_z__traits.hpp
[70.943s] -- Installing: /home/huahai/dobot_ws/install/dobot_msgs_v3/include/dobot_msgs_v3/dobot_msgs_v3/srv/detail/positive_solution__struct.hpp
[70.943s] -- Installing: /home/huahai/dobot_ws/install/dobot_msgs_v3/include/dobot_msgs_v3/dobot_msgs_v3/srv/detail/do_group__type_support.hpp
[70.943s] -- Installing: /home/huahai/dobot_ws/install/dobot_msgs_v3/include/dobot_msgs_v3/dobot_msgs_v3/srv/detail/mov_l__builder.hpp
[70.943s] -- Installing: /home/huahai/dobot_ws/install/dobot_msgs_v3/include/dobot_msgs_v3/dobot_msgs_v3/srv/detail/start_fc_trace__builder.hpp
[70.943s] -- Installing: /home/huahai/dobot_ws/install/dobot_msgs_v3/include/dobot_msgs_v3/dobot_msgs_v3/srv/detail/do_execute__traits.hpp
[70.943s] -- Installing: /home/huahai/dobot_ws/install/dobot_msgs_v3/include/dobot_msgs_v3/dobot_msgs_v3/srv/detail/acc_l__traits.hpp
[70.943s] -- Installing: /home/huahai/dobot_ws/install/dobot_msgs_v3/include/dobot_msgs_v3/dobot_msgs_v3/srv/detail/pause_script__struct.hpp
[70.943s] -- Installing: /home/huahai/dobot_ws/install/dobot_msgs_v3/include/dobot_msgs_v3/dobot_msgs_v3/srv/detail/start_trace__traits.hpp
[70.943s] -- Installing: /home/huahai/dobot_ws/install/dobot_msgs_v3/include/dobot_msgs_v3/dobot_msgs_v3/srv/detail/tool_do_execute__type_support.hpp
[70.943s] -- Installing: /home/huahai/dobot_ws/install/dobot_msgs_v3/include/dobot_msgs_v3/dobot_msgs_v3/srv/detail/do__builder.hpp
[70.943s] -- Installing: /home/huahai/dobot_ws/install/dobot_msgs_v3/include/dobot_msgs_v3/dobot_msgs_v3/srv/detail/start_path__struct.hpp
[70.943s] -- Installing: /home/huahai/dobot_ws/install/dobot_msgs_v3/include/dobot_msgs_v3/dobot_msgs_v3/srv/detail/user__type_support.hpp
[70.943s] -- Installing: /home/huahai/dobot_ws/install/dobot_msgs_v3/include/dobot_msgs_v3/dobot_msgs_v3/srv/detail/arc__type_support.hpp
[70.944s] -- Installing: /home/huahai/dobot_ws/install/dobot_msgs_v3/include/dobot_msgs_v3/dobot_msgs_v3/srv/detail/start_fc_trace__type_support.hpp
[70.944s] -- Installing: /home/huahai/dobot_ws/install/dobot_msgs_v3/include/dobot_msgs_v3/dobot_msgs_v3/srv/detail/rel_mov_j_user__struct.hpp
[70.944s] -- Installing: /home/huahai/dobot_ws/install/dobot_msgs_v3/include/dobot_msgs_v3/dobot_msgs_v3/srv/detail/rel_mov_l_tool__struct.hpp
[70.944s] -- Installing: /home/huahai/dobot_ws/install/dobot_msgs_v3/include/dobot_msgs_v3/dobot_msgs_v3/srv/detail/mov_j_ext__struct.hpp
[70.944s] -- Installing: /home/huahai/dobot_ws/install/dobot_msgs_v3/include/dobot_msgs_v3/dobot_msgs_v3/srv/detail/set_safe_skin__builder.hpp
[70.944s] -- Installing: /home/huahai/dobot_ws/install/dobot_msgs_v3/include/dobot_msgs_v3/dobot_msgs_v3/srv/detail/enable_robot__builder.hpp
[70.944s] -- Installing: /home/huahai/dobot_ws/install/dobot_msgs_v3/include/dobot_msgs_v3/dobot_msgs_v3/srv/detail/lim_z__struct.hpp
[70.944s] -- Installing: /home/huahai/dobot_ws/install/dobot_msgs_v3/include/dobot_msgs_v3/dobot_msgs_v3/srv/detail/stop_drag__builder.hpp
[70.944s] -- Installing: /home/huahai/dobot_ws/install/dobot_msgs_v3/include/dobot_msgs_v3/dobot_msgs_v3/srv/detail/speed_j__struct.hpp
[70.944s] -- Installing: /home/huahai/dobot_ws/install/dobot_msgs_v3/include/dobot_msgs_v3/dobot_msgs_v3/srv/detail/mov_lio__type_support.hpp
[70.944s] -- Installing: /home/huahai/dobot_ws/install/dobot_msgs_v3/include/dobot_msgs_v3/dobot_msgs_v3/srv/mov_l.hpp
[70.944s] -- Installing: /home/huahai/dobot_ws/install/dobot_msgs_v3/include/dobot_msgs_v3/dobot_msgs_v3/srv/brake_control.hpp
[70.944s] -- Installing: /home/huahai/dobot_ws/install/dobot_msgs_v3/include/dobot_msgs_v3/dobot_msgs_v3/srv/continue_script.hpp
[70.944s] -- Installing: /home/huahai/dobot_ws/install/dobot_msgs_v3/include/dobot_msgs_v3/dobot_msgs_v3/srv/load_switch.hpp
[70.945s] -- Installing: /home/huahai/dobot_ws/install/dobot_msgs_v3/include/dobot_msgs_v3/dobot_msgs_v3/srv/get_in_regs.hpp
[70.945s] -- Installing: /home/huahai/dobot_ws/install/dobot_msgs_v3/include/dobot_msgs_v3/dobot_msgs_v3/srv/disable_robot.hpp
[70.945s] -- Installing: /home/huahai/dobot_ws/install/dobot_msgs_v3/include/dobot_msgs_v3/dobot_msgs_v3/srv/speed_factor.hpp
[70.945s] -- Installing: /home/huahai/dobot_ws/install/dobot_msgs_v3/include/dobot_msgs_v3/dobot_msgs_v3/srv/run_script.hpp
[70.945s] -- Installing: /home/huahai/dobot_ws/install/dobot_msgs_v3/include/dobot_msgs_v3/dobot_msgs_v3/srv/tool_di.hpp
[70.945s] -- Installing: /home/huahai/dobot_ws/install/dobot_msgs_v3/include/dobot_msgs_v3/dobot_msgs_v3/srv/get_hold_regs.hpp
[70.945s] -- Installing: /home/huahai/dobot_ws/install/dobot_msgs_v3/include/dobot_msgs_v3/dobot_msgs_v3/srv/ao_execute.hpp
[70.945s] -- Installing: /home/huahai/dobot_ws/install/dobot_msgs_v3/include/dobot_msgs_v3/dobot_msgs_v3/srv/circle.hpp
[70.945s] -- Installing: /home/huahai/dobot_ws/install/dobot_msgs_v3/include/dobot_msgs_v3/dobot_msgs_v3/srv/rel_mov_j_user.hpp
[70.945s] -- Installing: /home/huahai/dobot_ws/install/dobot_msgs_v3/include/dobot_msgs_v3/dobot_msgs_v3/srv/pause.hpp
[70.945s] -- Installing: /home/huahai/dobot_ws/install/dobot_msgs_v3/include/dobot_msgs_v3/dobot_msgs_v3/srv/user.hpp
[70.945s] -- Installing: /home/huahai/dobot_ws/install/dobot_msgs_v3/include/dobot_msgs_v3/dobot_msgs_v3/srv/set_safe_skin.hpp
[70.945s] -- Installing: /home/huahai/dobot_ws/install/dobot_msgs_v3/include/dobot_msgs_v3/dobot_msgs_v3/srv/stop_script.hpp
[70.945s] -- Installing: /home/huahai/dobot_ws/install/dobot_msgs_v3/include/dobot_msgs_v3/dobot_msgs_v3/srv/arch.hpp
[70.946s] -- Installing: /home/huahai/dobot_ws/install/dobot_msgs_v3/include/dobot_msgs_v3/dobot_msgs_v3/srv/positive_solution.hpp
[70.946s] -- Installing: /home/huahai/dobot_ws/install/dobot_msgs_v3/include/dobot_msgs_v3/dobot_msgs_v3/srv/stop_drag.hpp
[70.946s] -- Installing: /home/huahai/dobot_ws/install/dobot_msgs_v3/include/dobot_msgs_v3/dobot_msgs_v3/srv/set_arm_orientation.hpp
[70.946s] -- Installing: /home/huahai/dobot_ws/install/dobot_msgs_v3/include/dobot_msgs_v3/dobot_msgs_v3/srv/do_execute.hpp
[70.946s] -- Installing: /home/huahai/dobot_ws/install/dobot_msgs_v3/include/dobot_msgs_v3/dobot_msgs_v3/srv/robot_mode.hpp
[70.946s] -- Installing: /home/huahai/dobot_ws/install/dobot_msgs_v3/include/dobot_msgs_v3/dobot_msgs_v3/srv/digital_outputs.hpp
[70.946s] -- Installing: /home/huahai/dobot_ws/install/dobot_msgs_v3/include/dobot_msgs_v3/dobot_msgs_v3/srv/ao.hpp
[70.946s] -- Installing: /home/huahai/dobot_ws/install/dobot_msgs_v3/include/dobot_msgs_v3/dobot_msgs_v3/srv/rel_mov_j_tool.hpp
[70.946s] -- Installing: /home/huahai/dobot_ws/install/dobot_msgs_v3/include/dobot_msgs_v3/dobot_msgs_v3/srv/get_coils.hpp
[70.946s] -- Installing: /home/huahai/dobot_ws/install/dobot_msgs_v3/include/dobot_msgs_v3/dobot_msgs_v3/srv/speed_l.hpp
[70.946s] -- Installing: /home/huahai/dobot_ws/install/dobot_msgs_v3/include/dobot_msgs_v3/dobot_msgs_v3/srv/get_angle.hpp
[70.946s] -- Installing: /home/huahai/dobot_ws/install/dobot_msgs_v3/include/dobot_msgs_v3/dobot_msgs_v3/srv/pay_load.hpp
[70.946s] -- Installing: /home/huahai/dobot_ws/install/dobot_msgs_v3/include/dobot_msgs_v3/dobot_msgs_v3/srv/reset_robot.hpp
[70.946s] -- Installing: /home/huahai/dobot_ws/install/dobot_msgs_v3/include/dobot_msgs_v3/dobot_msgs_v3/srv/emergency_stop.hpp
[70.946s] -- Installing: /home/huahai/dobot_ws/install/dobot_msgs_v3/include/dobot_msgs_v3/dobot_msgs_v3/srv/mov_j.hpp
[70.947s] -- Installing: /home/huahai/dobot_ws/install/dobot_msgs_v3/include/dobot_msgs_v3/dobot_msgs_v3/srv/joint_mov_j.hpp
[70.947s] -- Installing: /home/huahai/dobot_ws/install/dobot_msgs_v3/include/dobot_msgs_v3/dobot_msgs_v3/srv/get_pose.hpp
[70.947s] -- Installing: /home/huahai/dobot_ws/install/dobot_msgs_v3/include/dobot_msgs_v3/dobot_msgs_v3/srv/set_hold_regs.hpp
[70.947s] -- Installing: /home/huahai/dobot_ws/install/dobot_msgs_v3/include/dobot_msgs_v3/dobot_msgs_v3/srv/arc.hpp
[70.947s] -- Installing: /home/huahai/dobot_ws/install/dobot_msgs_v3/include/dobot_msgs_v3/dobot_msgs_v3/srv/get_error_id.hpp
[70.947s] -- Installing: /home/huahai/dobot_ws/install/dobot_msgs_v3/include/dobot_msgs_v3/dobot_msgs_v3/srv/mov_j_ext.hpp
[70.947s] -- Installing: /home/huahai/dobot_ws/install/dobot_msgs_v3/include/dobot_msgs_v3/dobot_msgs_v3/srv/cp.hpp
[70.947s] -- Installing: /home/huahai/dobot_ws/install/dobot_msgs_v3/include/dobot_msgs_v3/dobot_msgs_v3/srv/tool_do.hpp
[70.947s] -- Installing: /home/huahai/dobot_ws/install/dobot_msgs_v3/include/dobot_msgs_v3/dobot_msgs_v3/srv/tool.hpp
[70.947s] -- Installing: /home/huahai/dobot_ws/install/dobot_msgs_v3/include/dobot_msgs_v3/dobot_msgs_v3/srv/wait.hpp
[70.947s] -- Installing: /home/huahai/dobot_ws/install/dobot_msgs_v3/include/dobot_msgs_v3/dobot_msgs_v3/srv/pause_script.hpp
[70.947s] -- Installing: /home/huahai/dobot_ws/install/dobot_msgs_v3/include/dobot_msgs_v3/dobot_msgs_v3/srv/rel_joint_mov_j.hpp
[70.947s] -- Installing: /home/huahai/dobot_ws/install/dobot_msgs_v3/include/dobot_msgs_v3/dobot_msgs_v3/srv/acc_j.hpp
[70.947s] -- Installing: /home/huahai/dobot_ws/install/dobot_msgs_v3/include/dobot_msgs_v3/dobot_msgs_v3/srv/sync_all.hpp
[70.947s] -- Installing: /home/huahai/dobot_ws/install/dobot_msgs_v3/include/dobot_msgs_v3/dobot_msgs_v3/srv/power_on.hpp
[70.948s] -- Installing: /home/huahai/dobot_ws/install/dobot_msgs_v3/include/dobot_msgs_v3/dobot_msgs_v3/srv/get_in_bits.hpp
[70.948s] -- Installing: /home/huahai/dobot_ws/install/dobot_msgs_v3/include/dobot_msgs_v3/dobot_msgs_v3/srv/set_coils.hpp
[70.948s] -- Installing: /home/huahai/dobot_ws/install/dobot_msgs_v3/include/dobot_msgs_v3/dobot_msgs_v3/srv/lim_z.hpp
[70.948s] -- Installing: /home/huahai/dobot_ws/install/dobot_msgs_v3/include/dobot_msgs_v3/dobot_msgs_v3/srv/stopmove_jog.hpp
[70.948s] -- Installing: /home/huahai/dobot_ws/install/dobot_msgs_v3/include/dobot_msgs_v3/dobot_msgs_v3/srv/servo_j.hpp
[70.948s] -- Installing: /home/huahai/dobot_ws/install/dobot_msgs_v3/include/dobot_msgs_v3/dobot_msgs_v3/srv/move_jog.hpp
[70.948s] -- Installing: /home/huahai/dobot_ws/install/dobot_msgs_v3/include/dobot_msgs_v3/dobot_msgs_v3/srv/set_payload.hpp
[70.948s] -- Installing: /home/huahai/dobot_ws/install/dobot_msgs_v3/include/dobot_msgs_v3/dobot_msgs_v3/srv/sync.hpp
[70.948s] -- Installing: /home/huahai/dobot_ws/install/dobot_msgs_v3/include/dobot_msgs_v3/dobot_msgs_v3/srv/mov_jio.hpp
[70.948s] -- Installing: /home/huahai/dobot_ws/install/dobot_msgs_v3/include/dobot_msgs_v3/dobot_msgs_v3/srv/set_collision_level.hpp
[70.948s] -- Installing: /home/huahai/dobot_ws/install/dobot_msgs_v3/include/dobot_msgs_v3/dobot_msgs_v3/srv/do_group.hpp
[70.948s] -- Installing: /home/huahai/dobot_ws/install/dobot_msgs_v3/include/dobot_msgs_v3/dobot_msgs_v3/srv/clear_error.hpp
[70.948s] -- Installing: /home/huahai/dobot_ws/install/dobot_msgs_v3/include/dobot_msgs_v3/dobot_msgs_v3/srv/tool_do_execute.hpp
[70.948s] -- Installing: /home/huahai/dobot_ws/install/dobot_msgs_v3/include/dobot_msgs_v3/dobot_msgs_v3/srv/continues.hpp
[70.949s] -- Installing: /home/huahai/dobot_ws/install/dobot_msgs_v3/include/dobot_msgs_v3/dobot_msgs_v3/srv/start_drag.hpp
[70.949s] -- Installing: /home/huahai/dobot_ws/install/dobot_msgs_v3/include/dobot_msgs_v3/dobot_msgs_v3/srv/rel_mov_l.hpp
[70.949s] -- Installing: /home/huahai/dobot_ws/install/dobot_msgs_v3/include/dobot_msgs_v3/dobot_msgs_v3/srv/do.hpp
[70.949s] -- Installing: /home/huahai/dobot_ws/install/dobot_msgs_v3/include/dobot_msgs_v3/dobot_msgs_v3/srv/rel_mov_l_tool.hpp
[70.949s] -- Installing: /home/huahai/dobot_ws/install/dobot_msgs_v3/include/dobot_msgs_v3/dobot_msgs_v3/srv/set_obstacle_avoid.hpp
[70.949s] -- Installing: /home/huahai/dobot_ws/install/dobot_msgs_v3/include/dobot_msgs_v3/dobot_msgs_v3/srv/modbus_close.hpp
[70.949s] -- Installing: /home/huahai/dobot_ws/install/dobot_msgs_v3/include/dobot_msgs_v3/dobot_msgs_v3/srv/modbus_create.hpp
[70.949s] -- Installing: /home/huahai/dobot_ws/install/dobot_msgs_v3/include/dobot_msgs_v3/dobot_msgs_v3/srv/acc_l.hpp
[70.949s] -- Installing: /home/huahai/dobot_ws/install/dobot_msgs_v3/include/dobot_msgs_v3/dobot_msgs_v3/srv/start_fc_trace.hpp
[70.949s] -- Installing: /home/huahai/dobot_ws/install/dobot_msgs_v3/include/dobot_msgs_v3/dobot_msgs_v3/srv/rel_mov_l_user.hpp
[70.949s] -- Installing: /home/huahai/dobot_ws/install/dobot_msgs_v3/include/dobot_msgs_v3/dobot_msgs_v3/srv/start_trace.hpp
[70.949s] -- Installing: /home/huahai/dobot_ws/install/dobot_msgs_v3/include/dobot_msgs_v3/dobot_msgs_v3/srv/inverse_solution.hpp
[70.949s] -- Installing: /home/huahai/dobot_ws/install/dobot_msgs_v3/include/dobot_msgs_v3/dobot_msgs_v3/srv/rel_mov_j.hpp
[70.949s] -- Installing: /home/huahai/dobot_ws/install/dobot_msgs_v3/include/dobot_msgs_v3/dobot_msgs_v3/srv/di.hpp
[70.949s] -- Installing: /home/huahai/dobot_ws/install/dobot_msgs_v3/include/dobot_msgs_v3/dobot_msgs_v3/srv/jump.hpp
[70.950s] -- Installing: /home/huahai/dobot_ws/install/dobot_msgs_v3/include/dobot_msgs_v3/dobot_msgs_v3/srv/enable_robot.hpp
[70.950s] -- Installing: /home/huahai/dobot_ws/install/dobot_msgs_v3/include/dobot_msgs_v3/dobot_msgs_v3/srv/start_path.hpp
[70.950s] -- Installing: /home/huahai/dobot_ws/install/dobot_msgs_v3/include/dobot_msgs_v3/dobot_msgs_v3/srv/mov_lio.hpp
[70.950s] -- Installing: /home/huahai/dobot_ws/install/dobot_msgs_v3/include/dobot_msgs_v3/dobot_msgs_v3/srv/servo_p.hpp
[70.950s] -- Up-to-date: /home/huahai/dobot_ws/install/dobot_msgs_v3/include/dobot_msgs_v3/dobot_msgs_v3
[70.950s] -- Up-to-date: /home/huahai/dobot_ws/install/dobot_msgs_v3/include/dobot_msgs_v3/dobot_msgs_v3/msg
[70.950s] -- Up-to-date: /home/huahai/dobot_ws/install/dobot_msgs_v3/include/dobot_msgs_v3/dobot_msgs_v3/msg/detail
[70.950s] -- Installing: /home/huahai/dobot_ws/install/dobot_msgs_v3/include/dobot_msgs_v3/dobot_msgs_v3/msg/detail/tool_vector_actual__rosidl_typesupport_fastrtps_cpp.hpp
[70.950s] -- Installing: /home/huahai/dobot_ws/install/dobot_msgs_v3/include/dobot_msgs_v3/dobot_msgs_v3/msg/detail/dds_fastrtps
[70.950s] -- Installing: /home/huahai/dobot_ws/install/dobot_msgs_v3/include/dobot_msgs_v3/dobot_msgs_v3/msg/detail/robot_status__rosidl_typesupport_fastrtps_cpp.hpp
[70.950s] -- Installing: /home/huahai/dobot_ws/install/dobot_msgs_v3/include/dobot_msgs_v3/dobot_msgs_v3/msg/rosidl_typesupport_fastrtps_cpp__visibility_control.h
[70.950s] -- Up-to-date: /home/huahai/dobot_ws/install/dobot_msgs_v3/include/dobot_msgs_v3/dobot_msgs_v3/srv
[70.950s] -- Up-to-date: /home/huahai/dobot_ws/install/dobot_msgs_v3/include/dobot_msgs_v3/dobot_msgs_v3/srv/detail
[70.950s] -- Installing: /home/huahai/dobot_ws/install/dobot_msgs_v3/include/dobot_msgs_v3/dobot_msgs_v3/srv/detail/rel_mov_l_user__rosidl_typesupport_fastrtps_cpp.hpp
[70.950s] -- Installing: /home/huahai/dobot_ws/install/dobot_msgs_v3/include/dobot_msgs_v3/dobot_msgs_v3/srv/detail/modbus_close__rosidl_typesupport_fastrtps_cpp.hpp
[70.951s] -- Installing: /home/huahai/dobot_ws/install/dobot_msgs_v3/include/dobot_msgs_v3/dobot_msgs_v3/srv/detail/set_arm_orientation__rosidl_typesupport_fastrtps_cpp.hpp
[70.951s] -- Installing: /home/huahai/dobot_ws/install/dobot_msgs_v3/include/dobot_msgs_v3/dobot_msgs_v3/srv/detail/joint_mov_j__rosidl_typesupport_fastrtps_cpp.hpp
[70.951s] -- Installing: /home/huahai/dobot_ws/install/dobot_msgs_v3/include/dobot_msgs_v3/dobot_msgs_v3/srv/detail/start_fc_trace__rosidl_typesupport_fastrtps_cpp.hpp
[70.951s] -- Installing: /home/huahai/dobot_ws/install/dobot_msgs_v3/include/dobot_msgs_v3/dobot_msgs_v3/srv/detail/do__rosidl_typesupport_fastrtps_cpp.hpp
[70.951s] -- Installing: /home/huahai/dobot_ws/install/dobot_msgs_v3/include/dobot_msgs_v3/dobot_msgs_v3/srv/detail/brake_control__rosidl_typesupport_fastrtps_cpp.hpp
[70.951s] -- Installing: /home/huahai/dobot_ws/install/dobot_msgs_v3/include/dobot_msgs_v3/dobot_msgs_v3/srv/detail/digital_outputs__rosidl_typesupport_fastrtps_cpp.hpp
[70.951s] -- Installing: /home/huahai/dobot_ws/install/dobot_msgs_v3/include/dobot_msgs_v3/dobot_msgs_v3/srv/detail/rel_mov_j__rosidl_typesupport_fastrtps_cpp.hpp
[70.951s] -- Installing: /home/huahai/dobot_ws/install/dobot_msgs_v3/include/dobot_msgs_v3/dobot_msgs_v3/srv/detail/sync__rosidl_typesupport_fastrtps_cpp.hpp
[70.951s] -- Installing: /home/huahai/dobot_ws/install/dobot_msgs_v3/include/dobot_msgs_v3/dobot_msgs_v3/srv/detail/disable_robot__rosidl_typesupport_fastrtps_cpp.hpp
[70.951s] -- Installing: /home/huahai/dobot_ws/install/dobot_msgs_v3/include/dobot_msgs_v3/dobot_msgs_v3/srv/detail/lim_z__rosidl_typesupport_fastrtps_cpp.hpp
[70.951s] -- Installing: /home/huahai/dobot_ws/install/dobot_msgs_v3/include/dobot_msgs_v3/dobot_msgs_v3/srv/detail/arc__rosidl_typesupport_fastrtps_cpp.hpp
[70.951s] -- Installing: /home/huahai/dobot_ws/install/dobot_msgs_v3/include/dobot_msgs_v3/dobot_msgs_v3/srv/detail/emergency_stop__rosidl_typesupport_fastrtps_cpp.hpp
[70.951s] -- Installing: /home/huahai/dobot_ws/install/dobot_msgs_v3/include/dobot_msgs_v3/dobot_msgs_v3/srv/detail/get_in_bits__rosidl_typesupport_fastrtps_cpp.hpp
[70.952s] -- Installing: /home/huahai/dobot_ws/install/dobot_msgs_v3/include/dobot_msgs_v3/dobot_msgs_v3/srv/detail/user__rosidl_typesupport_fastrtps_cpp.hpp
[70.952s] -- Installing: /home/huahai/dobot_ws/install/dobot_msgs_v3/include/dobot_msgs_v3/dobot_msgs_v3/srv/detail/set_obstacle_avoid__rosidl_typesupport_fastrtps_cpp.hpp
[70.952s] -- Installing: /home/huahai/dobot_ws/install/dobot_msgs_v3/include/dobot_msgs_v3/dobot_msgs_v3/srv/detail/get_in_regs__rosidl_typesupport_fastrtps_cpp.hpp
[70.952s] -- Installing: /home/huahai/dobot_ws/install/dobot_msgs_v3/include/dobot_msgs_v3/dobot_msgs_v3/srv/detail/wait__rosidl_typesupport_fastrtps_cpp.hpp
[70.952s] -- Installing: /home/huahai/dobot_ws/install/dobot_msgs_v3/include/dobot_msgs_v3/dobot_msgs_v3/srv/detail/get_coils__rosidl_typesupport_fastrtps_cpp.hpp
[70.952s] -- Installing: /home/huahai/dobot_ws/install/dobot_msgs_v3/include/dobot_msgs_v3/dobot_msgs_v3/srv/detail/set_hold_regs__rosidl_typesupport_fastrtps_cpp.hpp
[70.952s] -- Installing: /home/huahai/dobot_ws/install/dobot_msgs_v3/include/dobot_msgs_v3/dobot_msgs_v3/srv/detail/rel_joint_mov_j__rosidl_typesupport_fastrtps_cpp.hpp
[70.952s] -- Installing: /home/huahai/dobot_ws/install/dobot_msgs_v3/include/dobot_msgs_v3/dobot_msgs_v3/srv/detail/reset_robot__rosidl_typesupport_fastrtps_cpp.hpp
[70.952s] -- Installing: /home/huahai/dobot_ws/install/dobot_msgs_v3/include/dobot_msgs_v3/dobot_msgs_v3/srv/detail/do_execute__rosidl_typesupport_fastrtps_cpp.hpp
[70.952s] -- Installing: /home/huahai/dobot_ws/install/dobot_msgs_v3/include/dobot_msgs_v3/dobot_msgs_v3/srv/detail/tool__rosidl_typesupport_fastrtps_cpp.hpp
[70.952s] -- Installing: /home/huahai/dobot_ws/install/dobot_msgs_v3/include/dobot_msgs_v3/dobot_msgs_v3/srv/detail/rel_mov_j_tool__rosidl_typesupport_fastrtps_cpp.hpp
[70.952s] -- Installing: /home/huahai/dobot_ws/install/dobot_msgs_v3/include/dobot_msgs_v3/dobot_msgs_v3/srv/detail/mov_l__rosidl_typesupport_fastrtps_cpp.hpp
[70.952s] -- Installing: /home/huahai/dobot_ws/install/dobot_msgs_v3/include/dobot_msgs_v3/dobot_msgs_v3/srv/detail/pay_load__rosidl_typesupport_fastrtps_cpp.hpp
[70.952s] -- Installing: /home/huahai/dobot_ws/install/dobot_msgs_v3/include/dobot_msgs_v3/dobot_msgs_v3/srv/detail/mov_j__rosidl_typesupport_fastrtps_cpp.hpp
[70.952s] -- Installing: /home/huahai/dobot_ws/install/dobot_msgs_v3/include/dobot_msgs_v3/dobot_msgs_v3/srv/detail/start_trace__rosidl_typesupport_fastrtps_cpp.hpp
[70.953s] -- Installing: /home/huahai/dobot_ws/install/dobot_msgs_v3/include/dobot_msgs_v3/dobot_msgs_v3/srv/detail/continues__rosidl_typesupport_fastrtps_cpp.hpp
[70.953s] -- Installing: /home/huahai/dobot_ws/install/dobot_msgs_v3/include/dobot_msgs_v3/dobot_msgs_v3/srv/detail/move_jog__rosidl_typesupport_fastrtps_cpp.hpp
[70.953s] -- Installing: /home/huahai/dobot_ws/install/dobot_msgs_v3/include/dobot_msgs_v3/dobot_msgs_v3/srv/detail/mov_lio__rosidl_typesupport_fastrtps_cpp.hpp
[70.953s] -- Installing: /home/huahai/dobot_ws/install/dobot_msgs_v3/include/dobot_msgs_v3/dobot_msgs_v3/srv/detail/sync_all__rosidl_typesupport_fastrtps_cpp.hpp
[70.953s] -- Installing: /home/huahai/dobot_ws/install/dobot_msgs_v3/include/dobot_msgs_v3/dobot_msgs_v3/srv/detail/power_on__rosidl_typesupport_fastrtps_cpp.hpp
[70.953s] -- Installing: /home/huahai/dobot_ws/install/dobot_msgs_v3/include/dobot_msgs_v3/dobot_msgs_v3/srv/detail/tool_do__rosidl_typesupport_fastrtps_cpp.hpp
[70.953s] -- Installing: /home/huahai/dobot_ws/install/dobot_msgs_v3/include/dobot_msgs_v3/dobot_msgs_v3/srv/detail/get_angle__rosidl_typesupport_fastrtps_cpp.hpp
[70.953s] -- Installing: /home/huahai/dobot_ws/install/dobot_msgs_v3/include/dobot_msgs_v3/dobot_msgs_v3/srv/detail/get_error_id__rosidl_typesupport_fastrtps_cpp.hpp
[70.953s] -- Installing: /home/huahai/dobot_ws/install/dobot_msgs_v3/include/dobot_msgs_v3/dobot_msgs_v3/srv/detail/servo_j__rosidl_typesupport_fastrtps_cpp.hpp
[70.953s] -- Installing: /home/huahai/dobot_ws/install/dobot_msgs_v3/include/dobot_msgs_v3/dobot_msgs_v3/srv/detail/load_switch__rosidl_typesupport_fastrtps_cpp.hpp
[70.954s] -- Installing: /home/huahai/dobot_ws/install/dobot_msgs_v3/include/dobot_msgs_v3/dobot_msgs_v3/srv/detail/set_payload__rosidl_typesupport_fastrtps_cpp.hpp
[70.954s] -- Installing: /home/huahai/dobot_ws/install/dobot_msgs_v3/include/dobot_msgs_v3/dobot_msgs_v3/srv/detail/stop_drag__rosidl_typesupport_fastrtps_cpp.hpp
[70.954s] -- Installing: /home/huahai/dobot_ws/install/dobot_msgs_v3/include/dobot_msgs_v3/dobot_msgs_v3/srv/detail/clear_error__rosidl_typesupport_fastrtps_cpp.hpp
[70.954s] -- Installing: /home/huahai/dobot_ws/install/dobot_msgs_v3/include/dobot_msgs_v3/dobot_msgs_v3/srv/detail/pause__rosidl_typesupport_fastrtps_cpp.hpp
[70.954s] -- Installing: /home/huahai/dobot_ws/install/dobot_msgs_v3/include/dobot_msgs_v3/dobot_msgs_v3/srv/detail/acc_j__rosidl_typesupport_fastrtps_cpp.hpp
[70.954s] -- Installing: /home/huahai/dobot_ws/install/dobot_msgs_v3/include/dobot_msgs_v3/dobot_msgs_v3/srv/detail/stop_script__rosidl_typesupport_fastrtps_cpp.hpp
[70.954s] -- Installing: /home/huahai/dobot_ws/install/dobot_msgs_v3/include/dobot_msgs_v3/dobot_msgs_v3/srv/detail/run_script__rosidl_typesupport_fastrtps_cpp.hpp
[70.954s] -- Installing: /home/huahai/dobot_ws/install/dobot_msgs_v3/include/dobot_msgs_v3/dobot_msgs_v3/srv/detail/rel_mov_l__rosidl_typesupport_fastrtps_cpp.hpp
[70.954s] -- Installing: /home/huahai/dobot_ws/install/dobot_msgs_v3/include/dobot_msgs_v3/dobot_msgs_v3/srv/detail/robot_mode__rosidl_typesupport_fastrtps_cpp.hpp
[70.954s] -- Installing: /home/huahai/dobot_ws/install/dobot_msgs_v3/include/dobot_msgs_v3/dobot_msgs_v3/srv/detail/set_safe_skin__rosidl_typesupport_fastrtps_cpp.hpp
[70.954s] -- Installing: /home/huahai/dobot_ws/install/dobot_msgs_v3/include/dobot_msgs_v3/dobot_msgs_v3/srv/detail/set_collision_level__rosidl_typesupport_fastrtps_cpp.hpp
[70.954s] -- Installing: /home/huahai/dobot_ws/install/dobot_msgs_v3/include/dobot_msgs_v3/dobot_msgs_v3/srv/detail/arch__rosidl_typesupport_fastrtps_cpp.hpp
[70.954s] -- Installing: /home/huahai/dobot_ws/install/dobot_msgs_v3/include/dobot_msgs_v3/dobot_msgs_v3/srv/detail/speed_l__rosidl_typesupport_fastrtps_cpp.hpp
[70.954s] -- Installing: /home/huahai/dobot_ws/install/dobot_msgs_v3/include/dobot_msgs_v3/dobot_msgs_v3/srv/detail/enable_robot__rosidl_typesupport_fastrtps_cpp.hpp
[70.954s] -- Installing: /home/huahai/dobot_ws/install/dobot_msgs_v3/include/dobot_msgs_v3/dobot_msgs_v3/srv/detail/mov_j_ext__rosidl_typesupport_fastrtps_cpp.hpp
[70.954s] -- Installing: /home/huahai/dobot_ws/install/dobot_msgs_v3/include/dobot_msgs_v3/dobot_msgs_v3/srv/detail/tool_do_execute__rosidl_typesupport_fastrtps_cpp.hpp
[70.955s] -- Installing: /home/huahai/dobot_ws/install/dobot_msgs_v3/include/dobot_msgs_v3/dobot_msgs_v3/srv/detail/inverse_solution__rosidl_typesupport_fastrtps_cpp.hpp
[70.955s] -- Installing: /home/huahai/dobot_ws/install/dobot_msgs_v3/include/dobot_msgs_v3/dobot_msgs_v3/srv/detail/cp__rosidl_typesupport_fastrtps_cpp.hpp
[70.955s] -- Installing: /home/huahai/dobot_ws/install/dobot_msgs_v3/include/dobot_msgs_v3/dobot_msgs_v3/srv/detail/tool_di__rosidl_typesupport_fastrtps_cpp.hpp
[70.955s] -- Installing: /home/huahai/dobot_ws/install/dobot_msgs_v3/include/dobot_msgs_v3/dobot_msgs_v3/srv/detail/set_coils__rosidl_typesupport_fastrtps_cpp.hpp
[70.955s] -- Installing: /home/huahai/dobot_ws/install/dobot_msgs_v3/include/dobot_msgs_v3/dobot_msgs_v3/srv/detail/start_path__rosidl_typesupport_fastrtps_cpp.hpp
[70.955s] -- Installing: /home/huahai/dobot_ws/install/dobot_msgs_v3/include/dobot_msgs_v3/dobot_msgs_v3/srv/detail/speed_j__rosidl_typesupport_fastrtps_cpp.hpp
[70.955s] -- Installing: /home/huahai/dobot_ws/install/dobot_msgs_v3/include/dobot_msgs_v3/dobot_msgs_v3/srv/detail/ao__rosidl_typesupport_fastrtps_cpp.hpp
[70.955s] -- Installing: /home/huahai/dobot_ws/install/dobot_msgs_v3/include/dobot_msgs_v3/dobot_msgs_v3/srv/detail/dds_fastrtps
[70.955s] -- Installing: /home/huahai/dobot_ws/install/dobot_msgs_v3/include/dobot_msgs_v3/dobot_msgs_v3/srv/detail/get_pose__rosidl_typesupport_fastrtps_cpp.hpp
[70.955s] -- Installing: /home/huahai/dobot_ws/install/dobot_msgs_v3/include/dobot_msgs_v3/dobot_msgs_v3/srv/detail/servo_p__rosidl_typesupport_fastrtps_cpp.hpp
[70.955s] -- Installing: /home/huahai/dobot_ws/install/dobot_msgs_v3/include/dobot_msgs_v3/dobot_msgs_v3/srv/detail/pause_script__rosidl_typesupport_fastrtps_cpp.hpp
[70.955s] -- Installing: /home/huahai/dobot_ws/install/dobot_msgs_v3/include/dobot_msgs_v3/dobot_msgs_v3/srv/detail/do_group__rosidl_typesupport_fastrtps_cpp.hpp
[70.955s] -- Installing: /home/huahai/dobot_ws/install/dobot_msgs_v3/include/dobot_msgs_v3/dobot_msgs_v3/srv/detail/mov_jio__rosidl_typesupport_fastrtps_cpp.hpp
[70.956s] -- Installing: /home/huahai/dobot_ws/install/dobot_msgs_v3/include/dobot_msgs_v3/dobot_msgs_v3/srv/detail/rel_mov_l_tool__rosidl_typesupport_fastrtps_cpp.hpp
[70.956s] -- Installing: /home/huahai/dobot_ws/install/dobot_msgs_v3/include/dobot_msgs_v3/dobot_msgs_v3/srv/detail/ao_execute__rosidl_typesupport_fastrtps_cpp.hpp
[70.956s] -- Installing: /home/huahai/dobot_ws/install/dobot_msgs_v3/include/dobot_msgs_v3/dobot_msgs_v3/srv/detail/continue_script__rosidl_typesupport_fastrtps_cpp.hpp
[70.956s] -- Installing: /home/huahai/dobot_ws/install/dobot_msgs_v3/include/dobot_msgs_v3/dobot_msgs_v3/srv/detail/speed_factor__rosidl_typesupport_fastrtps_cpp.hpp
[70.956s] -- Installing: /home/huahai/dobot_ws/install/dobot_msgs_v3/include/dobot_msgs_v3/dobot_msgs_v3/srv/detail/get_hold_regs__rosidl_typesupport_fastrtps_cpp.hpp
[70.956s] -- Installing: /home/huahai/dobot_ws/install/dobot_msgs_v3/include/dobot_msgs_v3/dobot_msgs_v3/srv/detail/start_drag__rosidl_typesupport_fastrtps_cpp.hpp
[70.956s] -- Installing: /home/huahai/dobot_ws/install/dobot_msgs_v3/include/dobot_msgs_v3/dobot_msgs_v3/srv/detail/acc_l__rosidl_typesupport_fastrtps_cpp.hpp
[70.956s] -- Installing: /home/huahai/dobot_ws/install/dobot_msgs_v3/include/dobot_msgs_v3/dobot_msgs_v3/srv/detail/di__rosidl_typesupport_fastrtps_cpp.hpp
[70.956s] -- Installing: /home/huahai/dobot_ws/install/dobot_msgs_v3/include/dobot_msgs_v3/dobot_msgs_v3/srv/detail/modbus_create__rosidl_typesupport_fastrtps_cpp.hpp
[70.956s] -- Installing: /home/huahai/dobot_ws/install/dobot_msgs_v3/include/dobot_msgs_v3/dobot_msgs_v3/srv/detail/positive_solution__rosidl_typesupport_fastrtps_cpp.hpp
[70.956s] -- Installing: /home/huahai/dobot_ws/install/dobot_msgs_v3/include/dobot_msgs_v3/dobot_msgs_v3/srv/detail/jump__rosidl_typesupport_fastrtps_cpp.hpp
[70.956s] -- Installing: /home/huahai/dobot_ws/install/dobot_msgs_v3/include/dobot_msgs_v3/dobot_msgs_v3/srv/detail/circle__rosidl_typesupport_fastrtps_cpp.hpp
[70.956s] -- Installing: /home/huahai/dobot_ws/install/dobot_msgs_v3/include/dobot_msgs_v3/dobot_msgs_v3/srv/detail/stopmove_jog__rosidl_typesupport_fastrtps_cpp.hpp
[70.956s] -- Installing: /home/huahai/dobot_ws/install/dobot_msgs_v3/include/dobot_msgs_v3/dobot_msgs_v3/srv/detail/rel_mov_j_user__rosidl_typesupport_fastrtps_cpp.hpp
[70.957s] -- Installing: /home/huahai/dobot_ws/install/dobot_msgs_v3/lib/libdobot_msgs_v3__rosidl_typesupport_fastrtps_cpp.so
[70.958s] -- Set runtime path of "/home/huahai/dobot_ws/install/dobot_msgs_v3/lib/libdobot_msgs_v3__rosidl_typesupport_fastrtps_cpp.so" to ""
[70.958s] -- Up-to-date: /home/huahai/dobot_ws/install/dobot_msgs_v3/include/dobot_msgs_v3/dobot_msgs_v3
[70.958s] -- Up-to-date: /home/huahai/dobot_ws/install/dobot_msgs_v3/include/dobot_msgs_v3/dobot_msgs_v3/msg
[70.958s] -- Up-to-date: /home/huahai/dobot_ws/install/dobot_msgs_v3/include/dobot_msgs_v3/dobot_msgs_v3/msg/detail
[70.958s] -- Installing: /home/huahai/dobot_ws/install/dobot_msgs_v3/include/dobot_msgs_v3/dobot_msgs_v3/msg/detail/robot_status__rosidl_typesupport_introspection_c.h
[70.958s] -- Installing: /home/huahai/dobot_ws/install/dobot_msgs_v3/include/dobot_msgs_v3/dobot_msgs_v3/msg/detail/tool_vector_actual__rosidl_typesupport_introspection_c.h
[70.958s] -- Installing: /home/huahai/dobot_ws/install/dobot_msgs_v3/include/dobot_msgs_v3/dobot_msgs_v3/msg/detail/robot_status__type_support.c
[70.958s] -- Installing: /home/huahai/dobot_ws/install/dobot_msgs_v3/include/dobot_msgs_v3/dobot_msgs_v3/msg/detail/tool_vector_actual__type_support.c
[70.959s] -- Installing: /home/huahai/dobot_ws/install/dobot_msgs_v3/include/dobot_msgs_v3/dobot_msgs_v3/msg/rosidl_typesupport_introspection_c__visibility_control.h
[70.959s] -- Up-to-date: /home/huahai/dobot_ws/install/dobot_msgs_v3/include/dobot_msgs_v3/dobot_msgs_v3/srv
[70.959s] -- Up-to-date: /home/huahai/dobot_ws/install/dobot_msgs_v3/include/dobot_msgs_v3/dobot_msgs_v3/srv/detail
[70.959s] -- Installing: /home/huahai/dobot_ws/install/dobot_msgs_v3/include/dobot_msgs_v3/dobot_msgs_v3/srv/detail/arch__rosidl_typesupport_introspection_c.h
[70.959s] -- Installing: /home/huahai/dobot_ws/install/dobot_msgs_v3/include/dobot_msgs_v3/dobot_msgs_v3/srv/detail/run_script__rosidl_typesupport_introspection_c.h
[70.959s] -- Installing: /home/huahai/dobot_ws/install/dobot_msgs_v3/include/dobot_msgs_v3/dobot_msgs_v3/srv/detail/lim_z__type_support.c
[70.959s] -- Installing: /home/huahai/dobot_ws/install/dobot_msgs_v3/include/dobot_msgs_v3/dobot_msgs_v3/srv/detail/rel_mov_l_tool__rosidl_typesupport_introspection_c.h
[70.959s] -- Installing: /home/huahai/dobot_ws/install/dobot_msgs_v3/include/dobot_msgs_v3/dobot_msgs_v3/srv/detail/rel_joint_mov_j__type_support.c
[70.959s] -- Installing: /home/huahai/dobot_ws/install/dobot_msgs_v3/include/dobot_msgs_v3/dobot_msgs_v3/srv/detail/set_collision_level__rosidl_typesupport_introspection_c.h
[70.959s] -- Installing: /home/huahai/dobot_ws/install/dobot_msgs_v3/include/dobot_msgs_v3/dobot_msgs_v3/srv/detail/positive_solution__rosidl_typesupport_introspection_c.h
[70.959s] -- Installing: /home/huahai/dobot_ws/install/dobot_msgs_v3/include/dobot_msgs_v3/dobot_msgs_v3/srv/detail/rel_mov_j_tool__rosidl_typesupport_introspection_c.h
[70.959s] -- Installing: /home/huahai/dobot_ws/install/dobot_msgs_v3/include/dobot_msgs_v3/dobot_msgs_v3/srv/detail/set_obstacle_avoid__type_support.c
[70.959s] -- Installing: /home/huahai/dobot_ws/install/dobot_msgs_v3/include/dobot_msgs_v3/dobot_msgs_v3/srv/detail/do_execute__rosidl_typesupport_introspection_c.h
[70.959s] -- Installing: /home/huahai/dobot_ws/install/dobot_msgs_v3/include/dobot_msgs_v3/dobot_msgs_v3/srv/detail/start_fc_trace__rosidl_typesupport_introspection_c.h
[70.959s] -- Installing: /home/huahai/dobot_ws/install/dobot_msgs_v3/include/dobot_msgs_v3/dobot_msgs_v3/srv/detail/tool_do_execute__rosidl_typesupport_introspection_c.h
[70.959s] -- Installing: /home/huahai/dobot_ws/install/dobot_msgs_v3/include/dobot_msgs_v3/dobot_msgs_v3/srv/detail/load_switch__type_support.c
[70.960s] -- Installing: /home/huahai/dobot_ws/install/dobot_msgs_v3/include/dobot_msgs_v3/dobot_msgs_v3/srv/detail/mov_lio__rosidl_typesupport_introspection_c.h
[70.960s] -- Installing: /home/huahai/dobot_ws/install/dobot_msgs_v3/include/dobot_msgs_v3/dobot_msgs_v3/srv/detail/mov_j_ext__rosidl_typesupport_introspection_c.h
[70.960s] -- Installing: /home/huahai/dobot_ws/install/dobot_msgs_v3/include/dobot_msgs_v3/dobot_msgs_v3/srv/detail/do_group__type_support.c
[70.960s] -- Installing: /home/huahai/dobot_ws/install/dobot_msgs_v3/include/dobot_msgs_v3/dobot_msgs_v3/srv/detail/set_payload__rosidl_typesupport_introspection_c.h
[70.960s] -- Installing: /home/huahai/dobot_ws/install/dobot_msgs_v3/include/dobot_msgs_v3/dobot_msgs_v3/srv/detail/positive_solution__type_support.c
[70.960s] -- Installing: /home/huahai/dobot_ws/install/dobot_msgs_v3/include/dobot_msgs_v3/dobot_msgs_v3/srv/detail/disable_robot__type_support.c
[70.960s] -- Installing: /home/huahai/dobot_ws/install/dobot_msgs_v3/include/dobot_msgs_v3/dobot_msgs_v3/srv/detail/joint_mov_j__type_support.c
[70.960s] -- Installing: /home/huahai/dobot_ws/install/dobot_msgs_v3/include/dobot_msgs_v3/dobot_msgs_v3/srv/detail/tool_do_execute__type_support.c
[70.960s] -- Installing: /home/huahai/dobot_ws/install/dobot_msgs_v3/include/dobot_msgs_v3/dobot_msgs_v3/srv/detail/modbus_create__type_support.c
[70.960s] -- Installing: /home/huahai/dobot_ws/install/dobot_msgs_v3/include/dobot_msgs_v3/dobot_msgs_v3/srv/detail/do_group__rosidl_typesupport_introspection_c.h
[70.960s] -- Installing: /home/huahai/dobot_ws/install/dobot_msgs_v3/include/dobot_msgs_v3/dobot_msgs_v3/srv/detail/mov_jio__type_support.c
[70.960s] -- Installing: /home/huahai/dobot_ws/install/dobot_msgs_v3/include/dobot_msgs_v3/dobot_msgs_v3/srv/detail/reset_robot__type_support.c
[70.960s] -- Installing: /home/huahai/dobot_ws/install/dobot_msgs_v3/include/dobot_msgs_v3/dobot_msgs_v3/srv/detail/get_in_bits__type_support.c
[70.961s] -- Installing: /home/huahai/dobot_ws/install/dobot_msgs_v3/include/dobot_msgs_v3/dobot_msgs_v3/srv/detail/rel_mov_j_tool__type_support.c
[70.961s] -- Installing: /home/huahai/dobot_ws/install/dobot_msgs_v3/include/dobot_msgs_v3/dobot_msgs_v3/srv/detail/start_fc_trace__type_support.c
[70.961s] -- Installing: /home/huahai/dobot_ws/install/dobot_msgs_v3/include/dobot_msgs_v3/dobot_msgs_v3/srv/detail/rel_mov_j__rosidl_typesupport_introspection_c.h
[70.961s] -- Installing: /home/huahai/dobot_ws/install/dobot_msgs_v3/include/dobot_msgs_v3/dobot_msgs_v3/srv/detail/mov_lio__type_support.c
[70.961s] -- Installing: /home/huahai/dobot_ws/install/dobot_msgs_v3/include/dobot_msgs_v3/dobot_msgs_v3/srv/detail/rel_mov_j_user__type_support.c
[70.961s] -- Installing: /home/huahai/dobot_ws/install/dobot_msgs_v3/include/dobot_msgs_v3/dobot_msgs_v3/srv/detail/arch__type_support.c
[70.961s] -- Installing: /home/huahai/dobot_ws/install/dobot_msgs_v3/include/dobot_msgs_v3/dobot_msgs_v3/srv/detail/reset_robot__rosidl_typesupport_introspection_c.h
[70.961s] -- Installing: /home/huahai/dobot_ws/install/dobot_msgs_v3/include/dobot_msgs_v3/dobot_msgs_v3/srv/detail/mov_j_ext__type_support.c
[70.961s] -- Installing: /home/huahai/dobot_ws/install/dobot_msgs_v3/include/dobot_msgs_v3/dobot_msgs_v3/srv/detail/acc_j__rosidl_typesupport_introspection_c.h
[70.961s] -- Installing: /home/huahai/dobot_ws/install/dobot_msgs_v3/include/dobot_msgs_v3/dobot_msgs_v3/srv/detail/tool_do__rosidl_typesupport_introspection_c.h
[70.961s] -- Installing: /home/huahai/dobot_ws/install/dobot_msgs_v3/include/dobot_msgs_v3/dobot_msgs_v3/srv/detail/circle__rosidl_typesupport_introspection_c.h
[70.961s] -- Installing: /home/huahai/dobot_ws/install/dobot_msgs_v3/include/dobot_msgs_v3/dobot_msgs_v3/srv/detail/get_in_bits__rosidl_typesupport_introspection_c.h
[70.961s] -- Installing: /home/huahai/dobot_ws/install/dobot_msgs_v3/include/dobot_msgs_v3/dobot_msgs_v3/srv/detail/get_error_id__type_support.c
[70.961s] -- Installing: /home/huahai/dobot_ws/install/dobot_msgs_v3/include/dobot_msgs_v3/dobot_msgs_v3/srv/detail/cp__type_support.c
[70.961s] -- Installing: /home/huahai/dobot_ws/install/dobot_msgs_v3/include/dobot_msgs_v3/dobot_msgs_v3/srv/detail/mov_l__rosidl_typesupport_introspection_c.h
[70.962s] -- Installing: /home/huahai/dobot_ws/install/dobot_msgs_v3/include/dobot_msgs_v3/dobot_msgs_v3/srv/detail/get_pose__rosidl_typesupport_introspection_c.h
[70.962s] -- Installing: /home/huahai/dobot_ws/install/dobot_msgs_v3/include/dobot_msgs_v3/dobot_msgs_v3/srv/detail/rel_mov_l_tool__type_support.c
[70.962s] -- Installing: /home/huahai/dobot_ws/install/dobot_msgs_v3/include/dobot_msgs_v3/dobot_msgs_v3/srv/detail/set_coils__rosidl_typesupport_introspection_c.h
[70.962s] -- Installing: /home/huahai/dobot_ws/install/dobot_msgs_v3/include/dobot_msgs_v3/dobot_msgs_v3/srv/detail/do__type_support.c
[70.962s] -- Installing: /home/huahai/dobot_ws/install/dobot_msgs_v3/include/dobot_msgs_v3/dobot_msgs_v3/srv/detail/speed_j__type_support.c
[70.962s] -- Installing: /home/huahai/dobot_ws/install/dobot_msgs_v3/include/dobot_msgs_v3/dobot_msgs_v3/srv/detail/get_error_id__rosidl_typesupport_introspection_c.h
[70.962s] -- Installing: /home/huahai/dobot_ws/install/dobot_msgs_v3/include/dobot_msgs_v3/dobot_msgs_v3/srv/detail/set_safe_skin__type_support.c
[70.962s] -- Installing: /home/huahai/dobot_ws/install/dobot_msgs_v3/include/dobot_msgs_v3/dobot_msgs_v3/srv/detail/speed_j__rosidl_typesupport_introspection_c.h
[70.962s] -- Installing: /home/huahai/dobot_ws/install/dobot_msgs_v3/include/dobot_msgs_v3/dobot_msgs_v3/srv/detail/di__rosidl_typesupport_introspection_c.h
[70.962s] -- Installing: /home/huahai/dobot_ws/install/dobot_msgs_v3/include/dobot_msgs_v3/dobot_msgs_v3/srv/detail/sync__rosidl_typesupport_introspection_c.h
[70.962s] -- Installing: /home/huahai/dobot_ws/install/dobot_msgs_v3/include/dobot_msgs_v3/dobot_msgs_v3/srv/detail/modbus_close__rosidl_typesupport_introspection_c.h
[70.962s] -- Installing: /home/huahai/dobot_ws/install/dobot_msgs_v3/include/dobot_msgs_v3/dobot_msgs_v3/srv/detail/rel_mov_l_user__type_support.c
[70.962s] -- Installing: /home/huahai/dobot_ws/install/dobot_msgs_v3/include/dobot_msgs_v3/dobot_msgs_v3/srv/detail/sync_all__rosidl_typesupport_introspection_c.h
[70.962s] -- Installing: /home/huahai/dobot_ws/install/dobot_msgs_v3/include/dobot_msgs_v3/dobot_msgs_v3/srv/detail/stop_script__rosidl_typesupport_introspection_c.h
[70.962s] -- Installing: /home/huahai/dobot_ws/install/dobot_msgs_v3/include/dobot_msgs_v3/dobot_msgs_v3/srv/detail/set_safe_skin__rosidl_typesupport_introspection_c.h
[70.962s] -- Installing: /home/huahai/dobot_ws/install/dobot_msgs_v3/include/dobot_msgs_v3/dobot_msgs_v3/srv/detail/pause__type_support.c
[70.962s] -- Installing: /home/huahai/dobot_ws/install/dobot_msgs_v3/include/dobot_msgs_v3/dobot_msgs_v3/srv/detail/get_angle__rosidl_typesupport_introspection_c.h
[70.963s] -- Installing: /home/huahai/dobot_ws/install/dobot_msgs_v3/include/dobot_msgs_v3/dobot_msgs_v3/srv/detail/digital_outputs__type_support.c
[70.963s] -- Installing: /home/huahai/dobot_ws/install/dobot_msgs_v3/include/dobot_msgs_v3/dobot_msgs_v3/srv/detail/continues__type_support.c
[70.963s] -- Installing: /home/huahai/dobot_ws/install/dobot_msgs_v3/include/dobot_msgs_v3/dobot_msgs_v3/srv/detail/modbus_create__rosidl_typesupport_introspection_c.h
[70.963s] -- Installing: /home/huahai/dobot_ws/install/dobot_msgs_v3/include/dobot_msgs_v3/dobot_msgs_v3/srv/detail/rel_mov_j__type_support.c
[70.963s] -- Installing: /home/huahai/dobot_ws/install/dobot_msgs_v3/include/dobot_msgs_v3/dobot_msgs_v3/srv/detail/clear_error__rosidl_typesupport_introspection_c.h
[70.963s] -- Installing: /home/huahai/dobot_ws/install/dobot_msgs_v3/include/dobot_msgs_v3/dobot_msgs_v3/srv/detail/pause__rosidl_typesupport_introspection_c.h
[70.963s] -- Installing: /home/huahai/dobot_ws/install/dobot_msgs_v3/include/dobot_msgs_v3/dobot_msgs_v3/srv/detail/modbus_close__type_support.c
[70.963s] -- Installing: /home/huahai/dobot_ws/install/dobot_msgs_v3/include/dobot_msgs_v3/dobot_msgs_v3/srv/detail/set_arm_orientation__rosidl_typesupport_introspection_c.h
[70.964s] -- Installing: /home/huahai/dobot_ws/install/dobot_msgs_v3/include/dobot_msgs_v3/dobot_msgs_v3/srv/detail/stop_script__type_support.c
[70.964s] -- Installing: /home/huahai/dobot_ws/install/dobot_msgs_v3/include/dobot_msgs_v3/dobot_msgs_v3/srv/detail/mov_j__rosidl_typesupport_introspection_c.h
[70.964s] -- Installing: /home/huahai/dobot_ws/install/dobot_msgs_v3/include/dobot_msgs_v3/dobot_msgs_v3/srv/detail/start_path__type_support.c
[70.964s] -- Installing: /home/huahai/dobot_ws/install/dobot_msgs_v3/include/dobot_msgs_v3/dobot_msgs_v3/srv/detail/lim_z__rosidl_typesupport_introspection_c.h
[70.964s] -- Installing: /home/huahai/dobot_ws/install/dobot_msgs_v3/include/dobot_msgs_v3/dobot_msgs_v3/srv/detail/start_drag__rosidl_typesupport_introspection_c.h
[70.964s] -- Installing: /home/huahai/dobot_ws/install/dobot_msgs_v3/include/dobot_msgs_v3/dobot_msgs_v3/srv/detail/pause_script__rosidl_typesupport_introspection_c.h
[70.964s] -- Installing: /home/huahai/dobot_ws/install/dobot_msgs_v3/include/dobot_msgs_v3/dobot_msgs_v3/srv/detail/set_arm_orientation__type_support.c
[70.964s] -- Installing: /home/huahai/dobot_ws/install/dobot_msgs_v3/include/dobot_msgs_v3/dobot_msgs_v3/srv/detail/power_on__rosidl_typesupport_introspection_c.h
[70.964s] -- Installing: /home/huahai/dobot_ws/install/dobot_msgs_v3/include/dobot_msgs_v3/dobot_msgs_v3/srv/detail/continue_script__rosidl_typesupport_introspection_c.h
[70.964s] -- Installing: /home/huahai/dobot_ws/install/dobot_msgs_v3/include/dobot_msgs_v3/dobot_msgs_v3/srv/detail/emergency_stop__rosidl_typesupport_introspection_c.h
[70.964s] -- Installing: /home/huahai/dobot_ws/install/dobot_msgs_v3/include/dobot_msgs_v3/dobot_msgs_v3/srv/detail/mov_l__type_support.c
[70.965s] -- Installing: /home/huahai/dobot_ws/install/dobot_msgs_v3/include/dobot_msgs_v3/dobot_msgs_v3/srv/detail/ao__type_support.c
[70.965s] -- Installing: /home/huahai/dobot_ws/install/dobot_msgs_v3/include/dobot_msgs_v3/dobot_msgs_v3/srv/detail/get_in_regs__rosidl_typesupport_introspection_c.h
[70.965s] -- Installing: /home/huahai/dobot_ws/install/dobot_msgs_v3/include/dobot_msgs_v3/dobot_msgs_v3/srv/detail/power_on__type_support.c
[70.965s] -- Installing: /home/huahai/dobot_ws/install/dobot_msgs_v3/include/dobot_msgs_v3/dobot_msgs_v3/srv/detail/stopmove_jog__type_support.c
[70.965s] -- Installing: /home/huahai/dobot_ws/install/dobot_msgs_v3/include/dobot_msgs_v3/dobot_msgs_v3/srv/detail/jump__rosidl_typesupport_introspection_c.h
[70.965s] -- Installing: /home/huahai/dobot_ws/install/dobot_msgs_v3/include/dobot_msgs_v3/dobot_msgs_v3/srv/detail/acc_l__rosidl_typesupport_introspection_c.h
[70.965s] -- Installing: /home/huahai/dobot_ws/install/dobot_msgs_v3/include/dobot_msgs_v3/dobot_msgs_v3/srv/detail/speed_l__rosidl_typesupport_introspection_c.h
[70.965s] -- Installing: /home/huahai/dobot_ws/install/dobot_msgs_v3/include/dobot_msgs_v3/dobot_msgs_v3/srv/detail/pay_load__rosidl_typesupport_introspection_c.h
[70.965s] -- Installing: /home/huahai/dobot_ws/install/dobot_msgs_v3/include/dobot_msgs_v3/dobot_msgs_v3/srv/detail/robot_mode__type_support.c
[70.965s] -- Installing: /home/huahai/dobot_ws/install/dobot_msgs_v3/include/dobot_msgs_v3/dobot_msgs_v3/srv/detail/rel_mov_l__rosidl_typesupport_introspection_c.h
[70.965s] -- Installing: /home/huahai/dobot_ws/install/dobot_msgs_v3/include/dobot_msgs_v3/dobot_msgs_v3/srv/detail/set_obstacle_avoid__rosidl_typesupport_introspection_c.h
[70.965s] -- Installing: /home/huahai/dobot_ws/install/dobot_msgs_v3/include/dobot_msgs_v3/dobot_msgs_v3/srv/detail/brake_control__rosidl_typesupport_introspection_c.h
[70.965s] -- Installing: /home/huahai/dobot_ws/install/dobot_msgs_v3/include/dobot_msgs_v3/dobot_msgs_v3/srv/detail/mov_jio__rosidl_typesupport_introspection_c.h
[70.965s] -- Installing: /home/huahai/dobot_ws/install/dobot_msgs_v3/include/dobot_msgs_v3/dobot_msgs_v3/srv/detail/start_trace__rosidl_typesupport_introspection_c.h
[70.965s] -- Installing: /home/huahai/dobot_ws/install/dobot_msgs_v3/include/dobot_msgs_v3/dobot_msgs_v3/srv/detail/enable_robot__rosidl_typesupport_introspection_c.h
[70.965s] -- Installing: /home/huahai/dobot_ws/install/dobot_msgs_v3/include/dobot_msgs_v3/dobot_msgs_v3/srv/detail/rel_mov_l_user__rosidl_typesupport_introspection_c.h
[70.965s] -- Installing: /home/huahai/dobot_ws/install/dobot_msgs_v3/include/dobot_msgs_v3/dobot_msgs_v3/srv/detail/inverse_solution__rosidl_typesupport_introspection_c.h
[70.965s] -- Installing: /home/huahai/dobot_ws/install/dobot_msgs_v3/include/dobot_msgs_v3/dobot_msgs_v3/srv/detail/acc_l__type_support.c
[70.965s] -- Installing: /home/huahai/dobot_ws/install/dobot_msgs_v3/include/dobot_msgs_v3/dobot_msgs_v3/srv/detail/move_jog__rosidl_typesupport_introspection_c.h
[70.965s] -- Installing: /home/huahai/dobot_ws/install/dobot_msgs_v3/include/dobot_msgs_v3/dobot_msgs_v3/srv/detail/rel_joint_mov_j__rosidl_typesupport_introspection_c.h
[70.965s] -- Installing: /home/huahai/dobot_ws/install/dobot_msgs_v3/include/dobot_msgs_v3/dobot_msgs_v3/srv/detail/user__rosidl_typesupport_introspection_c.h
[70.965s] -- Installing: /home/huahai/dobot_ws/install/dobot_msgs_v3/include/dobot_msgs_v3/dobot_msgs_v3/srv/detail/start_trace__type_support.c
[70.965s] -- Installing: /home/huahai/dobot_ws/install/dobot_msgs_v3/include/dobot_msgs_v3/dobot_msgs_v3/srv/detail/clear_error__type_support.c
[70.965s] -- Installing: /home/huahai/dobot_ws/install/dobot_msgs_v3/include/dobot_msgs_v3/dobot_msgs_v3/srv/detail/speed_factor__type_support.c
[70.966s] -- Installing: /home/huahai/dobot_ws/install/dobot_msgs_v3/include/dobot_msgs_v3/dobot_msgs_v3/srv/detail/arc__type_support.c
[70.966s] -- Installing: /home/huahai/dobot_ws/install/dobot_msgs_v3/include/dobot_msgs_v3/dobot_msgs_v3/srv/detail/get_angle__type_support.c
[70.966s] -- Installing: /home/huahai/dobot_ws/install/dobot_msgs_v3/include/dobot_msgs_v3/dobot_msgs_v3/srv/detail/tool_do__type_support.c
[70.966s] -- Installing: /home/huahai/dobot_ws/install/dobot_msgs_v3/include/dobot_msgs_v3/dobot_msgs_v3/srv/detail/get_pose__type_support.c
[70.966s] -- Installing: /home/huahai/dobot_ws/install/dobot_msgs_v3/include/dobot_msgs_v3/dobot_msgs_v3/srv/detail/cp__rosidl_typesupport_introspection_c.h
[70.966s] -- Installing: /home/huahai/dobot_ws/install/dobot_msgs_v3/include/dobot_msgs_v3/dobot_msgs_v3/srv/detail/acc_j__type_support.c
[70.966s] -- Installing: /home/huahai/dobot_ws/install/dobot_msgs_v3/include/dobot_msgs_v3/dobot_msgs_v3/srv/detail/robot_mode__rosidl_typesupport_introspection_c.h
[70.966s] -- Installing: /home/huahai/dobot_ws/install/dobot_msgs_v3/include/dobot_msgs_v3/dobot_msgs_v3/srv/detail/disable_robot__rosidl_typesupport_introspection_c.h
[70.966s] -- Installing: /home/huahai/dobot_ws/install/dobot_msgs_v3/include/dobot_msgs_v3/dobot_msgs_v3/srv/detail/wait__rosidl_typesupport_introspection_c.h
[70.966s] -- Installing: /home/huahai/dobot_ws/install/dobot_msgs_v3/include/dobot_msgs_v3/dobot_msgs_v3/srv/detail/circle__type_support.c
[70.966s] -- Installing: /home/huahai/dobot_ws/install/dobot_msgs_v3/include/dobot_msgs_v3/dobot_msgs_v3/srv/detail/stopmove_jog__rosidl_typesupport_introspection_c.h
[70.966s] -- Installing: /home/huahai/dobot_ws/install/dobot_msgs_v3/include/dobot_msgs_v3/dobot_msgs_v3/srv/detail/stop_drag__type_support.c
[70.966s] -- Installing: /home/huahai/dobot_ws/install/dobot_msgs_v3/include/dobot_msgs_v3/dobot_msgs_v3/srv/detail/tool_di__type_support.c
[70.966s] -- Installing: /home/huahai/dobot_ws/install/dobot_msgs_v3/include/dobot_msgs_v3/dobot_msgs_v3/srv/detail/ao__rosidl_typesupport_introspection_c.h
[70.966s] -- Installing: /home/huahai/dobot_ws/install/dobot_msgs_v3/include/dobot_msgs_v3/dobot_msgs_v3/srv/detail/rel_mov_l__type_support.c
[70.966s] -- Installing: /home/huahai/dobot_ws/install/dobot_msgs_v3/include/dobot_msgs_v3/dobot_msgs_v3/srv/detail/enable_robot__type_support.c
[70.967s] -- Installing: /home/huahai/dobot_ws/install/dobot_msgs_v3/include/dobot_msgs_v3/dobot_msgs_v3/srv/detail/set_collision_level__type_support.c
[70.967s] -- Installing: /home/huahai/dobot_ws/install/dobot_msgs_v3/include/dobot_msgs_v3/dobot_msgs_v3/srv/detail/mov_j__type_support.c
[70.967s] -- Installing: /home/huahai/dobot_ws/install/dobot_msgs_v3/include/dobot_msgs_v3/dobot_msgs_v3/srv/detail/digital_outputs__rosidl_typesupport_introspection_c.h
[70.967s] -- Installing: /home/huahai/dobot_ws/install/dobot_msgs_v3/include/dobot_msgs_v3/dobot_msgs_v3/srv/detail/set_hold_regs__type_support.c
[70.967s] -- Installing: /home/huahai/dobot_ws/install/dobot_msgs_v3/include/dobot_msgs_v3/dobot_msgs_v3/srv/detail/arc__rosidl_typesupport_introspection_c.h
[70.967s] -- Installing: /home/huahai/dobot_ws/install/dobot_msgs_v3/include/dobot_msgs_v3/dobot_msgs_v3/srv/detail/speed_factor__rosidl_typesupport_introspection_c.h
[70.967s] -- Installing: /home/huahai/dobot_ws/install/dobot_msgs_v3/include/dobot_msgs_v3/dobot_msgs_v3/srv/detail/jump__type_support.c
[70.967s] -- Installing: /home/huahai/dobot_ws/install/dobot_msgs_v3/include/dobot_msgs_v3/dobot_msgs_v3/srv/detail/ao_execute__type_support.c
[70.967s] -- Installing: /home/huahai/dobot_ws/install/dobot_msgs_v3/include/dobot_msgs_v3/dobot_msgs_v3/srv/detail/get_hold_regs__rosidl_typesupport_introspection_c.h
[70.967s] -- Installing: /home/huahai/dobot_ws/install/dobot_msgs_v3/include/dobot_msgs_v3/dobot_msgs_v3/srv/detail/stop_drag__rosidl_typesupport_introspection_c.h
[70.967s] -- Installing: /home/huahai/dobot_ws/install/dobot_msgs_v3/include/dobot_msgs_v3/dobot_msgs_v3/srv/detail/tool__rosidl_typesupport_introspection_c.h
[70.967s] -- Installing: /home/huahai/dobot_ws/install/dobot_msgs_v3/include/dobot_msgs_v3/dobot_msgs_v3/srv/detail/inverse_solution__type_support.c
[70.968s] -- Installing: /home/huahai/dobot_ws/install/dobot_msgs_v3/include/dobot_msgs_v3/dobot_msgs_v3/srv/detail/set_coils__type_support.c
[70.968s] -- Installing: /home/huahai/dobot_ws/install/dobot_msgs_v3/include/dobot_msgs_v3/dobot_msgs_v3/srv/detail/pay_load__type_support.c
[70.968s] -- Installing: /home/huahai/dobot_ws/install/dobot_msgs_v3/include/dobot_msgs_v3/dobot_msgs_v3/srv/detail/servo_p__type_support.c
[70.968s] -- Installing: /home/huahai/dobot_ws/install/dobot_msgs_v3/include/dobot_msgs_v3/dobot_msgs_v3/srv/detail/rel_mov_j_user__rosidl_typesupport_introspection_c.h
[70.968s] -- Installing: /home/huahai/dobot_ws/install/dobot_msgs_v3/include/dobot_msgs_v3/dobot_msgs_v3/srv/detail/get_hold_regs__type_support.c
[70.968s] -- Installing: /home/huahai/dobot_ws/install/dobot_msgs_v3/include/dobot_msgs_v3/dobot_msgs_v3/srv/detail/load_switch__rosidl_typesupport_introspection_c.h
[70.968s] -- Installing: /home/huahai/dobot_ws/install/dobot_msgs_v3/include/dobot_msgs_v3/dobot_msgs_v3/srv/detail/do_execute__type_support.c
[70.968s] -- Installing: /home/huahai/dobot_ws/install/dobot_msgs_v3/include/dobot_msgs_v3/dobot_msgs_v3/srv/detail/start_path__rosidl_typesupport_introspection_c.h
[70.968s] -- Installing: /home/huahai/dobot_ws/install/dobot_msgs_v3/include/dobot_msgs_v3/dobot_msgs_v3/srv/detail/set_payload__type_support.c
[70.968s] -- Installing: /home/huahai/dobot_ws/install/dobot_msgs_v3/include/dobot_msgs_v3/dobot_msgs_v3/srv/detail/tool__type_support.c
[70.968s] -- Installing: /home/huahai/dobot_ws/install/dobot_msgs_v3/include/dobot_msgs_v3/dobot_msgs_v3/srv/detail/wait__type_support.c
[70.968s] -- Installing: /home/huahai/dobot_ws/install/dobot_msgs_v3/include/dobot_msgs_v3/dobot_msgs_v3/srv/detail/user__type_support.c
[70.968s] -- Installing: /home/huahai/dobot_ws/install/dobot_msgs_v3/include/dobot_msgs_v3/dobot_msgs_v3/srv/detail/continue_script__type_support.c
[70.969s] -- Installing: /home/huahai/dobot_ws/install/dobot_msgs_v3/include/dobot_msgs_v3/dobot_msgs_v3/srv/detail/emergency_stop__type_support.c
[70.969s] -- Installing: /home/huahai/dobot_ws/install/dobot_msgs_v3/include/dobot_msgs_v3/dobot_msgs_v3/srv/detail/sync__type_support.c
[70.969s] -- Installing: /home/huahai/dobot_ws/install/dobot_msgs_v3/include/dobot_msgs_v3/dobot_msgs_v3/srv/detail/get_in_regs__type_support.c
[70.969s] -- Installing: /home/huahai/dobot_ws/install/dobot_msgs_v3/include/dobot_msgs_v3/dobot_msgs_v3/srv/detail/speed_l__type_support.c
[70.969s] -- Installing: /home/huahai/dobot_ws/install/dobot_msgs_v3/include/dobot_msgs_v3/dobot_msgs_v3/srv/detail/move_jog__type_support.c
[70.969s] -- Installing: /home/huahai/dobot_ws/install/dobot_msgs_v3/include/dobot_msgs_v3/dobot_msgs_v3/srv/detail/servo_j__rosidl_typesupport_introspection_c.h
[70.969s] -- Installing: /home/huahai/dobot_ws/install/dobot_msgs_v3/include/dobot_msgs_v3/dobot_msgs_v3/srv/detail/brake_control__type_support.c
[70.969s] -- Installing: /home/huahai/dobot_ws/install/dobot_msgs_v3/include/dobot_msgs_v3/dobot_msgs_v3/srv/detail/servo_j__type_support.c
[70.969s] -- Installing: /home/huahai/dobot_ws/install/dobot_msgs_v3/include/dobot_msgs_v3/dobot_msgs_v3/srv/detail/servo_p__rosidl_typesupport_introspection_c.h
[70.969s] -- Installing: /home/huahai/dobot_ws/install/dobot_msgs_v3/include/dobot_msgs_v3/dobot_msgs_v3/srv/detail/joint_mov_j__rosidl_typesupport_introspection_c.h
[70.969s] -- Installing: /home/huahai/dobot_ws/install/dobot_msgs_v3/include/dobot_msgs_v3/dobot_msgs_v3/srv/detail/pause_script__type_support.c
[70.969s] -- Installing: /home/huahai/dobot_ws/install/dobot_msgs_v3/include/dobot_msgs_v3/dobot_msgs_v3/srv/detail/continues__rosidl_typesupport_introspection_c.h
[70.969s] -- Installing: /home/huahai/dobot_ws/install/dobot_msgs_v3/include/dobot_msgs_v3/dobot_msgs_v3/srv/detail/get_coils__type_support.c
[70.969s] -- Installing: /home/huahai/dobot_ws/install/dobot_msgs_v3/include/dobot_msgs_v3/dobot_msgs_v3/srv/detail/ao_execute__rosidl_typesupport_introspection_c.h
[70.970s] -- Installing: /home/huahai/dobot_ws/install/dobot_msgs_v3/include/dobot_msgs_v3/dobot_msgs_v3/srv/detail/di__type_support.c
[70.970s] -- Installing: /home/huahai/dobot_ws/install/dobot_msgs_v3/include/dobot_msgs_v3/dobot_msgs_v3/srv/detail/run_script__type_support.c
[70.970s] -- Installing: /home/huahai/dobot_ws/install/dobot_msgs_v3/include/dobot_msgs_v3/dobot_msgs_v3/srv/detail/do__rosidl_typesupport_introspection_c.h
[70.970s] -- Installing: /home/huahai/dobot_ws/install/dobot_msgs_v3/include/dobot_msgs_v3/dobot_msgs_v3/srv/detail/sync_all__type_support.c
[70.970s] -- Installing: /home/huahai/dobot_ws/install/dobot_msgs_v3/include/dobot_msgs_v3/dobot_msgs_v3/srv/detail/set_hold_regs__rosidl_typesupport_introspection_c.h
[70.970s] -- Installing: /home/huahai/dobot_ws/install/dobot_msgs_v3/include/dobot_msgs_v3/dobot_msgs_v3/srv/detail/tool_di__rosidl_typesupport_introspection_c.h
[70.970s] -- Installing: /home/huahai/dobot_ws/install/dobot_msgs_v3/include/dobot_msgs_v3/dobot_msgs_v3/srv/detail/start_drag__type_support.c
[70.970s] -- Installing: /home/huahai/dobot_ws/install/dobot_msgs_v3/include/dobot_msgs_v3/dobot_msgs_v3/srv/detail/get_coils__rosidl_typesupport_introspection_c.h
[70.970s] -- Installing: /home/huahai/dobot_ws/install/dobot_msgs_v3/lib/libdobot_msgs_v3__rosidl_typesupport_introspection_c.so
[70.971s] -- Set runtime path of "/home/huahai/dobot_ws/install/dobot_msgs_v3/lib/libdobot_msgs_v3__rosidl_typesupport_introspection_c.so" to ""
[70.971s] -- Installing: /home/huahai/dobot_ws/install/dobot_msgs_v3/lib/libdobot_msgs_v3__rosidl_typesupport_c.so
[70.972s] -- Set runtime path of "/home/huahai/dobot_ws/install/dobot_msgs_v3/lib/libdobot_msgs_v3__rosidl_typesupport_c.so" to ""
[70.972s] -- Up-to-date: /home/huahai/dobot_ws/install/dobot_msgs_v3/include/dobot_msgs_v3/dobot_msgs_v3
[70.972s] -- Up-to-date: /home/huahai/dobot_ws/install/dobot_msgs_v3/include/dobot_msgs_v3/dobot_msgs_v3/msg
[70.972s] -- Up-to-date: /home/huahai/dobot_ws/install/dobot_msgs_v3/include/dobot_msgs_v3/dobot_msgs_v3/msg/detail
[70.972s] -- Installing: /home/huahai/dobot_ws/install/dobot_msgs_v3/include/dobot_msgs_v3/dobot_msgs_v3/msg/detail/robot_status__type_support.cpp
[70.972s] -- Installing: /home/huahai/dobot_ws/install/dobot_msgs_v3/include/dobot_msgs_v3/dobot_msgs_v3/msg/detail/tool_vector_actual__rosidl_typesupport_introspection_cpp.hpp
[70.972s] -- Installing: /home/huahai/dobot_ws/install/dobot_msgs_v3/include/dobot_msgs_v3/dobot_msgs_v3/msg/detail/tool_vector_actual__type_support.cpp
[70.972s] -- Installing: /home/huahai/dobot_ws/install/dobot_msgs_v3/include/dobot_msgs_v3/dobot_msgs_v3/msg/detail/robot_status__rosidl_typesupport_introspection_cpp.hpp
[70.972s] -- Up-to-date: /home/huahai/dobot_ws/install/dobot_msgs_v3/include/dobot_msgs_v3/dobot_msgs_v3/srv
[70.972s] -- Up-to-date: /home/huahai/dobot_ws/install/dobot_msgs_v3/include/dobot_msgs_v3/dobot_msgs_v3/srv/detail
[70.972s] -- Installing: /home/huahai/dobot_ws/install/dobot_msgs_v3/include/dobot_msgs_v3/dobot_msgs_v3/srv/detail/continues__type_support.cpp
[70.972s] -- Installing: /home/huahai/dobot_ws/install/dobot_msgs_v3/include/dobot_msgs_v3/dobot_msgs_v3/srv/detail/start_path__type_support.cpp
[70.972s] -- Installing: /home/huahai/dobot_ws/install/dobot_msgs_v3/include/dobot_msgs_v3/dobot_msgs_v3/srv/detail/robot_mode__rosidl_typesupport_introspection_cpp.hpp
[70.972s] -- Installing: /home/huahai/dobot_ws/install/dobot_msgs_v3/include/dobot_msgs_v3/dobot_msgs_v3/srv/detail/get_error_id__rosidl_typesupport_introspection_cpp.hpp
[70.973s] -- Installing: /home/huahai/dobot_ws/install/dobot_msgs_v3/include/dobot_msgs_v3/dobot_msgs_v3/srv/detail/tool_di__rosidl_typesupport_introspection_cpp.hpp
[70.973s] -- Installing: /home/huahai/dobot_ws/install/dobot_msgs_v3/include/dobot_msgs_v3/dobot_msgs_v3/srv/detail/mov_j__type_support.cpp
[70.973s] -- Installing: /home/huahai/dobot_ws/install/dobot_msgs_v3/include/dobot_msgs_v3/dobot_msgs_v3/srv/detail/inverse_solution__type_support.cpp
[70.973s] -- Installing: /home/huahai/dobot_ws/install/dobot_msgs_v3/include/dobot_msgs_v3/dobot_msgs_v3/srv/detail/set_safe_skin__rosidl_typesupport_introspection_cpp.hpp
[70.973s] -- Installing: /home/huahai/dobot_ws/install/dobot_msgs_v3/include/dobot_msgs_v3/dobot_msgs_v3/srv/detail/get_coils__rosidl_typesupport_introspection_cpp.hpp
[70.973s] -- Installing: /home/huahai/dobot_ws/install/dobot_msgs_v3/include/dobot_msgs_v3/dobot_msgs_v3/srv/detail/rel_mov_l_tool__type_support.cpp
[70.973s] -- Installing: /home/huahai/dobot_ws/install/dobot_msgs_v3/include/dobot_msgs_v3/dobot_msgs_v3/srv/detail/brake_control__rosidl_typesupport_introspection_cpp.hpp
[70.973s] -- Installing: /home/huahai/dobot_ws/install/dobot_msgs_v3/include/dobot_msgs_v3/dobot_msgs_v3/srv/detail/get_pose__type_support.cpp
[70.973s] -- Installing: /home/huahai/dobot_ws/install/dobot_msgs_v3/include/dobot_msgs_v3/dobot_msgs_v3/srv/detail/mov_j__rosidl_typesupport_introspection_cpp.hpp
[70.974s] -- Installing: /home/huahai/dobot_ws/install/dobot_msgs_v3/include/dobot_msgs_v3/dobot_msgs_v3/srv/detail/rel_mov_j_user__rosidl_typesupport_introspection_cpp.hpp
[70.974s] -- Installing: /home/huahai/dobot_ws/install/dobot_msgs_v3/include/dobot_msgs_v3/dobot_msgs_v3/srv/detail/sync_all__rosidl_typesupport_introspection_cpp.hpp
[70.974s] -- Installing: /home/huahai/dobot_ws/install/dobot_msgs_v3/include/dobot_msgs_v3/dobot_msgs_v3/srv/detail/emergency_stop__type_support.cpp
[70.974s] -- Installing: /home/huahai/dobot_ws/install/dobot_msgs_v3/include/dobot_msgs_v3/dobot_msgs_v3/srv/detail/arch__rosidl_typesupport_introspection_cpp.hpp
[70.974s] -- Installing: /home/huahai/dobot_ws/install/dobot_msgs_v3/include/dobot_msgs_v3/dobot_msgs_v3/srv/detail/arc__type_support.cpp
[70.974s] -- Installing: /home/huahai/dobot_ws/install/dobot_msgs_v3/include/dobot_msgs_v3/dobot_msgs_v3/srv/detail/disable_robot__type_support.cpp
[70.974s] -- Installing: /home/huahai/dobot_ws/install/dobot_msgs_v3/include/dobot_msgs_v3/dobot_msgs_v3/srv/detail/arch__type_support.cpp
[70.974s] -- Installing: /home/huahai/dobot_ws/install/dobot_msgs_v3/include/dobot_msgs_v3/dobot_msgs_v3/srv/detail/tool_do__rosidl_typesupport_introspection_cpp.hpp
[70.974s] -- Installing: /home/huahai/dobot_ws/install/dobot_msgs_v3/include/dobot_msgs_v3/dobot_msgs_v3/srv/detail/servo_j__rosidl_typesupport_introspection_cpp.hpp
[70.974s] -- Installing: /home/huahai/dobot_ws/install/dobot_msgs_v3/include/dobot_msgs_v3/dobot_msgs_v3/srv/detail/do_group__rosidl_typesupport_introspection_cpp.hpp
[70.974s] -- Installing: /home/huahai/dobot_ws/install/dobot_msgs_v3/include/dobot_msgs_v3/dobot_msgs_v3/srv/detail/joint_mov_j__rosidl_typesupport_introspection_cpp.hpp
[70.974s] -- Installing: /home/huahai/dobot_ws/install/dobot_msgs_v3/include/dobot_msgs_v3/dobot_msgs_v3/srv/detail/modbus_create__type_support.cpp
[70.974s] -- Installing: /home/huahai/dobot_ws/install/dobot_msgs_v3/include/dobot_msgs_v3/dobot_msgs_v3/srv/detail/start_drag__rosidl_typesupport_introspection_cpp.hpp
[70.974s] -- Installing: /home/huahai/dobot_ws/install/dobot_msgs_v3/include/dobot_msgs_v3/dobot_msgs_v3/srv/detail/mov_j_ext__type_support.cpp
[70.975s] -- Installing: /home/huahai/dobot_ws/install/dobot_msgs_v3/include/dobot_msgs_v3/dobot_msgs_v3/srv/detail/rel_mov_j__type_support.cpp
[70.975s] -- Installing: /home/huahai/dobot_ws/install/dobot_msgs_v3/include/dobot_msgs_v3/dobot_msgs_v3/srv/detail/set_obstacle_avoid__rosidl_typesupport_introspection_cpp.hpp
[70.975s] -- Installing: /home/huahai/dobot_ws/install/dobot_msgs_v3/include/dobot_msgs_v3/dobot_msgs_v3/srv/detail/ao__type_support.cpp
[70.975s] -- Installing: /home/huahai/dobot_ws/install/dobot_msgs_v3/include/dobot_msgs_v3/dobot_msgs_v3/srv/detail/stop_drag__rosidl_typesupport_introspection_cpp.hpp
[70.975s] -- Installing: /home/huahai/dobot_ws/install/dobot_msgs_v3/include/dobot_msgs_v3/dobot_msgs_v3/srv/detail/rel_mov_l_tool__rosidl_typesupport_introspection_cpp.hpp
[70.975s] -- Installing: /home/huahai/dobot_ws/install/dobot_msgs_v3/include/dobot_msgs_v3/dobot_msgs_v3/srv/detail/jump__rosidl_typesupport_introspection_cpp.hpp
[70.975s] -- Installing: /home/huahai/dobot_ws/install/dobot_msgs_v3/include/dobot_msgs_v3/dobot_msgs_v3/srv/detail/modbus_close__type_support.cpp
[70.975s] -- Installing: /home/huahai/dobot_ws/install/dobot_msgs_v3/include/dobot_msgs_v3/dobot_msgs_v3/srv/detail/stopmove_jog__rosidl_typesupport_introspection_cpp.hpp
[70.975s] -- Installing: /home/huahai/dobot_ws/install/dobot_msgs_v3/include/dobot_msgs_v3/dobot_msgs_v3/srv/detail/sync__type_support.cpp
[70.975s] -- Installing: /home/huahai/dobot_ws/install/dobot_msgs_v3/include/dobot_msgs_v3/dobot_msgs_v3/srv/detail/enable_robot__rosidl_typesupport_introspection_cpp.hpp
[70.975s] -- Installing: /home/huahai/dobot_ws/install/dobot_msgs_v3/include/dobot_msgs_v3/dobot_msgs_v3/srv/detail/get_hold_regs__rosidl_typesupport_introspection_cpp.hpp
[70.975s] -- Installing: /home/huahai/dobot_ws/install/dobot_msgs_v3/include/dobot_msgs_v3/dobot_msgs_v3/srv/detail/circle__rosidl_typesupport_introspection_cpp.hpp
[70.975s] -- Installing: /home/huahai/dobot_ws/install/dobot_msgs_v3/include/dobot_msgs_v3/dobot_msgs_v3/srv/detail/start_path__rosidl_typesupport_introspection_cpp.hpp
[70.976s] -- Installing: /home/huahai/dobot_ws/install/dobot_msgs_v3/include/dobot_msgs_v3/dobot_msgs_v3/srv/detail/wait__type_support.cpp
[70.976s] -- Installing: /home/huahai/dobot_ws/install/dobot_msgs_v3/include/dobot_msgs_v3/dobot_msgs_v3/srv/detail/rel_mov_l_user__type_support.cpp
[70.976s] -- Installing: /home/huahai/dobot_ws/install/dobot_msgs_v3/include/dobot_msgs_v3/dobot_msgs_v3/srv/detail/wait__rosidl_typesupport_introspection_cpp.hpp
[70.976s] -- Installing: /home/huahai/dobot_ws/install/dobot_msgs_v3/include/dobot_msgs_v3/dobot_msgs_v3/srv/detail/rel_joint_mov_j__rosidl_typesupport_introspection_cpp.hpp
[70.976s] -- Installing: /home/huahai/dobot_ws/install/dobot_msgs_v3/include/dobot_msgs_v3/dobot_msgs_v3/srv/detail/user__rosidl_typesupport_introspection_cpp.hpp
[70.976s] -- Installing: /home/huahai/dobot_ws/install/dobot_msgs_v3/include/dobot_msgs_v3/dobot_msgs_v3/srv/detail/robot_mode__type_support.cpp
[70.976s] -- Installing: /home/huahai/dobot_ws/install/dobot_msgs_v3/include/dobot_msgs_v3/dobot_msgs_v3/srv/detail/speed_l__type_support.cpp
[70.976s] -- Installing: /home/huahai/dobot_ws/install/dobot_msgs_v3/include/dobot_msgs_v3/dobot_msgs_v3/srv/detail/set_hold_regs__rosidl_typesupport_introspection_cpp.hpp
[70.977s] -- Installing: /home/huahai/dobot_ws/install/dobot_msgs_v3/include/dobot_msgs_v3/dobot_msgs_v3/srv/detail/joint_mov_j__type_support.cpp
[70.977s] -- Installing: /home/huahai/dobot_ws/install/dobot_msgs_v3/include/dobot_msgs_v3/dobot_msgs_v3/srv/detail/set_payload__rosidl_typesupport_introspection_cpp.hpp
[70.977s] -- Installing: /home/huahai/dobot_ws/install/dobot_msgs_v3/include/dobot_msgs_v3/dobot_msgs_v3/srv/detail/rel_joint_mov_j__type_support.cpp
[70.977s] -- Installing: /home/huahai/dobot_ws/install/dobot_msgs_v3/include/dobot_msgs_v3/dobot_msgs_v3/srv/detail/set_payload__type_support.cpp
[70.977s] -- Installing: /home/huahai/dobot_ws/install/dobot_msgs_v3/include/dobot_msgs_v3/dobot_msgs_v3/srv/detail/set_safe_skin__type_support.cpp
[70.977s] -- Installing: /home/huahai/dobot_ws/install/dobot_msgs_v3/include/dobot_msgs_v3/dobot_msgs_v3/srv/detail/servo_p__type_support.cpp
[70.977s] -- Installing: /home/huahai/dobot_ws/install/dobot_msgs_v3/include/dobot_msgs_v3/dobot_msgs_v3/srv/detail/do_group__type_support.cpp
[70.978s] -- Installing: /home/huahai/dobot_ws/install/dobot_msgs_v3/include/dobot_msgs_v3/dobot_msgs_v3/srv/detail/di__type_support.cpp
[70.978s] -- Installing: /home/huahai/dobot_ws/install/dobot_msgs_v3/include/dobot_msgs_v3/dobot_msgs_v3/srv/detail/sync_all__type_support.cpp
[70.978s] -- Installing: /home/huahai/dobot_ws/install/dobot_msgs_v3/include/dobot_msgs_v3/dobot_msgs_v3/srv/detail/get_in_regs__rosidl_typesupport_introspection_cpp.hpp
[70.978s] -- Installing: /home/huahai/dobot_ws/install/dobot_msgs_v3/include/dobot_msgs_v3/dobot_msgs_v3/srv/detail/continue_script__type_support.cpp
[70.978s] -- Installing: /home/huahai/dobot_ws/install/dobot_msgs_v3/include/dobot_msgs_v3/dobot_msgs_v3/srv/detail/get_error_id__type_support.cpp
[70.978s] -- Installing: /home/huahai/dobot_ws/install/dobot_msgs_v3/include/dobot_msgs_v3/dobot_msgs_v3/srv/detail/disable_robot__rosidl_typesupport_introspection_cpp.hpp
[70.978s] -- Installing: /home/huahai/dobot_ws/install/dobot_msgs_v3/include/dobot_msgs_v3/dobot_msgs_v3/srv/detail/set_coils__type_support.cpp
[70.978s] -- Installing: /home/huahai/dobot_ws/install/dobot_msgs_v3/include/dobot_msgs_v3/dobot_msgs_v3/srv/detail/pay_load__rosidl_typesupport_introspection_cpp.hpp
[70.978s] -- Installing: /home/huahai/dobot_ws/install/dobot_msgs_v3/include/dobot_msgs_v3/dobot_msgs_v3/srv/detail/digital_outputs__type_support.cpp
[70.978s] -- Installing: /home/huahai/dobot_ws/install/dobot_msgs_v3/include/dobot_msgs_v3/dobot_msgs_v3/srv/detail/acc_j__rosidl_typesupport_introspection_cpp.hpp
[70.978s] -- Installing: /home/huahai/dobot_ws/install/dobot_msgs_v3/include/dobot_msgs_v3/dobot_msgs_v3/srv/detail/get_pose__rosidl_typesupport_introspection_cpp.hpp
[70.978s] -- Installing: /home/huahai/dobot_ws/install/dobot_msgs_v3/include/dobot_msgs_v3/dobot_msgs_v3/srv/detail/cp__type_support.cpp
[70.978s] -- Installing: /home/huahai/dobot_ws/install/dobot_msgs_v3/include/dobot_msgs_v3/dobot_msgs_v3/srv/detail/di__rosidl_typesupport_introspection_cpp.hpp
[70.978s] -- Installing: /home/huahai/dobot_ws/install/dobot_msgs_v3/include/dobot_msgs_v3/dobot_msgs_v3/srv/detail/load_switch__type_support.cpp
[70.978s] -- Installing: /home/huahai/dobot_ws/install/dobot_msgs_v3/include/dobot_msgs_v3/dobot_msgs_v3/srv/detail/get_angle__type_support.cpp
[70.978s] -- Installing: /home/huahai/dobot_ws/install/dobot_msgs_v3/include/dobot_msgs_v3/dobot_msgs_v3/srv/detail/start_fc_trace__type_support.cpp
[70.978s] -- Installing: /home/huahai/dobot_ws/install/dobot_msgs_v3/include/dobot_msgs_v3/dobot_msgs_v3/srv/detail/servo_p__rosidl_typesupport_introspection_cpp.hpp
[70.978s] -- Installing: /home/huahai/dobot_ws/install/dobot_msgs_v3/include/dobot_msgs_v3/dobot_msgs_v3/srv/detail/set_obstacle_avoid__type_support.cpp
[70.978s] -- Installing: /home/huahai/dobot_ws/install/dobot_msgs_v3/include/dobot_msgs_v3/dobot_msgs_v3/srv/detail/acc_l__rosidl_typesupport_introspection_cpp.hpp
[70.978s] -- Installing: /home/huahai/dobot_ws/install/dobot_msgs_v3/include/dobot_msgs_v3/dobot_msgs_v3/srv/detail/speed_j__type_support.cpp
[70.978s] -- Installing: /home/huahai/dobot_ws/install/dobot_msgs_v3/include/dobot_msgs_v3/dobot_msgs_v3/srv/detail/stop_drag__type_support.cpp
[70.978s] -- Installing: /home/huahai/dobot_ws/install/dobot_msgs_v3/include/dobot_msgs_v3/dobot_msgs_v3/srv/detail/mov_l__type_support.cpp
[70.978s] -- Installing: /home/huahai/dobot_ws/install/dobot_msgs_v3/include/dobot_msgs_v3/dobot_msgs_v3/srv/detail/ao__rosidl_typesupport_introspection_cpp.hpp
[70.978s] -- Installing: /home/huahai/dobot_ws/install/dobot_msgs_v3/include/dobot_msgs_v3/dobot_msgs_v3/srv/detail/emergency_stop__rosidl_typesupport_introspection_cpp.hpp
[70.978s] -- Installing: /home/huahai/dobot_ws/install/dobot_msgs_v3/include/dobot_msgs_v3/dobot_msgs_v3/srv/detail/speed_j__rosidl_typesupport_introspection_cpp.hpp
[70.978s] -- Installing: /home/huahai/dobot_ws/install/dobot_msgs_v3/include/dobot_msgs_v3/dobot_msgs_v3/srv/detail/positive_solution__rosidl_typesupport_introspection_cpp.hpp
[70.978s] -- Installing: /home/huahai/dobot_ws/install/dobot_msgs_v3/include/dobot_msgs_v3/dobot_msgs_v3/srv/detail/reset_robot__rosidl_typesupport_introspection_cpp.hpp
[70.978s] -- Installing: /home/huahai/dobot_ws/install/dobot_msgs_v3/include/dobot_msgs_v3/dobot_msgs_v3/srv/detail/mov_jio__type_support.cpp
[70.979s] -- Installing: /home/huahai/dobot_ws/install/dobot_msgs_v3/include/dobot_msgs_v3/dobot_msgs_v3/srv/detail/move_jog__rosidl_typesupport_introspection_cpp.hpp
[70.979s] -- Installing: /home/huahai/dobot_ws/install/dobot_msgs_v3/include/dobot_msgs_v3/dobot_msgs_v3/srv/detail/set_arm_orientation__type_support.cpp
[70.979s] -- Installing: /home/huahai/dobot_ws/install/dobot_msgs_v3/include/dobot_msgs_v3/dobot_msgs_v3/srv/detail/rel_mov_l_user__rosidl_typesupport_introspection_cpp.hpp
[70.979s] -- Installing: /home/huahai/dobot_ws/install/dobot_msgs_v3/include/dobot_msgs_v3/dobot_msgs_v3/srv/detail/do_execute__rosidl_typesupport_introspection_cpp.hpp
[70.979s] -- Installing: /home/huahai/dobot_ws/install/dobot_msgs_v3/include/dobot_msgs_v3/dobot_msgs_v3/srv/detail/pause_script__rosidl_typesupport_introspection_cpp.hpp
[70.979s] -- Installing: /home/huahai/dobot_ws/install/dobot_msgs_v3/include/dobot_msgs_v3/dobot_msgs_v3/srv/detail/ao_execute__rosidl_typesupport_introspection_cpp.hpp
[70.979s] -- Installing: /home/huahai/dobot_ws/install/dobot_msgs_v3/include/dobot_msgs_v3/dobot_msgs_v3/srv/detail/pause_script__type_support.cpp
[70.979s] -- Installing: /home/huahai/dobot_ws/install/dobot_msgs_v3/include/dobot_msgs_v3/dobot_msgs_v3/srv/detail/pay_load__type_support.cpp
[70.979s] -- Installing: /home/huahai/dobot_ws/install/dobot_msgs_v3/include/dobot_msgs_v3/dobot_msgs_v3/srv/detail/set_hold_regs__type_support.cpp
[70.980s] -- Installing: /home/huahai/dobot_ws/install/dobot_msgs_v3/include/dobot_msgs_v3/dobot_msgs_v3/srv/detail/set_collision_level__type_support.cpp
[70.980s] -- Installing: /home/huahai/dobot_ws/install/dobot_msgs_v3/include/dobot_msgs_v3/dobot_msgs_v3/srv/detail/power_on__rosidl_typesupport_introspection_cpp.hpp
[70.980s] -- Installing: /home/huahai/dobot_ws/install/dobot_msgs_v3/include/dobot_msgs_v3/dobot_msgs_v3/srv/detail/start_trace__type_support.cpp
[70.980s] -- Installing: /home/huahai/dobot_ws/install/dobot_msgs_v3/include/dobot_msgs_v3/dobot_msgs_v3/srv/detail/pause__type_support.cpp
[70.980s] -- Installing: /home/huahai/dobot_ws/install/dobot_msgs_v3/include/dobot_msgs_v3/dobot_msgs_v3/srv/detail/get_angle__rosidl_typesupport_introspection_cpp.hpp
[70.980s] -- Installing: /home/huahai/dobot_ws/install/dobot_msgs_v3/include/dobot_msgs_v3/dobot_msgs_v3/srv/detail/mov_j_ext__rosidl_typesupport_introspection_cpp.hpp
[70.980s] -- Installing: /home/huahai/dobot_ws/install/dobot_msgs_v3/include/dobot_msgs_v3/dobot_msgs_v3/srv/detail/mov_lio__type_support.cpp
[70.980s] -- Installing: /home/huahai/dobot_ws/install/dobot_msgs_v3/include/dobot_msgs_v3/dobot_msgs_v3/srv/detail/clear_error__type_support.cpp
[70.980s] -- Installing: /home/huahai/dobot_ws/install/dobot_msgs_v3/include/dobot_msgs_v3/dobot_msgs_v3/srv/detail/run_script__rosidl_typesupport_introspection_cpp.hpp
[70.980s] -- Installing: /home/huahai/dobot_ws/install/dobot_msgs_v3/include/dobot_msgs_v3/dobot_msgs_v3/srv/detail/user__type_support.cpp
[70.980s] -- Installing: /home/huahai/dobot_ws/install/dobot_msgs_v3/include/dobot_msgs_v3/dobot_msgs_v3/srv/detail/get_in_regs__type_support.cpp
[70.980s] -- Installing: /home/huahai/dobot_ws/install/dobot_msgs_v3/include/dobot_msgs_v3/dobot_msgs_v3/srv/detail/circle__type_support.cpp
[70.980s] -- Installing: /home/huahai/dobot_ws/install/dobot_msgs_v3/include/dobot_msgs_v3/dobot_msgs_v3/srv/detail/clear_error__rosidl_typesupport_introspection_cpp.hpp
[70.981s] -- Installing: /home/huahai/dobot_ws/install/dobot_msgs_v3/include/dobot_msgs_v3/dobot_msgs_v3/srv/detail/brake_control__type_support.cpp
[70.981s] -- Installing: /home/huahai/dobot_ws/install/dobot_msgs_v3/include/dobot_msgs_v3/dobot_msgs_v3/srv/detail/acc_j__type_support.cpp
[70.981s] -- Installing: /home/huahai/dobot_ws/install/dobot_msgs_v3/include/dobot_msgs_v3/dobot_msgs_v3/srv/detail/tool_do__type_support.cpp
[70.981s] -- Installing: /home/huahai/dobot_ws/install/dobot_msgs_v3/include/dobot_msgs_v3/dobot_msgs_v3/srv/detail/acc_l__type_support.cpp
[70.981s] -- Installing: /home/huahai/dobot_ws/install/dobot_msgs_v3/include/dobot_msgs_v3/dobot_msgs_v3/srv/detail/get_hold_regs__type_support.cpp
[70.981s] -- Installing: /home/huahai/dobot_ws/install/dobot_msgs_v3/include/dobot_msgs_v3/dobot_msgs_v3/srv/detail/do__rosidl_typesupport_introspection_cpp.hpp
[70.981s] -- Installing: /home/huahai/dobot_ws/install/dobot_msgs_v3/include/dobot_msgs_v3/dobot_msgs_v3/srv/detail/inverse_solution__rosidl_typesupport_introspection_cpp.hpp
[70.981s] -- Installing: /home/huahai/dobot_ws/install/dobot_msgs_v3/include/dobot_msgs_v3/dobot_msgs_v3/srv/detail/digital_outputs__rosidl_typesupport_introspection_cpp.hpp
[70.981s] -- Installing: /home/huahai/dobot_ws/install/dobot_msgs_v3/include/dobot_msgs_v3/dobot_msgs_v3/srv/detail/reset_robot__type_support.cpp
[70.981s] -- Installing: /home/huahai/dobot_ws/install/dobot_msgs_v3/include/dobot_msgs_v3/dobot_msgs_v3/srv/detail/get_in_bits__type_support.cpp
[70.981s] -- Installing: /home/huahai/dobot_ws/install/dobot_msgs_v3/include/dobot_msgs_v3/dobot_msgs_v3/srv/detail/enable_robot__type_support.cpp
[70.981s] -- Installing: /home/huahai/dobot_ws/install/dobot_msgs_v3/include/dobot_msgs_v3/dobot_msgs_v3/srv/detail/move_jog__type_support.cpp
[70.982s] -- Installing: /home/huahai/dobot_ws/install/dobot_msgs_v3/include/dobot_msgs_v3/dobot_msgs_v3/srv/detail/power_on__type_support.cpp
[70.982s] -- Installing: /home/huahai/dobot_ws/install/dobot_msgs_v3/include/dobot_msgs_v3/dobot_msgs_v3/srv/detail/speed_l__rosidl_typesupport_introspection_cpp.hpp
[70.982s] -- Installing: /home/huahai/dobot_ws/install/dobot_msgs_v3/include/dobot_msgs_v3/dobot_msgs_v3/srv/detail/do_execute__type_support.cpp
[70.982s] -- Installing: /home/huahai/dobot_ws/install/dobot_msgs_v3/include/dobot_msgs_v3/dobot_msgs_v3/srv/detail/servo_j__type_support.cpp
[70.982s] -- Installing: /home/huahai/dobot_ws/install/dobot_msgs_v3/include/dobot_msgs_v3/dobot_msgs_v3/srv/detail/mov_lio__rosidl_typesupport_introspection_cpp.hpp
[70.982s] -- Installing: /home/huahai/dobot_ws/install/dobot_msgs_v3/include/dobot_msgs_v3/dobot_msgs_v3/srv/detail/load_switch__rosidl_typesupport_introspection_cpp.hpp
[70.982s] -- Installing: /home/huahai/dobot_ws/install/dobot_msgs_v3/include/dobot_msgs_v3/dobot_msgs_v3/srv/detail/rel_mov_l__type_support.cpp
[70.982s] -- Installing: /home/huahai/dobot_ws/install/dobot_msgs_v3/include/dobot_msgs_v3/dobot_msgs_v3/srv/detail/arc__rosidl_typesupport_introspection_cpp.hpp
[70.982s] -- Installing: /home/huahai/dobot_ws/install/dobot_msgs_v3/include/dobot_msgs_v3/dobot_msgs_v3/srv/detail/ao_execute__type_support.cpp
[70.982s] -- Installing: /home/huahai/dobot_ws/install/dobot_msgs_v3/include/dobot_msgs_v3/dobot_msgs_v3/srv/detail/jump__type_support.cpp
[70.982s] -- Installing: /home/huahai/dobot_ws/install/dobot_msgs_v3/include/dobot_msgs_v3/dobot_msgs_v3/srv/detail/stop_script__type_support.cpp
[70.982s] -- Installing: /home/huahai/dobot_ws/install/dobot_msgs_v3/include/dobot_msgs_v3/dobot_msgs_v3/srv/detail/modbus_close__rosidl_typesupport_introspection_cpp.hpp
[70.982s] -- Installing: /home/huahai/dobot_ws/install/dobot_msgs_v3/include/dobot_msgs_v3/dobot_msgs_v3/srv/detail/start_trace__rosidl_typesupport_introspection_cpp.hpp
[70.983s] -- Installing: /home/huahai/dobot_ws/install/dobot_msgs_v3/include/dobot_msgs_v3/dobot_msgs_v3/srv/detail/tool_do_execute__type_support.cpp
[70.983s] -- Installing: /home/huahai/dobot_ws/install/dobot_msgs_v3/include/dobot_msgs_v3/dobot_msgs_v3/srv/detail/tool__rosidl_typesupport_introspection_cpp.hpp
[70.983s] -- Installing: /home/huahai/dobot_ws/install/dobot_msgs_v3/include/dobot_msgs_v3/dobot_msgs_v3/srv/detail/tool__type_support.cpp
[70.983s] -- Installing: /home/huahai/dobot_ws/install/dobot_msgs_v3/include/dobot_msgs_v3/dobot_msgs_v3/srv/detail/sync__rosidl_typesupport_introspection_cpp.hpp
[70.983s] -- Installing: /home/huahai/dobot_ws/install/dobot_msgs_v3/include/dobot_msgs_v3/dobot_msgs_v3/srv/detail/do__type_support.cpp
[70.983s] -- Installing: /home/huahai/dobot_ws/install/dobot_msgs_v3/include/dobot_msgs_v3/dobot_msgs_v3/srv/detail/start_drag__type_support.cpp
[70.983s] -- Installing: /home/huahai/dobot_ws/install/dobot_msgs_v3/include/dobot_msgs_v3/dobot_msgs_v3/srv/detail/rel_mov_j__rosidl_typesupport_introspection_cpp.hpp
[70.983s] -- Installing: /home/huahai/dobot_ws/install/dobot_msgs_v3/include/dobot_msgs_v3/dobot_msgs_v3/srv/detail/stopmove_jog__type_support.cpp
[70.983s] -- Installing: /home/huahai/dobot_ws/install/dobot_msgs_v3/include/dobot_msgs_v3/dobot_msgs_v3/srv/detail/run_script__type_support.cpp
[70.983s] -- Installing: /home/huahai/dobot_ws/install/dobot_msgs_v3/include/dobot_msgs_v3/dobot_msgs_v3/srv/detail/stop_script__rosidl_typesupport_introspection_cpp.hpp
[70.983s] -- Installing: /home/huahai/dobot_ws/install/dobot_msgs_v3/include/dobot_msgs_v3/dobot_msgs_v3/srv/detail/continues__rosidl_typesupport_introspection_cpp.hpp
[70.983s] -- Installing: /home/huahai/dobot_ws/install/dobot_msgs_v3/include/dobot_msgs_v3/dobot_msgs_v3/srv/detail/rel_mov_j_tool__type_support.cpp
[70.983s] -- Installing: /home/huahai/dobot_ws/install/dobot_msgs_v3/include/dobot_msgs_v3/dobot_msgs_v3/srv/detail/tool_do_execute__rosidl_typesupport_introspection_cpp.hpp
[70.984s] -- Installing: /home/huahai/dobot_ws/install/dobot_msgs_v3/include/dobot_msgs_v3/dobot_msgs_v3/srv/detail/rel_mov_j_tool__rosidl_typesupport_introspection_cpp.hpp
[70.984s] -- Installing: /home/huahai/dobot_ws/install/dobot_msgs_v3/include/dobot_msgs_v3/dobot_msgs_v3/srv/detail/tool_di__type_support.cpp
[70.984s] -- Installing: /home/huahai/dobot_ws/install/dobot_msgs_v3/include/dobot_msgs_v3/dobot_msgs_v3/srv/detail/mov_l__rosidl_typesupport_introspection_cpp.hpp
[70.984s] -- Installing: /home/huahai/dobot_ws/install/dobot_msgs_v3/include/dobot_msgs_v3/dobot_msgs_v3/srv/detail/lim_z__rosidl_typesupport_introspection_cpp.hpp
[70.984s] -- Installing: /home/huahai/dobot_ws/install/dobot_msgs_v3/include/dobot_msgs_v3/dobot_msgs_v3/srv/detail/mov_jio__rosidl_typesupport_introspection_cpp.hpp
[70.984s] -- Installing: /home/huahai/dobot_ws/install/dobot_msgs_v3/include/dobot_msgs_v3/dobot_msgs_v3/srv/detail/speed_factor__type_support.cpp
[70.984s] -- Installing: /home/huahai/dobot_ws/install/dobot_msgs_v3/include/dobot_msgs_v3/dobot_msgs_v3/srv/detail/cp__rosidl_typesupport_introspection_cpp.hpp
[70.984s] -- Installing: /home/huahai/dobot_ws/install/dobot_msgs_v3/include/dobot_msgs_v3/dobot_msgs_v3/srv/detail/modbus_create__rosidl_typesupport_introspection_cpp.hpp
[70.984s] -- Installing: /home/huahai/dobot_ws/install/dobot_msgs_v3/include/dobot_msgs_v3/dobot_msgs_v3/srv/detail/continue_script__rosidl_typesupport_introspection_cpp.hpp
[70.984s] -- Installing: /home/huahai/dobot_ws/install/dobot_msgs_v3/include/dobot_msgs_v3/dobot_msgs_v3/srv/detail/pause__rosidl_typesupport_introspection_cpp.hpp
[70.984s] -- Installing: /home/huahai/dobot_ws/install/dobot_msgs_v3/include/dobot_msgs_v3/dobot_msgs_v3/srv/detail/set_coils__rosidl_typesupport_introspection_cpp.hpp
[70.984s] -- Installing: /home/huahai/dobot_ws/install/dobot_msgs_v3/include/dobot_msgs_v3/dobot_msgs_v3/srv/detail/rel_mov_j_user__type_support.cpp
[70.984s] -- Installing: /home/huahai/dobot_ws/install/dobot_msgs_v3/include/dobot_msgs_v3/dobot_msgs_v3/srv/detail/get_coils__type_support.cpp
[70.985s] -- Installing: /home/huahai/dobot_ws/install/dobot_msgs_v3/include/dobot_msgs_v3/dobot_msgs_v3/srv/detail/lim_z__type_support.cpp
[70.985s] -- Installing: /home/huahai/dobot_ws/install/dobot_msgs_v3/include/dobot_msgs_v3/dobot_msgs_v3/srv/detail/set_collision_level__rosidl_typesupport_introspection_cpp.hpp
[70.985s] -- Installing: /home/huahai/dobot_ws/install/dobot_msgs_v3/include/dobot_msgs_v3/dobot_msgs_v3/srv/detail/start_fc_trace__rosidl_typesupport_introspection_cpp.hpp
[70.985s] -- Installing: /home/huahai/dobot_ws/install/dobot_msgs_v3/include/dobot_msgs_v3/dobot_msgs_v3/srv/detail/get_in_bits__rosidl_typesupport_introspection_cpp.hpp
[70.985s] -- Installing: /home/huahai/dobot_ws/install/dobot_msgs_v3/include/dobot_msgs_v3/dobot_msgs_v3/srv/detail/speed_factor__rosidl_typesupport_introspection_cpp.hpp
[70.985s] -- Installing: /home/huahai/dobot_ws/install/dobot_msgs_v3/include/dobot_msgs_v3/dobot_msgs_v3/srv/detail/rel_mov_l__rosidl_typesupport_introspection_cpp.hpp
[70.985s] -- Installing: /home/huahai/dobot_ws/install/dobot_msgs_v3/include/dobot_msgs_v3/dobot_msgs_v3/srv/detail/set_arm_orientation__rosidl_typesupport_introspection_cpp.hpp
[70.985s] -- Installing: /home/huahai/dobot_ws/install/dobot_msgs_v3/include/dobot_msgs_v3/dobot_msgs_v3/srv/detail/positive_solution__type_support.cpp
[70.985s] -- Installing: /home/huahai/dobot_ws/install/dobot_msgs_v3/lib/libdobot_msgs_v3__rosidl_typesupport_introspection_cpp.so
[70.986s] -- Set runtime path of "/home/huahai/dobot_ws/install/dobot_msgs_v3/lib/libdobot_msgs_v3__rosidl_typesupport_introspection_cpp.so" to ""
[70.986s] -- Installing: /home/huahai/dobot_ws/install/dobot_msgs_v3/lib/libdobot_msgs_v3__rosidl_typesupport_cpp.so
[70.987s] -- Set runtime path of "/home/huahai/dobot_ws/install/dobot_msgs_v3/lib/libdobot_msgs_v3__rosidl_typesupport_cpp.so" to ""
[70.987s] -- Installing: /home/huahai/dobot_ws/install/dobot_msgs_v3/share/dobot_msgs_v3/environment/pythonpath.sh
[70.988s] -- Installing: /home/huahai/dobot_ws/install/dobot_msgs_v3/share/dobot_msgs_v3/environment/pythonpath.dsv
[70.988s] -- Installing: /home/huahai/dobot_ws/install/dobot_msgs_v3/local/lib/python3.10/dist-packages/dobot_msgs_v3-0.0.0-py3.10.egg-info
[70.988s] -- Installing: /home/huahai/dobot_ws/install/dobot_msgs_v3/local/lib/python3.10/dist-packages/dobot_msgs_v3-0.0.0-py3.10.egg-info/SOURCES.txt
[70.988s] -- Installing: /home/huahai/dobot_ws/install/dobot_msgs_v3/local/lib/python3.10/dist-packages/dobot_msgs_v3-0.0.0-py3.10.egg-info/top_level.txt
[70.988s] -- Installing: /home/huahai/dobot_ws/install/dobot_msgs_v3/local/lib/python3.10/dist-packages/dobot_msgs_v3-0.0.0-py3.10.egg-info/dependency_links.txt
[70.988s] -- Installing: /home/huahai/dobot_ws/install/dobot_msgs_v3/local/lib/python3.10/dist-packages/dobot_msgs_v3-0.0.0-py3.10.egg-info/PKG-INFO
[70.988s] -- Installing: /home/huahai/dobot_ws/install/dobot_msgs_v3/local/lib/python3.10/dist-packages/dobot_msgs_v3
[70.989s] -- Installing: /home/huahai/dobot_ws/install/dobot_msgs_v3/local/lib/python3.10/dist-packages/dobot_msgs_v3/__init__.py
[70.989s] -- Installing: /home/huahai/dobot_ws/install/dobot_msgs_v3/local/lib/python3.10/dist-packages/dobot_msgs_v3/dobot_msgs_v3_s__rosidl_typesupport_fastrtps_c.cpython-310-x86_64-linux-gnu.so
[70.989s] -- Installing: /home/huahai/dobot_ws/install/dobot_msgs_v3/local/lib/python3.10/dist-packages/dobot_msgs_v3/msg
[70.989s] -- Installing: /home/huahai/dobot_ws/install/dobot_msgs_v3/local/lib/python3.10/dist-packages/dobot_msgs_v3/msg/__init__.py
[70.989s] -- Installing: /home/huahai/dobot_ws/install/dobot_msgs_v3/local/lib/python3.10/dist-packages/dobot_msgs_v3/msg/_tool_vector_actual_s.c
[70.989s] -- Installing: /home/huahai/dobot_ws/install/dobot_msgs_v3/local/lib/python3.10/dist-packages/dobot_msgs_v3/msg/_robot_status.py
[70.989s] -- Installing: /home/huahai/dobot_ws/install/dobot_msgs_v3/local/lib/python3.10/dist-packages/dobot_msgs_v3/msg/_tool_vector_actual.py
[70.989s] -- Installing: /home/huahai/dobot_ws/install/dobot_msgs_v3/local/lib/python3.10/dist-packages/dobot_msgs_v3/msg/_robot_status_s.c
[70.989s] -- Installing: /home/huahai/dobot_ws/install/dobot_msgs_v3/local/lib/python3.10/dist-packages/dobot_msgs_v3/srv
[70.990s] -- Installing: /home/huahai/dobot_ws/install/dobot_msgs_v3/local/lib/python3.10/dist-packages/dobot_msgs_v3/srv/_get_angle.py
[70.990s] -- Installing: /home/huahai/dobot_ws/install/dobot_msgs_v3/local/lib/python3.10/dist-packages/dobot_msgs_v3/srv/_enable_robot_s.c
[70.990s] -- Installing: /home/huahai/dobot_ws/install/dobot_msgs_v3/local/lib/python3.10/dist-packages/dobot_msgs_v3/srv/__init__.py
[70.990s] -- Installing: /home/huahai/dobot_ws/install/dobot_msgs_v3/local/lib/python3.10/dist-packages/dobot_msgs_v3/srv/_pay_load_s.c
[70.990s] -- Installing: /home/huahai/dobot_ws/install/dobot_msgs_v3/local/lib/python3.10/dist-packages/dobot_msgs_v3/srv/_joint_mov_j.py
[70.990s] -- Installing: /home/huahai/dobot_ws/install/dobot_msgs_v3/local/lib/python3.10/dist-packages/dobot_msgs_v3/srv/_cp_s.c
[70.990s] -- Installing: /home/huahai/dobot_ws/install/dobot_msgs_v3/local/lib/python3.10/dist-packages/dobot_msgs_v3/srv/_set_hold_regs.py
[70.990s] -- Installing: /home/huahai/dobot_ws/install/dobot_msgs_v3/local/lib/python3.10/dist-packages/dobot_msgs_v3/srv/_positive_solution.py
[70.990s] -- Installing: /home/huahai/dobot_ws/install/dobot_msgs_v3/local/lib/python3.10/dist-packages/dobot_msgs_v3/srv/_speed_j.py
[70.990s] -- Installing: /home/huahai/dobot_ws/install/dobot_msgs_v3/local/lib/python3.10/dist-packages/dobot_msgs_v3/srv/_clear_error.py
[70.990s] -- Installing: /home/huahai/dobot_ws/install/dobot_msgs_v3/local/lib/python3.10/dist-packages/dobot_msgs_v3/srv/_set_arm_orientation_s.c
[70.990s] -- Installing: /home/huahai/dobot_ws/install/dobot_msgs_v3/local/lib/python3.10/dist-packages/dobot_msgs_v3/srv/_move_jog_s.c
[70.990s] -- Installing: /home/huahai/dobot_ws/install/dobot_msgs_v3/local/lib/python3.10/dist-packages/dobot_msgs_v3/srv/_get_in_bits_s.c
[70.990s] -- Installing: /home/huahai/dobot_ws/install/dobot_msgs_v3/local/lib/python3.10/dist-packages/dobot_msgs_v3/srv/_emergency_stop.py
[70.990s] -- Installing: /home/huahai/dobot_ws/install/dobot_msgs_v3/local/lib/python3.10/dist-packages/dobot_msgs_v3/srv/_rel_mov_l_user_s.c
[70.991s] -- Installing: /home/huahai/dobot_ws/install/dobot_msgs_v3/local/lib/python3.10/dist-packages/dobot_msgs_v3/srv/_mov_l.py
[70.991s] -- Installing: /home/huahai/dobot_ws/install/dobot_msgs_v3/local/lib/python3.10/dist-packages/dobot_msgs_v3/srv/_tool_di_s.c
[70.991s] -- Installing: /home/huahai/dobot_ws/install/dobot_msgs_v3/local/lib/python3.10/dist-packages/dobot_msgs_v3/srv/_sync_all_s.c
[70.991s] -- Installing: /home/huahai/dobot_ws/install/dobot_msgs_v3/local/lib/python3.10/dist-packages/dobot_msgs_v3/srv/_mov_j_s.c
[70.991s] -- Installing: /home/huahai/dobot_ws/install/dobot_msgs_v3/local/lib/python3.10/dist-packages/dobot_msgs_v3/srv/_servo_p.py
[70.991s] -- Installing: /home/huahai/dobot_ws/install/dobot_msgs_v3/local/lib/python3.10/dist-packages/dobot_msgs_v3/srv/_set_payload.py
[70.991s] -- Installing: /home/huahai/dobot_ws/install/dobot_msgs_v3/local/lib/python3.10/dist-packages/dobot_msgs_v3/srv/_lim_z_s.c
[70.991s] -- Installing: /home/huahai/dobot_ws/install/dobot_msgs_v3/local/lib/python3.10/dist-packages/dobot_msgs_v3/srv/_rel_joint_mov_j.py
[70.991s] -- Installing: /home/huahai/dobot_ws/install/dobot_msgs_v3/local/lib/python3.10/dist-packages/dobot_msgs_v3/srv/_di.py
[70.991s] -- Installing: /home/huahai/dobot_ws/install/dobot_msgs_v3/local/lib/python3.10/dist-packages/dobot_msgs_v3/srv/_disable_robot_s.c
[70.991s] -- Installing: /home/huahai/dobot_ws/install/dobot_msgs_v3/local/lib/python3.10/dist-packages/dobot_msgs_v3/srv/_do.py
[70.991s] -- Installing: /home/huahai/dobot_ws/install/dobot_msgs_v3/local/lib/python3.10/dist-packages/dobot_msgs_v3/srv/_digital_outputs.py
[70.991s] -- Installing: /home/huahai/dobot_ws/install/dobot_msgs_v3/local/lib/python3.10/dist-packages/dobot_msgs_v3/srv/_emergency_stop_s.c
[70.991s] -- Installing: /home/huahai/dobot_ws/install/dobot_msgs_v3/local/lib/python3.10/dist-packages/dobot_msgs_v3/srv/_user.py
[70.991s] -- Installing: /home/huahai/dobot_ws/install/dobot_msgs_v3/local/lib/python3.10/dist-packages/dobot_msgs_v3/srv/_continue_script.py
[70.992s] -- Installing: /home/huahai/dobot_ws/install/dobot_msgs_v3/local/lib/python3.10/dist-packages/dobot_msgs_v3/srv/_stop_script.py
[70.992s] -- Installing: /home/huahai/dobot_ws/install/dobot_msgs_v3/local/lib/python3.10/dist-packages/dobot_msgs_v3/srv/_get_angle_s.c
[70.992s] -- Installing: /home/huahai/dobot_ws/install/dobot_msgs_v3/local/lib/python3.10/dist-packages/dobot_msgs_v3/srv/_mov_l_s.c
[70.992s] -- Installing: /home/huahai/dobot_ws/install/dobot_msgs_v3/local/lib/python3.10/dist-packages/dobot_msgs_v3/srv/_set_collision_level_s.c
[70.992s] -- Installing: /home/huahai/dobot_ws/install/dobot_msgs_v3/local/lib/python3.10/dist-packages/dobot_msgs_v3/srv/_reset_robot.py
[70.992s] -- Installing: /home/huahai/dobot_ws/install/dobot_msgs_v3/local/lib/python3.10/dist-packages/dobot_msgs_v3/srv/_move_jog.py
[70.992s] -- Installing: /home/huahai/dobot_ws/install/dobot_msgs_v3/local/lib/python3.10/dist-packages/dobot_msgs_v3/srv/_ao_execute.py
[70.992s] -- Installing: /home/huahai/dobot_ws/install/dobot_msgs_v3/local/lib/python3.10/dist-packages/dobot_msgs_v3/srv/_tool_do.py
[70.992s] -- Installing: /home/huahai/dobot_ws/install/dobot_msgs_v3/local/lib/python3.10/dist-packages/dobot_msgs_v3/srv/_tool_di.py
[70.992s] -- Installing: /home/huahai/dobot_ws/install/dobot_msgs_v3/local/lib/python3.10/dist-packages/dobot_msgs_v3/srv/_do_execute.py
[70.992s] -- Installing: /home/huahai/dobot_ws/install/dobot_msgs_v3/local/lib/python3.10/dist-packages/dobot_msgs_v3/srv/_inverse_solution.py
[70.992s] -- Installing: /home/huahai/dobot_ws/install/dobot_msgs_v3/local/lib/python3.10/dist-packages/dobot_msgs_v3/srv/_modbus_close_s.c
[70.992s] -- Installing: /home/huahai/dobot_ws/install/dobot_msgs_v3/local/lib/python3.10/dist-packages/dobot_msgs_v3/srv/_rel_mov_l.py
[70.992s] -- Installing: /home/huahai/dobot_ws/install/dobot_msgs_v3/local/lib/python3.10/dist-packages/dobot_msgs_v3/srv/_sync_s.c
[70.992s] -- Installing: /home/huahai/dobot_ws/install/dobot_msgs_v3/local/lib/python3.10/dist-packages/dobot_msgs_v3/srv/_set_coils.py
[70.993s] -- Installing: /home/huahai/dobot_ws/install/dobot_msgs_v3/local/lib/python3.10/dist-packages/dobot_msgs_v3/srv/_joint_mov_j_s.c
[70.993s] -- Installing: /home/huahai/dobot_ws/install/dobot_msgs_v3/local/lib/python3.10/dist-packages/dobot_msgs_v3/srv/_circle.py
[70.993s] -- Installing: /home/huahai/dobot_ws/install/dobot_msgs_v3/local/lib/python3.10/dist-packages/dobot_msgs_v3/srv/_rel_mov_l_tool.py
[70.993s] -- Installing: /home/huahai/dobot_ws/install/dobot_msgs_v3/local/lib/python3.10/dist-packages/dobot_msgs_v3/srv/_do_group.py
[70.993s] -- Installing: /home/huahai/dobot_ws/install/dobot_msgs_v3/local/lib/python3.10/dist-packages/dobot_msgs_v3/srv/_get_coils_s.c
[70.993s] -- Installing: /home/huahai/dobot_ws/install/dobot_msgs_v3/local/lib/python3.10/dist-packages/dobot_msgs_v3/srv/_load_switch.py
[70.993s] -- Installing: /home/huahai/dobot_ws/install/dobot_msgs_v3/local/lib/python3.10/dist-packages/dobot_msgs_v3/srv/_acc_l_s.c
[70.993s] -- Installing: /home/huahai/dobot_ws/install/dobot_msgs_v3/local/lib/python3.10/dist-packages/dobot_msgs_v3/srv/_circle_s.c
[70.993s] -- Installing: /home/huahai/dobot_ws/install/dobot_msgs_v3/local/lib/python3.10/dist-packages/dobot_msgs_v3/srv/_mov_jio_s.c
[70.993s] -- Installing: /home/huahai/dobot_ws/install/dobot_msgs_v3/local/lib/python3.10/dist-packages/dobot_msgs_v3/srv/_mov_j_ext.py
[70.993s] -- Installing: /home/huahai/dobot_ws/install/dobot_msgs_v3/local/lib/python3.10/dist-packages/dobot_msgs_v3/srv/_ao.py
[70.993s] -- Installing: /home/huahai/dobot_ws/install/dobot_msgs_v3/local/lib/python3.10/dist-packages/dobot_msgs_v3/srv/_set_collision_level.py
[70.993s] -- Installing: /home/huahai/dobot_ws/install/dobot_msgs_v3/local/lib/python3.10/dist-packages/dobot_msgs_v3/srv/_rel_mov_j_s.c
[70.993s] -- Installing: /home/huahai/dobot_ws/install/dobot_msgs_v3/local/lib/python3.10/dist-packages/dobot_msgs_v3/srv/_acc_j.py
[70.994s] -- Installing: /home/huahai/dobot_ws/install/dobot_msgs_v3/local/lib/python3.10/dist-packages/dobot_msgs_v3/srv/_start_path_s.c
[70.994s] -- Installing: /home/huahai/dobot_ws/install/dobot_msgs_v3/local/lib/python3.10/dist-packages/dobot_msgs_v3/srv/_power_on_s.c
[70.994s] -- Installing: /home/huahai/dobot_ws/install/dobot_msgs_v3/local/lib/python3.10/dist-packages/dobot_msgs_v3/srv/_rel_mov_j_tool.py
[70.994s] -- Installing: /home/huahai/dobot_ws/install/dobot_msgs_v3/local/lib/python3.10/dist-packages/dobot_msgs_v3/srv/_get_in_bits.py
[70.994s] -- Installing: /home/huahai/dobot_ws/install/dobot_msgs_v3/local/lib/python3.10/dist-packages/dobot_msgs_v3/srv/_arch.py
[70.994s] -- Installing: /home/huahai/dobot_ws/install/dobot_msgs_v3/local/lib/python3.10/dist-packages/dobot_msgs_v3/srv/_sync_all.py
[70.994s] -- Installing: /home/huahai/dobot_ws/install/dobot_msgs_v3/local/lib/python3.10/dist-packages/dobot_msgs_v3/srv/_set_payload_s.c
[70.994s] -- Installing: /home/huahai/dobot_ws/install/dobot_msgs_v3/local/lib/python3.10/dist-packages/dobot_msgs_v3/srv/_stopmove_jog_s.c
[70.994s] -- Installing: /home/huahai/dobot_ws/install/dobot_msgs_v3/local/lib/python3.10/dist-packages/dobot_msgs_v3/srv/_load_switch_s.c
[70.994s] -- Installing: /home/huahai/dobot_ws/install/dobot_msgs_v3/local/lib/python3.10/dist-packages/dobot_msgs_v3/srv/_continue_script_s.c
[70.994s] -- Installing: /home/huahai/dobot_ws/install/dobot_msgs_v3/local/lib/python3.10/dist-packages/dobot_msgs_v3/srv/_start_path.py
[70.994s] -- Installing: /home/huahai/dobot_ws/install/dobot_msgs_v3/local/lib/python3.10/dist-packages/dobot_msgs_v3/srv/_stopmove_jog.py
[70.994s] -- Installing: /home/huahai/dobot_ws/install/dobot_msgs_v3/local/lib/python3.10/dist-packages/dobot_msgs_v3/srv/_brake_control.py
[70.995s] -- Installing: /home/huahai/dobot_ws/install/dobot_msgs_v3/local/lib/python3.10/dist-packages/dobot_msgs_v3/srv/_robot_mode_s.c
[70.995s] -- Installing: /home/huahai/dobot_ws/install/dobot_msgs_v3/local/lib/python3.10/dist-packages/dobot_msgs_v3/srv/_reset_robot_s.c
[70.995s] -- Installing: /home/huahai/dobot_ws/install/dobot_msgs_v3/local/lib/python3.10/dist-packages/dobot_msgs_v3/srv/_cp.py
[70.995s] -- Installing: /home/huahai/dobot_ws/install/dobot_msgs_v3/local/lib/python3.10/dist-packages/dobot_msgs_v3/srv/_mov_j.py
[70.995s] -- Installing: /home/huahai/dobot_ws/install/dobot_msgs_v3/local/lib/python3.10/dist-packages/dobot_msgs_v3/srv/_disable_robot.py
[70.995s] -- Installing: /home/huahai/dobot_ws/install/dobot_msgs_v3/local/lib/python3.10/dist-packages/dobot_msgs_v3/srv/_digital_outputs_s.c
[70.995s] -- Installing: /home/huahai/dobot_ws/install/dobot_msgs_v3/local/lib/python3.10/dist-packages/dobot_msgs_v3/srv/_speed_factor_s.c
[70.995s] -- Installing: /home/huahai/dobot_ws/install/dobot_msgs_v3/local/lib/python3.10/dist-packages/dobot_msgs_v3/srv/_start_fc_trace.py
[70.995s] -- Installing: /home/huahai/dobot_ws/install/dobot_msgs_v3/local/lib/python3.10/dist-packages/dobot_msgs_v3/srv/_acc_l.py
[70.995s] -- Installing: /home/huahai/dobot_ws/install/dobot_msgs_v3/local/lib/python3.10/dist-packages/dobot_msgs_v3/srv/_tool_do_execute.py
[70.995s] -- Installing: /home/huahai/dobot_ws/install/dobot_msgs_v3/local/lib/python3.10/dist-packages/dobot_msgs_v3/srv/_rel_mov_l_tool_s.c
[70.995s] -- Installing: /home/huahai/dobot_ws/install/dobot_msgs_v3/local/lib/python3.10/dist-packages/dobot_msgs_v3/srv/_do_group_s.c
[70.995s] -- Installing: /home/huahai/dobot_ws/install/dobot_msgs_v3/local/lib/python3.10/dist-packages/dobot_msgs_v3/srv/_start_fc_trace_s.c
[70.996s] -- Installing: /home/huahai/dobot_ws/install/dobot_msgs_v3/local/lib/python3.10/dist-packages/dobot_msgs_v3/srv/_get_hold_regs_s.c
[70.996s] -- Installing: /home/huahai/dobot_ws/install/dobot_msgs_v3/local/lib/python3.10/dist-packages/dobot_msgs_v3/srv/_arc_s.c
[70.996s] -- Installing: /home/huahai/dobot_ws/install/dobot_msgs_v3/local/lib/python3.10/dist-packages/dobot_msgs_v3/srv/_robot_mode.py
[70.996s] -- Installing: /home/huahai/dobot_ws/install/dobot_msgs_v3/local/lib/python3.10/dist-packages/dobot_msgs_v3/srv/_set_arm_orientation.py
[70.996s] -- Installing: /home/huahai/dobot_ws/install/dobot_msgs_v3/local/lib/python3.10/dist-packages/dobot_msgs_v3/srv/_do_s.c
[70.996s] -- Installing: /home/huahai/dobot_ws/install/dobot_msgs_v3/local/lib/python3.10/dist-packages/dobot_msgs_v3/srv/_run_script_s.c
[70.996s] -- Installing: /home/huahai/dobot_ws/install/dobot_msgs_v3/local/lib/python3.10/dist-packages/dobot_msgs_v3/srv/_do_execute_s.c
[70.996s] -- Installing: /home/huahai/dobot_ws/install/dobot_msgs_v3/local/lib/python3.10/dist-packages/dobot_msgs_v3/srv/_get_pose.py
[70.996s] -- Installing: /home/huahai/dobot_ws/install/dobot_msgs_v3/local/lib/python3.10/dist-packages/dobot_msgs_v3/srv/_tool_do_execute_s.c
[70.996s] -- Installing: /home/huahai/dobot_ws/install/dobot_msgs_v3/local/lib/python3.10/dist-packages/dobot_msgs_v3/srv/_get_in_regs_s.c
[70.996s] -- Installing: /home/huahai/dobot_ws/install/dobot_msgs_v3/local/lib/python3.10/dist-packages/dobot_msgs_v3/srv/_lim_z.py
[70.996s] -- Installing: /home/huahai/dobot_ws/install/dobot_msgs_v3/local/lib/python3.10/dist-packages/dobot_msgs_v3/srv/_speed_j_s.c
[70.996s] -- Installing: /home/huahai/dobot_ws/install/dobot_msgs_v3/local/lib/python3.10/dist-packages/dobot_msgs_v3/srv/_speed_l_s.c
[70.996s] -- Installing: /home/huahai/dobot_ws/install/dobot_msgs_v3/local/lib/python3.10/dist-packages/dobot_msgs_v3/srv/_rel_mov_j_tool_s.c
[70.997s] -- Installing: /home/huahai/dobot_ws/install/dobot_msgs_v3/local/lib/python3.10/dist-packages/dobot_msgs_v3/srv/_continues.py
[70.997s] -- Installing: /home/huahai/dobot_ws/install/dobot_msgs_v3/local/lib/python3.10/dist-packages/dobot_msgs_v3/srv/_set_safe_skin.py
[70.997s] -- Installing: /home/huahai/dobot_ws/install/dobot_msgs_v3/local/lib/python3.10/dist-packages/dobot_msgs_v3/srv/_stop_drag_s.c
[70.997s] -- Installing: /home/huahai/dobot_ws/install/dobot_msgs_v3/local/lib/python3.10/dist-packages/dobot_msgs_v3/srv/_set_coils_s.c
[70.997s] -- Installing: /home/huahai/dobot_ws/install/dobot_msgs_v3/local/lib/python3.10/dist-packages/dobot_msgs_v3/srv/_set_obstacle_avoid_s.c
[70.997s] -- Installing: /home/huahai/dobot_ws/install/dobot_msgs_v3/local/lib/python3.10/dist-packages/dobot_msgs_v3/srv/_get_pose_s.c
[70.997s] -- Installing: /home/huahai/dobot_ws/install/dobot_msgs_v3/local/lib/python3.10/dist-packages/dobot_msgs_v3/srv/_rel_mov_l_s.c
[70.997s] -- Installing: /home/huahai/dobot_ws/install/dobot_msgs_v3/local/lib/python3.10/dist-packages/dobot_msgs_v3/srv/_ao_execute_s.c
[70.997s] -- Installing: /home/huahai/dobot_ws/install/dobot_msgs_v3/local/lib/python3.10/dist-packages/dobot_msgs_v3/srv/_mov_lio.py
[70.997s] -- Installing: /home/huahai/dobot_ws/install/dobot_msgs_v3/local/lib/python3.10/dist-packages/dobot_msgs_v3/srv/_tool_do_s.c
[70.997s] -- Installing: /home/huahai/dobot_ws/install/dobot_msgs_v3/local/lib/python3.10/dist-packages/dobot_msgs_v3/srv/_servo_j.py
[70.997s] -- Installing: /home/huahai/dobot_ws/install/dobot_msgs_v3/local/lib/python3.10/dist-packages/dobot_msgs_v3/srv/_pause_script.py
[70.997s] -- Installing: /home/huahai/dobot_ws/install/dobot_msgs_v3/local/lib/python3.10/dist-packages/dobot_msgs_v3/srv/_set_obstacle_avoid.py
[70.998s] -- Installing: /home/huahai/dobot_ws/install/dobot_msgs_v3/local/lib/python3.10/dist-packages/dobot_msgs_v3/srv/_rel_joint_mov_j_s.c
[70.998s] -- Installing: /home/huahai/dobot_ws/install/dobot_msgs_v3/local/lib/python3.10/dist-packages/dobot_msgs_v3/srv/_speed_factor.py
[70.998s] -- Installing: /home/huahai/dobot_ws/install/dobot_msgs_v3/local/lib/python3.10/dist-packages/dobot_msgs_v3/srv/_acc_j_s.c
[70.998s] -- Installing: /home/huahai/dobot_ws/install/dobot_msgs_v3/local/lib/python3.10/dist-packages/dobot_msgs_v3/srv/_start_trace_s.c
[70.998s] -- Installing: /home/huahai/dobot_ws/install/dobot_msgs_v3/local/lib/python3.10/dist-packages/dobot_msgs_v3/srv/_sync.py
[70.998s] -- Installing: /home/huahai/dobot_ws/install/dobot_msgs_v3/local/lib/python3.10/dist-packages/dobot_msgs_v3/srv/_set_hold_regs_s.c
[70.998s] -- Installing: /home/huahai/dobot_ws/install/dobot_msgs_v3/local/lib/python3.10/dist-packages/dobot_msgs_v3/srv/_mov_j_ext_s.c
[70.998s] -- Installing: /home/huahai/dobot_ws/install/dobot_msgs_v3/local/lib/python3.10/dist-packages/dobot_msgs_v3/srv/_start_drag_s.c
[70.998s] -- Installing: /home/huahai/dobot_ws/install/dobot_msgs_v3/local/lib/python3.10/dist-packages/dobot_msgs_v3/srv/_run_script.py
[70.998s] -- Installing: /home/huahai/dobot_ws/install/dobot_msgs_v3/local/lib/python3.10/dist-packages/dobot_msgs_v3/srv/_rel_mov_l_user.py
[70.998s] -- Installing: /home/huahai/dobot_ws/install/dobot_msgs_v3/local/lib/python3.10/dist-packages/dobot_msgs_v3/srv/_ao_s.c
[70.998s] -- Installing: /home/huahai/dobot_ws/install/dobot_msgs_v3/local/lib/python3.10/dist-packages/dobot_msgs_v3/srv/_set_safe_skin_s.c
[70.999s] -- Installing: /home/huahai/dobot_ws/install/dobot_msgs_v3/local/lib/python3.10/dist-packages/dobot_msgs_v3/srv/_servo_j_s.c
[70.999s] -- Installing: /home/huahai/dobot_ws/install/dobot_msgs_v3/local/lib/python3.10/dist-packages/dobot_msgs_v3/srv/_power_on.py
[70.999s] -- Installing: /home/huahai/dobot_ws/install/dobot_msgs_v3/local/lib/python3.10/dist-packages/dobot_msgs_v3/srv/_stop_script_s.c
[70.999s] -- Installing: /home/huahai/dobot_ws/install/dobot_msgs_v3/local/lib/python3.10/dist-packages/dobot_msgs_v3/srv/_get_error_id.py
[70.999s] -- Installing: /home/huahai/dobot_ws/install/dobot_msgs_v3/local/lib/python3.10/dist-packages/dobot_msgs_v3/srv/_start_drag.py
[70.999s] -- Installing: /home/huahai/dobot_ws/install/dobot_msgs_v3/local/lib/python3.10/dist-packages/dobot_msgs_v3/srv/_arc.py
[70.999s] -- Installing: /home/huahai/dobot_ws/install/dobot_msgs_v3/local/lib/python3.10/dist-packages/dobot_msgs_v3/srv/_jump.py
[70.999s] -- Installing: /home/huahai/dobot_ws/install/dobot_msgs_v3/local/lib/python3.10/dist-packages/dobot_msgs_v3/srv/_servo_p_s.c
[70.999s] -- Installing: /home/huahai/dobot_ws/install/dobot_msgs_v3/local/lib/python3.10/dist-packages/dobot_msgs_v3/srv/_user_s.c
[70.999s] -- Installing: /home/huahai/dobot_ws/install/dobot_msgs_v3/local/lib/python3.10/dist-packages/dobot_msgs_v3/srv/_pause_script_s.c
[70.999s] -- Installing: /home/huahai/dobot_ws/install/dobot_msgs_v3/local/lib/python3.10/dist-packages/dobot_msgs_v3/srv/_get_error_id_s.c
[70.999s] -- Installing: /home/huahai/dobot_ws/install/dobot_msgs_v3/local/lib/python3.10/dist-packages/dobot_msgs_v3/srv/_jump_s.c
[71.000s] -- Installing: /home/huahai/dobot_ws/install/dobot_msgs_v3/local/lib/python3.10/dist-packages/dobot_msgs_v3/srv/_get_coils.py
[71.000s] -- Installing: /home/huahai/dobot_ws/install/dobot_msgs_v3/local/lib/python3.10/dist-packages/dobot_msgs_v3/srv/_tool_s.c
[71.000s] -- Installing: /home/huahai/dobot_ws/install/dobot_msgs_v3/local/lib/python3.10/dist-packages/dobot_msgs_v3/srv/_rel_mov_j_user_s.c
[71.000s] -- Installing: /home/huahai/dobot_ws/install/dobot_msgs_v3/local/lib/python3.10/dist-packages/dobot_msgs_v3/srv/_rel_mov_j.py
[71.000s] -- Installing: /home/huahai/dobot_ws/install/dobot_msgs_v3/local/lib/python3.10/dist-packages/dobot_msgs_v3/srv/_arch_s.c
[71.000s] -- Installing: /home/huahai/dobot_ws/install/dobot_msgs_v3/local/lib/python3.10/dist-packages/dobot_msgs_v3/srv/_stop_drag.py
[71.000s] -- Installing: /home/huahai/dobot_ws/install/dobot_msgs_v3/local/lib/python3.10/dist-packages/dobot_msgs_v3/srv/_get_in_regs.py
[71.000s] -- Installing: /home/huahai/dobot_ws/install/dobot_msgs_v3/local/lib/python3.10/dist-packages/dobot_msgs_v3/srv/_modbus_create.py
[71.000s] -- Installing: /home/huahai/dobot_ws/install/dobot_msgs_v3/local/lib/python3.10/dist-packages/dobot_msgs_v3/srv/_brake_control_s.c
[71.000s] -- Installing: /home/huahai/dobot_ws/install/dobot_msgs_v3/local/lib/python3.10/dist-packages/dobot_msgs_v3/srv/_rel_mov_j_user.py
[71.000s] -- Installing: /home/huahai/dobot_ws/install/dobot_msgs_v3/local/lib/python3.10/dist-packages/dobot_msgs_v3/srv/_speed_l.py
[71.000s] -- Installing: /home/huahai/dobot_ws/install/dobot_msgs_v3/local/lib/python3.10/dist-packages/dobot_msgs_v3/srv/_continues_s.c
[71.000s] -- Installing: /home/huahai/dobot_ws/install/dobot_msgs_v3/local/lib/python3.10/dist-packages/dobot_msgs_v3/srv/_modbus_close.py
[71.001s] -- Installing: /home/huahai/dobot_ws/install/dobot_msgs_v3/local/lib/python3.10/dist-packages/dobot_msgs_v3/srv/_di_s.c
[71.001s] -- Installing: /home/huahai/dobot_ws/install/dobot_msgs_v3/local/lib/python3.10/dist-packages/dobot_msgs_v3/srv/_tool.py
[71.001s] -- Installing: /home/huahai/dobot_ws/install/dobot_msgs_v3/local/lib/python3.10/dist-packages/dobot_msgs_v3/srv/_wait.py
[71.001s] -- Installing: /home/huahai/dobot_ws/install/dobot_msgs_v3/local/lib/python3.10/dist-packages/dobot_msgs_v3/srv/_inverse_solution_s.c
[71.001s] -- Installing: /home/huahai/dobot_ws/install/dobot_msgs_v3/local/lib/python3.10/dist-packages/dobot_msgs_v3/srv/_clear_error_s.c
[71.001s] -- Installing: /home/huahai/dobot_ws/install/dobot_msgs_v3/local/lib/python3.10/dist-packages/dobot_msgs_v3/srv/_pause_s.c
[71.001s] -- Installing: /home/huahai/dobot_ws/install/dobot_msgs_v3/local/lib/python3.10/dist-packages/dobot_msgs_v3/srv/_wait_s.c
[71.001s] -- Installing: /home/huahai/dobot_ws/install/dobot_msgs_v3/local/lib/python3.10/dist-packages/dobot_msgs_v3/srv/_mov_lio_s.c
[71.001s] -- Installing: /home/huahai/dobot_ws/install/dobot_msgs_v3/local/lib/python3.10/dist-packages/dobot_msgs_v3/srv/_get_hold_regs.py
[71.001s] -- Installing: /home/huahai/dobot_ws/install/dobot_msgs_v3/local/lib/python3.10/dist-packages/dobot_msgs_v3/srv/_positive_solution_s.c
[71.001s] -- Installing: /home/huahai/dobot_ws/install/dobot_msgs_v3/local/lib/python3.10/dist-packages/dobot_msgs_v3/srv/_mov_jio.py
[71.001s] -- Installing: /home/huahai/dobot_ws/install/dobot_msgs_v3/local/lib/python3.10/dist-packages/dobot_msgs_v3/srv/_pause.py
[71.001s] -- Installing: /home/huahai/dobot_ws/install/dobot_msgs_v3/local/lib/python3.10/dist-packages/dobot_msgs_v3/srv/_pay_load.py
[71.002s] -- Installing: /home/huahai/dobot_ws/install/dobot_msgs_v3/local/lib/python3.10/dist-packages/dobot_msgs_v3/srv/_start_trace.py
[71.002s] -- Installing: /home/huahai/dobot_ws/install/dobot_msgs_v3/local/lib/python3.10/dist-packages/dobot_msgs_v3/srv/_enable_robot.py
[71.002s] -- Installing: /home/huahai/dobot_ws/install/dobot_msgs_v3/local/lib/python3.10/dist-packages/dobot_msgs_v3/srv/_modbus_create_s.c
[71.002s] -- Installing: /home/huahai/dobot_ws/install/dobot_msgs_v3/local/lib/python3.10/dist-packages/dobot_msgs_v3/_dobot_msgs_v3_s.ep.rosidl_typesupport_introspection_c.c
[71.003s] -- Installing: /home/huahai/dobot_ws/install/dobot_msgs_v3/local/lib/python3.10/dist-packages/dobot_msgs_v3/_dobot_msgs_v3_s.ep.rosidl_typesupport_fastrtps_c.c
[71.003s] -- Installing: /home/huahai/dobot_ws/install/dobot_msgs_v3/local/lib/python3.10/dist-packages/dobot_msgs_v3/libdobot_msgs_v3__rosidl_generator_py.so
[71.004s] -- Installing: /home/huahai/dobot_ws/install/dobot_msgs_v3/local/lib/python3.10/dist-packages/dobot_msgs_v3/_dobot_msgs_v3_s.ep.rosidl_typesupport_c.c
[71.005s] -- Installing: /home/huahai/dobot_ws/install/dobot_msgs_v3/local/lib/python3.10/dist-packages/dobot_msgs_v3/dobot_msgs_v3_s__rosidl_typesupport_c.cpython-310-x86_64-linux-gnu.so
[71.005s] -- Installing: /home/huahai/dobot_ws/install/dobot_msgs_v3/local/lib/python3.10/dist-packages/dobot_msgs_v3/dobot_msgs_v3_s__rosidl_typesupport_introspection_c.cpython-310-x86_64-linux-gnu.so
[71.093s] Listing '/home/huahai/dobot_ws/install/dobot_msgs_v3/local/lib/python3.10/dist-packages/dobot_msgs_v3'...
[71.093s] Compiling '/home/huahai/dobot_ws/install/dobot_msgs_v3/local/lib/python3.10/dist-packages/dobot_msgs_v3/__init__.py'...
[71.093s] Listing '/home/huahai/dobot_ws/install/dobot_msgs_v3/local/lib/python3.10/dist-packages/dobot_msgs_v3/msg'...
[71.093s] Compiling '/home/huahai/dobot_ws/install/dobot_msgs_v3/local/lib/python3.10/dist-packages/dobot_msgs_v3/msg/__init__.py'...
[71.093s] Compiling '/home/huahai/dobot_ws/install/dobot_msgs_v3/local/lib/python3.10/dist-packages/dobot_msgs_v3/msg/_robot_status.py'...
[71.093s] Compiling '/home/huahai/dobot_ws/install/dobot_msgs_v3/local/lib/python3.10/dist-packages/dobot_msgs_v3/msg/_tool_vector_actual.py'...
[71.093s] Listing '/home/huahai/dobot_ws/install/dobot_msgs_v3/local/lib/python3.10/dist-packages/dobot_msgs_v3/srv'...
[71.093s] Compiling '/home/huahai/dobot_ws/install/dobot_msgs_v3/local/lib/python3.10/dist-packages/dobot_msgs_v3/srv/__init__.py'...
[71.094s] Compiling '/home/huahai/dobot_ws/install/dobot_msgs_v3/local/lib/python3.10/dist-packages/dobot_msgs_v3/srv/_acc_j.py'...
[71.094s] Compiling '/home/huahai/dobot_ws/install/dobot_msgs_v3/local/lib/python3.10/dist-packages/dobot_msgs_v3/srv/_acc_l.py'...
[71.094s] Compiling '/home/huahai/dobot_ws/install/dobot_msgs_v3/local/lib/python3.10/dist-packages/dobot_msgs_v3/srv/_ao.py'...
[71.094s] Compiling '/home/huahai/dobot_ws/install/dobot_msgs_v3/local/lib/python3.10/dist-packages/dobot_msgs_v3/srv/_ao_execute.py'...
[71.094s] Compiling '/home/huahai/dobot_ws/install/dobot_msgs_v3/local/lib/python3.10/dist-packages/dobot_msgs_v3/srv/_arc.py'...
[71.094s] Compiling '/home/huahai/dobot_ws/install/dobot_msgs_v3/local/lib/python3.10/dist-packages/dobot_msgs_v3/srv/_arch.py'...
[71.094s] Compiling '/home/huahai/dobot_ws/install/dobot_msgs_v3/local/lib/python3.10/dist-packages/dobot_msgs_v3/srv/_brake_control.py'...
[71.094s] Compiling '/home/huahai/dobot_ws/install/dobot_msgs_v3/local/lib/python3.10/dist-packages/dobot_msgs_v3/srv/_circle.py'...
[71.094s] Compiling '/home/huahai/dobot_ws/install/dobot_msgs_v3/local/lib/python3.10/dist-packages/dobot_msgs_v3/srv/_clear_error.py'...
[71.094s] Compiling '/home/huahai/dobot_ws/install/dobot_msgs_v3/local/lib/python3.10/dist-packages/dobot_msgs_v3/srv/_continue_script.py'...
[71.094s] Compiling '/home/huahai/dobot_ws/install/dobot_msgs_v3/local/lib/python3.10/dist-packages/dobot_msgs_v3/srv/_continues.py'...
[71.094s] Compiling '/home/huahai/dobot_ws/install/dobot_msgs_v3/local/lib/python3.10/dist-packages/dobot_msgs_v3/srv/_cp.py'...
[71.094s] Compiling '/home/huahai/dobot_ws/install/dobot_msgs_v3/local/lib/python3.10/dist-packages/dobot_msgs_v3/srv/_di.py'...
[71.094s] Compiling '/home/huahai/dobot_ws/install/dobot_msgs_v3/local/lib/python3.10/dist-packages/dobot_msgs_v3/srv/_digital_outputs.py'...
[71.094s] Compiling '/home/huahai/dobot_ws/install/dobot_msgs_v3/local/lib/python3.10/dist-packages/dobot_msgs_v3/srv/_disable_robot.py'...
[71.094s] Compiling '/home/huahai/dobot_ws/install/dobot_msgs_v3/local/lib/python3.10/dist-packages/dobot_msgs_v3/srv/_do.py'...
[71.094s] Compiling '/home/huahai/dobot_ws/install/dobot_msgs_v3/local/lib/python3.10/dist-packages/dobot_msgs_v3/srv/_do_execute.py'...
[71.094s] Compiling '/home/huahai/dobot_ws/install/dobot_msgs_v3/local/lib/python3.10/dist-packages/dobot_msgs_v3/srv/_do_group.py'...
[71.094s] Compiling '/home/huahai/dobot_ws/install/dobot_msgs_v3/local/lib/python3.10/dist-packages/dobot_msgs_v3/srv/_emergency_stop.py'...
[71.094s] Compiling '/home/huahai/dobot_ws/install/dobot_msgs_v3/local/lib/python3.10/dist-packages/dobot_msgs_v3/srv/_enable_robot.py'...
[71.094s] Compiling '/home/huahai/dobot_ws/install/dobot_msgs_v3/local/lib/python3.10/dist-packages/dobot_msgs_v3/srv/_get_angle.py'...
[71.094s] Compiling '/home/huahai/dobot_ws/install/dobot_msgs_v3/local/lib/python3.10/dist-packages/dobot_msgs_v3/srv/_get_coils.py'...
[71.094s] Compiling '/home/huahai/dobot_ws/install/dobot_msgs_v3/local/lib/python3.10/dist-packages/dobot_msgs_v3/srv/_get_error_id.py'...
[71.094s] Compiling '/home/huahai/dobot_ws/install/dobot_msgs_v3/local/lib/python3.10/dist-packages/dobot_msgs_v3/srv/_get_hold_regs.py'...
[71.094s] Compiling '/home/huahai/dobot_ws/install/dobot_msgs_v3/local/lib/python3.10/dist-packages/dobot_msgs_v3/srv/_get_in_bits.py'...
[71.094s] Compiling '/home/huahai/dobot_ws/install/dobot_msgs_v3/local/lib/python3.10/dist-packages/dobot_msgs_v3/srv/_get_in_regs.py'...
[71.095s] Compiling '/home/huahai/dobot_ws/install/dobot_msgs_v3/local/lib/python3.10/dist-packages/dobot_msgs_v3/srv/_get_pose.py'...
[71.095s] Compiling '/home/huahai/dobot_ws/install/dobot_msgs_v3/local/lib/python3.10/dist-packages/dobot_msgs_v3/srv/_inverse_solution.py'...
[71.095s] Compiling '/home/huahai/dobot_ws/install/dobot_msgs_v3/local/lib/python3.10/dist-packages/dobot_msgs_v3/srv/_joint_mov_j.py'...
[71.095s] Compiling '/home/huahai/dobot_ws/install/dobot_msgs_v3/local/lib/python3.10/dist-packages/dobot_msgs_v3/srv/_jump.py'...
[71.095s] Compiling '/home/huahai/dobot_ws/install/dobot_msgs_v3/local/lib/python3.10/dist-packages/dobot_msgs_v3/srv/_lim_z.py'...
[71.095s] Compiling '/home/huahai/dobot_ws/install/dobot_msgs_v3/local/lib/python3.10/dist-packages/dobot_msgs_v3/srv/_load_switch.py'...
[71.095s] Compiling '/home/huahai/dobot_ws/install/dobot_msgs_v3/local/lib/python3.10/dist-packages/dobot_msgs_v3/srv/_modbus_close.py'...
[71.095s] Compiling '/home/huahai/dobot_ws/install/dobot_msgs_v3/local/lib/python3.10/dist-packages/dobot_msgs_v3/srv/_modbus_create.py'...
[71.095s] Compiling '/home/huahai/dobot_ws/install/dobot_msgs_v3/local/lib/python3.10/dist-packages/dobot_msgs_v3/srv/_mov_j.py'...
[71.095s] Compiling '/home/huahai/dobot_ws/install/dobot_msgs_v3/local/lib/python3.10/dist-packages/dobot_msgs_v3/srv/_mov_j_ext.py'...
[71.095s] Compiling '/home/huahai/dobot_ws/install/dobot_msgs_v3/local/lib/python3.10/dist-packages/dobot_msgs_v3/srv/_mov_jio.py'...
[71.095s] Compiling '/home/huahai/dobot_ws/install/dobot_msgs_v3/local/lib/python3.10/dist-packages/dobot_msgs_v3/srv/_mov_l.py'...
[71.095s] Compiling '/home/huahai/dobot_ws/install/dobot_msgs_v3/local/lib/python3.10/dist-packages/dobot_msgs_v3/srv/_mov_lio.py'...
[71.095s] Compiling '/home/huahai/dobot_ws/install/dobot_msgs_v3/local/lib/python3.10/dist-packages/dobot_msgs_v3/srv/_move_jog.py'...
[71.095s] Compiling '/home/huahai/dobot_ws/install/dobot_msgs_v3/local/lib/python3.10/dist-packages/dobot_msgs_v3/srv/_pause.py'...
[71.095s] Compiling '/home/huahai/dobot_ws/install/dobot_msgs_v3/local/lib/python3.10/dist-packages/dobot_msgs_v3/srv/_pause_script.py'...
[71.095s] Compiling '/home/huahai/dobot_ws/install/dobot_msgs_v3/local/lib/python3.10/dist-packages/dobot_msgs_v3/srv/_pay_load.py'...
[71.095s] Compiling '/home/huahai/dobot_ws/install/dobot_msgs_v3/local/lib/python3.10/dist-packages/dobot_msgs_v3/srv/_positive_solution.py'...
[71.095s] Compiling '/home/huahai/dobot_ws/install/dobot_msgs_v3/local/lib/python3.10/dist-packages/dobot_msgs_v3/srv/_power_on.py'...
[71.095s] Compiling '/home/huahai/dobot_ws/install/dobot_msgs_v3/local/lib/python3.10/dist-packages/dobot_msgs_v3/srv/_rel_joint_mov_j.py'...
[71.095s] Compiling '/home/huahai/dobot_ws/install/dobot_msgs_v3/local/lib/python3.10/dist-packages/dobot_msgs_v3/srv/_rel_mov_j.py'...
[71.097s] Compiling '/home/huahai/dobot_ws/install/dobot_msgs_v3/local/lib/python3.10/dist-packages/dobot_msgs_v3/srv/_rel_mov_j_tool.py'...
[71.097s] Compiling '/home/huahai/dobot_ws/install/dobot_msgs_v3/local/lib/python3.10/dist-packages/dobot_msgs_v3/srv/_rel_mov_j_user.py'...
[71.097s] Compiling '/home/huahai/dobot_ws/install/dobot_msgs_v3/local/lib/python3.10/dist-packages/dobot_msgs_v3/srv/_rel_mov_l.py'...
[71.097s] Compiling '/home/huahai/dobot_ws/install/dobot_msgs_v3/local/lib/python3.10/dist-packages/dobot_msgs_v3/srv/_rel_mov_l_tool.py'...
[71.097s] Compiling '/home/huahai/dobot_ws/install/dobot_msgs_v3/local/lib/python3.10/dist-packages/dobot_msgs_v3/srv/_rel_mov_l_user.py'...
[71.097s] Compiling '/home/huahai/dobot_ws/install/dobot_msgs_v3/local/lib/python3.10/dist-packages/dobot_msgs_v3/srv/_reset_robot.py'...
[71.097s] Compiling '/home/huahai/dobot_ws/install/dobot_msgs_v3/local/lib/python3.10/dist-packages/dobot_msgs_v3/srv/_robot_mode.py'...
[71.097s] Compiling '/home/huahai/dobot_ws/install/dobot_msgs_v3/local/lib/python3.10/dist-packages/dobot_msgs_v3/srv/_run_script.py'...
[71.098s] Compiling '/home/huahai/dobot_ws/install/dobot_msgs_v3/local/lib/python3.10/dist-packages/dobot_msgs_v3/srv/_servo_j.py'...
[71.098s] Compiling '/home/huahai/dobot_ws/install/dobot_msgs_v3/local/lib/python3.10/dist-packages/dobot_msgs_v3/srv/_servo_p.py'...
[71.122s] Compiling '/home/huahai/dobot_ws/install/dobot_msgs_v3/local/lib/python3.10/dist-packages/dobot_msgs_v3/srv/_set_arm_orientation.py'...
[71.122s] Compiling '/home/huahai/dobot_ws/install/dobot_msgs_v3/local/lib/python3.10/dist-packages/dobot_msgs_v3/srv/_set_coils.py'...
[71.122s] Compiling '/home/huahai/dobot_ws/install/dobot_msgs_v3/local/lib/python3.10/dist-packages/dobot_msgs_v3/srv/_set_collision_level.py'...
[71.122s] Compiling '/home/huahai/dobot_ws/install/dobot_msgs_v3/local/lib/python3.10/dist-packages/dobot_msgs_v3/srv/_set_hold_regs.py'...
[71.122s] Compiling '/home/huahai/dobot_ws/install/dobot_msgs_v3/local/lib/python3.10/dist-packages/dobot_msgs_v3/srv/_set_obstacle_avoid.py'...
[71.122s] Compiling '/home/huahai/dobot_ws/install/dobot_msgs_v3/local/lib/python3.10/dist-packages/dobot_msgs_v3/srv/_set_payload.py'...
[71.122s] Compiling '/home/huahai/dobot_ws/install/dobot_msgs_v3/local/lib/python3.10/dist-packages/dobot_msgs_v3/srv/_set_safe_skin.py'...
[71.122s] Compiling '/home/huahai/dobot_ws/install/dobot_msgs_v3/local/lib/python3.10/dist-packages/dobot_msgs_v3/srv/_speed_factor.py'...
[71.122s] Compiling '/home/huahai/dobot_ws/install/dobot_msgs_v3/local/lib/python3.10/dist-packages/dobot_msgs_v3/srv/_speed_j.py'...
[71.122s] Compiling '/home/huahai/dobot_ws/install/dobot_msgs_v3/local/lib/python3.10/dist-packages/dobot_msgs_v3/srv/_speed_l.py'...
[71.122s] Compiling '/home/huahai/dobot_ws/install/dobot_msgs_v3/local/lib/python3.10/dist-packages/dobot_msgs_v3/srv/_start_drag.py'...
[71.122s] Compiling '/home/huahai/dobot_ws/install/dobot_msgs_v3/local/lib/python3.10/dist-packages/dobot_msgs_v3/srv/_start_fc_trace.py'...
[71.122s] Compiling '/home/huahai/dobot_ws/install/dobot_msgs_v3/local/lib/python3.10/dist-packages/dobot_msgs_v3/srv/_start_path.py'...
[71.122s] Compiling '/home/huahai/dobot_ws/install/dobot_msgs_v3/local/lib/python3.10/dist-packages/dobot_msgs_v3/srv/_start_trace.py'...
[71.122s] Compiling '/home/huahai/dobot_ws/install/dobot_msgs_v3/local/lib/python3.10/dist-packages/dobot_msgs_v3/srv/_stop_drag.py'...
[71.122s] Compiling '/home/huahai/dobot_ws/install/dobot_msgs_v3/local/lib/python3.10/dist-packages/dobot_msgs_v3/srv/_stop_script.py'...
[71.122s] Compiling '/home/huahai/dobot_ws/install/dobot_msgs_v3/local/lib/python3.10/dist-packages/dobot_msgs_v3/srv/_stopmove_jog.py'...
[71.122s] Compiling '/home/huahai/dobot_ws/install/dobot_msgs_v3/local/lib/python3.10/dist-packages/dobot_msgs_v3/srv/_sync.py'...
[71.122s] Compiling '/home/huahai/dobot_ws/install/dobot_msgs_v3/local/lib/python3.10/dist-packages/dobot_msgs_v3/srv/_sync_all.py'...
[71.122s] Compiling '/home/huahai/dobot_ws/install/dobot_msgs_v3/local/lib/python3.10/dist-packages/dobot_msgs_v3/srv/_tool.py'...
[71.122s] Compiling '/home/huahai/dobot_ws/install/dobot_msgs_v3/local/lib/python3.10/dist-packages/dobot_msgs_v3/srv/_tool_di.py'...
[71.122s] Compiling '/home/huahai/dobot_ws/install/dobot_msgs_v3/local/lib/python3.10/dist-packages/dobot_msgs_v3/srv/_tool_do.py'...
[71.122s] Compiling '/home/huahai/dobot_ws/install/dobot_msgs_v3/local/lib/python3.10/dist-packages/dobot_msgs_v3/srv/_tool_do_execute.py'...
[71.122s] Compiling '/home/huahai/dobot_ws/install/dobot_msgs_v3/local/lib/python3.10/dist-packages/dobot_msgs_v3/srv/_user.py'...
[71.122s] Compiling '/home/huahai/dobot_ws/install/dobot_msgs_v3/local/lib/python3.10/dist-packages/dobot_msgs_v3/srv/_wait.py'...
[71.123s] -- Installing: /home/huahai/dobot_ws/install/dobot_msgs_v3/local/lib/python3.10/dist-packages/dobot_msgs_v3/dobot_msgs_v3_s__rosidl_typesupport_fastrtps_c.cpython-310-x86_64-linux-gnu.so
[71.124s] -- Set runtime path of "/home/huahai/dobot_ws/install/dobot_msgs_v3/local/lib/python3.10/dist-packages/dobot_msgs_v3/dobot_msgs_v3_s__rosidl_typesupport_fastrtps_c.cpython-310-x86_64-linux-gnu.so" to ""
[71.124s] -- Installing: /home/huahai/dobot_ws/install/dobot_msgs_v3/local/lib/python3.10/dist-packages/dobot_msgs_v3/dobot_msgs_v3_s__rosidl_typesupport_introspection_c.cpython-310-x86_64-linux-gnu.so
[71.125s] -- Set runtime path of "/home/huahai/dobot_ws/install/dobot_msgs_v3/local/lib/python3.10/dist-packages/dobot_msgs_v3/dobot_msgs_v3_s__rosidl_typesupport_introspection_c.cpython-310-x86_64-linux-gnu.so" to ""
[71.126s] -- Installing: /home/huahai/dobot_ws/install/dobot_msgs_v3/local/lib/python3.10/dist-packages/dobot_msgs_v3/dobot_msgs_v3_s__rosidl_typesupport_c.cpython-310-x86_64-linux-gnu.so
[71.127s] -- Set runtime path of "/home/huahai/dobot_ws/install/dobot_msgs_v3/local/lib/python3.10/dist-packages/dobot_msgs_v3/dobot_msgs_v3_s__rosidl_typesupport_c.cpython-310-x86_64-linux-gnu.so" to ""
[71.127s] -- Installing: /home/huahai/dobot_ws/install/dobot_msgs_v3/lib/libdobot_msgs_v3__rosidl_generator_py.so
[71.129s] -- Set runtime path of "/home/huahai/dobot_ws/install/dobot_msgs_v3/lib/libdobot_msgs_v3__rosidl_generator_py.so" to ""
[71.129s] -- Installing: /home/huahai/dobot_ws/install/dobot_msgs_v3/share/dobot_msgs_v3/msg/RobotStatus.idl
[71.129s] -- Installing: /home/huahai/dobot_ws/install/dobot_msgs_v3/share/dobot_msgs_v3/msg/ToolVectorActual.idl
[71.129s] -- Installing: /home/huahai/dobot_ws/install/dobot_msgs_v3/share/dobot_msgs_v3/srv/AccJ.idl
[71.130s] -- Installing: /home/huahai/dobot_ws/install/dobot_msgs_v3/share/dobot_msgs_v3/srv/AccL.idl
[71.130s] -- Installing: /home/huahai/dobot_ws/install/dobot_msgs_v3/share/dobot_msgs_v3/srv/AO.idl
[71.130s] -- Installing: /home/huahai/dobot_ws/install/dobot_msgs_v3/share/dobot_msgs_v3/srv/AOExecute.idl
[71.130s] -- Installing: /home/huahai/dobot_ws/install/dobot_msgs_v3/share/dobot_msgs_v3/srv/Arc.idl
[71.131s] -- Installing: /home/huahai/dobot_ws/install/dobot_msgs_v3/share/dobot_msgs_v3/srv/Arch.idl
[71.131s] -- Installing: /home/huahai/dobot_ws/install/dobot_msgs_v3/share/dobot_msgs_v3/srv/BrakeControl.idl
[71.131s] -- Installing: /home/huahai/dobot_ws/install/dobot_msgs_v3/share/dobot_msgs_v3/srv/Circle.idl
[71.131s] -- Installing: /home/huahai/dobot_ws/install/dobot_msgs_v3/share/dobot_msgs_v3/srv/ClearError.idl
[71.132s] -- Installing: /home/huahai/dobot_ws/install/dobot_msgs_v3/share/dobot_msgs_v3/srv/Continues.idl
[71.132s] -- Installing: /home/huahai/dobot_ws/install/dobot_msgs_v3/share/dobot_msgs_v3/srv/ContinueScript.idl
[71.132s] -- Installing: /home/huahai/dobot_ws/install/dobot_msgs_v3/share/dobot_msgs_v3/srv/CP.idl
[71.132s] -- Installing: /home/huahai/dobot_ws/install/dobot_msgs_v3/share/dobot_msgs_v3/srv/DI.idl
[71.133s] -- Installing: /home/huahai/dobot_ws/install/dobot_msgs_v3/share/dobot_msgs_v3/srv/DigitalOutputs.idl
[71.133s] -- Installing: /home/huahai/dobot_ws/install/dobot_msgs_v3/share/dobot_msgs_v3/srv/DisableRobot.idl
[71.134s] -- Installing: /home/huahai/dobot_ws/install/dobot_msgs_v3/share/dobot_msgs_v3/srv/DO.idl
[71.134s] -- Installing: /home/huahai/dobot_ws/install/dobot_msgs_v3/share/dobot_msgs_v3/srv/DOExecute.idl
[71.134s] -- Installing: /home/huahai/dobot_ws/install/dobot_msgs_v3/share/dobot_msgs_v3/srv/DOGroup.idl
[71.134s] -- Installing: /home/huahai/dobot_ws/install/dobot_msgs_v3/share/dobot_msgs_v3/srv/EmergencyStop.idl
[71.134s] -- Installing: /home/huahai/dobot_ws/install/dobot_msgs_v3/share/dobot_msgs_v3/srv/EnableRobot.idl
[71.134s] -- Installing: /home/huahai/dobot_ws/install/dobot_msgs_v3/share/dobot_msgs_v3/srv/GetAngle.idl
[71.134s] -- Installing: /home/huahai/dobot_ws/install/dobot_msgs_v3/share/dobot_msgs_v3/srv/GetCoils.idl
[71.135s] -- Installing: /home/huahai/dobot_ws/install/dobot_msgs_v3/share/dobot_msgs_v3/srv/GetErrorID.idl
[71.135s] -- Installing: /home/huahai/dobot_ws/install/dobot_msgs_v3/share/dobot_msgs_v3/srv/GetHoldRegs.idl
[71.135s] -- Installing: /home/huahai/dobot_ws/install/dobot_msgs_v3/share/dobot_msgs_v3/srv/GetInBits.idl
[71.135s] -- Installing: /home/huahai/dobot_ws/install/dobot_msgs_v3/share/dobot_msgs_v3/srv/GetInRegs.idl
[71.135s] -- Installing: /home/huahai/dobot_ws/install/dobot_msgs_v3/share/dobot_msgs_v3/srv/GetPose.idl
[71.135s] -- Installing: /home/huahai/dobot_ws/install/dobot_msgs_v3/share/dobot_msgs_v3/srv/InverseSolution.idl
[71.135s] -- Installing: /home/huahai/dobot_ws/install/dobot_msgs_v3/share/dobot_msgs_v3/srv/JointMovJ.idl
[71.136s] -- Installing: /home/huahai/dobot_ws/install/dobot_msgs_v3/share/dobot_msgs_v3/srv/Jump.idl
[71.136s] -- Installing: /home/huahai/dobot_ws/install/dobot_msgs_v3/share/dobot_msgs_v3/srv/LimZ.idl
[71.136s] -- Installing: /home/huahai/dobot_ws/install/dobot_msgs_v3/share/dobot_msgs_v3/srv/LoadSwitch.idl
[71.136s] -- Installing: /home/huahai/dobot_ws/install/dobot_msgs_v3/share/dobot_msgs_v3/srv/ModbusClose.idl
[71.137s] -- Installing: /home/huahai/dobot_ws/install/dobot_msgs_v3/share/dobot_msgs_v3/srv/ModbusCreate.idl
[71.137s] -- Installing: /home/huahai/dobot_ws/install/dobot_msgs_v3/share/dobot_msgs_v3/srv/MoveJog.idl
[71.137s] -- Installing: /home/huahai/dobot_ws/install/dobot_msgs_v3/share/dobot_msgs_v3/srv/MovJ.idl
[71.137s] -- Installing: /home/huahai/dobot_ws/install/dobot_msgs_v3/share/dobot_msgs_v3/srv/MovJExt.idl
[71.137s] -- Installing: /home/huahai/dobot_ws/install/dobot_msgs_v3/share/dobot_msgs_v3/srv/MovJIO.idl
[71.138s] -- Installing: /home/huahai/dobot_ws/install/dobot_msgs_v3/share/dobot_msgs_v3/srv/MovL.idl
[71.138s] -- Installing: /home/huahai/dobot_ws/install/dobot_msgs_v3/share/dobot_msgs_v3/srv/MovLIO.idl
[71.138s] -- Installing: /home/huahai/dobot_ws/install/dobot_msgs_v3/share/dobot_msgs_v3/srv/Pause.idl
[71.138s] -- Installing: /home/huahai/dobot_ws/install/dobot_msgs_v3/share/dobot_msgs_v3/srv/PauseScript.idl
[71.139s] -- Installing: /home/huahai/dobot_ws/install/dobot_msgs_v3/share/dobot_msgs_v3/srv/PayLoad.idl
[71.139s] -- Installing: /home/huahai/dobot_ws/install/dobot_msgs_v3/share/dobot_msgs_v3/srv/PositiveSolution.idl
[71.139s] -- Installing: /home/huahai/dobot_ws/install/dobot_msgs_v3/share/dobot_msgs_v3/srv/PowerOn.idl
[71.139s] -- Installing: /home/huahai/dobot_ws/install/dobot_msgs_v3/share/dobot_msgs_v3/srv/RelJointMovJ.idl
[71.140s] -- Installing: /home/huahai/dobot_ws/install/dobot_msgs_v3/share/dobot_msgs_v3/srv/RelMovJ.idl
[71.140s] -- Installing: /home/huahai/dobot_ws/install/dobot_msgs_v3/share/dobot_msgs_v3/srv/RelMovJUser.idl
[71.140s] -- Installing: /home/huahai/dobot_ws/install/dobot_msgs_v3/share/dobot_msgs_v3/srv/RelMovJTool.idl
[71.141s] -- Installing: /home/huahai/dobot_ws/install/dobot_msgs_v3/share/dobot_msgs_v3/srv/RelMovL.idl
[71.141s] -- Installing: /home/huahai/dobot_ws/install/dobot_msgs_v3/share/dobot_msgs_v3/srv/RelMovLUser.idl
[71.142s] -- Installing: /home/huahai/dobot_ws/install/dobot_msgs_v3/share/dobot_msgs_v3/srv/RelMovLTool.idl
[71.142s] -- Installing: /home/huahai/dobot_ws/install/dobot_msgs_v3/share/dobot_msgs_v3/srv/ResetRobot.idl
[71.142s] -- Installing: /home/huahai/dobot_ws/install/dobot_msgs_v3/share/dobot_msgs_v3/srv/RobotMode.idl
[71.143s] -- Installing: /home/huahai/dobot_ws/install/dobot_msgs_v3/share/dobot_msgs_v3/srv/RunScript.idl
[71.143s] -- Installing: /home/huahai/dobot_ws/install/dobot_msgs_v3/share/dobot_msgs_v3/srv/ServoJ.idl
[71.143s] -- Installing: /home/huahai/dobot_ws/install/dobot_msgs_v3/share/dobot_msgs_v3/srv/ServoP.idl
[71.144s] -- Installing: /home/huahai/dobot_ws/install/dobot_msgs_v3/share/dobot_msgs_v3/srv/SetArmOrientation.idl
[71.144s] -- Installing: /home/huahai/dobot_ws/install/dobot_msgs_v3/share/dobot_msgs_v3/srv/SetCoils.idl
[71.144s] -- Installing: /home/huahai/dobot_ws/install/dobot_msgs_v3/share/dobot_msgs_v3/srv/SetCollisionLevel.idl
[71.144s] -- Installing: /home/huahai/dobot_ws/install/dobot_msgs_v3/share/dobot_msgs_v3/srv/SetHoldRegs.idl
[71.145s] -- Installing: /home/huahai/dobot_ws/install/dobot_msgs_v3/share/dobot_msgs_v3/srv/SetObstacleAvoid.idl
[71.145s] -- Installing: /home/huahai/dobot_ws/install/dobot_msgs_v3/share/dobot_msgs_v3/srv/SetPayload.idl
[71.146s] -- Installing: /home/huahai/dobot_ws/install/dobot_msgs_v3/share/dobot_msgs_v3/srv/SetSafeSkin.idl
[71.146s] -- Installing: /home/huahai/dobot_ws/install/dobot_msgs_v3/share/dobot_msgs_v3/srv/SpeedFactor.idl
[71.146s] -- Installing: /home/huahai/dobot_ws/install/dobot_msgs_v3/share/dobot_msgs_v3/srv/SpeedJ.idl
[71.146s] -- Installing: /home/huahai/dobot_ws/install/dobot_msgs_v3/share/dobot_msgs_v3/srv/SpeedL.idl
[71.146s] -- Installing: /home/huahai/dobot_ws/install/dobot_msgs_v3/share/dobot_msgs_v3/srv/StartDrag.idl
[71.146s] -- Installing: /home/huahai/dobot_ws/install/dobot_msgs_v3/share/dobot_msgs_v3/srv/StartFCTrace.idl
[71.147s] -- Installing: /home/huahai/dobot_ws/install/dobot_msgs_v3/share/dobot_msgs_v3/srv/StartPath.idl
[71.147s] -- Installing: /home/huahai/dobot_ws/install/dobot_msgs_v3/share/dobot_msgs_v3/srv/StartTrace.idl
[71.147s] -- Installing: /home/huahai/dobot_ws/install/dobot_msgs_v3/share/dobot_msgs_v3/srv/StopDrag.idl
[71.147s] -- Installing: /home/huahai/dobot_ws/install/dobot_msgs_v3/share/dobot_msgs_v3/srv/StopmoveJog.idl
[71.148s] -- Installing: /home/huahai/dobot_ws/install/dobot_msgs_v3/share/dobot_msgs_v3/srv/StopScript.idl
[71.148s] -- Installing: /home/huahai/dobot_ws/install/dobot_msgs_v3/share/dobot_msgs_v3/srv/Sync.idl
[71.148s] -- Installing: /home/huahai/dobot_ws/install/dobot_msgs_v3/share/dobot_msgs_v3/srv/SyncAll.idl
[71.148s] -- Installing: /home/huahai/dobot_ws/install/dobot_msgs_v3/share/dobot_msgs_v3/srv/Tool.idl
[71.148s] -- Installing: /home/huahai/dobot_ws/install/dobot_msgs_v3/share/dobot_msgs_v3/srv/ToolDI.idl
[71.149s] -- Installing: /home/huahai/dobot_ws/install/dobot_msgs_v3/share/dobot_msgs_v3/srv/ToolDO.idl
[71.149s] -- Installing: /home/huahai/dobot_ws/install/dobot_msgs_v3/share/dobot_msgs_v3/srv/ToolDOExecute.idl
[71.149s] -- Installing: /home/huahai/dobot_ws/install/dobot_msgs_v3/share/dobot_msgs_v3/srv/User.idl
[71.149s] -- Installing: /home/huahai/dobot_ws/install/dobot_msgs_v3/share/dobot_msgs_v3/srv/Wait.idl
[71.150s] -- Installing: /home/huahai/dobot_ws/install/dobot_msgs_v3/share/dobot_msgs_v3/msg/RobotStatus.msg
[71.150s] -- Installing: /home/huahai/dobot_ws/install/dobot_msgs_v3/share/dobot_msgs_v3/msg/ToolVectorActual.msg
[71.150s] -- Installing: /home/huahai/dobot_ws/install/dobot_msgs_v3/share/dobot_msgs_v3/srv/AccJ.srv
[71.150s] -- Installing: /home/huahai/dobot_ws/install/dobot_msgs_v3/share/dobot_msgs_v3/srv/AccJ_Request.msg
[71.151s] -- Installing: /home/huahai/dobot_ws/install/dobot_msgs_v3/share/dobot_msgs_v3/srv/AccJ_Response.msg
[71.151s] -- Installing: /home/huahai/dobot_ws/install/dobot_msgs_v3/share/dobot_msgs_v3/srv/AccL.srv
[71.151s] -- Installing: /home/huahai/dobot_ws/install/dobot_msgs_v3/share/dobot_msgs_v3/srv/AccL_Request.msg
[71.151s] -- Installing: /home/huahai/dobot_ws/install/dobot_msgs_v3/share/dobot_msgs_v3/srv/AccL_Response.msg
[71.151s] -- Installing: /home/huahai/dobot_ws/install/dobot_msgs_v3/share/dobot_msgs_v3/srv/AO.srv
[71.152s] -- Installing: /home/huahai/dobot_ws/install/dobot_msgs_v3/share/dobot_msgs_v3/srv/AO_Request.msg
[71.152s] -- Installing: /home/huahai/dobot_ws/install/dobot_msgs_v3/share/dobot_msgs_v3/srv/AO_Response.msg
[71.152s] -- Installing: /home/huahai/dobot_ws/install/dobot_msgs_v3/share/dobot_msgs_v3/srv/AOExecute.srv
[71.153s] -- Installing: /home/huahai/dobot_ws/install/dobot_msgs_v3/share/dobot_msgs_v3/srv/AOExecute_Request.msg
[71.153s] -- Installing: /home/huahai/dobot_ws/install/dobot_msgs_v3/share/dobot_msgs_v3/srv/AOExecute_Response.msg
[71.153s] -- Installing: /home/huahai/dobot_ws/install/dobot_msgs_v3/share/dobot_msgs_v3/srv/Arc.srv
[71.153s] -- Installing: /home/huahai/dobot_ws/install/dobot_msgs_v3/share/dobot_msgs_v3/srv/Arc_Request.msg
[71.154s] -- Installing: /home/huahai/dobot_ws/install/dobot_msgs_v3/share/dobot_msgs_v3/srv/Arc_Response.msg
[71.154s] -- Installing: /home/huahai/dobot_ws/install/dobot_msgs_v3/share/dobot_msgs_v3/srv/Arch.srv
[71.154s] -- Installing: /home/huahai/dobot_ws/install/dobot_msgs_v3/share/dobot_msgs_v3/srv/Arch_Request.msg
[71.154s] -- Installing: /home/huahai/dobot_ws/install/dobot_msgs_v3/share/dobot_msgs_v3/srv/Arch_Response.msg
[71.154s] -- Installing: /home/huahai/dobot_ws/install/dobot_msgs_v3/share/dobot_msgs_v3/srv/BrakeControl.srv
[71.155s] -- Installing: /home/huahai/dobot_ws/install/dobot_msgs_v3/share/dobot_msgs_v3/srv/BrakeControl_Request.msg
[71.155s] -- Installing: /home/huahai/dobot_ws/install/dobot_msgs_v3/share/dobot_msgs_v3/srv/BrakeControl_Response.msg
[71.155s] -- Installing: /home/huahai/dobot_ws/install/dobot_msgs_v3/share/dobot_msgs_v3/srv/Circle.srv
[71.155s] -- Installing: /home/huahai/dobot_ws/install/dobot_msgs_v3/share/dobot_msgs_v3/srv/Circle_Request.msg
[71.156s] -- Installing: /home/huahai/dobot_ws/install/dobot_msgs_v3/share/dobot_msgs_v3/srv/Circle_Response.msg
[71.156s] -- Installing: /home/huahai/dobot_ws/install/dobot_msgs_v3/share/dobot_msgs_v3/srv/ClearError.srv
[71.156s] -- Installing: /home/huahai/dobot_ws/install/dobot_msgs_v3/share/dobot_msgs_v3/srv/ClearError_Request.msg
[71.156s] -- Installing: /home/huahai/dobot_ws/install/dobot_msgs_v3/share/dobot_msgs_v3/srv/ClearError_Response.msg
[71.156s] -- Installing: /home/huahai/dobot_ws/install/dobot_msgs_v3/share/dobot_msgs_v3/srv/Continues.srv
[71.157s] -- Installing: /home/huahai/dobot_ws/install/dobot_msgs_v3/share/dobot_msgs_v3/srv/Continues_Request.msg
[71.157s] -- Installing: /home/huahai/dobot_ws/install/dobot_msgs_v3/share/dobot_msgs_v3/srv/Continues_Response.msg
[71.157s] -- Installing: /home/huahai/dobot_ws/install/dobot_msgs_v3/share/dobot_msgs_v3/srv/ContinueScript.srv
[71.157s] -- Installing: /home/huahai/dobot_ws/install/dobot_msgs_v3/share/dobot_msgs_v3/srv/ContinueScript_Request.msg
[71.158s] -- Installing: /home/huahai/dobot_ws/install/dobot_msgs_v3/share/dobot_msgs_v3/srv/ContinueScript_Response.msg
[71.158s] -- Installing: /home/huahai/dobot_ws/install/dobot_msgs_v3/share/dobot_msgs_v3/srv/CP.srv
[71.158s] -- Installing: /home/huahai/dobot_ws/install/dobot_msgs_v3/share/dobot_msgs_v3/srv/CP_Request.msg
[71.158s] -- Installing: /home/huahai/dobot_ws/install/dobot_msgs_v3/share/dobot_msgs_v3/srv/CP_Response.msg
[71.158s] -- Installing: /home/huahai/dobot_ws/install/dobot_msgs_v3/share/dobot_msgs_v3/srv/DI.srv
[71.159s] -- Installing: /home/huahai/dobot_ws/install/dobot_msgs_v3/share/dobot_msgs_v3/srv/DI_Request.msg
[71.159s] -- Installing: /home/huahai/dobot_ws/install/dobot_msgs_v3/share/dobot_msgs_v3/srv/DI_Response.msg
[71.159s] -- Installing: /home/huahai/dobot_ws/install/dobot_msgs_v3/share/dobot_msgs_v3/srv/DigitalOutputs.srv
[71.159s] -- Installing: /home/huahai/dobot_ws/install/dobot_msgs_v3/share/dobot_msgs_v3/srv/DigitalOutputs_Request.msg
[71.159s] -- Installing: /home/huahai/dobot_ws/install/dobot_msgs_v3/share/dobot_msgs_v3/srv/DigitalOutputs_Response.msg
[71.160s] -- Installing: /home/huahai/dobot_ws/install/dobot_msgs_v3/share/dobot_msgs_v3/srv/DisableRobot.srv
[71.160s] -- Installing: /home/huahai/dobot_ws/install/dobot_msgs_v3/share/dobot_msgs_v3/srv/DisableRobot_Request.msg
[71.160s] -- Installing: /home/huahai/dobot_ws/install/dobot_msgs_v3/share/dobot_msgs_v3/srv/DisableRobot_Response.msg
[71.160s] -- Installing: /home/huahai/dobot_ws/install/dobot_msgs_v3/share/dobot_msgs_v3/srv/DO.srv
[71.161s] -- Installing: /home/huahai/dobot_ws/install/dobot_msgs_v3/share/dobot_msgs_v3/srv/DO_Request.msg
[71.161s] -- Installing: /home/huahai/dobot_ws/install/dobot_msgs_v3/share/dobot_msgs_v3/srv/DO_Response.msg
[71.161s] -- Installing: /home/huahai/dobot_ws/install/dobot_msgs_v3/share/dobot_msgs_v3/srv/DOExecute.srv
[71.161s] -- Installing: /home/huahai/dobot_ws/install/dobot_msgs_v3/share/dobot_msgs_v3/srv/DOExecute_Request.msg
[71.161s] -- Installing: /home/huahai/dobot_ws/install/dobot_msgs_v3/share/dobot_msgs_v3/srv/DOExecute_Response.msg
[71.162s] -- Installing: /home/huahai/dobot_ws/install/dobot_msgs_v3/share/dobot_msgs_v3/srv/DOGroup.srv
[71.162s] -- Installing: /home/huahai/dobot_ws/install/dobot_msgs_v3/share/dobot_msgs_v3/srv/DOGroup_Request.msg
[71.162s] -- Installing: /home/huahai/dobot_ws/install/dobot_msgs_v3/share/dobot_msgs_v3/srv/DOGroup_Response.msg
[71.162s] -- Installing: /home/huahai/dobot_ws/install/dobot_msgs_v3/share/dobot_msgs_v3/srv/EmergencyStop.srv
[71.163s] -- Installing: /home/huahai/dobot_ws/install/dobot_msgs_v3/share/dobot_msgs_v3/srv/EmergencyStop_Request.msg
[71.163s] -- Installing: /home/huahai/dobot_ws/install/dobot_msgs_v3/share/dobot_msgs_v3/srv/EmergencyStop_Response.msg
[71.163s] -- Installing: /home/huahai/dobot_ws/install/dobot_msgs_v3/share/dobot_msgs_v3/srv/EnableRobot.srv
[71.163s] -- Installing: /home/huahai/dobot_ws/install/dobot_msgs_v3/share/dobot_msgs_v3/srv/EnableRobot_Request.msg
[71.163s] -- Installing: /home/huahai/dobot_ws/install/dobot_msgs_v3/share/dobot_msgs_v3/srv/EnableRobot_Response.msg
[71.163s] -- Installing: /home/huahai/dobot_ws/install/dobot_msgs_v3/share/dobot_msgs_v3/srv/GetAngle.srv
[71.164s] -- Installing: /home/huahai/dobot_ws/install/dobot_msgs_v3/share/dobot_msgs_v3/srv/GetAngle_Request.msg
[71.164s] -- Installing: /home/huahai/dobot_ws/install/dobot_msgs_v3/share/dobot_msgs_v3/srv/GetAngle_Response.msg
[71.164s] -- Installing: /home/huahai/dobot_ws/install/dobot_msgs_v3/share/dobot_msgs_v3/srv/GetCoils.srv
[71.164s] -- Installing: /home/huahai/dobot_ws/install/dobot_msgs_v3/share/dobot_msgs_v3/srv/GetCoils_Request.msg
[71.164s] -- Installing: /home/huahai/dobot_ws/install/dobot_msgs_v3/share/dobot_msgs_v3/srv/GetCoils_Response.msg
[71.165s] -- Installing: /home/huahai/dobot_ws/install/dobot_msgs_v3/share/dobot_msgs_v3/srv/GetErrorID.srv
[71.165s] -- Installing: /home/huahai/dobot_ws/install/dobot_msgs_v3/share/dobot_msgs_v3/srv/GetErrorID_Request.msg
[71.165s] -- Installing: /home/huahai/dobot_ws/install/dobot_msgs_v3/share/dobot_msgs_v3/srv/GetErrorID_Response.msg
[71.165s] -- Installing: /home/huahai/dobot_ws/install/dobot_msgs_v3/share/dobot_msgs_v3/srv/GetHoldRegs.srv
[71.165s] -- Installing: /home/huahai/dobot_ws/install/dobot_msgs_v3/share/dobot_msgs_v3/srv/GetHoldRegs_Request.msg
[71.166s] -- Installing: /home/huahai/dobot_ws/install/dobot_msgs_v3/share/dobot_msgs_v3/srv/GetHoldRegs_Response.msg
[71.166s] -- Installing: /home/huahai/dobot_ws/install/dobot_msgs_v3/share/dobot_msgs_v3/srv/GetInBits.srv
[71.166s] -- Installing: /home/huahai/dobot_ws/install/dobot_msgs_v3/share/dobot_msgs_v3/srv/GetInBits_Request.msg
[71.166s] -- Installing: /home/huahai/dobot_ws/install/dobot_msgs_v3/share/dobot_msgs_v3/srv/GetInBits_Response.msg
[71.166s] -- Installing: /home/huahai/dobot_ws/install/dobot_msgs_v3/share/dobot_msgs_v3/srv/GetInRegs.srv
[71.167s] -- Installing: /home/huahai/dobot_ws/install/dobot_msgs_v3/share/dobot_msgs_v3/srv/GetInRegs_Request.msg
[71.167s] -- Installing: /home/huahai/dobot_ws/install/dobot_msgs_v3/share/dobot_msgs_v3/srv/GetInRegs_Response.msg
[71.167s] -- Installing: /home/huahai/dobot_ws/install/dobot_msgs_v3/share/dobot_msgs_v3/srv/GetPose.srv
[71.167s] -- Installing: /home/huahai/dobot_ws/install/dobot_msgs_v3/share/dobot_msgs_v3/srv/GetPose_Request.msg
[71.168s] -- Installing: /home/huahai/dobot_ws/install/dobot_msgs_v3/share/dobot_msgs_v3/srv/GetPose_Response.msg
[71.168s] -- Installing: /home/huahai/dobot_ws/install/dobot_msgs_v3/share/dobot_msgs_v3/srv/InverseSolution.srv
[71.168s] -- Installing: /home/huahai/dobot_ws/install/dobot_msgs_v3/share/dobot_msgs_v3/srv/InverseSolution_Request.msg
[71.168s] -- Installing: /home/huahai/dobot_ws/install/dobot_msgs_v3/share/dobot_msgs_v3/srv/InverseSolution_Response.msg
[71.168s] -- Installing: /home/huahai/dobot_ws/install/dobot_msgs_v3/share/dobot_msgs_v3/srv/JointMovJ.srv
[71.169s] -- Installing: /home/huahai/dobot_ws/install/dobot_msgs_v3/share/dobot_msgs_v3/srv/JointMovJ_Request.msg
[71.169s] -- Installing: /home/huahai/dobot_ws/install/dobot_msgs_v3/share/dobot_msgs_v3/srv/JointMovJ_Response.msg
[71.169s] -- Installing: /home/huahai/dobot_ws/install/dobot_msgs_v3/share/dobot_msgs_v3/srv/Jump.srv
[71.169s] -- Installing: /home/huahai/dobot_ws/install/dobot_msgs_v3/share/dobot_msgs_v3/srv/Jump_Request.msg
[71.169s] -- Installing: /home/huahai/dobot_ws/install/dobot_msgs_v3/share/dobot_msgs_v3/srv/Jump_Response.msg
[71.170s] -- Installing: /home/huahai/dobot_ws/install/dobot_msgs_v3/share/dobot_msgs_v3/srv/LimZ.srv
[71.170s] -- Installing: /home/huahai/dobot_ws/install/dobot_msgs_v3/share/dobot_msgs_v3/srv/LimZ_Request.msg
[71.172s] -- Installing: /home/huahai/dobot_ws/install/dobot_msgs_v3/share/dobot_msgs_v3/srv/LimZ_Response.msg
[71.172s] -- Installing: /home/huahai/dobot_ws/install/dobot_msgs_v3/share/dobot_msgs_v3/srv/LoadSwitch.srv
[71.172s] -- Installing: /home/huahai/dobot_ws/install/dobot_msgs_v3/share/dobot_msgs_v3/srv/LoadSwitch_Request.msg
[71.172s] -- Installing: /home/huahai/dobot_ws/install/dobot_msgs_v3/share/dobot_msgs_v3/srv/LoadSwitch_Response.msg
[71.172s] -- Installing: /home/huahai/dobot_ws/install/dobot_msgs_v3/share/dobot_msgs_v3/srv/ModbusClose.srv
[71.172s] -- Installing: /home/huahai/dobot_ws/install/dobot_msgs_v3/share/dobot_msgs_v3/srv/ModbusClose_Request.msg
[71.172s] -- Installing: /home/huahai/dobot_ws/install/dobot_msgs_v3/share/dobot_msgs_v3/srv/ModbusClose_Response.msg
[71.173s] -- Installing: /home/huahai/dobot_ws/install/dobot_msgs_v3/share/dobot_msgs_v3/srv/ModbusCreate.srv
[71.173s] -- Installing: /home/huahai/dobot_ws/install/dobot_msgs_v3/share/dobot_msgs_v3/srv/ModbusCreate_Request.msg
[71.173s] -- Installing: /home/huahai/dobot_ws/install/dobot_msgs_v3/share/dobot_msgs_v3/srv/ModbusCreate_Response.msg
[71.173s] -- Installing: /home/huahai/dobot_ws/install/dobot_msgs_v3/share/dobot_msgs_v3/srv/MoveJog.srv
[71.173s] -- Installing: /home/huahai/dobot_ws/install/dobot_msgs_v3/share/dobot_msgs_v3/srv/MoveJog_Request.msg
[71.173s] -- Installing: /home/huahai/dobot_ws/install/dobot_msgs_v3/share/dobot_msgs_v3/srv/MoveJog_Response.msg
[71.173s] -- Installing: /home/huahai/dobot_ws/install/dobot_msgs_v3/share/dobot_msgs_v3/srv/MovJ.srv
[71.173s] -- Installing: /home/huahai/dobot_ws/install/dobot_msgs_v3/share/dobot_msgs_v3/srv/MovJ_Request.msg
[71.173s] -- Installing: /home/huahai/dobot_ws/install/dobot_msgs_v3/share/dobot_msgs_v3/srv/MovJ_Response.msg
[71.173s] -- Installing: /home/huahai/dobot_ws/install/dobot_msgs_v3/share/dobot_msgs_v3/srv/MovJExt.srv
[71.173s] -- Installing: /home/huahai/dobot_ws/install/dobot_msgs_v3/share/dobot_msgs_v3/srv/MovJExt_Request.msg
[71.173s] -- Installing: /home/huahai/dobot_ws/install/dobot_msgs_v3/share/dobot_msgs_v3/srv/MovJExt_Response.msg
[71.174s] -- Installing: /home/huahai/dobot_ws/install/dobot_msgs_v3/share/dobot_msgs_v3/srv/MovJIO.srv
[71.174s] -- Installing: /home/huahai/dobot_ws/install/dobot_msgs_v3/share/dobot_msgs_v3/srv/MovJIO_Request.msg
[71.174s] -- Installing: /home/huahai/dobot_ws/install/dobot_msgs_v3/share/dobot_msgs_v3/srv/MovJIO_Response.msg
[71.175s] -- Installing: /home/huahai/dobot_ws/install/dobot_msgs_v3/share/dobot_msgs_v3/srv/MovL.srv
[71.175s] -- Installing: /home/huahai/dobot_ws/install/dobot_msgs_v3/share/dobot_msgs_v3/srv/MovL_Request.msg
[71.175s] -- Installing: /home/huahai/dobot_ws/install/dobot_msgs_v3/share/dobot_msgs_v3/srv/MovL_Response.msg
[71.175s] -- Installing: /home/huahai/dobot_ws/install/dobot_msgs_v3/share/dobot_msgs_v3/srv/MovLIO.srv
[71.176s] -- Installing: /home/huahai/dobot_ws/install/dobot_msgs_v3/share/dobot_msgs_v3/srv/MovLIO_Request.msg
[71.176s] -- Installing: /home/huahai/dobot_ws/install/dobot_msgs_v3/share/dobot_msgs_v3/srv/MovLIO_Response.msg
[71.176s] -- Installing: /home/huahai/dobot_ws/install/dobot_msgs_v3/share/dobot_msgs_v3/srv/Pause.srv
[71.176s] -- Installing: /home/huahai/dobot_ws/install/dobot_msgs_v3/share/dobot_msgs_v3/srv/Pause_Request.msg
[71.176s] -- Installing: /home/huahai/dobot_ws/install/dobot_msgs_v3/share/dobot_msgs_v3/srv/Pause_Response.msg
[71.177s] -- Installing: /home/huahai/dobot_ws/install/dobot_msgs_v3/share/dobot_msgs_v3/srv/PauseScript.srv
[71.177s] -- Installing: /home/huahai/dobot_ws/install/dobot_msgs_v3/share/dobot_msgs_v3/srv/PauseScript_Request.msg
[71.177s] -- Installing: /home/huahai/dobot_ws/install/dobot_msgs_v3/share/dobot_msgs_v3/srv/PauseScript_Response.msg
[71.177s] -- Installing: /home/huahai/dobot_ws/install/dobot_msgs_v3/share/dobot_msgs_v3/srv/PayLoad.srv
[71.177s] -- Installing: /home/huahai/dobot_ws/install/dobot_msgs_v3/share/dobot_msgs_v3/srv/PayLoad_Request.msg
[71.177s] -- Installing: /home/huahai/dobot_ws/install/dobot_msgs_v3/share/dobot_msgs_v3/srv/PayLoad_Response.msg
[71.178s] -- Installing: /home/huahai/dobot_ws/install/dobot_msgs_v3/share/dobot_msgs_v3/srv/PositiveSolution.srv
[71.178s] -- Installing: /home/huahai/dobot_ws/install/dobot_msgs_v3/share/dobot_msgs_v3/srv/PositiveSolution_Request.msg
[71.178s] -- Installing: /home/huahai/dobot_ws/install/dobot_msgs_v3/share/dobot_msgs_v3/srv/PositiveSolution_Response.msg
[71.178s] -- Installing: /home/huahai/dobot_ws/install/dobot_msgs_v3/share/dobot_msgs_v3/srv/PowerOn.srv
[71.179s] -- Installing: /home/huahai/dobot_ws/install/dobot_msgs_v3/share/dobot_msgs_v3/srv/PowerOn_Request.msg
[71.179s] -- Installing: /home/huahai/dobot_ws/install/dobot_msgs_v3/share/dobot_msgs_v3/srv/PowerOn_Response.msg
[71.179s] -- Installing: /home/huahai/dobot_ws/install/dobot_msgs_v3/share/dobot_msgs_v3/srv/RelJointMovJ.srv
[71.179s] -- Installing: /home/huahai/dobot_ws/install/dobot_msgs_v3/share/dobot_msgs_v3/srv/RelJointMovJ_Request.msg
[71.179s] -- Installing: /home/huahai/dobot_ws/install/dobot_msgs_v3/share/dobot_msgs_v3/srv/RelJointMovJ_Response.msg
[71.180s] -- Installing: /home/huahai/dobot_ws/install/dobot_msgs_v3/share/dobot_msgs_v3/srv/RelMovJ.srv
[71.180s] -- Installing: /home/huahai/dobot_ws/install/dobot_msgs_v3/share/dobot_msgs_v3/srv/RelMovJ_Request.msg
[71.180s] -- Installing: /home/huahai/dobot_ws/install/dobot_msgs_v3/share/dobot_msgs_v3/srv/RelMovJ_Response.msg
[71.181s] -- Installing: /home/huahai/dobot_ws/install/dobot_msgs_v3/share/dobot_msgs_v3/srv/RelMovJUser.srv
[71.181s] -- Installing: /home/huahai/dobot_ws/install/dobot_msgs_v3/share/dobot_msgs_v3/srv/RelMovJUser_Request.msg
[71.181s] -- Installing: /home/huahai/dobot_ws/install/dobot_msgs_v3/share/dobot_msgs_v3/srv/RelMovJUser_Response.msg
[71.181s] -- Installing: /home/huahai/dobot_ws/install/dobot_msgs_v3/share/dobot_msgs_v3/srv/RelMovJTool.srv
[71.182s] -- Installing: /home/huahai/dobot_ws/install/dobot_msgs_v3/share/dobot_msgs_v3/srv/RelMovJTool_Request.msg
[71.182s] -- Installing: /home/huahai/dobot_ws/install/dobot_msgs_v3/share/dobot_msgs_v3/srv/RelMovJTool_Response.msg
[71.182s] -- Installing: /home/huahai/dobot_ws/install/dobot_msgs_v3/share/dobot_msgs_v3/srv/RelMovL.srv
[71.182s] -- Installing: /home/huahai/dobot_ws/install/dobot_msgs_v3/share/dobot_msgs_v3/srv/RelMovL_Request.msg
[71.182s] -- Installing: /home/huahai/dobot_ws/install/dobot_msgs_v3/share/dobot_msgs_v3/srv/RelMovL_Response.msg
[71.183s] -- Installing: /home/huahai/dobot_ws/install/dobot_msgs_v3/share/dobot_msgs_v3/srv/RelMovLUser.srv
[71.183s] -- Installing: /home/huahai/dobot_ws/install/dobot_msgs_v3/share/dobot_msgs_v3/srv/RelMovLUser_Request.msg
[71.183s] -- Installing: /home/huahai/dobot_ws/install/dobot_msgs_v3/share/dobot_msgs_v3/srv/RelMovLUser_Response.msg
[71.183s] -- Installing: /home/huahai/dobot_ws/install/dobot_msgs_v3/share/dobot_msgs_v3/srv/RelMovLTool.srv
[71.183s] -- Installing: /home/huahai/dobot_ws/install/dobot_msgs_v3/share/dobot_msgs_v3/srv/RelMovLTool_Request.msg
[71.184s] -- Installing: /home/huahai/dobot_ws/install/dobot_msgs_v3/share/dobot_msgs_v3/srv/RelMovLTool_Response.msg
[71.184s] -- Installing: /home/huahai/dobot_ws/install/dobot_msgs_v3/share/dobot_msgs_v3/srv/ResetRobot.srv
[71.184s] -- Installing: /home/huahai/dobot_ws/install/dobot_msgs_v3/share/dobot_msgs_v3/srv/ResetRobot_Request.msg
[71.184s] -- Installing: /home/huahai/dobot_ws/install/dobot_msgs_v3/share/dobot_msgs_v3/srv/ResetRobot_Response.msg
[71.184s] -- Installing: /home/huahai/dobot_ws/install/dobot_msgs_v3/share/dobot_msgs_v3/srv/RobotMode.srv
[71.185s] -- Installing: /home/huahai/dobot_ws/install/dobot_msgs_v3/share/dobot_msgs_v3/srv/RobotMode_Request.msg
[71.185s] -- Installing: /home/huahai/dobot_ws/install/dobot_msgs_v3/share/dobot_msgs_v3/srv/RobotMode_Response.msg
[71.185s] -- Installing: /home/huahai/dobot_ws/install/dobot_msgs_v3/share/dobot_msgs_v3/srv/RunScript.srv
[71.185s] -- Installing: /home/huahai/dobot_ws/install/dobot_msgs_v3/share/dobot_msgs_v3/srv/RunScript_Request.msg
[71.185s] -- Installing: /home/huahai/dobot_ws/install/dobot_msgs_v3/share/dobot_msgs_v3/srv/RunScript_Response.msg
[71.186s] -- Installing: /home/huahai/dobot_ws/install/dobot_msgs_v3/share/dobot_msgs_v3/srv/ServoJ.srv
[71.186s] -- Installing: /home/huahai/dobot_ws/install/dobot_msgs_v3/share/dobot_msgs_v3/srv/ServoJ_Request.msg
[71.186s] -- Installing: /home/huahai/dobot_ws/install/dobot_msgs_v3/share/dobot_msgs_v3/srv/ServoJ_Response.msg
[71.186s] -- Installing: /home/huahai/dobot_ws/install/dobot_msgs_v3/share/dobot_msgs_v3/srv/ServoP.srv
[71.187s] -- Installing: /home/huahai/dobot_ws/install/dobot_msgs_v3/share/dobot_msgs_v3/srv/ServoP_Request.msg
[71.187s] -- Installing: /home/huahai/dobot_ws/install/dobot_msgs_v3/share/dobot_msgs_v3/srv/ServoP_Response.msg
[71.187s] -- Installing: /home/huahai/dobot_ws/install/dobot_msgs_v3/share/dobot_msgs_v3/srv/SetArmOrientation.srv
[71.187s] -- Installing: /home/huahai/dobot_ws/install/dobot_msgs_v3/share/dobot_msgs_v3/srv/SetArmOrientation_Request.msg
[71.187s] -- Installing: /home/huahai/dobot_ws/install/dobot_msgs_v3/share/dobot_msgs_v3/srv/SetArmOrientation_Response.msg
[71.188s] -- Installing: /home/huahai/dobot_ws/install/dobot_msgs_v3/share/dobot_msgs_v3/srv/SetCoils.srv
[71.188s] -- Installing: /home/huahai/dobot_ws/install/dobot_msgs_v3/share/dobot_msgs_v3/srv/SetCoils_Request.msg
[71.188s] -- Installing: /home/huahai/dobot_ws/install/dobot_msgs_v3/share/dobot_msgs_v3/srv/SetCoils_Response.msg
[71.188s] -- Installing: /home/huahai/dobot_ws/install/dobot_msgs_v3/share/dobot_msgs_v3/srv/SetCollisionLevel.srv
[71.188s] -- Installing: /home/huahai/dobot_ws/install/dobot_msgs_v3/share/dobot_msgs_v3/srv/SetCollisionLevel_Request.msg
[71.189s] -- Installing: /home/huahai/dobot_ws/install/dobot_msgs_v3/share/dobot_msgs_v3/srv/SetCollisionLevel_Response.msg
[71.189s] -- Installing: /home/huahai/dobot_ws/install/dobot_msgs_v3/share/dobot_msgs_v3/srv/SetHoldRegs.srv
[71.189s] -- Installing: /home/huahai/dobot_ws/install/dobot_msgs_v3/share/dobot_msgs_v3/srv/SetHoldRegs_Request.msg
[71.189s] -- Installing: /home/huahai/dobot_ws/install/dobot_msgs_v3/share/dobot_msgs_v3/srv/SetHoldRegs_Response.msg
[71.189s] -- Installing: /home/huahai/dobot_ws/install/dobot_msgs_v3/share/dobot_msgs_v3/srv/SetObstacleAvoid.srv
[71.190s] -- Installing: /home/huahai/dobot_ws/install/dobot_msgs_v3/share/dobot_msgs_v3/srv/SetObstacleAvoid_Request.msg
[71.190s] -- Installing: /home/huahai/dobot_ws/install/dobot_msgs_v3/share/dobot_msgs_v3/srv/SetObstacleAvoid_Response.msg
[71.190s] -- Installing: /home/huahai/dobot_ws/install/dobot_msgs_v3/share/dobot_msgs_v3/srv/SetPayload.srv
[71.191s] -- Installing: /home/huahai/dobot_ws/install/dobot_msgs_v3/share/dobot_msgs_v3/srv/SetPayload_Request.msg
[71.191s] -- Installing: /home/huahai/dobot_ws/install/dobot_msgs_v3/share/dobot_msgs_v3/srv/SetPayload_Response.msg
[71.191s] -- Installing: /home/huahai/dobot_ws/install/dobot_msgs_v3/share/dobot_msgs_v3/srv/SetSafeSkin.srv
[71.191s] -- Installing: /home/huahai/dobot_ws/install/dobot_msgs_v3/share/dobot_msgs_v3/srv/SetSafeSkin_Request.msg
[71.191s] -- Installing: /home/huahai/dobot_ws/install/dobot_msgs_v3/share/dobot_msgs_v3/srv/SetSafeSkin_Response.msg
[71.192s] -- Installing: /home/huahai/dobot_ws/install/dobot_msgs_v3/share/dobot_msgs_v3/srv/SpeedFactor.srv
[71.192s] -- Installing: /home/huahai/dobot_ws/install/dobot_msgs_v3/share/dobot_msgs_v3/srv/SpeedFactor_Request.msg
[71.192s] -- Installing: /home/huahai/dobot_ws/install/dobot_msgs_v3/share/dobot_msgs_v3/srv/SpeedFactor_Response.msg
[71.192s] -- Installing: /home/huahai/dobot_ws/install/dobot_msgs_v3/share/dobot_msgs_v3/srv/SpeedJ.srv
[71.193s] -- Installing: /home/huahai/dobot_ws/install/dobot_msgs_v3/share/dobot_msgs_v3/srv/SpeedJ_Request.msg
[71.193s] -- Installing: /home/huahai/dobot_ws/install/dobot_msgs_v3/share/dobot_msgs_v3/srv/SpeedJ_Response.msg
[71.193s] -- Installing: /home/huahai/dobot_ws/install/dobot_msgs_v3/share/dobot_msgs_v3/srv/SpeedL.srv
[71.193s] -- Installing: /home/huahai/dobot_ws/install/dobot_msgs_v3/share/dobot_msgs_v3/srv/SpeedL_Request.msg
[71.194s] -- Installing: /home/huahai/dobot_ws/install/dobot_msgs_v3/share/dobot_msgs_v3/srv/SpeedL_Response.msg
[71.194s] -- Installing: /home/huahai/dobot_ws/install/dobot_msgs_v3/share/dobot_msgs_v3/srv/StartDrag.srv
[71.194s] -- Installing: /home/huahai/dobot_ws/install/dobot_msgs_v3/share/dobot_msgs_v3/srv/StartDrag_Request.msg
[71.195s] -- Installing: /home/huahai/dobot_ws/install/dobot_msgs_v3/share/dobot_msgs_v3/srv/StartDrag_Response.msg
[71.195s] -- Installing: /home/huahai/dobot_ws/install/dobot_msgs_v3/share/dobot_msgs_v3/srv/StartFCTrace.srv
[71.195s] -- Installing: /home/huahai/dobot_ws/install/dobot_msgs_v3/share/dobot_msgs_v3/srv/StartFCTrace_Request.msg
[71.195s] -- Installing: /home/huahai/dobot_ws/install/dobot_msgs_v3/share/dobot_msgs_v3/srv/StartFCTrace_Response.msg
[71.195s] -- Installing: /home/huahai/dobot_ws/install/dobot_msgs_v3/share/dobot_msgs_v3/srv/StartPath.srv
[71.196s] -- Installing: /home/huahai/dobot_ws/install/dobot_msgs_v3/share/dobot_msgs_v3/srv/StartPath_Request.msg
[71.196s] -- Installing: /home/huahai/dobot_ws/install/dobot_msgs_v3/share/dobot_msgs_v3/srv/StartPath_Response.msg
[71.196s] -- Installing: /home/huahai/dobot_ws/install/dobot_msgs_v3/share/dobot_msgs_v3/srv/StartTrace.srv
[71.196s] -- Installing: /home/huahai/dobot_ws/install/dobot_msgs_v3/share/dobot_msgs_v3/srv/StartTrace_Request.msg
[71.197s] -- Installing: /home/huahai/dobot_ws/install/dobot_msgs_v3/share/dobot_msgs_v3/srv/StartTrace_Response.msg
[71.197s] -- Installing: /home/huahai/dobot_ws/install/dobot_msgs_v3/share/dobot_msgs_v3/srv/StopDrag.srv
[71.197s] -- Installing: /home/huahai/dobot_ws/install/dobot_msgs_v3/share/dobot_msgs_v3/srv/StopDrag_Request.msg
[71.197s] -- Installing: /home/huahai/dobot_ws/install/dobot_msgs_v3/share/dobot_msgs_v3/srv/StopDrag_Response.msg
[71.198s] -- Installing: /home/huahai/dobot_ws/install/dobot_msgs_v3/share/dobot_msgs_v3/srv/StopmoveJog.srv
[71.198s] -- Installing: /home/huahai/dobot_ws/install/dobot_msgs_v3/share/dobot_msgs_v3/srv/StopmoveJog_Request.msg
[71.198s] -- Installing: /home/huahai/dobot_ws/install/dobot_msgs_v3/share/dobot_msgs_v3/srv/StopmoveJog_Response.msg
[71.198s] -- Installing: /home/huahai/dobot_ws/install/dobot_msgs_v3/share/dobot_msgs_v3/srv/StopScript.srv
[71.199s] -- Installing: /home/huahai/dobot_ws/install/dobot_msgs_v3/share/dobot_msgs_v3/srv/StopScript_Request.msg
[71.199s] -- Installing: /home/huahai/dobot_ws/install/dobot_msgs_v3/share/dobot_msgs_v3/srv/StopScript_Response.msg
[71.199s] -- Installing: /home/huahai/dobot_ws/install/dobot_msgs_v3/share/dobot_msgs_v3/srv/Sync.srv
[71.199s] -- Installing: /home/huahai/dobot_ws/install/dobot_msgs_v3/share/dobot_msgs_v3/srv/Sync_Request.msg
[71.199s] -- Installing: /home/huahai/dobot_ws/install/dobot_msgs_v3/share/dobot_msgs_v3/srv/Sync_Response.msg
[71.200s] -- Installing: /home/huahai/dobot_ws/install/dobot_msgs_v3/share/dobot_msgs_v3/srv/SyncAll.srv
[71.200s] -- Installing: /home/huahai/dobot_ws/install/dobot_msgs_v3/share/dobot_msgs_v3/srv/SyncAll_Request.msg
[71.200s] -- Installing: /home/huahai/dobot_ws/install/dobot_msgs_v3/share/dobot_msgs_v3/srv/SyncAll_Response.msg
[71.200s] -- Installing: /home/huahai/dobot_ws/install/dobot_msgs_v3/share/dobot_msgs_v3/srv/Tool.srv
[71.200s] -- Installing: /home/huahai/dobot_ws/install/dobot_msgs_v3/share/dobot_msgs_v3/srv/Tool_Request.msg
[71.201s] -- Installing: /home/huahai/dobot_ws/install/dobot_msgs_v3/share/dobot_msgs_v3/srv/Tool_Response.msg
[71.201s] -- Installing: /home/huahai/dobot_ws/install/dobot_msgs_v3/share/dobot_msgs_v3/srv/ToolDI.srv
[71.201s] -- Installing: /home/huahai/dobot_ws/install/dobot_msgs_v3/share/dobot_msgs_v3/srv/ToolDI_Request.msg
[71.201s] -- Installing: /home/huahai/dobot_ws/install/dobot_msgs_v3/share/dobot_msgs_v3/srv/ToolDI_Response.msg
[71.202s] -- Installing: /home/huahai/dobot_ws/install/dobot_msgs_v3/share/dobot_msgs_v3/srv/ToolDO.srv
[71.202s] -- Installing: /home/huahai/dobot_ws/install/dobot_msgs_v3/share/dobot_msgs_v3/srv/ToolDO_Request.msg
[71.202s] -- Installing: /home/huahai/dobot_ws/install/dobot_msgs_v3/share/dobot_msgs_v3/srv/ToolDO_Response.msg
[71.202s] -- Installing: /home/huahai/dobot_ws/install/dobot_msgs_v3/share/dobot_msgs_v3/srv/ToolDOExecute.srv
[71.202s] -- Installing: /home/huahai/dobot_ws/install/dobot_msgs_v3/share/dobot_msgs_v3/srv/ToolDOExecute_Request.msg
[71.203s] -- Installing: /home/huahai/dobot_ws/install/dobot_msgs_v3/share/dobot_msgs_v3/srv/ToolDOExecute_Response.msg
[71.203s] -- Installing: /home/huahai/dobot_ws/install/dobot_msgs_v3/share/dobot_msgs_v3/srv/User.srv
[71.203s] -- Installing: /home/huahai/dobot_ws/install/dobot_msgs_v3/share/dobot_msgs_v3/srv/User_Request.msg
[71.203s] -- Installing: /home/huahai/dobot_ws/install/dobot_msgs_v3/share/dobot_msgs_v3/srv/User_Response.msg
[71.203s] -- Installing: /home/huahai/dobot_ws/install/dobot_msgs_v3/share/dobot_msgs_v3/srv/Wait.srv
[71.203s] -- Installing: /home/huahai/dobot_ws/install/dobot_msgs_v3/share/dobot_msgs_v3/srv/Wait_Request.msg
[71.203s] -- Installing: /home/huahai/dobot_ws/install/dobot_msgs_v3/share/dobot_msgs_v3/srv/Wait_Response.msg
[71.204s] -- Installing: /home/huahai/dobot_ws/install/dobot_msgs_v3/share/ament_index/resource_index/package_run_dependencies/dobot_msgs_v3
[71.204s] -- Installing: /home/huahai/dobot_ws/install/dobot_msgs_v3/share/ament_index/resource_index/parent_prefix_path/dobot_msgs_v3
[71.204s] -- Installing: /home/huahai/dobot_ws/install/dobot_msgs_v3/share/dobot_msgs_v3/environment/ament_prefix_path.sh
[71.204s] -- Installing: /home/huahai/dobot_ws/install/dobot_msgs_v3/share/dobot_msgs_v3/environment/ament_prefix_path.dsv
[71.204s] -- Installing: /home/huahai/dobot_ws/install/dobot_msgs_v3/share/dobot_msgs_v3/environment/path.sh
[71.205s] -- Installing: /home/huahai/dobot_ws/install/dobot_msgs_v3/share/dobot_msgs_v3/environment/path.dsv
[71.205s] -- Installing: /home/huahai/dobot_ws/install/dobot_msgs_v3/share/dobot_msgs_v3/local_setup.bash
[71.205s] -- Installing: /home/huahai/dobot_ws/install/dobot_msgs_v3/share/dobot_msgs_v3/local_setup.sh
[71.206s] -- Installing: /home/huahai/dobot_ws/install/dobot_msgs_v3/share/dobot_msgs_v3/local_setup.zsh
[71.206s] -- Installing: /home/huahai/dobot_ws/install/dobot_msgs_v3/share/dobot_msgs_v3/local_setup.dsv
[71.206s] -- Installing: /home/huahai/dobot_ws/install/dobot_msgs_v3/share/dobot_msgs_v3/package.dsv
[71.206s] -- Installing: /home/huahai/dobot_ws/install/dobot_msgs_v3/share/ament_index/resource_index/packages/dobot_msgs_v3
[71.207s] -- Installing: /home/huahai/dobot_ws/install/dobot_msgs_v3/share/dobot_msgs_v3/cmake/export_dobot_msgs_v3__rosidl_generator_cExport.cmake
[71.207s] -- Installing: /home/huahai/dobot_ws/install/dobot_msgs_v3/share/dobot_msgs_v3/cmake/export_dobot_msgs_v3__rosidl_generator_cExport-noconfig.cmake
[71.207s] -- Installing: /home/huahai/dobot_ws/install/dobot_msgs_v3/share/dobot_msgs_v3/cmake/export_dobot_msgs_v3__rosidl_typesupport_fastrtps_cExport.cmake
[71.207s] -- Installing: /home/huahai/dobot_ws/install/dobot_msgs_v3/share/dobot_msgs_v3/cmake/export_dobot_msgs_v3__rosidl_typesupport_fastrtps_cExport-noconfig.cmake
[71.207s] -- Installing: /home/huahai/dobot_ws/install/dobot_msgs_v3/share/dobot_msgs_v3/cmake/export_dobot_msgs_v3__rosidl_generator_cppExport.cmake
[71.208s] -- Installing: /home/huahai/dobot_ws/install/dobot_msgs_v3/share/dobot_msgs_v3/cmake/export_dobot_msgs_v3__rosidl_typesupport_fastrtps_cppExport.cmake
[71.208s] -- Installing: /home/huahai/dobot_ws/install/dobot_msgs_v3/share/dobot_msgs_v3/cmake/export_dobot_msgs_v3__rosidl_typesupport_fastrtps_cppExport-noconfig.cmake
[71.208s] -- Installing: /home/huahai/dobot_ws/install/dobot_msgs_v3/share/dobot_msgs_v3/cmake/dobot_msgs_v3__rosidl_typesupport_introspection_cExport.cmake
[71.208s] -- Installing: /home/huahai/dobot_ws/install/dobot_msgs_v3/share/dobot_msgs_v3/cmake/dobot_msgs_v3__rosidl_typesupport_introspection_cExport-noconfig.cmake
[71.208s] -- Installing: /home/huahai/dobot_ws/install/dobot_msgs_v3/share/dobot_msgs_v3/cmake/dobot_msgs_v3__rosidl_typesupport_cExport.cmake
[71.209s] -- Installing: /home/huahai/dobot_ws/install/dobot_msgs_v3/share/dobot_msgs_v3/cmake/dobot_msgs_v3__rosidl_typesupport_cExport-noconfig.cmake
[71.209s] -- Installing: /home/huahai/dobot_ws/install/dobot_msgs_v3/share/dobot_msgs_v3/cmake/dobot_msgs_v3__rosidl_typesupport_introspection_cppExport.cmake
[71.209s] -- Installing: /home/huahai/dobot_ws/install/dobot_msgs_v3/share/dobot_msgs_v3/cmake/dobot_msgs_v3__rosidl_typesupport_introspection_cppExport-noconfig.cmake
[71.209s] -- Installing: /home/huahai/dobot_ws/install/dobot_msgs_v3/share/dobot_msgs_v3/cmake/dobot_msgs_v3__rosidl_typesupport_cppExport.cmake
[71.209s] -- Installing: /home/huahai/dobot_ws/install/dobot_msgs_v3/share/dobot_msgs_v3/cmake/dobot_msgs_v3__rosidl_typesupport_cppExport-noconfig.cmake
[71.210s] -- Installing: /home/huahai/dobot_ws/install/dobot_msgs_v3/share/dobot_msgs_v3/cmake/export_dobot_msgs_v3__rosidl_generator_pyExport.cmake
[71.210s] -- Installing: /home/huahai/dobot_ws/install/dobot_msgs_v3/share/dobot_msgs_v3/cmake/export_dobot_msgs_v3__rosidl_generator_pyExport-noconfig.cmake
[71.210s] -- Installing: /home/huahai/dobot_ws/install/dobot_msgs_v3/share/dobot_msgs_v3/cmake/rosidl_cmake-extras.cmake
[71.210s] -- Installing: /home/huahai/dobot_ws/install/dobot_msgs_v3/share/dobot_msgs_v3/cmake/ament_cmake_export_dependencies-extras.cmake
[71.210s] -- Installing: /home/huahai/dobot_ws/install/dobot_msgs_v3/share/dobot_msgs_v3/cmake/ament_cmake_export_include_directories-extras.cmake
[71.211s] -- Installing: /home/huahai/dobot_ws/install/dobot_msgs_v3/share/dobot_msgs_v3/cmake/ament_cmake_export_libraries-extras.cmake
[71.211s] -- Installing: /home/huahai/dobot_ws/install/dobot_msgs_v3/share/dobot_msgs_v3/cmake/ament_cmake_export_targets-extras.cmake
[71.211s] -- Installing: /home/huahai/dobot_ws/install/dobot_msgs_v3/share/dobot_msgs_v3/cmake/rosidl_cmake_export_typesupport_targets-extras.cmake
[71.211s] -- Installing: /home/huahai/dobot_ws/install/dobot_msgs_v3/share/dobot_msgs_v3/cmake/rosidl_cmake_export_typesupport_libraries-extras.cmake
[71.211s] -- Installing: /home/huahai/dobot_ws/install/dobot_msgs_v3/share/dobot_msgs_v3/cmake/dobot_msgs_v3Config.cmake
[71.212s] -- Installing: /home/huahai/dobot_ws/install/dobot_msgs_v3/share/dobot_msgs_v3/cmake/dobot_msgs_v3Config-version.cmake
[71.212s] -- Installing: /home/huahai/dobot_ws/install/dobot_msgs_v3/share/dobot_msgs_v3/package.xml
[71.214s] Invoked command in '/home/huahai/dobot_ws/build/dobot_msgs_v3' returned '0': CMAKE_PREFIX_PATH=/opt/ros/humble /usr/bin/cmake --install /home/huahai/dobot_ws/build/dobot_msgs_v3
