[0.103s] DEBUG:colcon:Command line arguments: ['/usr/bin/colcon', 'build']
[0.103s] DEBUG:colcon:Parsed command line arguments: Namespace(log_base=None, log_level=None, verb_name='build', build_base='build', install_base='install', merge_install=False, symlink_install=False, test_result_base=None, continue_on_error=False, executor='parallel', parallel_workers=2, event_handlers=None, ignore_user_meta=False, metas=['./colcon.meta'], base_paths=['.'], packages_ignore=None, packages_ignore_regex=None, paths=None, packages_up_to=None, packages_up_to_regex=None, packages_above=None, packages_above_and_dependencies=None, packages_above_depth=None, packages_select_by_dep=None, packages_skip_by_dep=None, packages_skip_up_to=None, packages_select_build_failed=False, packages_skip_build_finished=False, packages_select_test_failures=False, packages_skip_test_passed=False, packages_select=None, packages_skip=None, packages_select_regex=None, packages_skip_regex=None, packages_start=None, packages_end=None, allow_overriding=[], cmake_args=None, cmake_target=None, cmake_target_skip_unavailable=False, cmake_clean_cache=False, cmake_clean_first=False, cmake_force_configure=False, ament_cmake_args=None, catkin_cmake_args=None, catkin_skip_building_tests=False, verb_parser=<colcon_defaults.argument_parser.defaults.DefaultArgumentsDecorator object at 0x79737d34db70>, verb_extension=<colcon_core.verb.build.BuildVerb object at 0x79737d34d630>, main=<bound method BuildVerb.main of <colcon_core.verb.build.BuildVerb object at 0x79737d34d630>>)
[0.246s] Level 1:colcon.colcon_core.package_discovery:discover_packages(colcon_meta) check parameters
[0.247s] Level 1:colcon.colcon_core.package_discovery:discover_packages(recursive) check parameters
[0.247s] Level 1:colcon.colcon_core.package_discovery:discover_packages(ignore) check parameters
[0.247s] Level 1:colcon.colcon_core.package_discovery:discover_packages(path) check parameters
[0.247s] Level 1:colcon.colcon_core.package_discovery:discover_packages(colcon_meta) discover
[0.247s] Level 1:colcon.colcon_core.package_discovery:discover_packages(recursive) discover
[0.247s] INFO:colcon.colcon_core.package_discovery:Crawling recursively for packages in '/home/huahai/dobot_ws'
[0.248s] Level 1:colcon.colcon_core.package_identification:_identify(.) by extensions ['ignore', 'ignore_ament_install']
[0.248s] Level 1:colcon.colcon_core.package_identification:_identify(.) by extension 'ignore'
[0.248s] Level 1:colcon.colcon_core.package_identification:_identify(.) by extension 'ignore_ament_install'
[0.248s] Level 1:colcon.colcon_core.package_identification:_identify(.) by extensions ['colcon_pkg']
[0.248s] Level 1:colcon.colcon_core.package_identification:_identify(.) by extension 'colcon_pkg'
[0.248s] Level 1:colcon.colcon_core.package_identification:_identify(.) by extensions ['colcon_meta']
[0.248s] Level 1:colcon.colcon_core.package_identification:_identify(.) by extension 'colcon_meta'
[0.248s] Level 1:colcon.colcon_core.package_identification:_identify(.) by extensions ['ros']
[0.248s] Level 1:colcon.colcon_core.package_identification:_identify(.) by extension 'ros'
[0.260s] Level 1:colcon.colcon_core.package_identification:_identify(.) by extensions ['cmake', 'python']
[0.260s] Level 1:colcon.colcon_core.package_identification:_identify(.) by extension 'cmake'
[0.260s] Level 1:colcon.colcon_core.package_identification:_identify(.) by extension 'python'
[0.260s] Level 1:colcon.colcon_core.package_identification:_identify(.) by extensions ['python_setup_py']
[0.260s] Level 1:colcon.colcon_core.package_identification:_identify(.) by extension 'python_setup_py'
[0.260s] Level 1:colcon.colcon_core.package_identification:_identify(build) by extensions ['ignore', 'ignore_ament_install']
[0.261s] Level 1:colcon.colcon_core.package_identification:_identify(build) by extension 'ignore'
[0.261s] Level 1:colcon.colcon_core.package_identification:_identify(build) ignored
[0.261s] Level 1:colcon.colcon_core.package_identification:_identify(install) by extensions ['ignore', 'ignore_ament_install']
[0.261s] Level 1:colcon.colcon_core.package_identification:_identify(install) by extension 'ignore'
[0.261s] Level 1:colcon.colcon_core.package_identification:_identify(install) ignored
[0.261s] Level 1:colcon.colcon_core.package_identification:_identify(log) by extensions ['ignore', 'ignore_ament_install']
[0.261s] Level 1:colcon.colcon_core.package_identification:_identify(log) by extension 'ignore'
[0.261s] Level 1:colcon.colcon_core.package_identification:_identify(log) ignored
[0.261s] Level 1:colcon.colcon_core.package_identification:_identify(src) by extensions ['ignore', 'ignore_ament_install']
[0.261s] Level 1:colcon.colcon_core.package_identification:_identify(src) by extension 'ignore'
[0.261s] Level 1:colcon.colcon_core.package_identification:_identify(src) by extension 'ignore_ament_install'
[0.261s] Level 1:colcon.colcon_core.package_identification:_identify(src) by extensions ['colcon_pkg']
[0.261s] Level 1:colcon.colcon_core.package_identification:_identify(src) by extension 'colcon_pkg'
[0.261s] Level 1:colcon.colcon_core.package_identification:_identify(src) by extensions ['colcon_meta']
[0.261s] Level 1:colcon.colcon_core.package_identification:_identify(src) by extension 'colcon_meta'
[0.261s] Level 1:colcon.colcon_core.package_identification:_identify(src) by extensions ['ros']
[0.261s] Level 1:colcon.colcon_core.package_identification:_identify(src) by extension 'ros'
[0.261s] Level 1:colcon.colcon_core.package_identification:_identify(src) by extensions ['cmake', 'python']
[0.261s] Level 1:colcon.colcon_core.package_identification:_identify(src) by extension 'cmake'
[0.261s] Level 1:colcon.colcon_core.package_identification:_identify(src) by extension 'python'
[0.261s] Level 1:colcon.colcon_core.package_identification:_identify(src) by extensions ['python_setup_py']
[0.261s] Level 1:colcon.colcon_core.package_identification:_identify(src) by extension 'python_setup_py'
[0.262s] Level 1:colcon.colcon_core.package_identification:_identify(src/DOBOT_6Axis_ROS2_V3) by extensions ['ignore', 'ignore_ament_install']
[0.262s] Level 1:colcon.colcon_core.package_identification:_identify(src/DOBOT_6Axis_ROS2_V3) by extension 'ignore'
[0.262s] Level 1:colcon.colcon_core.package_identification:_identify(src/DOBOT_6Axis_ROS2_V3) by extension 'ignore_ament_install'
[0.262s] Level 1:colcon.colcon_core.package_identification:_identify(src/DOBOT_6Axis_ROS2_V3) by extensions ['colcon_pkg']
[0.262s] Level 1:colcon.colcon_core.package_identification:_identify(src/DOBOT_6Axis_ROS2_V3) by extension 'colcon_pkg'
[0.262s] Level 1:colcon.colcon_core.package_identification:_identify(src/DOBOT_6Axis_ROS2_V3) by extensions ['colcon_meta']
[0.263s] Level 1:colcon.colcon_core.package_identification:_identify(src/DOBOT_6Axis_ROS2_V3) by extension 'colcon_meta'
[0.263s] Level 1:colcon.colcon_core.package_identification:_identify(src/DOBOT_6Axis_ROS2_V3) by extensions ['ros']
[0.263s] Level 1:colcon.colcon_core.package_identification:_identify(src/DOBOT_6Axis_ROS2_V3) by extension 'ros'
[0.263s] Level 1:colcon.colcon_core.package_identification:_identify(src/DOBOT_6Axis_ROS2_V3) by extensions ['cmake', 'python']
[0.263s] Level 1:colcon.colcon_core.package_identification:_identify(src/DOBOT_6Axis_ROS2_V3) by extension 'cmake'
[0.263s] Level 1:colcon.colcon_core.package_identification:_identify(src/DOBOT_6Axis_ROS2_V3) by extension 'python'
[0.263s] Level 1:colcon.colcon_core.package_identification:_identify(src/DOBOT_6Axis_ROS2_V3) by extensions ['python_setup_py']
[0.263s] Level 1:colcon.colcon_core.package_identification:_identify(src/DOBOT_6Axis_ROS2_V3) by extension 'python_setup_py'
[0.263s] Level 1:colcon.colcon_core.package_identification:_identify(src/DOBOT_6Axis_ROS2_V3/cr10_moveit) by extensions ['ignore', 'ignore_ament_install']
[0.263s] Level 1:colcon.colcon_core.package_identification:_identify(src/DOBOT_6Axis_ROS2_V3/cr10_moveit) by extension 'ignore'
[0.263s] Level 1:colcon.colcon_core.package_identification:_identify(src/DOBOT_6Axis_ROS2_V3/cr10_moveit) by extension 'ignore_ament_install'
[0.263s] Level 1:colcon.colcon_core.package_identification:_identify(src/DOBOT_6Axis_ROS2_V3/cr10_moveit) by extensions ['colcon_pkg']
[0.263s] Level 1:colcon.colcon_core.package_identification:_identify(src/DOBOT_6Axis_ROS2_V3/cr10_moveit) by extension 'colcon_pkg'
[0.263s] Level 1:colcon.colcon_core.package_identification:_identify(src/DOBOT_6Axis_ROS2_V3/cr10_moveit) by extensions ['colcon_meta']
[0.263s] Level 1:colcon.colcon_core.package_identification:_identify(src/DOBOT_6Axis_ROS2_V3/cr10_moveit) by extension 'colcon_meta'
[0.263s] Level 1:colcon.colcon_core.package_identification:_identify(src/DOBOT_6Axis_ROS2_V3/cr10_moveit) by extensions ['ros']
[0.263s] Level 1:colcon.colcon_core.package_identification:_identify(src/DOBOT_6Axis_ROS2_V3/cr10_moveit) by extension 'ros'
[0.266s] DEBUG:colcon.colcon_core.package_identification:Package 'src/DOBOT_6Axis_ROS2_V3/cr10_moveit' with type 'ros.ament_cmake' and name 'cr10_moveit'
[0.266s] Level 1:colcon.colcon_core.package_identification:_identify(src/DOBOT_6Axis_ROS2_V3/cr12_moveit) by extensions ['ignore', 'ignore_ament_install']
[0.266s] Level 1:colcon.colcon_core.package_identification:_identify(src/DOBOT_6Axis_ROS2_V3/cr12_moveit) by extension 'ignore'
[0.266s] Level 1:colcon.colcon_core.package_identification:_identify(src/DOBOT_6Axis_ROS2_V3/cr12_moveit) by extension 'ignore_ament_install'
[0.266s] Level 1:colcon.colcon_core.package_identification:_identify(src/DOBOT_6Axis_ROS2_V3/cr12_moveit) by extensions ['colcon_pkg']
[0.266s] Level 1:colcon.colcon_core.package_identification:_identify(src/DOBOT_6Axis_ROS2_V3/cr12_moveit) by extension 'colcon_pkg'
[0.266s] Level 1:colcon.colcon_core.package_identification:_identify(src/DOBOT_6Axis_ROS2_V3/cr12_moveit) by extensions ['colcon_meta']
[0.266s] Level 1:colcon.colcon_core.package_identification:_identify(src/DOBOT_6Axis_ROS2_V3/cr12_moveit) by extension 'colcon_meta'
[0.266s] Level 1:colcon.colcon_core.package_identification:_identify(src/DOBOT_6Axis_ROS2_V3/cr12_moveit) by extensions ['ros']
[0.266s] Level 1:colcon.colcon_core.package_identification:_identify(src/DOBOT_6Axis_ROS2_V3/cr12_moveit) by extension 'ros'
[0.267s] DEBUG:colcon.colcon_core.package_identification:Package 'src/DOBOT_6Axis_ROS2_V3/cr12_moveit' with type 'ros.ament_cmake' and name 'cr12_moveit'
[0.267s] Level 1:colcon.colcon_core.package_identification:_identify(src/DOBOT_6Axis_ROS2_V3/cr16_moveit) by extensions ['ignore', 'ignore_ament_install']
[0.267s] Level 1:colcon.colcon_core.package_identification:_identify(src/DOBOT_6Axis_ROS2_V3/cr16_moveit) by extension 'ignore'
[0.267s] Level 1:colcon.colcon_core.package_identification:_identify(src/DOBOT_6Axis_ROS2_V3/cr16_moveit) by extension 'ignore_ament_install'
[0.267s] Level 1:colcon.colcon_core.package_identification:_identify(src/DOBOT_6Axis_ROS2_V3/cr16_moveit) by extensions ['colcon_pkg']
[0.267s] Level 1:colcon.colcon_core.package_identification:_identify(src/DOBOT_6Axis_ROS2_V3/cr16_moveit) by extension 'colcon_pkg'
[0.267s] Level 1:colcon.colcon_core.package_identification:_identify(src/DOBOT_6Axis_ROS2_V3/cr16_moveit) by extensions ['colcon_meta']
[0.267s] Level 1:colcon.colcon_core.package_identification:_identify(src/DOBOT_6Axis_ROS2_V3/cr16_moveit) by extension 'colcon_meta'
[0.267s] Level 1:colcon.colcon_core.package_identification:_identify(src/DOBOT_6Axis_ROS2_V3/cr16_moveit) by extensions ['ros']
[0.267s] Level 1:colcon.colcon_core.package_identification:_identify(src/DOBOT_6Axis_ROS2_V3/cr16_moveit) by extension 'ros'
[0.268s] DEBUG:colcon.colcon_core.package_identification:Package 'src/DOBOT_6Axis_ROS2_V3/cr16_moveit' with type 'ros.ament_cmake' and name 'cr16_moveit'
[0.268s] Level 1:colcon.colcon_core.package_identification:_identify(src/DOBOT_6Axis_ROS2_V3/cr3_moveit) by extensions ['ignore', 'ignore_ament_install']
[0.268s] Level 1:colcon.colcon_core.package_identification:_identify(src/DOBOT_6Axis_ROS2_V3/cr3_moveit) by extension 'ignore'
[0.268s] Level 1:colcon.colcon_core.package_identification:_identify(src/DOBOT_6Axis_ROS2_V3/cr3_moveit) by extension 'ignore_ament_install'
[0.268s] Level 1:colcon.colcon_core.package_identification:_identify(src/DOBOT_6Axis_ROS2_V3/cr3_moveit) by extensions ['colcon_pkg']
[0.268s] Level 1:colcon.colcon_core.package_identification:_identify(src/DOBOT_6Axis_ROS2_V3/cr3_moveit) by extension 'colcon_pkg'
[0.268s] Level 1:colcon.colcon_core.package_identification:_identify(src/DOBOT_6Axis_ROS2_V3/cr3_moveit) by extensions ['colcon_meta']
[0.268s] Level 1:colcon.colcon_core.package_identification:_identify(src/DOBOT_6Axis_ROS2_V3/cr3_moveit) by extension 'colcon_meta'
[0.268s] Level 1:colcon.colcon_core.package_identification:_identify(src/DOBOT_6Axis_ROS2_V3/cr3_moveit) by extensions ['ros']
[0.268s] Level 1:colcon.colcon_core.package_identification:_identify(src/DOBOT_6Axis_ROS2_V3/cr3_moveit) by extension 'ros'
[0.269s] DEBUG:colcon.colcon_core.package_identification:Package 'src/DOBOT_6Axis_ROS2_V3/cr3_moveit' with type 'ros.ament_cmake' and name 'cr3_moveit'
[0.269s] Level 1:colcon.colcon_core.package_identification:_identify(src/DOBOT_6Axis_ROS2_V3/cr5_moveit) by extensions ['ignore', 'ignore_ament_install']
[0.269s] Level 1:colcon.colcon_core.package_identification:_identify(src/DOBOT_6Axis_ROS2_V3/cr5_moveit) by extension 'ignore'
[0.269s] Level 1:colcon.colcon_core.package_identification:_identify(src/DOBOT_6Axis_ROS2_V3/cr5_moveit) by extension 'ignore_ament_install'
[0.269s] Level 1:colcon.colcon_core.package_identification:_identify(src/DOBOT_6Axis_ROS2_V3/cr5_moveit) by extensions ['colcon_pkg']
[0.269s] Level 1:colcon.colcon_core.package_identification:_identify(src/DOBOT_6Axis_ROS2_V3/cr5_moveit) by extension 'colcon_pkg'
[0.269s] Level 1:colcon.colcon_core.package_identification:_identify(src/DOBOT_6Axis_ROS2_V3/cr5_moveit) by extensions ['colcon_meta']
[0.269s] Level 1:colcon.colcon_core.package_identification:_identify(src/DOBOT_6Axis_ROS2_V3/cr5_moveit) by extension 'colcon_meta'
[0.269s] Level 1:colcon.colcon_core.package_identification:_identify(src/DOBOT_6Axis_ROS2_V3/cr5_moveit) by extensions ['ros']
[0.269s] Level 1:colcon.colcon_core.package_identification:_identify(src/DOBOT_6Axis_ROS2_V3/cr5_moveit) by extension 'ros'
[0.270s] DEBUG:colcon.colcon_core.package_identification:Package 'src/DOBOT_6Axis_ROS2_V3/cr5_moveit' with type 'ros.ament_cmake' and name 'cr5_moveit'
[0.270s] Level 1:colcon.colcon_core.package_identification:_identify(src/DOBOT_6Axis_ROS2_V3/cr7_moveit) by extensions ['ignore', 'ignore_ament_install']
[0.270s] Level 1:colcon.colcon_core.package_identification:_identify(src/DOBOT_6Axis_ROS2_V3/cr7_moveit) by extension 'ignore'
[0.270s] Level 1:colcon.colcon_core.package_identification:_identify(src/DOBOT_6Axis_ROS2_V3/cr7_moveit) by extension 'ignore_ament_install'
[0.270s] Level 1:colcon.colcon_core.package_identification:_identify(src/DOBOT_6Axis_ROS2_V3/cr7_moveit) by extensions ['colcon_pkg']
[0.270s] Level 1:colcon.colcon_core.package_identification:_identify(src/DOBOT_6Axis_ROS2_V3/cr7_moveit) by extension 'colcon_pkg'
[0.270s] Level 1:colcon.colcon_core.package_identification:_identify(src/DOBOT_6Axis_ROS2_V3/cr7_moveit) by extensions ['colcon_meta']
[0.270s] Level 1:colcon.colcon_core.package_identification:_identify(src/DOBOT_6Axis_ROS2_V3/cr7_moveit) by extension 'colcon_meta'
[0.270s] Level 1:colcon.colcon_core.package_identification:_identify(src/DOBOT_6Axis_ROS2_V3/cr7_moveit) by extensions ['ros']
[0.270s] Level 1:colcon.colcon_core.package_identification:_identify(src/DOBOT_6Axis_ROS2_V3/cr7_moveit) by extension 'ros'
[0.271s] DEBUG:colcon.colcon_core.package_identification:Package 'src/DOBOT_6Axis_ROS2_V3/cr7_moveit' with type 'ros.ament_cmake' and name 'cr7_moveit'
[0.271s] Level 1:colcon.colcon_core.package_identification:_identify(src/DOBOT_6Axis_ROS2_V3/cra_description) by extensions ['ignore', 'ignore_ament_install']
[0.271s] Level 1:colcon.colcon_core.package_identification:_identify(src/DOBOT_6Axis_ROS2_V3/cra_description) by extension 'ignore'
[0.271s] Level 1:colcon.colcon_core.package_identification:_identify(src/DOBOT_6Axis_ROS2_V3/cra_description) by extension 'ignore_ament_install'
[0.271s] Level 1:colcon.colcon_core.package_identification:_identify(src/DOBOT_6Axis_ROS2_V3/cra_description) by extensions ['colcon_pkg']
[0.271s] Level 1:colcon.colcon_core.package_identification:_identify(src/DOBOT_6Axis_ROS2_V3/cra_description) by extension 'colcon_pkg'
[0.271s] Level 1:colcon.colcon_core.package_identification:_identify(src/DOBOT_6Axis_ROS2_V3/cra_description) by extensions ['colcon_meta']
[0.271s] Level 1:colcon.colcon_core.package_identification:_identify(src/DOBOT_6Axis_ROS2_V3/cra_description) by extension 'colcon_meta'
[0.271s] Level 1:colcon.colcon_core.package_identification:_identify(src/DOBOT_6Axis_ROS2_V3/cra_description) by extensions ['ros']
[0.271s] Level 1:colcon.colcon_core.package_identification:_identify(src/DOBOT_6Axis_ROS2_V3/cra_description) by extension 'ros'
[0.272s] DEBUG:colcon.colcon_core.package_identification:Package 'src/DOBOT_6Axis_ROS2_V3/cra_description' with type 'ros.ament_cmake' and name 'cra_description'
[0.272s] Level 1:colcon.colcon_core.package_identification:_identify(src/DOBOT_6Axis_ROS2_V3/dobot_bringup_v3) by extensions ['ignore', 'ignore_ament_install']
[0.272s] Level 1:colcon.colcon_core.package_identification:_identify(src/DOBOT_6Axis_ROS2_V3/dobot_bringup_v3) by extension 'ignore'
[0.272s] Level 1:colcon.colcon_core.package_identification:_identify(src/DOBOT_6Axis_ROS2_V3/dobot_bringup_v3) by extension 'ignore_ament_install'
[0.272s] Level 1:colcon.colcon_core.package_identification:_identify(src/DOBOT_6Axis_ROS2_V3/dobot_bringup_v3) by extensions ['colcon_pkg']
[0.272s] Level 1:colcon.colcon_core.package_identification:_identify(src/DOBOT_6Axis_ROS2_V3/dobot_bringup_v3) by extension 'colcon_pkg'
[0.272s] Level 1:colcon.colcon_core.package_identification:_identify(src/DOBOT_6Axis_ROS2_V3/dobot_bringup_v3) by extensions ['colcon_meta']
[0.272s] Level 1:colcon.colcon_core.package_identification:_identify(src/DOBOT_6Axis_ROS2_V3/dobot_bringup_v3) by extension 'colcon_meta'
[0.272s] Level 1:colcon.colcon_core.package_identification:_identify(src/DOBOT_6Axis_ROS2_V3/dobot_bringup_v3) by extensions ['ros']
[0.272s] Level 1:colcon.colcon_core.package_identification:_identify(src/DOBOT_6Axis_ROS2_V3/dobot_bringup_v3) by extension 'ros'
[0.273s] DEBUG:colcon.colcon_core.package_identification:Package 'src/DOBOT_6Axis_ROS2_V3/dobot_bringup_v3' with type 'ros.ament_python' and name 'dobot_bringup_v3'
[0.273s] Level 1:colcon.colcon_core.package_identification:_identify(src/DOBOT_6Axis_ROS2_V3/dobot_demo) by extensions ['ignore', 'ignore_ament_install']
[0.273s] Level 1:colcon.colcon_core.package_identification:_identify(src/DOBOT_6Axis_ROS2_V3/dobot_demo) by extension 'ignore'
[0.273s] Level 1:colcon.colcon_core.package_identification:_identify(src/DOBOT_6Axis_ROS2_V3/dobot_demo) by extension 'ignore_ament_install'
[0.273s] Level 1:colcon.colcon_core.package_identification:_identify(src/DOBOT_6Axis_ROS2_V3/dobot_demo) by extensions ['colcon_pkg']
[0.273s] Level 1:colcon.colcon_core.package_identification:_identify(src/DOBOT_6Axis_ROS2_V3/dobot_demo) by extension 'colcon_pkg'
[0.273s] Level 1:colcon.colcon_core.package_identification:_identify(src/DOBOT_6Axis_ROS2_V3/dobot_demo) by extensions ['colcon_meta']
[0.273s] Level 1:colcon.colcon_core.package_identification:_identify(src/DOBOT_6Axis_ROS2_V3/dobot_demo) by extension 'colcon_meta'
[0.273s] Level 1:colcon.colcon_core.package_identification:_identify(src/DOBOT_6Axis_ROS2_V3/dobot_demo) by extensions ['ros']
[0.273s] Level 1:colcon.colcon_core.package_identification:_identify(src/DOBOT_6Axis_ROS2_V3/dobot_demo) by extension 'ros'
[0.274s] DEBUG:colcon.colcon_core.package_identification:Package 'src/DOBOT_6Axis_ROS2_V3/dobot_demo' with type 'ros.ament_python' and name 'dobot_demo'
[0.274s] Level 1:colcon.colcon_core.package_identification:_identify(src/DOBOT_6Axis_ROS2_V3/dobot_gazebo) by extensions ['ignore', 'ignore_ament_install']
[0.274s] Level 1:colcon.colcon_core.package_identification:_identify(src/DOBOT_6Axis_ROS2_V3/dobot_gazebo) by extension 'ignore'
[0.274s] Level 1:colcon.colcon_core.package_identification:_identify(src/DOBOT_6Axis_ROS2_V3/dobot_gazebo) by extension 'ignore_ament_install'
[0.274s] Level 1:colcon.colcon_core.package_identification:_identify(src/DOBOT_6Axis_ROS2_V3/dobot_gazebo) by extensions ['colcon_pkg']
[0.274s] Level 1:colcon.colcon_core.package_identification:_identify(src/DOBOT_6Axis_ROS2_V3/dobot_gazebo) by extension 'colcon_pkg'
[0.274s] Level 1:colcon.colcon_core.package_identification:_identify(src/DOBOT_6Axis_ROS2_V3/dobot_gazebo) by extensions ['colcon_meta']
[0.274s] Level 1:colcon.colcon_core.package_identification:_identify(src/DOBOT_6Axis_ROS2_V3/dobot_gazebo) by extension 'colcon_meta'
[0.274s] Level 1:colcon.colcon_core.package_identification:_identify(src/DOBOT_6Axis_ROS2_V3/dobot_gazebo) by extensions ['ros']
[0.274s] Level 1:colcon.colcon_core.package_identification:_identify(src/DOBOT_6Axis_ROS2_V3/dobot_gazebo) by extension 'ros'
[0.275s] DEBUG:colcon.colcon_core.package_identification:Package 'src/DOBOT_6Axis_ROS2_V3/dobot_gazebo' with type 'ros.ament_cmake' and name 'dobot_gazebo'
[0.275s] Level 1:colcon.colcon_core.package_identification:_identify(src/DOBOT_6Axis_ROS2_V3/dobot_moveit) by extensions ['ignore', 'ignore_ament_install']
[0.275s] Level 1:colcon.colcon_core.package_identification:_identify(src/DOBOT_6Axis_ROS2_V3/dobot_moveit) by extension 'ignore'
[0.275s] Level 1:colcon.colcon_core.package_identification:_identify(src/DOBOT_6Axis_ROS2_V3/dobot_moveit) by extension 'ignore_ament_install'
[0.275s] Level 1:colcon.colcon_core.package_identification:_identify(src/DOBOT_6Axis_ROS2_V3/dobot_moveit) by extensions ['colcon_pkg']
[0.275s] Level 1:colcon.colcon_core.package_identification:_identify(src/DOBOT_6Axis_ROS2_V3/dobot_moveit) by extension 'colcon_pkg'
[0.275s] Level 1:colcon.colcon_core.package_identification:_identify(src/DOBOT_6Axis_ROS2_V3/dobot_moveit) by extensions ['colcon_meta']
[0.275s] Level 1:colcon.colcon_core.package_identification:_identify(src/DOBOT_6Axis_ROS2_V3/dobot_moveit) by extension 'colcon_meta'
[0.275s] Level 1:colcon.colcon_core.package_identification:_identify(src/DOBOT_6Axis_ROS2_V3/dobot_moveit) by extensions ['ros']
[0.275s] Level 1:colcon.colcon_core.package_identification:_identify(src/DOBOT_6Axis_ROS2_V3/dobot_moveit) by extension 'ros'
[0.275s] DEBUG:colcon.colcon_core.package_identification:Package 'src/DOBOT_6Axis_ROS2_V3/dobot_moveit' with type 'ros.ament_python' and name 'dobot_moveit'
[0.276s] Level 1:colcon.colcon_core.package_identification:_identify(src/DOBOT_6Axis_ROS2_V3/dobot_msgs_v3) by extensions ['ignore', 'ignore_ament_install']
[0.276s] Level 1:colcon.colcon_core.package_identification:_identify(src/DOBOT_6Axis_ROS2_V3/dobot_msgs_v3) by extension 'ignore'
[0.276s] Level 1:colcon.colcon_core.package_identification:_identify(src/DOBOT_6Axis_ROS2_V3/dobot_msgs_v3) by extension 'ignore_ament_install'
[0.276s] Level 1:colcon.colcon_core.package_identification:_identify(src/DOBOT_6Axis_ROS2_V3/dobot_msgs_v3) by extensions ['colcon_pkg']
[0.276s] Level 1:colcon.colcon_core.package_identification:_identify(src/DOBOT_6Axis_ROS2_V3/dobot_msgs_v3) by extension 'colcon_pkg'
[0.276s] Level 1:colcon.colcon_core.package_identification:_identify(src/DOBOT_6Axis_ROS2_V3/dobot_msgs_v3) by extensions ['colcon_meta']
[0.276s] Level 1:colcon.colcon_core.package_identification:_identify(src/DOBOT_6Axis_ROS2_V3/dobot_msgs_v3) by extension 'colcon_meta'
[0.276s] Level 1:colcon.colcon_core.package_identification:_identify(src/DOBOT_6Axis_ROS2_V3/dobot_msgs_v3) by extensions ['ros']
[0.276s] Level 1:colcon.colcon_core.package_identification:_identify(src/DOBOT_6Axis_ROS2_V3/dobot_msgs_v3) by extension 'ros'
[0.276s] DEBUG:colcon.colcon_core.package_identification:Package 'src/DOBOT_6Axis_ROS2_V3/dobot_msgs_v3' with type 'ros.ament_cmake' and name 'dobot_msgs_v3'
[0.276s] Level 1:colcon.colcon_core.package_identification:_identify(src/DOBOT_6Axis_ROS2_V3/dobot_rviz) by extensions ['ignore', 'ignore_ament_install']
[0.276s] Level 1:colcon.colcon_core.package_identification:_identify(src/DOBOT_6Axis_ROS2_V3/dobot_rviz) by extension 'ignore'
[0.277s] Level 1:colcon.colcon_core.package_identification:_identify(src/DOBOT_6Axis_ROS2_V3/dobot_rviz) by extension 'ignore_ament_install'
[0.277s] Level 1:colcon.colcon_core.package_identification:_identify(src/DOBOT_6Axis_ROS2_V3/dobot_rviz) by extensions ['colcon_pkg']
[0.277s] Level 1:colcon.colcon_core.package_identification:_identify(src/DOBOT_6Axis_ROS2_V3/dobot_rviz) by extension 'colcon_pkg'
[0.277s] Level 1:colcon.colcon_core.package_identification:_identify(src/DOBOT_6Axis_ROS2_V3/dobot_rviz) by extensions ['colcon_meta']
[0.277s] Level 1:colcon.colcon_core.package_identification:_identify(src/DOBOT_6Axis_ROS2_V3/dobot_rviz) by extension 'colcon_meta'
[0.277s] Level 1:colcon.colcon_core.package_identification:_identify(src/DOBOT_6Axis_ROS2_V3/dobot_rviz) by extensions ['ros']
[0.277s] Level 1:colcon.colcon_core.package_identification:_identify(src/DOBOT_6Axis_ROS2_V3/dobot_rviz) by extension 'ros'
[0.277s] DEBUG:colcon.colcon_core.package_identification:Package 'src/DOBOT_6Axis_ROS2_V3/dobot_rviz' with type 'ros.ament_cmake' and name 'dobot_rviz'
[0.277s] Level 1:colcon.colcon_core.package_identification:_identify(src/DOBOT_6Axis_ROS2_V3/image) by extensions ['ignore', 'ignore_ament_install']
[0.277s] Level 1:colcon.colcon_core.package_identification:_identify(src/DOBOT_6Axis_ROS2_V3/image) by extension 'ignore'
[0.277s] Level 1:colcon.colcon_core.package_identification:_identify(src/DOBOT_6Axis_ROS2_V3/image) by extension 'ignore_ament_install'
[0.277s] Level 1:colcon.colcon_core.package_identification:_identify(src/DOBOT_6Axis_ROS2_V3/image) by extensions ['colcon_pkg']
[0.278s] Level 1:colcon.colcon_core.package_identification:_identify(src/DOBOT_6Axis_ROS2_V3/image) by extension 'colcon_pkg'
[0.278s] Level 1:colcon.colcon_core.package_identification:_identify(src/DOBOT_6Axis_ROS2_V3/image) by extensions ['colcon_meta']
[0.278s] Level 1:colcon.colcon_core.package_identification:_identify(src/DOBOT_6Axis_ROS2_V3/image) by extension 'colcon_meta'
[0.278s] Level 1:colcon.colcon_core.package_identification:_identify(src/DOBOT_6Axis_ROS2_V3/image) by extensions ['ros']
[0.278s] Level 1:colcon.colcon_core.package_identification:_identify(src/DOBOT_6Axis_ROS2_V3/image) by extension 'ros'
[0.278s] Level 1:colcon.colcon_core.package_identification:_identify(src/DOBOT_6Axis_ROS2_V3/image) by extensions ['cmake', 'python']
[0.278s] Level 1:colcon.colcon_core.package_identification:_identify(src/DOBOT_6Axis_ROS2_V3/image) by extension 'cmake'
[0.278s] Level 1:colcon.colcon_core.package_identification:_identify(src/DOBOT_6Axis_ROS2_V3/image) by extension 'python'
[0.278s] Level 1:colcon.colcon_core.package_identification:_identify(src/DOBOT_6Axis_ROS2_V3/image) by extensions ['python_setup_py']
[0.278s] Level 1:colcon.colcon_core.package_identification:_identify(src/DOBOT_6Axis_ROS2_V3/image) by extension 'python_setup_py'
[0.278s] Level 1:colcon.colcon_core.package_identification:_identify(src/DOBOT_6Axis_ROS2_V3/nova2_moveit) by extensions ['ignore', 'ignore_ament_install']
[0.278s] Level 1:colcon.colcon_core.package_identification:_identify(src/DOBOT_6Axis_ROS2_V3/nova2_moveit) by extension 'ignore'
[0.279s] Level 1:colcon.colcon_core.package_identification:_identify(src/DOBOT_6Axis_ROS2_V3/nova2_moveit) by extension 'ignore_ament_install'
[0.279s] Level 1:colcon.colcon_core.package_identification:_identify(src/DOBOT_6Axis_ROS2_V3/nova2_moveit) by extensions ['colcon_pkg']
[0.279s] Level 1:colcon.colcon_core.package_identification:_identify(src/DOBOT_6Axis_ROS2_V3/nova2_moveit) by extension 'colcon_pkg'
[0.279s] Level 1:colcon.colcon_core.package_identification:_identify(src/DOBOT_6Axis_ROS2_V3/nova2_moveit) by extensions ['colcon_meta']
[0.279s] Level 1:colcon.colcon_core.package_identification:_identify(src/DOBOT_6Axis_ROS2_V3/nova2_moveit) by extension 'colcon_meta'
[0.279s] Level 1:colcon.colcon_core.package_identification:_identify(src/DOBOT_6Axis_ROS2_V3/nova2_moveit) by extensions ['ros']
[0.279s] Level 1:colcon.colcon_core.package_identification:_identify(src/DOBOT_6Axis_ROS2_V3/nova2_moveit) by extension 'ros'
[0.279s] DEBUG:colcon.colcon_core.package_identification:Package 'src/DOBOT_6Axis_ROS2_V3/nova2_moveit' with type 'ros.ament_cmake' and name 'nova2_moveit'
[0.280s] Level 1:colcon.colcon_core.package_identification:_identify(src/DOBOT_6Axis_ROS2_V3/nova5_moveit) by extensions ['ignore', 'ignore_ament_install']
[0.280s] Level 1:colcon.colcon_core.package_identification:_identify(src/DOBOT_6Axis_ROS2_V3/nova5_moveit) by extension 'ignore'
[0.280s] Level 1:colcon.colcon_core.package_identification:_identify(src/DOBOT_6Axis_ROS2_V3/nova5_moveit) by extension 'ignore_ament_install'
[0.280s] Level 1:colcon.colcon_core.package_identification:_identify(src/DOBOT_6Axis_ROS2_V3/nova5_moveit) by extensions ['colcon_pkg']
[0.280s] Level 1:colcon.colcon_core.package_identification:_identify(src/DOBOT_6Axis_ROS2_V3/nova5_moveit) by extension 'colcon_pkg'
[0.280s] Level 1:colcon.colcon_core.package_identification:_identify(src/DOBOT_6Axis_ROS2_V3/nova5_moveit) by extensions ['colcon_meta']
[0.280s] Level 1:colcon.colcon_core.package_identification:_identify(src/DOBOT_6Axis_ROS2_V3/nova5_moveit) by extension 'colcon_meta'
[0.280s] Level 1:colcon.colcon_core.package_identification:_identify(src/DOBOT_6Axis_ROS2_V3/nova5_moveit) by extensions ['ros']
[0.280s] Level 1:colcon.colcon_core.package_identification:_identify(src/DOBOT_6Axis_ROS2_V3/nova5_moveit) by extension 'ros'
[0.281s] DEBUG:colcon.colcon_core.package_identification:Package 'src/DOBOT_6Axis_ROS2_V3/nova5_moveit' with type 'ros.ament_cmake' and name 'nova5_moveit'
[0.281s] Level 1:colcon.colcon_core.package_identification:_identify(src/DOBOT_6Axis_ROS2_V3/servo_action) by extensions ['ignore', 'ignore_ament_install']
[0.281s] Level 1:colcon.colcon_core.package_identification:_identify(src/DOBOT_6Axis_ROS2_V3/servo_action) by extension 'ignore'
[0.281s] Level 1:colcon.colcon_core.package_identification:_identify(src/DOBOT_6Axis_ROS2_V3/servo_action) by extension 'ignore_ament_install'
[0.281s] Level 1:colcon.colcon_core.package_identification:_identify(src/DOBOT_6Axis_ROS2_V3/servo_action) by extensions ['colcon_pkg']
[0.281s] Level 1:colcon.colcon_core.package_identification:_identify(src/DOBOT_6Axis_ROS2_V3/servo_action) by extension 'colcon_pkg'
[0.281s] Level 1:colcon.colcon_core.package_identification:_identify(src/DOBOT_6Axis_ROS2_V3/servo_action) by extensions ['colcon_meta']
[0.281s] Level 1:colcon.colcon_core.package_identification:_identify(src/DOBOT_6Axis_ROS2_V3/servo_action) by extension 'colcon_meta'
[0.281s] Level 1:colcon.colcon_core.package_identification:_identify(src/DOBOT_6Axis_ROS2_V3/servo_action) by extensions ['ros']
[0.281s] Level 1:colcon.colcon_core.package_identification:_identify(src/DOBOT_6Axis_ROS2_V3/servo_action) by extension 'ros'
[0.282s] DEBUG:colcon.colcon_core.package_identification:Package 'src/DOBOT_6Axis_ROS2_V3/servo_action' with type 'ros.ament_python' and name 'servo_action'
[0.282s] Level 1:colcon.colcon_core.package_identification:_identify(src/qt_robot_control) by extensions ['ignore', 'ignore_ament_install']
[0.282s] Level 1:colcon.colcon_core.package_identification:_identify(src/qt_robot_control) by extension 'ignore'
[0.282s] Level 1:colcon.colcon_core.package_identification:_identify(src/qt_robot_control) by extension 'ignore_ament_install'
[0.282s] Level 1:colcon.colcon_core.package_identification:_identify(src/qt_robot_control) by extensions ['colcon_pkg']
[0.282s] Level 1:colcon.colcon_core.package_identification:_identify(src/qt_robot_control) by extension 'colcon_pkg'
[0.282s] Level 1:colcon.colcon_core.package_identification:_identify(src/qt_robot_control) by extensions ['colcon_meta']
[0.282s] Level 1:colcon.colcon_core.package_identification:_identify(src/qt_robot_control) by extension 'colcon_meta'
[0.282s] Level 1:colcon.colcon_core.package_identification:_identify(src/qt_robot_control) by extensions ['ros']
[0.282s] Level 1:colcon.colcon_core.package_identification:_identify(src/qt_robot_control) by extension 'ros'
[0.283s] DEBUG:colcon.colcon_core.package_identification:Package 'src/qt_robot_control' with type 'ros.ament_python' and name 'qt_robot_control'
[0.283s] Level 1:colcon.colcon_core.package_identification:_identify(src/robot_control_api) by extensions ['ignore', 'ignore_ament_install']
[0.283s] Level 1:colcon.colcon_core.package_identification:_identify(src/robot_control_api) by extension 'ignore'
[0.283s] Level 1:colcon.colcon_core.package_identification:_identify(src/robot_control_api) by extension 'ignore_ament_install'
[0.283s] Level 1:colcon.colcon_core.package_identification:_identify(src/robot_control_api) by extensions ['colcon_pkg']
[0.284s] Level 1:colcon.colcon_core.package_identification:_identify(src/robot_control_api) by extension 'colcon_pkg'
[0.284s] Level 1:colcon.colcon_core.package_identification:_identify(src/robot_control_api) by extensions ['colcon_meta']
[0.284s] Level 1:colcon.colcon_core.package_identification:_identify(src/robot_control_api) by extension 'colcon_meta'
[0.284s] Level 1:colcon.colcon_core.package_identification:_identify(src/robot_control_api) by extensions ['ros']
[0.284s] Level 1:colcon.colcon_core.package_identification:_identify(src/robot_control_api) by extension 'ros'
[0.284s] DEBUG:colcon.colcon_core.package_identification:Package 'src/robot_control_api' with type 'ros.ament_python' and name 'robot_control_api'
[0.284s] Level 1:colcon.colcon_core.package_discovery:discover_packages(recursive) using defaults
[0.284s] Level 1:colcon.colcon_core.package_discovery:discover_packages(ignore) discover
[0.284s] Level 1:colcon.colcon_core.package_discovery:discover_packages(ignore) using defaults
[0.284s] Level 1:colcon.colcon_core.package_discovery:discover_packages(path) discover
[0.284s] Level 1:colcon.colcon_core.package_discovery:discover_packages(path) using defaults
[0.312s] Level 1:colcon.colcon_core.package_discovery:discover_packages(prefix_path) check parameters
[0.312s] Level 1:colcon.colcon_core.package_discovery:discover_packages(prefix_path) discover
[0.314s] DEBUG:colcon.colcon_installed_package_information.package_discovery:Found 18 installed packages in /home/huahai/dobot_ws/install
[0.316s] DEBUG:colcon.colcon_installed_package_information.package_discovery:Found 359 installed packages in /opt/ros/humble
[0.317s] Level 1:colcon.colcon_core.package_discovery:discover_packages(prefix_path) using defaults
[0.350s] Level 5:colcon.colcon_core.verb:set package 'cra_description' build argument 'cmake_args' from command line to 'None'
[0.350s] Level 5:colcon.colcon_core.verb:set package 'cra_description' build argument 'cmake_target' from command line to 'None'
[0.350s] Level 5:colcon.colcon_core.verb:set package 'cra_description' build argument 'cmake_target_skip_unavailable' from command line to 'False'
[0.350s] Level 5:colcon.colcon_core.verb:set package 'cra_description' build argument 'cmake_clean_cache' from command line to 'False'
[0.350s] Level 5:colcon.colcon_core.verb:set package 'cra_description' build argument 'cmake_clean_first' from command line to 'False'
[0.350s] Level 5:colcon.colcon_core.verb:set package 'cra_description' build argument 'cmake_force_configure' from command line to 'False'
[0.350s] Level 5:colcon.colcon_core.verb:set package 'cra_description' build argument 'ament_cmake_args' from command line to 'None'
[0.350s] Level 5:colcon.colcon_core.verb:set package 'cra_description' build argument 'catkin_cmake_args' from command line to 'None'
[0.350s] Level 5:colcon.colcon_core.verb:set package 'cra_description' build argument 'catkin_skip_building_tests' from command line to 'False'
[0.350s] DEBUG:colcon.colcon_core.verb:Building package 'cra_description' with the following arguments: {'ament_cmake_args': None, 'build_base': '/home/huahai/dobot_ws/build/cra_description', 'catkin_cmake_args': None, 'catkin_skip_building_tests': False, 'cmake_args': None, 'cmake_clean_cache': False, 'cmake_clean_first': False, 'cmake_force_configure': False, 'cmake_target': None, 'cmake_target_skip_unavailable': False, 'install_base': '/home/huahai/dobot_ws/install/cra_description', 'merge_install': False, 'path': '/home/huahai/dobot_ws/src/DOBOT_6Axis_ROS2_V3/cra_description', 'symlink_install': False, 'test_result_base': None}
[0.350s] Level 5:colcon.colcon_core.verb:set package 'dobot_demo' build argument 'cmake_args' from command line to 'None'
[0.350s] Level 5:colcon.colcon_core.verb:set package 'dobot_demo' build argument 'cmake_target' from command line to 'None'
[0.350s] Level 5:colcon.colcon_core.verb:set package 'dobot_demo' build argument 'cmake_target_skip_unavailable' from command line to 'False'
[0.350s] Level 5:colcon.colcon_core.verb:set package 'dobot_demo' build argument 'cmake_clean_cache' from command line to 'False'
[0.350s] Level 5:colcon.colcon_core.verb:set package 'dobot_demo' build argument 'cmake_clean_first' from command line to 'False'
[0.350s] Level 5:colcon.colcon_core.verb:set package 'dobot_demo' build argument 'cmake_force_configure' from command line to 'False'
[0.351s] Level 5:colcon.colcon_core.verb:set package 'dobot_demo' build argument 'ament_cmake_args' from command line to 'None'
[0.351s] Level 5:colcon.colcon_core.verb:set package 'dobot_demo' build argument 'catkin_cmake_args' from command line to 'None'
[0.351s] Level 5:colcon.colcon_core.verb:set package 'dobot_demo' build argument 'catkin_skip_building_tests' from command line to 'False'
[0.351s] DEBUG:colcon.colcon_core.verb:Building package 'dobot_demo' with the following arguments: {'ament_cmake_args': None, 'build_base': '/home/huahai/dobot_ws/build/dobot_demo', 'catkin_cmake_args': None, 'catkin_skip_building_tests': False, 'cmake_args': None, 'cmake_clean_cache': False, 'cmake_clean_first': False, 'cmake_force_configure': False, 'cmake_target': None, 'cmake_target_skip_unavailable': False, 'install_base': '/home/huahai/dobot_ws/install/dobot_demo', 'merge_install': False, 'path': '/home/huahai/dobot_ws/src/DOBOT_6Axis_ROS2_V3/dobot_demo', 'symlink_install': False, 'test_result_base': None}
[0.351s] Level 5:colcon.colcon_core.verb:set package 'dobot_moveit' build argument 'cmake_args' from command line to 'None'
[0.351s] Level 5:colcon.colcon_core.verb:set package 'dobot_moveit' build argument 'cmake_target' from command line to 'None'
[0.351s] Level 5:colcon.colcon_core.verb:set package 'dobot_moveit' build argument 'cmake_target_skip_unavailable' from command line to 'False'
[0.351s] Level 5:colcon.colcon_core.verb:set package 'dobot_moveit' build argument 'cmake_clean_cache' from command line to 'False'
[0.351s] Level 5:colcon.colcon_core.verb:set package 'dobot_moveit' build argument 'cmake_clean_first' from command line to 'False'
[0.351s] Level 5:colcon.colcon_core.verb:set package 'dobot_moveit' build argument 'cmake_force_configure' from command line to 'False'
[0.351s] Level 5:colcon.colcon_core.verb:set package 'dobot_moveit' build argument 'ament_cmake_args' from command line to 'None'
[0.351s] Level 5:colcon.colcon_core.verb:set package 'dobot_moveit' build argument 'catkin_cmake_args' from command line to 'None'
[0.351s] Level 5:colcon.colcon_core.verb:set package 'dobot_moveit' build argument 'catkin_skip_building_tests' from command line to 'False'
[0.351s] DEBUG:colcon.colcon_core.verb:Building package 'dobot_moveit' with the following arguments: {'ament_cmake_args': None, 'build_base': '/home/huahai/dobot_ws/build/dobot_moveit', 'catkin_cmake_args': None, 'catkin_skip_building_tests': False, 'cmake_args': None, 'cmake_clean_cache': False, 'cmake_clean_first': False, 'cmake_force_configure': False, 'cmake_target': None, 'cmake_target_skip_unavailable': False, 'install_base': '/home/huahai/dobot_ws/install/dobot_moveit', 'merge_install': False, 'path': '/home/huahai/dobot_ws/src/DOBOT_6Axis_ROS2_V3/dobot_moveit', 'symlink_install': False, 'test_result_base': None}
[0.351s] Level 5:colcon.colcon_core.verb:set package 'dobot_msgs_v3' build argument 'cmake_args' from command line to 'None'
[0.351s] Level 5:colcon.colcon_core.verb:set package 'dobot_msgs_v3' build argument 'cmake_target' from command line to 'None'
[0.351s] Level 5:colcon.colcon_core.verb:set package 'dobot_msgs_v3' build argument 'cmake_target_skip_unavailable' from command line to 'False'
[0.351s] Level 5:colcon.colcon_core.verb:set package 'dobot_msgs_v3' build argument 'cmake_clean_cache' from command line to 'False'
[0.351s] Level 5:colcon.colcon_core.verb:set package 'dobot_msgs_v3' build argument 'cmake_clean_first' from command line to 'False'
[0.351s] Level 5:colcon.colcon_core.verb:set package 'dobot_msgs_v3' build argument 'cmake_force_configure' from command line to 'False'
[0.351s] Level 5:colcon.colcon_core.verb:set package 'dobot_msgs_v3' build argument 'ament_cmake_args' from command line to 'None'
[0.351s] Level 5:colcon.colcon_core.verb:set package 'dobot_msgs_v3' build argument 'catkin_cmake_args' from command line to 'None'
[0.351s] Level 5:colcon.colcon_core.verb:set package 'dobot_msgs_v3' build argument 'catkin_skip_building_tests' from command line to 'False'
[0.351s] DEBUG:colcon.colcon_core.verb:Building package 'dobot_msgs_v3' with the following arguments: {'ament_cmake_args': None, 'build_base': '/home/huahai/dobot_ws/build/dobot_msgs_v3', 'catkin_cmake_args': None, 'catkin_skip_building_tests': False, 'cmake_args': None, 'cmake_clean_cache': False, 'cmake_clean_first': False, 'cmake_force_configure': False, 'cmake_target': None, 'cmake_target_skip_unavailable': False, 'install_base': '/home/huahai/dobot_ws/install/dobot_msgs_v3', 'merge_install': False, 'path': '/home/huahai/dobot_ws/src/DOBOT_6Axis_ROS2_V3/dobot_msgs_v3', 'symlink_install': False, 'test_result_base': None}
[0.352s] Level 5:colcon.colcon_core.verb:set package 'dobot_rviz' build argument 'cmake_args' from command line to 'None'
[0.352s] Level 5:colcon.colcon_core.verb:set package 'dobot_rviz' build argument 'cmake_target' from command line to 'None'
[0.352s] Level 5:colcon.colcon_core.verb:set package 'dobot_rviz' build argument 'cmake_target_skip_unavailable' from command line to 'False'
[0.352s] Level 5:colcon.colcon_core.verb:set package 'dobot_rviz' build argument 'cmake_clean_cache' from command line to 'False'
[0.352s] Level 5:colcon.colcon_core.verb:set package 'dobot_rviz' build argument 'cmake_clean_first' from command line to 'False'
[0.352s] Level 5:colcon.colcon_core.verb:set package 'dobot_rviz' build argument 'cmake_force_configure' from command line to 'False'
[0.352s] Level 5:colcon.colcon_core.verb:set package 'dobot_rviz' build argument 'ament_cmake_args' from command line to 'None'
[0.352s] Level 5:colcon.colcon_core.verb:set package 'dobot_rviz' build argument 'catkin_cmake_args' from command line to 'None'
[0.352s] Level 5:colcon.colcon_core.verb:set package 'dobot_rviz' build argument 'catkin_skip_building_tests' from command line to 'False'
[0.352s] DEBUG:colcon.colcon_core.verb:Building package 'dobot_rviz' with the following arguments: {'ament_cmake_args': None, 'build_base': '/home/huahai/dobot_ws/build/dobot_rviz', 'catkin_cmake_args': None, 'catkin_skip_building_tests': False, 'cmake_args': None, 'cmake_clean_cache': False, 'cmake_clean_first': False, 'cmake_force_configure': False, 'cmake_target': None, 'cmake_target_skip_unavailable': False, 'install_base': '/home/huahai/dobot_ws/install/dobot_rviz', 'merge_install': False, 'path': '/home/huahai/dobot_ws/src/DOBOT_6Axis_ROS2_V3/dobot_rviz', 'symlink_install': False, 'test_result_base': None}
[0.352s] Level 5:colcon.colcon_core.verb:set package 'servo_action' build argument 'cmake_args' from command line to 'None'
[0.352s] Level 5:colcon.colcon_core.verb:set package 'servo_action' build argument 'cmake_target' from command line to 'None'
[0.352s] Level 5:colcon.colcon_core.verb:set package 'servo_action' build argument 'cmake_target_skip_unavailable' from command line to 'False'
[0.352s] Level 5:colcon.colcon_core.verb:set package 'servo_action' build argument 'cmake_clean_cache' from command line to 'False'
[0.352s] Level 5:colcon.colcon_core.verb:set package 'servo_action' build argument 'cmake_clean_first' from command line to 'False'
[0.352s] Level 5:colcon.colcon_core.verb:set package 'servo_action' build argument 'cmake_force_configure' from command line to 'False'
[0.352s] Level 5:colcon.colcon_core.verb:set package 'servo_action' build argument 'ament_cmake_args' from command line to 'None'
[0.352s] Level 5:colcon.colcon_core.verb:set package 'servo_action' build argument 'catkin_cmake_args' from command line to 'None'
[0.352s] Level 5:colcon.colcon_core.verb:set package 'servo_action' build argument 'catkin_skip_building_tests' from command line to 'False'
[0.352s] DEBUG:colcon.colcon_core.verb:Building package 'servo_action' with the following arguments: {'ament_cmake_args': None, 'build_base': '/home/huahai/dobot_ws/build/servo_action', 'catkin_cmake_args': None, 'catkin_skip_building_tests': False, 'cmake_args': None, 'cmake_clean_cache': False, 'cmake_clean_first': False, 'cmake_force_configure': False, 'cmake_target': None, 'cmake_target_skip_unavailable': False, 'install_base': '/home/huahai/dobot_ws/install/servo_action', 'merge_install': False, 'path': '/home/huahai/dobot_ws/src/DOBOT_6Axis_ROS2_V3/servo_action', 'symlink_install': False, 'test_result_base': None}
[0.352s] Level 5:colcon.colcon_core.verb:set package 'cr10_moveit' build argument 'cmake_args' from command line to 'None'
[0.352s] Level 5:colcon.colcon_core.verb:set package 'cr10_moveit' build argument 'cmake_target' from command line to 'None'
[0.352s] Level 5:colcon.colcon_core.verb:set package 'cr10_moveit' build argument 'cmake_target_skip_unavailable' from command line to 'False'
[0.352s] Level 5:colcon.colcon_core.verb:set package 'cr10_moveit' build argument 'cmake_clean_cache' from command line to 'False'
[0.352s] Level 5:colcon.colcon_core.verb:set package 'cr10_moveit' build argument 'cmake_clean_first' from command line to 'False'
[0.352s] Level 5:colcon.colcon_core.verb:set package 'cr10_moveit' build argument 'cmake_force_configure' from command line to 'False'
[0.352s] Level 5:colcon.colcon_core.verb:set package 'cr10_moveit' build argument 'ament_cmake_args' from command line to 'None'
[0.352s] Level 5:colcon.colcon_core.verb:set package 'cr10_moveit' build argument 'catkin_cmake_args' from command line to 'None'
[0.352s] Level 5:colcon.colcon_core.verb:set package 'cr10_moveit' build argument 'catkin_skip_building_tests' from command line to 'False'
[0.352s] DEBUG:colcon.colcon_core.verb:Building package 'cr10_moveit' with the following arguments: {'ament_cmake_args': None, 'build_base': '/home/huahai/dobot_ws/build/cr10_moveit', 'catkin_cmake_args': None, 'catkin_skip_building_tests': False, 'cmake_args': None, 'cmake_clean_cache': False, 'cmake_clean_first': False, 'cmake_force_configure': False, 'cmake_target': None, 'cmake_target_skip_unavailable': False, 'install_base': '/home/huahai/dobot_ws/install/cr10_moveit', 'merge_install': False, 'path': '/home/huahai/dobot_ws/src/DOBOT_6Axis_ROS2_V3/cr10_moveit', 'symlink_install': False, 'test_result_base': None}
[0.353s] Level 5:colcon.colcon_core.verb:set package 'cr12_moveit' build argument 'cmake_args' from command line to 'None'
[0.353s] Level 5:colcon.colcon_core.verb:set package 'cr12_moveit' build argument 'cmake_target' from command line to 'None'
[0.353s] Level 5:colcon.colcon_core.verb:set package 'cr12_moveit' build argument 'cmake_target_skip_unavailable' from command line to 'False'
[0.353s] Level 5:colcon.colcon_core.verb:set package 'cr12_moveit' build argument 'cmake_clean_cache' from command line to 'False'
[0.353s] Level 5:colcon.colcon_core.verb:set package 'cr12_moveit' build argument 'cmake_clean_first' from command line to 'False'
[0.353s] Level 5:colcon.colcon_core.verb:set package 'cr12_moveit' build argument 'cmake_force_configure' from command line to 'False'
[0.353s] Level 5:colcon.colcon_core.verb:set package 'cr12_moveit' build argument 'ament_cmake_args' from command line to 'None'
[0.353s] Level 5:colcon.colcon_core.verb:set package 'cr12_moveit' build argument 'catkin_cmake_args' from command line to 'None'
[0.353s] Level 5:colcon.colcon_core.verb:set package 'cr12_moveit' build argument 'catkin_skip_building_tests' from command line to 'False'
[0.353s] DEBUG:colcon.colcon_core.verb:Building package 'cr12_moveit' with the following arguments: {'ament_cmake_args': None, 'build_base': '/home/huahai/dobot_ws/build/cr12_moveit', 'catkin_cmake_args': None, 'catkin_skip_building_tests': False, 'cmake_args': None, 'cmake_clean_cache': False, 'cmake_clean_first': False, 'cmake_force_configure': False, 'cmake_target': None, 'cmake_target_skip_unavailable': False, 'install_base': '/home/huahai/dobot_ws/install/cr12_moveit', 'merge_install': False, 'path': '/home/huahai/dobot_ws/src/DOBOT_6Axis_ROS2_V3/cr12_moveit', 'symlink_install': False, 'test_result_base': None}
[0.353s] Level 5:colcon.colcon_core.verb:set package 'cr16_moveit' build argument 'cmake_args' from command line to 'None'
[0.353s] Level 5:colcon.colcon_core.verb:set package 'cr16_moveit' build argument 'cmake_target' from command line to 'None'
[0.353s] Level 5:colcon.colcon_core.verb:set package 'cr16_moveit' build argument 'cmake_target_skip_unavailable' from command line to 'False'
[0.353s] Level 5:colcon.colcon_core.verb:set package 'cr16_moveit' build argument 'cmake_clean_cache' from command line to 'False'
[0.353s] Level 5:colcon.colcon_core.verb:set package 'cr16_moveit' build argument 'cmake_clean_first' from command line to 'False'
[0.353s] Level 5:colcon.colcon_core.verb:set package 'cr16_moveit' build argument 'cmake_force_configure' from command line to 'False'
[0.353s] Level 5:colcon.colcon_core.verb:set package 'cr16_moveit' build argument 'ament_cmake_args' from command line to 'None'
[0.353s] Level 5:colcon.colcon_core.verb:set package 'cr16_moveit' build argument 'catkin_cmake_args' from command line to 'None'
[0.353s] Level 5:colcon.colcon_core.verb:set package 'cr16_moveit' build argument 'catkin_skip_building_tests' from command line to 'False'
[0.353s] DEBUG:colcon.colcon_core.verb:Building package 'cr16_moveit' with the following arguments: {'ament_cmake_args': None, 'build_base': '/home/huahai/dobot_ws/build/cr16_moveit', 'catkin_cmake_args': None, 'catkin_skip_building_tests': False, 'cmake_args': None, 'cmake_clean_cache': False, 'cmake_clean_first': False, 'cmake_force_configure': False, 'cmake_target': None, 'cmake_target_skip_unavailable': False, 'install_base': '/home/huahai/dobot_ws/install/cr16_moveit', 'merge_install': False, 'path': '/home/huahai/dobot_ws/src/DOBOT_6Axis_ROS2_V3/cr16_moveit', 'symlink_install': False, 'test_result_base': None}
[0.353s] Level 5:colcon.colcon_core.verb:set package 'cr3_moveit' build argument 'cmake_args' from command line to 'None'
[0.353s] Level 5:colcon.colcon_core.verb:set package 'cr3_moveit' build argument 'cmake_target' from command line to 'None'
[0.353s] Level 5:colcon.colcon_core.verb:set package 'cr3_moveit' build argument 'cmake_target_skip_unavailable' from command line to 'False'
[0.353s] Level 5:colcon.colcon_core.verb:set package 'cr3_moveit' build argument 'cmake_clean_cache' from command line to 'False'
[0.353s] Level 5:colcon.colcon_core.verb:set package 'cr3_moveit' build argument 'cmake_clean_first' from command line to 'False'
[0.353s] Level 5:colcon.colcon_core.verb:set package 'cr3_moveit' build argument 'cmake_force_configure' from command line to 'False'
[0.353s] Level 5:colcon.colcon_core.verb:set package 'cr3_moveit' build argument 'ament_cmake_args' from command line to 'None'
[0.353s] Level 5:colcon.colcon_core.verb:set package 'cr3_moveit' build argument 'catkin_cmake_args' from command line to 'None'
[0.353s] Level 5:colcon.colcon_core.verb:set package 'cr3_moveit' build argument 'catkin_skip_building_tests' from command line to 'False'
[0.353s] DEBUG:colcon.colcon_core.verb:Building package 'cr3_moveit' with the following arguments: {'ament_cmake_args': None, 'build_base': '/home/huahai/dobot_ws/build/cr3_moveit', 'catkin_cmake_args': None, 'catkin_skip_building_tests': False, 'cmake_args': None, 'cmake_clean_cache': False, 'cmake_clean_first': False, 'cmake_force_configure': False, 'cmake_target': None, 'cmake_target_skip_unavailable': False, 'install_base': '/home/huahai/dobot_ws/install/cr3_moveit', 'merge_install': False, 'path': '/home/huahai/dobot_ws/src/DOBOT_6Axis_ROS2_V3/cr3_moveit', 'symlink_install': False, 'test_result_base': None}
[0.354s] Level 5:colcon.colcon_core.verb:set package 'cr5_moveit' build argument 'cmake_args' from command line to 'None'
[0.354s] Level 5:colcon.colcon_core.verb:set package 'cr5_moveit' build argument 'cmake_target' from command line to 'None'
[0.354s] Level 5:colcon.colcon_core.verb:set package 'cr5_moveit' build argument 'cmake_target_skip_unavailable' from command line to 'False'
[0.354s] Level 5:colcon.colcon_core.verb:set package 'cr5_moveit' build argument 'cmake_clean_cache' from command line to 'False'
[0.354s] Level 5:colcon.colcon_core.verb:set package 'cr5_moveit' build argument 'cmake_clean_first' from command line to 'False'
[0.354s] Level 5:colcon.colcon_core.verb:set package 'cr5_moveit' build argument 'cmake_force_configure' from command line to 'False'
[0.354s] Level 5:colcon.colcon_core.verb:set package 'cr5_moveit' build argument 'ament_cmake_args' from command line to 'None'
[0.354s] Level 5:colcon.colcon_core.verb:set package 'cr5_moveit' build argument 'catkin_cmake_args' from command line to 'None'
[0.354s] Level 5:colcon.colcon_core.verb:set package 'cr5_moveit' build argument 'catkin_skip_building_tests' from command line to 'False'
[0.354s] DEBUG:colcon.colcon_core.verb:Building package 'cr5_moveit' with the following arguments: {'ament_cmake_args': None, 'build_base': '/home/huahai/dobot_ws/build/cr5_moveit', 'catkin_cmake_args': None, 'catkin_skip_building_tests': False, 'cmake_args': None, 'cmake_clean_cache': False, 'cmake_clean_first': False, 'cmake_force_configure': False, 'cmake_target': None, 'cmake_target_skip_unavailable': False, 'install_base': '/home/huahai/dobot_ws/install/cr5_moveit', 'merge_install': False, 'path': '/home/huahai/dobot_ws/src/DOBOT_6Axis_ROS2_V3/cr5_moveit', 'symlink_install': False, 'test_result_base': None}
[0.354s] Level 5:colcon.colcon_core.verb:set package 'cr7_moveit' build argument 'cmake_args' from command line to 'None'
[0.354s] Level 5:colcon.colcon_core.verb:set package 'cr7_moveit' build argument 'cmake_target' from command line to 'None'
[0.354s] Level 5:colcon.colcon_core.verb:set package 'cr7_moveit' build argument 'cmake_target_skip_unavailable' from command line to 'False'
[0.354s] Level 5:colcon.colcon_core.verb:set package 'cr7_moveit' build argument 'cmake_clean_cache' from command line to 'False'
[0.354s] Level 5:colcon.colcon_core.verb:set package 'cr7_moveit' build argument 'cmake_clean_first' from command line to 'False'
[0.354s] Level 5:colcon.colcon_core.verb:set package 'cr7_moveit' build argument 'cmake_force_configure' from command line to 'False'
[0.354s] Level 5:colcon.colcon_core.verb:set package 'cr7_moveit' build argument 'ament_cmake_args' from command line to 'None'
[0.354s] Level 5:colcon.colcon_core.verb:set package 'cr7_moveit' build argument 'catkin_cmake_args' from command line to 'None'
[0.354s] Level 5:colcon.colcon_core.verb:set package 'cr7_moveit' build argument 'catkin_skip_building_tests' from command line to 'False'
[0.354s] DEBUG:colcon.colcon_core.verb:Building package 'cr7_moveit' with the following arguments: {'ament_cmake_args': None, 'build_base': '/home/huahai/dobot_ws/build/cr7_moveit', 'catkin_cmake_args': None, 'catkin_skip_building_tests': False, 'cmake_args': None, 'cmake_clean_cache': False, 'cmake_clean_first': False, 'cmake_force_configure': False, 'cmake_target': None, 'cmake_target_skip_unavailable': False, 'install_base': '/home/huahai/dobot_ws/install/cr7_moveit', 'merge_install': False, 'path': '/home/huahai/dobot_ws/src/DOBOT_6Axis_ROS2_V3/cr7_moveit', 'symlink_install': False, 'test_result_base': None}
[0.354s] Level 5:colcon.colcon_core.verb:set package 'dobot_bringup_v3' build argument 'cmake_args' from command line to 'None'
[0.354s] Level 5:colcon.colcon_core.verb:set package 'dobot_bringup_v3' build argument 'cmake_target' from command line to 'None'
[0.354s] Level 5:colcon.colcon_core.verb:set package 'dobot_bringup_v3' build argument 'cmake_target_skip_unavailable' from command line to 'False'
[0.354s] Level 5:colcon.colcon_core.verb:set package 'dobot_bringup_v3' build argument 'cmake_clean_cache' from command line to 'False'
[0.354s] Level 5:colcon.colcon_core.verb:set package 'dobot_bringup_v3' build argument 'cmake_clean_first' from command line to 'False'
[0.354s] Level 5:colcon.colcon_core.verb:set package 'dobot_bringup_v3' build argument 'cmake_force_configure' from command line to 'False'
[0.354s] Level 5:colcon.colcon_core.verb:set package 'dobot_bringup_v3' build argument 'ament_cmake_args' from command line to 'None'
[0.354s] Level 5:colcon.colcon_core.verb:set package 'dobot_bringup_v3' build argument 'catkin_cmake_args' from command line to 'None'
[0.354s] Level 5:colcon.colcon_core.verb:set package 'dobot_bringup_v3' build argument 'catkin_skip_building_tests' from command line to 'False'
[0.354s] DEBUG:colcon.colcon_core.verb:Building package 'dobot_bringup_v3' with the following arguments: {'ament_cmake_args': None, 'build_base': '/home/huahai/dobot_ws/build/dobot_bringup_v3', 'catkin_cmake_args': None, 'catkin_skip_building_tests': False, 'cmake_args': None, 'cmake_clean_cache': False, 'cmake_clean_first': False, 'cmake_force_configure': False, 'cmake_target': None, 'cmake_target_skip_unavailable': False, 'install_base': '/home/huahai/dobot_ws/install/dobot_bringup_v3', 'merge_install': False, 'path': '/home/huahai/dobot_ws/src/DOBOT_6Axis_ROS2_V3/dobot_bringup_v3', 'symlink_install': False, 'test_result_base': None}
[0.355s] Level 5:colcon.colcon_core.verb:set package 'dobot_gazebo' build argument 'cmake_args' from command line to 'None'
[0.355s] Level 5:colcon.colcon_core.verb:set package 'dobot_gazebo' build argument 'cmake_target' from command line to 'None'
[0.355s] Level 5:colcon.colcon_core.verb:set package 'dobot_gazebo' build argument 'cmake_target_skip_unavailable' from command line to 'False'
[0.355s] Level 5:colcon.colcon_core.verb:set package 'dobot_gazebo' build argument 'cmake_clean_cache' from command line to 'False'
[0.355s] Level 5:colcon.colcon_core.verb:set package 'dobot_gazebo' build argument 'cmake_clean_first' from command line to 'False'
[0.355s] Level 5:colcon.colcon_core.verb:set package 'dobot_gazebo' build argument 'cmake_force_configure' from command line to 'False'
[0.355s] Level 5:colcon.colcon_core.verb:set package 'dobot_gazebo' build argument 'ament_cmake_args' from command line to 'None'
[0.355s] Level 5:colcon.colcon_core.verb:set package 'dobot_gazebo' build argument 'catkin_cmake_args' from command line to 'None'
[0.355s] Level 5:colcon.colcon_core.verb:set package 'dobot_gazebo' build argument 'catkin_skip_building_tests' from command line to 'False'
[0.355s] DEBUG:colcon.colcon_core.verb:Building package 'dobot_gazebo' with the following arguments: {'ament_cmake_args': None, 'build_base': '/home/huahai/dobot_ws/build/dobot_gazebo', 'catkin_cmake_args': None, 'catkin_skip_building_tests': False, 'cmake_args': None, 'cmake_clean_cache': False, 'cmake_clean_first': False, 'cmake_force_configure': False, 'cmake_target': None, 'cmake_target_skip_unavailable': False, 'install_base': '/home/huahai/dobot_ws/install/dobot_gazebo', 'merge_install': False, 'path': '/home/huahai/dobot_ws/src/DOBOT_6Axis_ROS2_V3/dobot_gazebo', 'symlink_install': False, 'test_result_base': None}
[0.355s] Level 5:colcon.colcon_core.verb:set package 'nova2_moveit' build argument 'cmake_args' from command line to 'None'
[0.355s] Level 5:colcon.colcon_core.verb:set package 'nova2_moveit' build argument 'cmake_target' from command line to 'None'
[0.355s] Level 5:colcon.colcon_core.verb:set package 'nova2_moveit' build argument 'cmake_target_skip_unavailable' from command line to 'False'
[0.355s] Level 5:colcon.colcon_core.verb:set package 'nova2_moveit' build argument 'cmake_clean_cache' from command line to 'False'
[0.355s] Level 5:colcon.colcon_core.verb:set package 'nova2_moveit' build argument 'cmake_clean_first' from command line to 'False'
[0.355s] Level 5:colcon.colcon_core.verb:set package 'nova2_moveit' build argument 'cmake_force_configure' from command line to 'False'
[0.355s] Level 5:colcon.colcon_core.verb:set package 'nova2_moveit' build argument 'ament_cmake_args' from command line to 'None'
[0.355s] Level 5:colcon.colcon_core.verb:set package 'nova2_moveit' build argument 'catkin_cmake_args' from command line to 'None'
[0.355s] Level 5:colcon.colcon_core.verb:set package 'nova2_moveit' build argument 'catkin_skip_building_tests' from command line to 'False'
[0.355s] DEBUG:colcon.colcon_core.verb:Building package 'nova2_moveit' with the following arguments: {'ament_cmake_args': None, 'build_base': '/home/huahai/dobot_ws/build/nova2_moveit', 'catkin_cmake_args': None, 'catkin_skip_building_tests': False, 'cmake_args': None, 'cmake_clean_cache': False, 'cmake_clean_first': False, 'cmake_force_configure': False, 'cmake_target': None, 'cmake_target_skip_unavailable': False, 'install_base': '/home/huahai/dobot_ws/install/nova2_moveit', 'merge_install': False, 'path': '/home/huahai/dobot_ws/src/DOBOT_6Axis_ROS2_V3/nova2_moveit', 'symlink_install': False, 'test_result_base': None}
[0.355s] Level 5:colcon.colcon_core.verb:set package 'nova5_moveit' build argument 'cmake_args' from command line to 'None'
[0.355s] Level 5:colcon.colcon_core.verb:set package 'nova5_moveit' build argument 'cmake_target' from command line to 'None'
[0.355s] Level 5:colcon.colcon_core.verb:set package 'nova5_moveit' build argument 'cmake_target_skip_unavailable' from command line to 'False'
[0.355s] Level 5:colcon.colcon_core.verb:set package 'nova5_moveit' build argument 'cmake_clean_cache' from command line to 'False'
[0.355s] Level 5:colcon.colcon_core.verb:set package 'nova5_moveit' build argument 'cmake_clean_first' from command line to 'False'
[0.356s] Level 5:colcon.colcon_core.verb:set package 'nova5_moveit' build argument 'cmake_force_configure' from command line to 'False'
[0.356s] Level 5:colcon.colcon_core.verb:set package 'nova5_moveit' build argument 'ament_cmake_args' from command line to 'None'
[0.356s] Level 5:colcon.colcon_core.verb:set package 'nova5_moveit' build argument 'catkin_cmake_args' from command line to 'None'
[0.356s] Level 5:colcon.colcon_core.verb:set package 'nova5_moveit' build argument 'catkin_skip_building_tests' from command line to 'False'
[0.356s] DEBUG:colcon.colcon_core.verb:Building package 'nova5_moveit' with the following arguments: {'ament_cmake_args': None, 'build_base': '/home/huahai/dobot_ws/build/nova5_moveit', 'catkin_cmake_args': None, 'catkin_skip_building_tests': False, 'cmake_args': None, 'cmake_clean_cache': False, 'cmake_clean_first': False, 'cmake_force_configure': False, 'cmake_target': None, 'cmake_target_skip_unavailable': False, 'install_base': '/home/huahai/dobot_ws/install/nova5_moveit', 'merge_install': False, 'path': '/home/huahai/dobot_ws/src/DOBOT_6Axis_ROS2_V3/nova5_moveit', 'symlink_install': False, 'test_result_base': None}
[0.356s] Level 5:colcon.colcon_core.verb:set package 'qt_robot_control' build argument 'cmake_args' from command line to 'None'
[0.356s] Level 5:colcon.colcon_core.verb:set package 'qt_robot_control' build argument 'cmake_target' from command line to 'None'
[0.356s] Level 5:colcon.colcon_core.verb:set package 'qt_robot_control' build argument 'cmake_target_skip_unavailable' from command line to 'False'
[0.356s] Level 5:colcon.colcon_core.verb:set package 'qt_robot_control' build argument 'cmake_clean_cache' from command line to 'False'
[0.356s] Level 5:colcon.colcon_core.verb:set package 'qt_robot_control' build argument 'cmake_clean_first' from command line to 'False'
[0.356s] Level 5:colcon.colcon_core.verb:set package 'qt_robot_control' build argument 'cmake_force_configure' from command line to 'False'
[0.356s] Level 5:colcon.colcon_core.verb:set package 'qt_robot_control' build argument 'ament_cmake_args' from command line to 'None'
[0.356s] Level 5:colcon.colcon_core.verb:set package 'qt_robot_control' build argument 'catkin_cmake_args' from command line to 'None'
[0.356s] Level 5:colcon.colcon_core.verb:set package 'qt_robot_control' build argument 'catkin_skip_building_tests' from command line to 'False'
[0.356s] DEBUG:colcon.colcon_core.verb:Building package 'qt_robot_control' with the following arguments: {'ament_cmake_args': None, 'build_base': '/home/huahai/dobot_ws/build/qt_robot_control', 'catkin_cmake_args': None, 'catkin_skip_building_tests': False, 'cmake_args': None, 'cmake_clean_cache': False, 'cmake_clean_first': False, 'cmake_force_configure': False, 'cmake_target': None, 'cmake_target_skip_unavailable': False, 'install_base': '/home/huahai/dobot_ws/install/qt_robot_control', 'merge_install': False, 'path': '/home/huahai/dobot_ws/src/qt_robot_control', 'symlink_install': False, 'test_result_base': None}
[0.356s] Level 5:colcon.colcon_core.verb:set package 'robot_control_api' build argument 'cmake_args' from command line to 'None'
[0.356s] Level 5:colcon.colcon_core.verb:set package 'robot_control_api' build argument 'cmake_target' from command line to 'None'
[0.356s] Level 5:colcon.colcon_core.verb:set package 'robot_control_api' build argument 'cmake_target_skip_unavailable' from command line to 'False'
[0.356s] Level 5:colcon.colcon_core.verb:set package 'robot_control_api' build argument 'cmake_clean_cache' from command line to 'False'
[0.356s] Level 5:colcon.colcon_core.verb:set package 'robot_control_api' build argument 'cmake_clean_first' from command line to 'False'
[0.356s] Level 5:colcon.colcon_core.verb:set package 'robot_control_api' build argument 'cmake_force_configure' from command line to 'False'
[0.356s] Level 5:colcon.colcon_core.verb:set package 'robot_control_api' build argument 'ament_cmake_args' from command line to 'None'
[0.356s] Level 5:colcon.colcon_core.verb:set package 'robot_control_api' build argument 'catkin_cmake_args' from command line to 'None'
[0.357s] Level 5:colcon.colcon_core.verb:set package 'robot_control_api' build argument 'catkin_skip_building_tests' from command line to 'False'
[0.357s] DEBUG:colcon.colcon_core.verb:Building package 'robot_control_api' with the following arguments: {'ament_cmake_args': None, 'build_base': '/home/huahai/dobot_ws/build/robot_control_api', 'catkin_cmake_args': None, 'catkin_skip_building_tests': False, 'cmake_args': None, 'cmake_clean_cache': False, 'cmake_clean_first': False, 'cmake_force_configure': False, 'cmake_target': None, 'cmake_target_skip_unavailable': False, 'install_base': '/home/huahai/dobot_ws/install/robot_control_api', 'merge_install': False, 'path': '/home/huahai/dobot_ws/src/robot_control_api', 'symlink_install': False, 'test_result_base': None}
[0.357s] INFO:colcon.colcon_core.executor:Executing jobs using 'parallel' executor
[0.358s] DEBUG:colcon.colcon_parallel_executor.executor.parallel:run_until_complete
[0.358s] INFO:colcon.colcon_ros.task.ament_cmake.build:Building ROS package in '/home/huahai/dobot_ws/src/DOBOT_6Axis_ROS2_V3/dobot_rviz' with build type 'ament_cmake'
[0.358s] INFO:colcon.colcon_cmake.task.cmake.build:Building CMake package in '/home/huahai/dobot_ws/src/DOBOT_6Axis_ROS2_V3/dobot_rviz'
[0.362s] INFO:colcon.colcon_core.plugin_system:Skipping extension 'colcon_core.shell.bat': Not used on non-Windows systems
[0.362s] INFO:colcon.colcon_core.shell:Skip shell extension 'powershell' for command environment: Not usable outside of PowerShell
[0.362s] DEBUG:colcon.colcon_core.shell:Skip shell extension 'dsv' for command environment
[0.368s] INFO:colcon.colcon_ros.task.ament_cmake.build:Building ROS package in '/home/huahai/dobot_ws/src/DOBOT_6Axis_ROS2_V3/dobot_msgs_v3' with build type 'ament_cmake'
[0.368s] INFO:colcon.colcon_cmake.task.cmake.build:Building CMake package in '/home/huahai/dobot_ws/src/DOBOT_6Axis_ROS2_V3/dobot_msgs_v3'
[0.368s] INFO:colcon.colcon_core.shell:Skip shell extension 'powershell' for command environment: Not usable outside of PowerShell
[0.368s] DEBUG:colcon.colcon_core.shell:Skip shell extension 'dsv' for command environment
[0.400s] DEBUG:colcon.colcon_core.event_handler.log_command:Invoking command in '/home/huahai/dobot_ws/build/dobot_rviz': CMAKE_PREFIX_PATH=${CMAKE_PREFIX_PATH}:/home/huahai/dobot_ws/install/robot_control_api:/home/huahai/dobot_ws/install/qt_robot_control:/home/huahai/dobot_ws/install/servo_action:/home/huahai/dobot_ws/install/dobot_bringup_v3:/home/huahai/dobot_ws/install/dobot_moveit:/home/huahai/dobot_ws/install/dobot_demo:/opt/ros/humble /usr/bin/cmake --build /home/huahai/dobot_ws/build/dobot_rviz -- -j2 -l2
[0.405s] DEBUG:colcon.colcon_core.event_handler.log_command:Invoking command in '/home/huahai/dobot_ws/build/dobot_msgs_v3': CMAKE_PREFIX_PATH=${CMAKE_PREFIX_PATH}:/home/huahai/dobot_ws/install/robot_control_api:/home/huahai/dobot_ws/install/qt_robot_control:/home/huahai/dobot_ws/install/servo_action:/home/huahai/dobot_ws/install/dobot_bringup_v3:/home/huahai/dobot_ws/install/dobot_moveit:/home/huahai/dobot_ws/install/dobot_demo:/opt/ros/humble /usr/bin/cmake --build /home/huahai/dobot_ws/build/dobot_msgs_v3 -- -j2 -l2
[0.461s] DEBUG:colcon.colcon_core.event_handler.log_command:Invoked command in '/home/huahai/dobot_ws/build/dobot_rviz' returned '0': CMAKE_PREFIX_PATH=${CMAKE_PREFIX_PATH}:/home/huahai/dobot_ws/install/robot_control_api:/home/huahai/dobot_ws/install/qt_robot_control:/home/huahai/dobot_ws/install/servo_action:/home/huahai/dobot_ws/install/dobot_bringup_v3:/home/huahai/dobot_ws/install/dobot_moveit:/home/huahai/dobot_ws/install/dobot_demo:/opt/ros/humble /usr/bin/cmake --build /home/huahai/dobot_ws/build/dobot_rviz -- -j2 -l2
[0.479s] DEBUG:colcon.colcon_core.event_handler.log_command:Invoking command in '/home/huahai/dobot_ws/build/dobot_rviz': CMAKE_PREFIX_PATH=${CMAKE_PREFIX_PATH}:/home/huahai/dobot_ws/install/robot_control_api:/home/huahai/dobot_ws/install/qt_robot_control:/home/huahai/dobot_ws/install/servo_action:/home/huahai/dobot_ws/install/dobot_bringup_v3:/home/huahai/dobot_ws/install/dobot_moveit:/home/huahai/dobot_ws/install/dobot_demo:/opt/ros/humble /usr/bin/cmake --install /home/huahai/dobot_ws/build/dobot_rviz
[0.511s] Level 1:colcon.colcon_core.environment:create_environment_scripts_only(dobot_rviz)
[0.530s] Level 1:colcon.colcon_core.environment:checking '/home/huahai/dobot_ws/install/dobot_rviz' for CMake module files
[0.555s] DEBUG:colcon.colcon_core.event_handler.log_command:Invoked command in '/home/huahai/dobot_ws/build/dobot_rviz' returned '0': CMAKE_PREFIX_PATH=${CMAKE_PREFIX_PATH}:/home/huahai/dobot_ws/install/robot_control_api:/home/huahai/dobot_ws/install/qt_robot_control:/home/huahai/dobot_ws/install/servo_action:/home/huahai/dobot_ws/install/dobot_bringup_v3:/home/huahai/dobot_ws/install/dobot_moveit:/home/huahai/dobot_ws/install/dobot_demo:/opt/ros/humble /usr/bin/cmake --install /home/huahai/dobot_ws/build/dobot_rviz
[0.555s] Level 1:colcon.colcon_core.environment:checking '/home/huahai/dobot_ws/install/dobot_rviz' for CMake config files
[0.556s] Level 1:colcon.colcon_core.shell:create_environment_hook('dobot_rviz', 'cmake_prefix_path')
[0.556s] INFO:colcon.colcon_core.shell:Creating environment hook '/home/huahai/dobot_ws/install/dobot_rviz/share/dobot_rviz/hook/cmake_prefix_path.ps1'
[0.563s] INFO:colcon.colcon_core.shell:Creating environment descriptor '/home/huahai/dobot_ws/install/dobot_rviz/share/dobot_rviz/hook/cmake_prefix_path.dsv'
[0.566s] INFO:colcon.colcon_core.shell:Creating environment hook '/home/huahai/dobot_ws/install/dobot_rviz/share/dobot_rviz/hook/cmake_prefix_path.sh'
[0.568s] Level 1:colcon.colcon_core.environment:checking '/home/huahai/dobot_ws/install/dobot_rviz/bin'
[0.569s] Level 1:colcon.colcon_core.environment:checking '/home/huahai/dobot_ws/install/dobot_rviz/lib/pkgconfig/dobot_rviz.pc'
[0.570s] Level 1:colcon.colcon_core.environment:checking '/home/huahai/dobot_ws/install/dobot_rviz/lib/python3.10/site-packages'
[0.570s] Level 1:colcon.colcon_core.environment:checking '/home/huahai/dobot_ws/install/dobot_rviz/bin'
[0.571s] INFO:colcon.colcon_core.shell:Creating package script '/home/huahai/dobot_ws/install/dobot_rviz/share/dobot_rviz/package.ps1'
[0.573s] INFO:colcon.colcon_core.shell:Creating package descriptor '/home/huahai/dobot_ws/install/dobot_rviz/share/dobot_rviz/package.dsv'
[0.575s] INFO:colcon.colcon_core.shell:Creating package script '/home/huahai/dobot_ws/install/dobot_rviz/share/dobot_rviz/package.sh'
[0.575s] INFO:colcon.colcon_core.shell:Creating package script '/home/huahai/dobot_ws/install/dobot_rviz/share/dobot_rviz/package.bash'
[0.580s] INFO:colcon.colcon_core.shell:Creating package script '/home/huahai/dobot_ws/install/dobot_rviz/share/dobot_rviz/package.zsh'
[0.581s] Level 1:colcon.colcon_core.environment:create_file_with_runtime_dependencies(/home/huahai/dobot_ws/install/dobot_rviz/share/colcon-core/packages/dobot_rviz)
[0.582s] Level 1:colcon.colcon_core.environment:create_environment_scripts_only(dobot_rviz)
[0.583s] Level 1:colcon.colcon_core.environment:checking '/home/huahai/dobot_ws/install/dobot_rviz' for CMake module files
[0.583s] Level 1:colcon.colcon_core.environment:checking '/home/huahai/dobot_ws/install/dobot_rviz' for CMake config files
[0.585s] Level 1:colcon.colcon_core.shell:create_environment_hook('dobot_rviz', 'cmake_prefix_path')
[0.585s] INFO:colcon.colcon_core.shell:Creating environment hook '/home/huahai/dobot_ws/install/dobot_rviz/share/dobot_rviz/hook/cmake_prefix_path.ps1'
[0.586s] INFO:colcon.colcon_core.shell:Creating environment descriptor '/home/huahai/dobot_ws/install/dobot_rviz/share/dobot_rviz/hook/cmake_prefix_path.dsv'
[0.587s] INFO:colcon.colcon_core.shell:Creating environment hook '/home/huahai/dobot_ws/install/dobot_rviz/share/dobot_rviz/hook/cmake_prefix_path.sh'
[0.589s] Level 1:colcon.colcon_core.environment:checking '/home/huahai/dobot_ws/install/dobot_rviz/bin'
[0.589s] Level 1:colcon.colcon_core.environment:checking '/home/huahai/dobot_ws/install/dobot_rviz/lib/pkgconfig/dobot_rviz.pc'
[0.589s] Level 1:colcon.colcon_core.environment:checking '/home/huahai/dobot_ws/install/dobot_rviz/lib/python3.10/site-packages'
[0.591s] Level 1:colcon.colcon_core.environment:checking '/home/huahai/dobot_ws/install/dobot_rviz/bin'
[0.591s] INFO:colcon.colcon_core.shell:Creating package script '/home/huahai/dobot_ws/install/dobot_rviz/share/dobot_rviz/package.ps1'
[0.593s] INFO:colcon.colcon_core.shell:Creating package descriptor '/home/huahai/dobot_ws/install/dobot_rviz/share/dobot_rviz/package.dsv'
[0.596s] INFO:colcon.colcon_core.shell:Creating package script '/home/huahai/dobot_ws/install/dobot_rviz/share/dobot_rviz/package.sh'
[0.596s] INFO:colcon.colcon_core.shell:Creating package script '/home/huahai/dobot_ws/install/dobot_rviz/share/dobot_rviz/package.bash'
[0.597s] INFO:colcon.colcon_core.shell:Creating package script '/home/huahai/dobot_ws/install/dobot_rviz/share/dobot_rviz/package.zsh'
[0.599s] Level 1:colcon.colcon_core.environment:create_file_with_runtime_dependencies(/home/huahai/dobot_ws/install/dobot_rviz/share/colcon-core/packages/dobot_rviz)
[0.600s] INFO:colcon.colcon_ros.task.ament_cmake.build:Building ROS package in '/home/huahai/dobot_ws/src/DOBOT_6Axis_ROS2_V3/cra_description' with build type 'ament_cmake'
[0.601s] INFO:colcon.colcon_cmake.task.cmake.build:Building CMake package in '/home/huahai/dobot_ws/src/DOBOT_6Axis_ROS2_V3/cra_description'
[0.601s] INFO:colcon.colcon_core.shell:Skip shell extension 'powershell' for command environment: Not usable outside of PowerShell
[0.601s] DEBUG:colcon.colcon_core.shell:Skip shell extension 'dsv' for command environment
[0.646s] DEBUG:colcon.colcon_core.event_handler.log_command:Invoking command in '/home/huahai/dobot_ws/build/cra_description': CMAKE_PREFIX_PATH=${CMAKE_PREFIX_PATH}:/home/huahai/dobot_ws/install/robot_control_api:/home/huahai/dobot_ws/install/qt_robot_control:/home/huahai/dobot_ws/install/servo_action:/home/huahai/dobot_ws/install/dobot_bringup_v3:/home/huahai/dobot_ws/install/dobot_moveit:/home/huahai/dobot_ws/install/dobot_demo:/opt/ros/humble /usr/bin/cmake --build /home/huahai/dobot_ws/build/cra_description -- -j2 -l2
[0.763s] DEBUG:colcon.colcon_core.event_handler.log_command:Invoked command in '/home/huahai/dobot_ws/build/cra_description' returned '0': CMAKE_PREFIX_PATH=${CMAKE_PREFIX_PATH}:/home/huahai/dobot_ws/install/robot_control_api:/home/huahai/dobot_ws/install/qt_robot_control:/home/huahai/dobot_ws/install/servo_action:/home/huahai/dobot_ws/install/dobot_bringup_v3:/home/huahai/dobot_ws/install/dobot_moveit:/home/huahai/dobot_ws/install/dobot_demo:/opt/ros/humble /usr/bin/cmake --build /home/huahai/dobot_ws/build/cra_description -- -j2 -l2
[0.765s] DEBUG:colcon.colcon_core.event_handler.log_command:Invoking command in '/home/huahai/dobot_ws/build/cra_description': CMAKE_PREFIX_PATH=${CMAKE_PREFIX_PATH}:/home/huahai/dobot_ws/install/robot_control_api:/home/huahai/dobot_ws/install/qt_robot_control:/home/huahai/dobot_ws/install/servo_action:/home/huahai/dobot_ws/install/dobot_bringup_v3:/home/huahai/dobot_ws/install/dobot_moveit:/home/huahai/dobot_ws/install/dobot_demo:/opt/ros/humble /usr/bin/cmake --install /home/huahai/dobot_ws/build/cra_description
[0.807s] Level 1:colcon.colcon_core.environment:create_environment_scripts_only(cra_description)
[0.808s] Level 1:colcon.colcon_core.environment:checking '/home/huahai/dobot_ws/install/cra_description' for CMake module files
[0.808s] Level 1:colcon.colcon_core.environment:checking '/home/huahai/dobot_ws/install/cra_description' for CMake config files
[0.820s] Level 1:colcon.colcon_core.shell:create_environment_hook('cra_description', 'cmake_prefix_path')
[0.821s] INFO:colcon.colcon_core.shell:Creating environment hook '/home/huahai/dobot_ws/install/cra_description/share/cra_description/hook/cmake_prefix_path.ps1'
[0.824s] INFO:colcon.colcon_core.shell:Creating environment descriptor '/home/huahai/dobot_ws/install/cra_description/share/cra_description/hook/cmake_prefix_path.dsv'
[0.824s] INFO:colcon.colcon_core.shell:Creating environment hook '/home/huahai/dobot_ws/install/cra_description/share/cra_description/hook/cmake_prefix_path.sh'
[0.827s] DEBUG:colcon.colcon_core.event_handler.log_command:Invoked command in '/home/huahai/dobot_ws/build/cra_description' returned '0': CMAKE_PREFIX_PATH=${CMAKE_PREFIX_PATH}:/home/huahai/dobot_ws/install/robot_control_api:/home/huahai/dobot_ws/install/qt_robot_control:/home/huahai/dobot_ws/install/servo_action:/home/huahai/dobot_ws/install/dobot_bringup_v3:/home/huahai/dobot_ws/install/dobot_moveit:/home/huahai/dobot_ws/install/dobot_demo:/opt/ros/humble /usr/bin/cmake --install /home/huahai/dobot_ws/build/cra_description
[0.828s] Level 1:colcon.colcon_core.environment:checking '/home/huahai/dobot_ws/install/cra_description/bin'
[0.829s] Level 1:colcon.colcon_core.environment:checking '/home/huahai/dobot_ws/install/cra_description/lib/pkgconfig/cra_description.pc'
[0.831s] Level 1:colcon.colcon_core.environment:checking '/home/huahai/dobot_ws/install/cra_description/lib/python3.10/site-packages'
[0.831s] Level 1:colcon.colcon_core.environment:checking '/home/huahai/dobot_ws/install/cra_description/bin'
[0.832s] INFO:colcon.colcon_core.shell:Creating package script '/home/huahai/dobot_ws/install/cra_description/share/cra_description/package.ps1'
[0.837s] INFO:colcon.colcon_core.shell:Creating package descriptor '/home/huahai/dobot_ws/install/cra_description/share/cra_description/package.dsv'
[0.841s] INFO:colcon.colcon_core.shell:Creating package script '/home/huahai/dobot_ws/install/cra_description/share/cra_description/package.sh'
[0.846s] INFO:colcon.colcon_core.shell:Creating package script '/home/huahai/dobot_ws/install/cra_description/share/cra_description/package.bash'
[0.847s] INFO:colcon.colcon_core.shell:Creating package script '/home/huahai/dobot_ws/install/cra_description/share/cra_description/package.zsh'
[0.850s] Level 1:colcon.colcon_core.environment:create_file_with_runtime_dependencies(/home/huahai/dobot_ws/install/cra_description/share/colcon-core/packages/cra_description)
[0.851s] Level 1:colcon.colcon_core.environment:create_environment_scripts_only(cra_description)
[0.851s] Level 1:colcon.colcon_core.environment:checking '/home/huahai/dobot_ws/install/cra_description' for CMake module files
[0.851s] Level 1:colcon.colcon_core.environment:checking '/home/huahai/dobot_ws/install/cra_description' for CMake config files
[0.851s] Level 1:colcon.colcon_core.shell:create_environment_hook('cra_description', 'cmake_prefix_path')
[0.855s] INFO:colcon.colcon_core.shell:Creating environment hook '/home/huahai/dobot_ws/install/cra_description/share/cra_description/hook/cmake_prefix_path.ps1'
[0.857s] INFO:colcon.colcon_core.shell:Creating environment descriptor '/home/huahai/dobot_ws/install/cra_description/share/cra_description/hook/cmake_prefix_path.dsv'
[0.861s] INFO:colcon.colcon_core.shell:Creating environment hook '/home/huahai/dobot_ws/install/cra_description/share/cra_description/hook/cmake_prefix_path.sh'
[0.868s] Level 1:colcon.colcon_core.environment:checking '/home/huahai/dobot_ws/install/cra_description/bin'
[0.868s] Level 1:colcon.colcon_core.environment:checking '/home/huahai/dobot_ws/install/cra_description/lib/pkgconfig/cra_description.pc'
[0.869s] Level 1:colcon.colcon_core.environment:checking '/home/huahai/dobot_ws/install/cra_description/lib/python3.10/site-packages'
[0.870s] Level 1:colcon.colcon_core.environment:checking '/home/huahai/dobot_ws/install/cra_description/bin'
[0.871s] INFO:colcon.colcon_core.shell:Creating package script '/home/huahai/dobot_ws/install/cra_description/share/cra_description/package.ps1'
[0.873s] INFO:colcon.colcon_core.shell:Creating package descriptor '/home/huahai/dobot_ws/install/cra_description/share/cra_description/package.dsv'
[0.878s] INFO:colcon.colcon_core.shell:Creating package script '/home/huahai/dobot_ws/install/cra_description/share/cra_description/package.sh'
[0.880s] INFO:colcon.colcon_core.shell:Creating package script '/home/huahai/dobot_ws/install/cra_description/share/cra_description/package.bash'
[0.884s] INFO:colcon.colcon_core.shell:Creating package script '/home/huahai/dobot_ws/install/cra_description/share/cra_description/package.zsh'
[0.885s] Level 1:colcon.colcon_core.environment:create_file_with_runtime_dependencies(/home/huahai/dobot_ws/install/cra_description/share/colcon-core/packages/cra_description)
[0.888s] INFO:colcon.colcon_ros.task.ament_python.build:Building ROS package in '/home/huahai/dobot_ws/src/DOBOT_6Axis_ROS2_V3/dobot_demo' with build type 'ament_python'
[0.889s] Level 1:colcon.colcon_core.shell:create_environment_hook('dobot_demo', 'ament_prefix_path')
[0.890s] INFO:colcon.colcon_core.shell:Creating environment hook '/home/huahai/dobot_ws/install/dobot_demo/share/dobot_demo/hook/ament_prefix_path.ps1'
[0.892s] INFO:colcon.colcon_core.shell:Creating environment descriptor '/home/huahai/dobot_ws/install/dobot_demo/share/dobot_demo/hook/ament_prefix_path.dsv'
[0.895s] INFO:colcon.colcon_core.shell:Creating environment hook '/home/huahai/dobot_ws/install/dobot_demo/share/dobot_demo/hook/ament_prefix_path.sh'
[0.898s] INFO:colcon.colcon_core.shell:Skip shell extension 'powershell' for command environment: Not usable outside of PowerShell
[0.899s] DEBUG:colcon.colcon_core.shell:Skip shell extension 'dsv' for command environment
[1.455s] INFO:colcon.colcon_core.task.python.build:Building Python package in '/home/huahai/dobot_ws/src/DOBOT_6Axis_ROS2_V3/dobot_demo'
[1.456s] INFO:colcon.colcon_core.shell:Skip shell extension 'powershell' for command environment: Not usable outside of PowerShell
[1.456s] DEBUG:colcon.colcon_core.shell:Skip shell extension 'dsv' for command environment
[1.622s] DEBUG:colcon.colcon_core.event_handler.log_command:Invoked command in '/home/huahai/dobot_ws/build/dobot_msgs_v3' returned '0': CMAKE_PREFIX_PATH=${CMAKE_PREFIX_PATH}:/home/huahai/dobot_ws/install/robot_control_api:/home/huahai/dobot_ws/install/qt_robot_control:/home/huahai/dobot_ws/install/servo_action:/home/huahai/dobot_ws/install/dobot_bringup_v3:/home/huahai/dobot_ws/install/dobot_moveit:/home/huahai/dobot_ws/install/dobot_demo:/opt/ros/humble /usr/bin/cmake --build /home/huahai/dobot_ws/build/dobot_msgs_v3 -- -j2 -l2
[1.622s] DEBUG:colcon.colcon_core.event_handler.log_command:Invoking command in '/home/huahai/dobot_ws/build/dobot_msgs_v3': CMAKE_PREFIX_PATH=${CMAKE_PREFIX_PATH}:/home/huahai/dobot_ws/install/robot_control_api:/home/huahai/dobot_ws/install/qt_robot_control:/home/huahai/dobot_ws/install/servo_action:/home/huahai/dobot_ws/install/dobot_bringup_v3:/home/huahai/dobot_ws/install/dobot_moveit:/home/huahai/dobot_ws/install/dobot_demo:/opt/ros/humble /usr/bin/cmake --install /home/huahai/dobot_ws/build/dobot_msgs_v3
[1.954s] Level 1:colcon.colcon_core.environment:create_environment_scripts_only(dobot_msgs_v3)
[1.955s] Level 1:colcon.colcon_core.environment:checking '/home/huahai/dobot_ws/install/dobot_msgs_v3' for CMake module files
[1.955s] DEBUG:colcon.colcon_core.event_handler.log_command:Invoked command in '/home/huahai/dobot_ws/build/dobot_msgs_v3' returned '0': CMAKE_PREFIX_PATH=${CMAKE_PREFIX_PATH}:/home/huahai/dobot_ws/install/robot_control_api:/home/huahai/dobot_ws/install/qt_robot_control:/home/huahai/dobot_ws/install/servo_action:/home/huahai/dobot_ws/install/dobot_bringup_v3:/home/huahai/dobot_ws/install/dobot_moveit:/home/huahai/dobot_ws/install/dobot_demo:/opt/ros/humble /usr/bin/cmake --install /home/huahai/dobot_ws/build/dobot_msgs_v3
[1.956s] Level 1:colcon.colcon_core.environment:checking '/home/huahai/dobot_ws/install/dobot_msgs_v3' for CMake config files
[1.962s] Level 1:colcon.colcon_core.shell:create_environment_hook('dobot_msgs_v3', 'cmake_prefix_path')
[1.963s] INFO:colcon.colcon_core.shell:Creating environment hook '/home/huahai/dobot_ws/install/dobot_msgs_v3/share/dobot_msgs_v3/hook/cmake_prefix_path.ps1'
[1.964s] INFO:colcon.colcon_core.shell:Creating environment descriptor '/home/huahai/dobot_ws/install/dobot_msgs_v3/share/dobot_msgs_v3/hook/cmake_prefix_path.dsv'
[1.967s] INFO:colcon.colcon_core.shell:Creating environment hook '/home/huahai/dobot_ws/install/dobot_msgs_v3/share/dobot_msgs_v3/hook/cmake_prefix_path.sh'
[1.969s] Level 1:colcon.colcon_core.environment:checking '/home/huahai/dobot_ws/install/dobot_msgs_v3/lib'
[1.969s] Level 1:colcon.colcon_core.shell:create_environment_hook('dobot_msgs_v3', 'ld_library_path_lib')
[1.970s] INFO:colcon.colcon_core.shell:Creating environment hook '/home/huahai/dobot_ws/install/dobot_msgs_v3/share/dobot_msgs_v3/hook/ld_library_path_lib.ps1'
[1.971s] INFO:colcon.colcon_core.shell:Creating environment descriptor '/home/huahai/dobot_ws/install/dobot_msgs_v3/share/dobot_msgs_v3/hook/ld_library_path_lib.dsv'
[1.973s] INFO:colcon.colcon_core.shell:Creating environment hook '/home/huahai/dobot_ws/install/dobot_msgs_v3/share/dobot_msgs_v3/hook/ld_library_path_lib.sh'
[1.975s] Level 1:colcon.colcon_core.environment:checking '/home/huahai/dobot_ws/install/dobot_msgs_v3/bin'
[1.975s] Level 1:colcon.colcon_core.environment:checking '/home/huahai/dobot_ws/install/dobot_msgs_v3/lib/pkgconfig/dobot_msgs_v3.pc'
[1.977s] Level 1:colcon.colcon_core.environment:checking '/home/huahai/dobot_ws/install/dobot_msgs_v3/lib/python3.10/site-packages'
[1.977s] Level 1:colcon.colcon_core.environment:checking '/home/huahai/dobot_ws/install/dobot_msgs_v3/bin'
[1.978s] INFO:colcon.colcon_core.shell:Creating package script '/home/huahai/dobot_ws/install/dobot_msgs_v3/share/dobot_msgs_v3/package.ps1'
[1.981s] INFO:colcon.colcon_core.shell:Creating package descriptor '/home/huahai/dobot_ws/install/dobot_msgs_v3/share/dobot_msgs_v3/package.dsv'
[1.982s] INFO:colcon.colcon_core.shell:Creating package script '/home/huahai/dobot_ws/install/dobot_msgs_v3/share/dobot_msgs_v3/package.sh'
[1.984s] INFO:colcon.colcon_core.shell:Creating package script '/home/huahai/dobot_ws/install/dobot_msgs_v3/share/dobot_msgs_v3/package.bash'
[1.988s] INFO:colcon.colcon_core.shell:Creating package script '/home/huahai/dobot_ws/install/dobot_msgs_v3/share/dobot_msgs_v3/package.zsh'
[1.989s] Level 1:colcon.colcon_core.environment:create_file_with_runtime_dependencies(/home/huahai/dobot_ws/install/dobot_msgs_v3/share/colcon-core/packages/dobot_msgs_v3)
[1.993s] Level 1:colcon.colcon_core.environment:create_environment_scripts_only(dobot_msgs_v3)
[1.993s] Level 1:colcon.colcon_core.environment:checking '/home/huahai/dobot_ws/install/dobot_msgs_v3' for CMake module files
[1.999s] Level 1:colcon.colcon_core.environment:checking '/home/huahai/dobot_ws/install/dobot_msgs_v3' for CMake config files
[2.004s] Level 1:colcon.colcon_core.shell:create_environment_hook('dobot_msgs_v3', 'cmake_prefix_path')
[2.004s] INFO:colcon.colcon_core.shell:Creating environment hook '/home/huahai/dobot_ws/install/dobot_msgs_v3/share/dobot_msgs_v3/hook/cmake_prefix_path.ps1'
[2.006s] INFO:colcon.colcon_core.shell:Creating environment descriptor '/home/huahai/dobot_ws/install/dobot_msgs_v3/share/dobot_msgs_v3/hook/cmake_prefix_path.dsv'
[2.006s] INFO:colcon.colcon_core.shell:Creating environment hook '/home/huahai/dobot_ws/install/dobot_msgs_v3/share/dobot_msgs_v3/hook/cmake_prefix_path.sh'
[2.007s] Level 1:colcon.colcon_core.environment:checking '/home/huahai/dobot_ws/install/dobot_msgs_v3/lib'
[2.007s] Level 1:colcon.colcon_core.shell:create_environment_hook('dobot_msgs_v3', 'ld_library_path_lib')
[2.007s] INFO:colcon.colcon_core.shell:Creating environment hook '/home/huahai/dobot_ws/install/dobot_msgs_v3/share/dobot_msgs_v3/hook/ld_library_path_lib.ps1'
[2.008s] INFO:colcon.colcon_core.shell:Creating environment descriptor '/home/huahai/dobot_ws/install/dobot_msgs_v3/share/dobot_msgs_v3/hook/ld_library_path_lib.dsv'
[2.008s] INFO:colcon.colcon_core.shell:Creating environment hook '/home/huahai/dobot_ws/install/dobot_msgs_v3/share/dobot_msgs_v3/hook/ld_library_path_lib.sh'
[2.009s] Level 1:colcon.colcon_core.environment:checking '/home/huahai/dobot_ws/install/dobot_msgs_v3/bin'
[2.009s] Level 1:colcon.colcon_core.environment:checking '/home/huahai/dobot_ws/install/dobot_msgs_v3/lib/pkgconfig/dobot_msgs_v3.pc'
[2.009s] Level 1:colcon.colcon_core.environment:checking '/home/huahai/dobot_ws/install/dobot_msgs_v3/lib/python3.10/site-packages'
[2.010s] Level 1:colcon.colcon_core.environment:checking '/home/huahai/dobot_ws/install/dobot_msgs_v3/bin'
[2.010s] INFO:colcon.colcon_core.shell:Creating package script '/home/huahai/dobot_ws/install/dobot_msgs_v3/share/dobot_msgs_v3/package.ps1'
[2.012s] INFO:colcon.colcon_core.shell:Creating package descriptor '/home/huahai/dobot_ws/install/dobot_msgs_v3/share/dobot_msgs_v3/package.dsv'
[2.013s] INFO:colcon.colcon_core.shell:Creating package script '/home/huahai/dobot_ws/install/dobot_msgs_v3/share/dobot_msgs_v3/package.sh'
[2.014s] INFO:colcon.colcon_core.shell:Creating package script '/home/huahai/dobot_ws/install/dobot_msgs_v3/share/dobot_msgs_v3/package.bash'
[2.015s] INFO:colcon.colcon_core.shell:Creating package script '/home/huahai/dobot_ws/install/dobot_msgs_v3/share/dobot_msgs_v3/package.zsh'
[2.017s] Level 1:colcon.colcon_core.environment:create_file_with_runtime_dependencies(/home/huahai/dobot_ws/install/dobot_msgs_v3/share/colcon-core/packages/dobot_msgs_v3)
[2.018s] INFO:colcon.colcon_ros.task.ament_python.build:Building ROS package in '/home/huahai/dobot_ws/src/DOBOT_6Axis_ROS2_V3/dobot_moveit' with build type 'ament_python'
[2.018s] Level 1:colcon.colcon_core.shell:create_environment_hook('dobot_moveit', 'ament_prefix_path')
[2.019s] INFO:colcon.colcon_core.shell:Creating environment hook '/home/huahai/dobot_ws/install/dobot_moveit/share/dobot_moveit/hook/ament_prefix_path.ps1'
[2.020s] INFO:colcon.colcon_core.shell:Creating environment descriptor '/home/huahai/dobot_ws/install/dobot_moveit/share/dobot_moveit/hook/ament_prefix_path.dsv'
[2.021s] INFO:colcon.colcon_core.shell:Creating environment hook '/home/huahai/dobot_ws/install/dobot_moveit/share/dobot_moveit/hook/ament_prefix_path.sh'
[2.021s] INFO:colcon.colcon_core.shell:Skip shell extension 'powershell' for command environment: Not usable outside of PowerShell
[2.021s] DEBUG:colcon.colcon_core.shell:Skip shell extension 'dsv' for command environment
[2.031s] DEBUG:colcon.colcon_core.event_handler.log_command:Invoking command in '/home/huahai/dobot_ws/src/DOBOT_6Axis_ROS2_V3/dobot_demo': PYTHONPATH=/home/huahai/dobot_ws/build/dobot_demo/prefix_override:/usr/lib/python3/dist-packages/colcon_core/task/python/colcon_distutils_commands:/home/huahai/dobot_ws/install/dobot_demo/lib/python3.10/site-packages:${PYTHONPATH} /usr/bin/python3 -W ignore:setup.py install is deprecated -W ignore:easy_install command is deprecated setup.py egg_info --egg-base ../../../build/dobot_demo build --build-base /home/huahai/dobot_ws/build/dobot_demo/build install --record /home/huahai/dobot_ws/build/dobot_demo/install.log --single-version-externally-managed install_data
[2.312s] INFO:colcon.colcon_core.task.python.build:Building Python package in '/home/huahai/dobot_ws/src/DOBOT_6Axis_ROS2_V3/dobot_moveit'
[2.313s] INFO:colcon.colcon_core.shell:Skip shell extension 'powershell' for command environment: Not usable outside of PowerShell
[2.313s] DEBUG:colcon.colcon_core.shell:Skip shell extension 'dsv' for command environment
[2.397s] Level 1:colcon.colcon_core.environment:checking '/home/huahai/dobot_ws/install/dobot_demo' for CMake module files
[2.399s] DEBUG:colcon.colcon_core.event_handler.log_command:Invoked command in '/home/huahai/dobot_ws/src/DOBOT_6Axis_ROS2_V3/dobot_demo' returned '0': PYTHONPATH=/home/huahai/dobot_ws/build/dobot_demo/prefix_override:/usr/lib/python3/dist-packages/colcon_core/task/python/colcon_distutils_commands:/home/huahai/dobot_ws/install/dobot_demo/lib/python3.10/site-packages:${PYTHONPATH} /usr/bin/python3 -W ignore:setup.py install is deprecated -W ignore:easy_install command is deprecated setup.py egg_info --egg-base ../../../build/dobot_demo build --build-base /home/huahai/dobot_ws/build/dobot_demo/build install --record /home/huahai/dobot_ws/build/dobot_demo/install.log --single-version-externally-managed install_data
[2.399s] Level 1:colcon.colcon_core.environment:checking '/home/huahai/dobot_ws/install/dobot_demo' for CMake config files
[2.400s] Level 1:colcon.colcon_core.environment:checking '/home/huahai/dobot_ws/install/dobot_demo/lib'
[2.401s] Level 1:colcon.colcon_core.environment:checking '/home/huahai/dobot_ws/install/dobot_demo/bin'
[2.401s] Level 1:colcon.colcon_core.environment:checking '/home/huahai/dobot_ws/install/dobot_demo/lib/pkgconfig/dobot_demo.pc'
[2.401s] Level 1:colcon.colcon_core.environment:checking '/home/huahai/dobot_ws/install/dobot_demo/lib/python3.10/site-packages'
[2.401s] Level 1:colcon.colcon_core.shell:create_environment_hook('dobot_demo', 'pythonpath')
[2.402s] INFO:colcon.colcon_core.shell:Creating environment hook '/home/huahai/dobot_ws/install/dobot_demo/share/dobot_demo/hook/pythonpath.ps1'
[2.402s] INFO:colcon.colcon_core.shell:Creating environment descriptor '/home/huahai/dobot_ws/install/dobot_demo/share/dobot_demo/hook/pythonpath.dsv'
[2.403s] INFO:colcon.colcon_core.shell:Creating environment hook '/home/huahai/dobot_ws/install/dobot_demo/share/dobot_demo/hook/pythonpath.sh'
[2.404s] Level 1:colcon.colcon_core.environment:checking '/home/huahai/dobot_ws/install/dobot_demo/bin'
[2.404s] Level 1:colcon.colcon_core.environment:create_environment_scripts_only(dobot_demo)
[2.405s] INFO:colcon.colcon_core.shell:Creating package script '/home/huahai/dobot_ws/install/dobot_demo/share/dobot_demo/package.ps1'
[2.405s] INFO:colcon.colcon_core.shell:Creating package descriptor '/home/huahai/dobot_ws/install/dobot_demo/share/dobot_demo/package.dsv'
[2.406s] INFO:colcon.colcon_core.shell:Creating package script '/home/huahai/dobot_ws/install/dobot_demo/share/dobot_demo/package.sh'
[2.406s] INFO:colcon.colcon_core.shell:Creating package script '/home/huahai/dobot_ws/install/dobot_demo/share/dobot_demo/package.bash'
[2.407s] INFO:colcon.colcon_core.shell:Creating package script '/home/huahai/dobot_ws/install/dobot_demo/share/dobot_demo/package.zsh'
[2.408s] Level 1:colcon.colcon_core.environment:create_file_with_runtime_dependencies(/home/huahai/dobot_ws/install/dobot_demo/share/colcon-core/packages/dobot_demo)
[2.408s] INFO:colcon.colcon_ros.task.ament_python.build:Building ROS package in '/home/huahai/dobot_ws/src/DOBOT_6Axis_ROS2_V3/servo_action' with build type 'ament_python'
[2.409s] Level 1:colcon.colcon_core.shell:create_environment_hook('servo_action', 'ament_prefix_path')
[2.410s] INFO:colcon.colcon_core.shell:Creating environment hook '/home/huahai/dobot_ws/install/servo_action/share/servo_action/hook/ament_prefix_path.ps1'
[2.411s] INFO:colcon.colcon_core.shell:Creating environment descriptor '/home/huahai/dobot_ws/install/servo_action/share/servo_action/hook/ament_prefix_path.dsv'
[2.412s] INFO:colcon.colcon_core.shell:Creating environment hook '/home/huahai/dobot_ws/install/servo_action/share/servo_action/hook/ament_prefix_path.sh'
[2.412s] INFO:colcon.colcon_core.shell:Skip shell extension 'powershell' for command environment: Not usable outside of PowerShell
[2.412s] DEBUG:colcon.colcon_core.shell:Skip shell extension 'dsv' for command environment
[2.755s] INFO:colcon.colcon_core.task.python.build:Building Python package in '/home/huahai/dobot_ws/src/DOBOT_6Axis_ROS2_V3/servo_action'
[2.756s] INFO:colcon.colcon_core.shell:Skip shell extension 'powershell' for command environment: Not usable outside of PowerShell
[2.756s] DEBUG:colcon.colcon_core.shell:Skip shell extension 'dsv' for command environment
[2.763s] DEBUG:colcon.colcon_core.event_handler.log_command:Invoking command in '/home/huahai/dobot_ws/src/DOBOT_6Axis_ROS2_V3/dobot_moveit': PYTHONPATH=/home/huahai/dobot_ws/build/dobot_moveit/prefix_override:/usr/lib/python3/dist-packages/colcon_core/task/python/colcon_distutils_commands:/home/huahai/dobot_ws/install/dobot_moveit/lib/python3.10/site-packages:${PYTHONPATH} /usr/bin/python3 -W ignore:setup.py install is deprecated -W ignore:easy_install command is deprecated setup.py egg_info --egg-base ../../../build/dobot_moveit build --build-base /home/huahai/dobot_ws/build/dobot_moveit/build install --record /home/huahai/dobot_ws/build/dobot_moveit/install.log --single-version-externally-managed install_data
[3.057s] Level 1:colcon.colcon_core.environment:checking '/home/huahai/dobot_ws/install/dobot_moveit' for CMake module files
[3.057s] DEBUG:colcon.colcon_core.event_handler.log_command:Invoked command in '/home/huahai/dobot_ws/src/DOBOT_6Axis_ROS2_V3/dobot_moveit' returned '0': PYTHONPATH=/home/huahai/dobot_ws/build/dobot_moveit/prefix_override:/usr/lib/python3/dist-packages/colcon_core/task/python/colcon_distutils_commands:/home/huahai/dobot_ws/install/dobot_moveit/lib/python3.10/site-packages:${PYTHONPATH} /usr/bin/python3 -W ignore:setup.py install is deprecated -W ignore:easy_install command is deprecated setup.py egg_info --egg-base ../../../build/dobot_moveit build --build-base /home/huahai/dobot_ws/build/dobot_moveit/build install --record /home/huahai/dobot_ws/build/dobot_moveit/install.log --single-version-externally-managed install_data
[3.059s] Level 1:colcon.colcon_core.environment:checking '/home/huahai/dobot_ws/install/dobot_moveit' for CMake config files
[3.061s] Level 1:colcon.colcon_core.environment:checking '/home/huahai/dobot_ws/install/dobot_moveit/lib'
[3.061s] Level 1:colcon.colcon_core.environment:checking '/home/huahai/dobot_ws/install/dobot_moveit/bin'
[3.061s] Level 1:colcon.colcon_core.environment:checking '/home/huahai/dobot_ws/install/dobot_moveit/lib/pkgconfig/dobot_moveit.pc'
[3.061s] Level 1:colcon.colcon_core.environment:checking '/home/huahai/dobot_ws/install/dobot_moveit/lib/python3.10/site-packages'
[3.062s] Level 1:colcon.colcon_core.shell:create_environment_hook('dobot_moveit', 'pythonpath')
[3.062s] INFO:colcon.colcon_core.shell:Creating environment hook '/home/huahai/dobot_ws/install/dobot_moveit/share/dobot_moveit/hook/pythonpath.ps1'
[3.062s] INFO:colcon.colcon_core.shell:Creating environment descriptor '/home/huahai/dobot_ws/install/dobot_moveit/share/dobot_moveit/hook/pythonpath.dsv'
[3.063s] INFO:colcon.colcon_core.shell:Creating environment hook '/home/huahai/dobot_ws/install/dobot_moveit/share/dobot_moveit/hook/pythonpath.sh'
[3.064s] Level 1:colcon.colcon_core.environment:checking '/home/huahai/dobot_ws/install/dobot_moveit/bin'
[3.064s] Level 1:colcon.colcon_core.environment:create_environment_scripts_only(dobot_moveit)
[3.064s] INFO:colcon.colcon_core.shell:Creating package script '/home/huahai/dobot_ws/install/dobot_moveit/share/dobot_moveit/package.ps1'
[3.065s] INFO:colcon.colcon_core.shell:Creating package descriptor '/home/huahai/dobot_ws/install/dobot_moveit/share/dobot_moveit/package.dsv'
[3.066s] INFO:colcon.colcon_core.shell:Creating package script '/home/huahai/dobot_ws/install/dobot_moveit/share/dobot_moveit/package.sh'
[3.066s] INFO:colcon.colcon_core.shell:Creating package script '/home/huahai/dobot_ws/install/dobot_moveit/share/dobot_moveit/package.bash'
[3.067s] INFO:colcon.colcon_core.shell:Creating package script '/home/huahai/dobot_ws/install/dobot_moveit/share/dobot_moveit/package.zsh'
[3.067s] Level 1:colcon.colcon_core.environment:create_file_with_runtime_dependencies(/home/huahai/dobot_ws/install/dobot_moveit/share/colcon-core/packages/dobot_moveit)
[3.068s] INFO:colcon.colcon_ros.task.ament_cmake.build:Building ROS package in '/home/huahai/dobot_ws/src/DOBOT_6Axis_ROS2_V3/cr10_moveit' with build type 'ament_cmake'
[3.068s] INFO:colcon.colcon_cmake.task.cmake.build:Building CMake package in '/home/huahai/dobot_ws/src/DOBOT_6Axis_ROS2_V3/cr10_moveit'
[3.068s] INFO:colcon.colcon_core.shell:Skip shell extension 'powershell' for command environment: Not usable outside of PowerShell
[3.069s] DEBUG:colcon.colcon_core.shell:Skip shell extension 'dsv' for command environment
[3.084s] DEBUG:colcon.colcon_core.event_handler.log_command:Invoking command in '/home/huahai/dobot_ws/build/cr10_moveit': CMAKE_PREFIX_PATH=/home/huahai/dobot_ws/install/dobot_rviz:/home/huahai/dobot_ws/install/nova5_moveit:/home/huahai/dobot_ws/install/nova2_moveit:/home/huahai/dobot_ws/install/cr7_moveit:/home/huahai/dobot_ws/install/cr5_moveit:/home/huahai/dobot_ws/install/cr3_moveit:/home/huahai/dobot_ws/install/cr16_moveit:/home/huahai/dobot_ws/install/cr12_moveit:/home/huahai/dobot_ws/install/cr10_moveit:/home/huahai/dobot_ws/install/dobot_msgs_v3:/home/huahai/dobot_ws/install/dobot_gazebo:/home/huahai/dobot_ws/install/cra_description:/home/huahai/dobot_ws/install/robot_control_api:/home/huahai/dobot_ws/install/qt_robot_control:/home/huahai/dobot_ws/install/servo_action:/home/huahai/dobot_ws/install/dobot_bringup_v3:/home/huahai/dobot_ws/install/dobot_moveit:/home/huahai/dobot_ws/install/dobot_demo:/opt/ros/humble /usr/bin/cmake --build /home/huahai/dobot_ws/build/cr10_moveit -- -j2 -l2
[3.114s] DEBUG:colcon.colcon_core.event_handler.log_command:Invoking command in '/home/huahai/dobot_ws/src/DOBOT_6Axis_ROS2_V3/servo_action': PYTHONPATH=/home/huahai/dobot_ws/build/servo_action/prefix_override:/usr/lib/python3/dist-packages/colcon_core/task/python/colcon_distutils_commands:/home/huahai/dobot_ws/install/servo_action/lib/python3.10/site-packages:${PYTHONPATH} /usr/bin/python3 -W ignore:setup.py install is deprecated -W ignore:easy_install command is deprecated setup.py egg_info --egg-base ../../../build/servo_action build --build-base /home/huahai/dobot_ws/build/servo_action/build install --record /home/huahai/dobot_ws/build/servo_action/install.log --single-version-externally-managed install_data
[3.134s] DEBUG:colcon.colcon_core.event_handler.log_command:Invoked command in '/home/huahai/dobot_ws/build/cr10_moveit' returned '0': CMAKE_PREFIX_PATH=/home/huahai/dobot_ws/install/dobot_rviz:/home/huahai/dobot_ws/install/nova5_moveit:/home/huahai/dobot_ws/install/nova2_moveit:/home/huahai/dobot_ws/install/cr7_moveit:/home/huahai/dobot_ws/install/cr5_moveit:/home/huahai/dobot_ws/install/cr3_moveit:/home/huahai/dobot_ws/install/cr16_moveit:/home/huahai/dobot_ws/install/cr12_moveit:/home/huahai/dobot_ws/install/cr10_moveit:/home/huahai/dobot_ws/install/dobot_msgs_v3:/home/huahai/dobot_ws/install/dobot_gazebo:/home/huahai/dobot_ws/install/cra_description:/home/huahai/dobot_ws/install/robot_control_api:/home/huahai/dobot_ws/install/qt_robot_control:/home/huahai/dobot_ws/install/servo_action:/home/huahai/dobot_ws/install/dobot_bringup_v3:/home/huahai/dobot_ws/install/dobot_moveit:/home/huahai/dobot_ws/install/dobot_demo:/opt/ros/humble /usr/bin/cmake --build /home/huahai/dobot_ws/build/cr10_moveit -- -j2 -l2
[3.136s] DEBUG:colcon.colcon_core.event_handler.log_command:Invoking command in '/home/huahai/dobot_ws/build/cr10_moveit': CMAKE_PREFIX_PATH=/home/huahai/dobot_ws/install/dobot_rviz:/home/huahai/dobot_ws/install/nova5_moveit:/home/huahai/dobot_ws/install/nova2_moveit:/home/huahai/dobot_ws/install/cr7_moveit:/home/huahai/dobot_ws/install/cr5_moveit:/home/huahai/dobot_ws/install/cr3_moveit:/home/huahai/dobot_ws/install/cr16_moveit:/home/huahai/dobot_ws/install/cr12_moveit:/home/huahai/dobot_ws/install/cr10_moveit:/home/huahai/dobot_ws/install/dobot_msgs_v3:/home/huahai/dobot_ws/install/dobot_gazebo:/home/huahai/dobot_ws/install/cra_description:/home/huahai/dobot_ws/install/robot_control_api:/home/huahai/dobot_ws/install/qt_robot_control:/home/huahai/dobot_ws/install/servo_action:/home/huahai/dobot_ws/install/dobot_bringup_v3:/home/huahai/dobot_ws/install/dobot_moveit:/home/huahai/dobot_ws/install/dobot_demo:/opt/ros/humble /usr/bin/cmake --install /home/huahai/dobot_ws/build/cr10_moveit
[3.152s] Level 1:colcon.colcon_core.environment:create_environment_scripts_only(cr10_moveit)
[3.153s] DEBUG:colcon.colcon_core.event_handler.log_command:Invoked command in '/home/huahai/dobot_ws/build/cr10_moveit' returned '0': CMAKE_PREFIX_PATH=/home/huahai/dobot_ws/install/dobot_rviz:/home/huahai/dobot_ws/install/nova5_moveit:/home/huahai/dobot_ws/install/nova2_moveit:/home/huahai/dobot_ws/install/cr7_moveit:/home/huahai/dobot_ws/install/cr5_moveit:/home/huahai/dobot_ws/install/cr3_moveit:/home/huahai/dobot_ws/install/cr16_moveit:/home/huahai/dobot_ws/install/cr12_moveit:/home/huahai/dobot_ws/install/cr10_moveit:/home/huahai/dobot_ws/install/dobot_msgs_v3:/home/huahai/dobot_ws/install/dobot_gazebo:/home/huahai/dobot_ws/install/cra_description:/home/huahai/dobot_ws/install/robot_control_api:/home/huahai/dobot_ws/install/qt_robot_control:/home/huahai/dobot_ws/install/servo_action:/home/huahai/dobot_ws/install/dobot_bringup_v3:/home/huahai/dobot_ws/install/dobot_moveit:/home/huahai/dobot_ws/install/dobot_demo:/opt/ros/humble /usr/bin/cmake --install /home/huahai/dobot_ws/build/cr10_moveit
[3.154s] Level 1:colcon.colcon_core.environment:checking '/home/huahai/dobot_ws/install/cr10_moveit' for CMake module files
[3.154s] Level 1:colcon.colcon_core.environment:checking '/home/huahai/dobot_ws/install/cr10_moveit' for CMake config files
[3.155s] Level 1:colcon.colcon_core.shell:create_environment_hook('cr10_moveit', 'cmake_prefix_path')
[3.156s] INFO:colcon.colcon_core.shell:Creating environment hook '/home/huahai/dobot_ws/install/cr10_moveit/share/cr10_moveit/hook/cmake_prefix_path.ps1'
[3.157s] INFO:colcon.colcon_core.shell:Creating environment descriptor '/home/huahai/dobot_ws/install/cr10_moveit/share/cr10_moveit/hook/cmake_prefix_path.dsv'
[3.158s] INFO:colcon.colcon_core.shell:Creating environment hook '/home/huahai/dobot_ws/install/cr10_moveit/share/cr10_moveit/hook/cmake_prefix_path.sh'
[3.159s] Level 1:colcon.colcon_core.environment:checking '/home/huahai/dobot_ws/install/cr10_moveit/bin'
[3.160s] Level 1:colcon.colcon_core.environment:checking '/home/huahai/dobot_ws/install/cr10_moveit/lib/pkgconfig/cr10_moveit.pc'
[3.160s] Level 1:colcon.colcon_core.environment:checking '/home/huahai/dobot_ws/install/cr10_moveit/lib/python3.10/site-packages'
[3.162s] Level 1:colcon.colcon_core.environment:checking '/home/huahai/dobot_ws/install/cr10_moveit/bin'
[3.162s] INFO:colcon.colcon_core.shell:Creating package script '/home/huahai/dobot_ws/install/cr10_moveit/share/cr10_moveit/package.ps1'
[3.162s] INFO:colcon.colcon_core.shell:Creating package descriptor '/home/huahai/dobot_ws/install/cr10_moveit/share/cr10_moveit/package.dsv'
[3.163s] INFO:colcon.colcon_core.shell:Creating package script '/home/huahai/dobot_ws/install/cr10_moveit/share/cr10_moveit/package.sh'
[3.164s] INFO:colcon.colcon_core.shell:Creating package script '/home/huahai/dobot_ws/install/cr10_moveit/share/cr10_moveit/package.bash'
[3.164s] INFO:colcon.colcon_core.shell:Creating package script '/home/huahai/dobot_ws/install/cr10_moveit/share/cr10_moveit/package.zsh'
[3.164s] Level 1:colcon.colcon_core.environment:create_file_with_runtime_dependencies(/home/huahai/dobot_ws/install/cr10_moveit/share/colcon-core/packages/cr10_moveit)
[3.165s] Level 1:colcon.colcon_core.environment:create_environment_scripts_only(cr10_moveit)
[3.165s] Level 1:colcon.colcon_core.environment:checking '/home/huahai/dobot_ws/install/cr10_moveit' for CMake module files
[3.166s] Level 1:colcon.colcon_core.environment:checking '/home/huahai/dobot_ws/install/cr10_moveit' for CMake config files
[3.166s] Level 1:colcon.colcon_core.shell:create_environment_hook('cr10_moveit', 'cmake_prefix_path')
[3.166s] INFO:colcon.colcon_core.shell:Creating environment hook '/home/huahai/dobot_ws/install/cr10_moveit/share/cr10_moveit/hook/cmake_prefix_path.ps1'
[3.167s] INFO:colcon.colcon_core.shell:Creating environment descriptor '/home/huahai/dobot_ws/install/cr10_moveit/share/cr10_moveit/hook/cmake_prefix_path.dsv'
[3.167s] INFO:colcon.colcon_core.shell:Creating environment hook '/home/huahai/dobot_ws/install/cr10_moveit/share/cr10_moveit/hook/cmake_prefix_path.sh'
[3.168s] Level 1:colcon.colcon_core.environment:checking '/home/huahai/dobot_ws/install/cr10_moveit/bin'
[3.168s] Level 1:colcon.colcon_core.environment:checking '/home/huahai/dobot_ws/install/cr10_moveit/lib/pkgconfig/cr10_moveit.pc'
[3.168s] Level 1:colcon.colcon_core.environment:checking '/home/huahai/dobot_ws/install/cr10_moveit/lib/python3.10/site-packages'
[3.168s] Level 1:colcon.colcon_core.environment:checking '/home/huahai/dobot_ws/install/cr10_moveit/bin'
[3.168s] INFO:colcon.colcon_core.shell:Creating package script '/home/huahai/dobot_ws/install/cr10_moveit/share/cr10_moveit/package.ps1'
[3.169s] INFO:colcon.colcon_core.shell:Creating package descriptor '/home/huahai/dobot_ws/install/cr10_moveit/share/cr10_moveit/package.dsv'
[3.169s] INFO:colcon.colcon_core.shell:Creating package script '/home/huahai/dobot_ws/install/cr10_moveit/share/cr10_moveit/package.sh'
[3.170s] INFO:colcon.colcon_core.shell:Creating package script '/home/huahai/dobot_ws/install/cr10_moveit/share/cr10_moveit/package.bash'
[3.170s] INFO:colcon.colcon_core.shell:Creating package script '/home/huahai/dobot_ws/install/cr10_moveit/share/cr10_moveit/package.zsh'
[3.171s] Level 1:colcon.colcon_core.environment:create_file_with_runtime_dependencies(/home/huahai/dobot_ws/install/cr10_moveit/share/colcon-core/packages/cr10_moveit)
[3.172s] INFO:colcon.colcon_ros.task.ament_cmake.build:Building ROS package in '/home/huahai/dobot_ws/src/DOBOT_6Axis_ROS2_V3/cr12_moveit' with build type 'ament_cmake'
[3.172s] INFO:colcon.colcon_cmake.task.cmake.build:Building CMake package in '/home/huahai/dobot_ws/src/DOBOT_6Axis_ROS2_V3/cr12_moveit'
[3.172s] INFO:colcon.colcon_core.shell:Skip shell extension 'powershell' for command environment: Not usable outside of PowerShell
[3.172s] DEBUG:colcon.colcon_core.shell:Skip shell extension 'dsv' for command environment
[3.187s] DEBUG:colcon.colcon_core.event_handler.log_command:Invoking command in '/home/huahai/dobot_ws/build/cr12_moveit': CMAKE_PREFIX_PATH=/home/huahai/dobot_ws/install/dobot_rviz:/home/huahai/dobot_ws/install/nova5_moveit:/home/huahai/dobot_ws/install/nova2_moveit:/home/huahai/dobot_ws/install/cr7_moveit:/home/huahai/dobot_ws/install/cr5_moveit:/home/huahai/dobot_ws/install/cr3_moveit:/home/huahai/dobot_ws/install/cr16_moveit:/home/huahai/dobot_ws/install/cr12_moveit:/home/huahai/dobot_ws/install/cr10_moveit:/home/huahai/dobot_ws/install/dobot_msgs_v3:/home/huahai/dobot_ws/install/dobot_gazebo:/home/huahai/dobot_ws/install/cra_description:/home/huahai/dobot_ws/install/robot_control_api:/home/huahai/dobot_ws/install/qt_robot_control:/home/huahai/dobot_ws/install/servo_action:/home/huahai/dobot_ws/install/dobot_bringup_v3:/home/huahai/dobot_ws/install/dobot_moveit:/home/huahai/dobot_ws/install/dobot_demo:/opt/ros/humble /usr/bin/cmake --build /home/huahai/dobot_ws/build/cr12_moveit -- -j2 -l2
[3.230s] DEBUG:colcon.colcon_core.event_handler.log_command:Invoked command in '/home/huahai/dobot_ws/build/cr12_moveit' returned '0': CMAKE_PREFIX_PATH=/home/huahai/dobot_ws/install/dobot_rviz:/home/huahai/dobot_ws/install/nova5_moveit:/home/huahai/dobot_ws/install/nova2_moveit:/home/huahai/dobot_ws/install/cr7_moveit:/home/huahai/dobot_ws/install/cr5_moveit:/home/huahai/dobot_ws/install/cr3_moveit:/home/huahai/dobot_ws/install/cr16_moveit:/home/huahai/dobot_ws/install/cr12_moveit:/home/huahai/dobot_ws/install/cr10_moveit:/home/huahai/dobot_ws/install/dobot_msgs_v3:/home/huahai/dobot_ws/install/dobot_gazebo:/home/huahai/dobot_ws/install/cra_description:/home/huahai/dobot_ws/install/robot_control_api:/home/huahai/dobot_ws/install/qt_robot_control:/home/huahai/dobot_ws/install/servo_action:/home/huahai/dobot_ws/install/dobot_bringup_v3:/home/huahai/dobot_ws/install/dobot_moveit:/home/huahai/dobot_ws/install/dobot_demo:/opt/ros/humble /usr/bin/cmake --build /home/huahai/dobot_ws/build/cr12_moveit -- -j2 -l2
[3.232s] DEBUG:colcon.colcon_core.event_handler.log_command:Invoking command in '/home/huahai/dobot_ws/build/cr12_moveit': CMAKE_PREFIX_PATH=/home/huahai/dobot_ws/install/dobot_rviz:/home/huahai/dobot_ws/install/nova5_moveit:/home/huahai/dobot_ws/install/nova2_moveit:/home/huahai/dobot_ws/install/cr7_moveit:/home/huahai/dobot_ws/install/cr5_moveit:/home/huahai/dobot_ws/install/cr3_moveit:/home/huahai/dobot_ws/install/cr16_moveit:/home/huahai/dobot_ws/install/cr12_moveit:/home/huahai/dobot_ws/install/cr10_moveit:/home/huahai/dobot_ws/install/dobot_msgs_v3:/home/huahai/dobot_ws/install/dobot_gazebo:/home/huahai/dobot_ws/install/cra_description:/home/huahai/dobot_ws/install/robot_control_api:/home/huahai/dobot_ws/install/qt_robot_control:/home/huahai/dobot_ws/install/servo_action:/home/huahai/dobot_ws/install/dobot_bringup_v3:/home/huahai/dobot_ws/install/dobot_moveit:/home/huahai/dobot_ws/install/dobot_demo:/opt/ros/humble /usr/bin/cmake --install /home/huahai/dobot_ws/build/cr12_moveit
[3.249s] Level 1:colcon.colcon_core.environment:create_environment_scripts_only(cr12_moveit)
[3.250s] DEBUG:colcon.colcon_core.event_handler.log_command:Invoked command in '/home/huahai/dobot_ws/build/cr12_moveit' returned '0': CMAKE_PREFIX_PATH=/home/huahai/dobot_ws/install/dobot_rviz:/home/huahai/dobot_ws/install/nova5_moveit:/home/huahai/dobot_ws/install/nova2_moveit:/home/huahai/dobot_ws/install/cr7_moveit:/home/huahai/dobot_ws/install/cr5_moveit:/home/huahai/dobot_ws/install/cr3_moveit:/home/huahai/dobot_ws/install/cr16_moveit:/home/huahai/dobot_ws/install/cr12_moveit:/home/huahai/dobot_ws/install/cr10_moveit:/home/huahai/dobot_ws/install/dobot_msgs_v3:/home/huahai/dobot_ws/install/dobot_gazebo:/home/huahai/dobot_ws/install/cra_description:/home/huahai/dobot_ws/install/robot_control_api:/home/huahai/dobot_ws/install/qt_robot_control:/home/huahai/dobot_ws/install/servo_action:/home/huahai/dobot_ws/install/dobot_bringup_v3:/home/huahai/dobot_ws/install/dobot_moveit:/home/huahai/dobot_ws/install/dobot_demo:/opt/ros/humble /usr/bin/cmake --install /home/huahai/dobot_ws/build/cr12_moveit
[3.250s] Level 1:colcon.colcon_core.environment:checking '/home/huahai/dobot_ws/install/cr12_moveit' for CMake module files
[3.251s] Level 1:colcon.colcon_core.environment:checking '/home/huahai/dobot_ws/install/cr12_moveit' for CMake config files
[3.252s] Level 1:colcon.colcon_core.shell:create_environment_hook('cr12_moveit', 'cmake_prefix_path')
[3.253s] INFO:colcon.colcon_core.shell:Creating environment hook '/home/huahai/dobot_ws/install/cr12_moveit/share/cr12_moveit/hook/cmake_prefix_path.ps1'
[3.254s] INFO:colcon.colcon_core.shell:Creating environment descriptor '/home/huahai/dobot_ws/install/cr12_moveit/share/cr12_moveit/hook/cmake_prefix_path.dsv'
[3.255s] INFO:colcon.colcon_core.shell:Creating environment hook '/home/huahai/dobot_ws/install/cr12_moveit/share/cr12_moveit/hook/cmake_prefix_path.sh'
[3.256s] Level 1:colcon.colcon_core.environment:checking '/home/huahai/dobot_ws/install/cr12_moveit/bin'
[3.256s] Level 1:colcon.colcon_core.environment:checking '/home/huahai/dobot_ws/install/cr12_moveit/lib/pkgconfig/cr12_moveit.pc'
[3.257s] Level 1:colcon.colcon_core.environment:checking '/home/huahai/dobot_ws/install/cr12_moveit/lib/python3.10/site-packages'
[3.258s] Level 1:colcon.colcon_core.environment:checking '/home/huahai/dobot_ws/install/cr12_moveit/bin'
[3.259s] INFO:colcon.colcon_core.shell:Creating package script '/home/huahai/dobot_ws/install/cr12_moveit/share/cr12_moveit/package.ps1'
[3.262s] INFO:colcon.colcon_core.shell:Creating package descriptor '/home/huahai/dobot_ws/install/cr12_moveit/share/cr12_moveit/package.dsv'
[3.263s] INFO:colcon.colcon_core.shell:Creating package script '/home/huahai/dobot_ws/install/cr12_moveit/share/cr12_moveit/package.sh'
[3.265s] INFO:colcon.colcon_core.shell:Creating package script '/home/huahai/dobot_ws/install/cr12_moveit/share/cr12_moveit/package.bash'
[3.267s] INFO:colcon.colcon_core.shell:Creating package script '/home/huahai/dobot_ws/install/cr12_moveit/share/cr12_moveit/package.zsh'
[3.269s] Level 1:colcon.colcon_core.environment:create_file_with_runtime_dependencies(/home/huahai/dobot_ws/install/cr12_moveit/share/colcon-core/packages/cr12_moveit)
[3.271s] Level 1:colcon.colcon_core.environment:create_environment_scripts_only(cr12_moveit)
[3.271s] Level 1:colcon.colcon_core.environment:checking '/home/huahai/dobot_ws/install/cr12_moveit' for CMake module files
[3.272s] Level 1:colcon.colcon_core.environment:checking '/home/huahai/dobot_ws/install/cr12_moveit' for CMake config files
[3.273s] Level 1:colcon.colcon_core.shell:create_environment_hook('cr12_moveit', 'cmake_prefix_path')
[3.273s] INFO:colcon.colcon_core.shell:Creating environment hook '/home/huahai/dobot_ws/install/cr12_moveit/share/cr12_moveit/hook/cmake_prefix_path.ps1'
[3.274s] INFO:colcon.colcon_core.shell:Creating environment descriptor '/home/huahai/dobot_ws/install/cr12_moveit/share/cr12_moveit/hook/cmake_prefix_path.dsv'
[3.275s] INFO:colcon.colcon_core.shell:Creating environment hook '/home/huahai/dobot_ws/install/cr12_moveit/share/cr12_moveit/hook/cmake_prefix_path.sh'
[3.277s] Level 1:colcon.colcon_core.environment:checking '/home/huahai/dobot_ws/install/cr12_moveit/bin'
[3.277s] Level 1:colcon.colcon_core.environment:checking '/home/huahai/dobot_ws/install/cr12_moveit/lib/pkgconfig/cr12_moveit.pc'
[3.277s] Level 1:colcon.colcon_core.environment:checking '/home/huahai/dobot_ws/install/cr12_moveit/lib/python3.10/site-packages'
[3.278s] Level 1:colcon.colcon_core.environment:checking '/home/huahai/dobot_ws/install/cr12_moveit/bin'
[3.279s] INFO:colcon.colcon_core.shell:Creating package script '/home/huahai/dobot_ws/install/cr12_moveit/share/cr12_moveit/package.ps1'
[3.280s] INFO:colcon.colcon_core.shell:Creating package descriptor '/home/huahai/dobot_ws/install/cr12_moveit/share/cr12_moveit/package.dsv'
[3.281s] INFO:colcon.colcon_core.shell:Creating package script '/home/huahai/dobot_ws/install/cr12_moveit/share/cr12_moveit/package.sh'
[3.283s] INFO:colcon.colcon_core.shell:Creating package script '/home/huahai/dobot_ws/install/cr12_moveit/share/cr12_moveit/package.bash'
[3.283s] INFO:colcon.colcon_core.shell:Creating package script '/home/huahai/dobot_ws/install/cr12_moveit/share/cr12_moveit/package.zsh'
[3.284s] Level 1:colcon.colcon_core.environment:create_file_with_runtime_dependencies(/home/huahai/dobot_ws/install/cr12_moveit/share/colcon-core/packages/cr12_moveit)
[3.286s] INFO:colcon.colcon_ros.task.ament_cmake.build:Building ROS package in '/home/huahai/dobot_ws/src/DOBOT_6Axis_ROS2_V3/cr16_moveit' with build type 'ament_cmake'
[3.286s] INFO:colcon.colcon_cmake.task.cmake.build:Building CMake package in '/home/huahai/dobot_ws/src/DOBOT_6Axis_ROS2_V3/cr16_moveit'
[3.286s] INFO:colcon.colcon_core.shell:Skip shell extension 'powershell' for command environment: Not usable outside of PowerShell
[3.286s] DEBUG:colcon.colcon_core.shell:Skip shell extension 'dsv' for command environment
[3.311s] DEBUG:colcon.colcon_core.event_handler.log_command:Invoking command in '/home/huahai/dobot_ws/build/cr16_moveit': CMAKE_PREFIX_PATH=/home/huahai/dobot_ws/install/dobot_rviz:/home/huahai/dobot_ws/install/nova5_moveit:/home/huahai/dobot_ws/install/nova2_moveit:/home/huahai/dobot_ws/install/cr7_moveit:/home/huahai/dobot_ws/install/cr5_moveit:/home/huahai/dobot_ws/install/cr3_moveit:/home/huahai/dobot_ws/install/cr16_moveit:/home/huahai/dobot_ws/install/cr12_moveit:/home/huahai/dobot_ws/install/cr10_moveit:/home/huahai/dobot_ws/install/dobot_msgs_v3:/home/huahai/dobot_ws/install/dobot_gazebo:/home/huahai/dobot_ws/install/cra_description:/home/huahai/dobot_ws/install/robot_control_api:/home/huahai/dobot_ws/install/qt_robot_control:/home/huahai/dobot_ws/install/servo_action:/home/huahai/dobot_ws/install/dobot_bringup_v3:/home/huahai/dobot_ws/install/dobot_moveit:/home/huahai/dobot_ws/install/dobot_demo:/opt/ros/humble /usr/bin/cmake --build /home/huahai/dobot_ws/build/cr16_moveit -- -j2 -l2
[3.351s] DEBUG:colcon.colcon_core.event_handler.log_command:Invoked command in '/home/huahai/dobot_ws/build/cr16_moveit' returned '0': CMAKE_PREFIX_PATH=/home/huahai/dobot_ws/install/dobot_rviz:/home/huahai/dobot_ws/install/nova5_moveit:/home/huahai/dobot_ws/install/nova2_moveit:/home/huahai/dobot_ws/install/cr7_moveit:/home/huahai/dobot_ws/install/cr5_moveit:/home/huahai/dobot_ws/install/cr3_moveit:/home/huahai/dobot_ws/install/cr16_moveit:/home/huahai/dobot_ws/install/cr12_moveit:/home/huahai/dobot_ws/install/cr10_moveit:/home/huahai/dobot_ws/install/dobot_msgs_v3:/home/huahai/dobot_ws/install/dobot_gazebo:/home/huahai/dobot_ws/install/cra_description:/home/huahai/dobot_ws/install/robot_control_api:/home/huahai/dobot_ws/install/qt_robot_control:/home/huahai/dobot_ws/install/servo_action:/home/huahai/dobot_ws/install/dobot_bringup_v3:/home/huahai/dobot_ws/install/dobot_moveit:/home/huahai/dobot_ws/install/dobot_demo:/opt/ros/humble /usr/bin/cmake --build /home/huahai/dobot_ws/build/cr16_moveit -- -j2 -l2
[3.355s] DEBUG:colcon.colcon_core.event_handler.log_command:Invoking command in '/home/huahai/dobot_ws/build/cr16_moveit': CMAKE_PREFIX_PATH=/home/huahai/dobot_ws/install/dobot_rviz:/home/huahai/dobot_ws/install/nova5_moveit:/home/huahai/dobot_ws/install/nova2_moveit:/home/huahai/dobot_ws/install/cr7_moveit:/home/huahai/dobot_ws/install/cr5_moveit:/home/huahai/dobot_ws/install/cr3_moveit:/home/huahai/dobot_ws/install/cr16_moveit:/home/huahai/dobot_ws/install/cr12_moveit:/home/huahai/dobot_ws/install/cr10_moveit:/home/huahai/dobot_ws/install/dobot_msgs_v3:/home/huahai/dobot_ws/install/dobot_gazebo:/home/huahai/dobot_ws/install/cra_description:/home/huahai/dobot_ws/install/robot_control_api:/home/huahai/dobot_ws/install/qt_robot_control:/home/huahai/dobot_ws/install/servo_action:/home/huahai/dobot_ws/install/dobot_bringup_v3:/home/huahai/dobot_ws/install/dobot_moveit:/home/huahai/dobot_ws/install/dobot_demo:/opt/ros/humble /usr/bin/cmake --install /home/huahai/dobot_ws/build/cr16_moveit
[3.373s] Level 1:colcon.colcon_core.environment:create_environment_scripts_only(cr16_moveit)
[3.374s] Level 1:colcon.colcon_core.environment:checking '/home/huahai/dobot_ws/install/cr16_moveit' for CMake module files
[3.375s] Level 1:colcon.colcon_core.environment:checking '/home/huahai/dobot_ws/install/cr16_moveit' for CMake config files
[3.376s] Level 1:colcon.colcon_core.shell:create_environment_hook('cr16_moveit', 'cmake_prefix_path')
[3.377s] INFO:colcon.colcon_core.shell:Creating environment hook '/home/huahai/dobot_ws/install/cr16_moveit/share/cr16_moveit/hook/cmake_prefix_path.ps1'
[3.378s] DEBUG:colcon.colcon_core.event_handler.log_command:Invoked command in '/home/huahai/dobot_ws/build/cr16_moveit' returned '0': CMAKE_PREFIX_PATH=/home/huahai/dobot_ws/install/dobot_rviz:/home/huahai/dobot_ws/install/nova5_moveit:/home/huahai/dobot_ws/install/nova2_moveit:/home/huahai/dobot_ws/install/cr7_moveit:/home/huahai/dobot_ws/install/cr5_moveit:/home/huahai/dobot_ws/install/cr3_moveit:/home/huahai/dobot_ws/install/cr16_moveit:/home/huahai/dobot_ws/install/cr12_moveit:/home/huahai/dobot_ws/install/cr10_moveit:/home/huahai/dobot_ws/install/dobot_msgs_v3:/home/huahai/dobot_ws/install/dobot_gazebo:/home/huahai/dobot_ws/install/cra_description:/home/huahai/dobot_ws/install/robot_control_api:/home/huahai/dobot_ws/install/qt_robot_control:/home/huahai/dobot_ws/install/servo_action:/home/huahai/dobot_ws/install/dobot_bringup_v3:/home/huahai/dobot_ws/install/dobot_moveit:/home/huahai/dobot_ws/install/dobot_demo:/opt/ros/humble /usr/bin/cmake --install /home/huahai/dobot_ws/build/cr16_moveit
[3.379s] INFO:colcon.colcon_core.shell:Creating environment descriptor '/home/huahai/dobot_ws/install/cr16_moveit/share/cr16_moveit/hook/cmake_prefix_path.dsv'
[3.380s] INFO:colcon.colcon_core.shell:Creating environment hook '/home/huahai/dobot_ws/install/cr16_moveit/share/cr16_moveit/hook/cmake_prefix_path.sh'
[3.381s] Level 1:colcon.colcon_core.environment:checking '/home/huahai/dobot_ws/install/cr16_moveit/bin'
[3.381s] Level 1:colcon.colcon_core.environment:checking '/home/huahai/dobot_ws/install/cr16_moveit/lib/pkgconfig/cr16_moveit.pc'
[3.381s] Level 1:colcon.colcon_core.environment:checking '/home/huahai/dobot_ws/install/cr16_moveit/lib/python3.10/site-packages'
[3.381s] Level 1:colcon.colcon_core.environment:checking '/home/huahai/dobot_ws/install/cr16_moveit/bin'
[3.381s] INFO:colcon.colcon_core.shell:Creating package script '/home/huahai/dobot_ws/install/cr16_moveit/share/cr16_moveit/package.ps1'
[3.382s] INFO:colcon.colcon_core.shell:Creating package descriptor '/home/huahai/dobot_ws/install/cr16_moveit/share/cr16_moveit/package.dsv'
[3.382s] INFO:colcon.colcon_core.shell:Creating package script '/home/huahai/dobot_ws/install/cr16_moveit/share/cr16_moveit/package.sh'
[3.383s] INFO:colcon.colcon_core.shell:Creating package script '/home/huahai/dobot_ws/install/cr16_moveit/share/cr16_moveit/package.bash'
[3.384s] INFO:colcon.colcon_core.shell:Creating package script '/home/huahai/dobot_ws/install/cr16_moveit/share/cr16_moveit/package.zsh'
[3.385s] Level 1:colcon.colcon_core.environment:create_file_with_runtime_dependencies(/home/huahai/dobot_ws/install/cr16_moveit/share/colcon-core/packages/cr16_moveit)
[3.385s] Level 1:colcon.colcon_core.environment:create_environment_scripts_only(cr16_moveit)
[3.386s] Level 1:colcon.colcon_core.environment:checking '/home/huahai/dobot_ws/install/cr16_moveit' for CMake module files
[3.386s] Level 1:colcon.colcon_core.environment:checking '/home/huahai/dobot_ws/install/cr16_moveit' for CMake config files
[3.386s] Level 1:colcon.colcon_core.shell:create_environment_hook('cr16_moveit', 'cmake_prefix_path')
[3.386s] INFO:colcon.colcon_core.shell:Creating environment hook '/home/huahai/dobot_ws/install/cr16_moveit/share/cr16_moveit/hook/cmake_prefix_path.ps1'
[3.387s] INFO:colcon.colcon_core.shell:Creating environment descriptor '/home/huahai/dobot_ws/install/cr16_moveit/share/cr16_moveit/hook/cmake_prefix_path.dsv'
[3.387s] INFO:colcon.colcon_core.shell:Creating environment hook '/home/huahai/dobot_ws/install/cr16_moveit/share/cr16_moveit/hook/cmake_prefix_path.sh'
[3.388s] Level 1:colcon.colcon_core.environment:checking '/home/huahai/dobot_ws/install/cr16_moveit/bin'
[3.388s] Level 1:colcon.colcon_core.environment:checking '/home/huahai/dobot_ws/install/cr16_moveit/lib/pkgconfig/cr16_moveit.pc'
[3.389s] Level 1:colcon.colcon_core.environment:checking '/home/huahai/dobot_ws/install/cr16_moveit/lib/python3.10/site-packages'
[3.389s] Level 1:colcon.colcon_core.environment:checking '/home/huahai/dobot_ws/install/cr16_moveit/bin'
[3.389s] INFO:colcon.colcon_core.shell:Creating package script '/home/huahai/dobot_ws/install/cr16_moveit/share/cr16_moveit/package.ps1'
[3.390s] INFO:colcon.colcon_core.shell:Creating package descriptor '/home/huahai/dobot_ws/install/cr16_moveit/share/cr16_moveit/package.dsv'
[3.390s] INFO:colcon.colcon_core.shell:Creating package script '/home/huahai/dobot_ws/install/cr16_moveit/share/cr16_moveit/package.sh'
[3.391s] INFO:colcon.colcon_core.shell:Creating package script '/home/huahai/dobot_ws/install/cr16_moveit/share/cr16_moveit/package.bash'
[3.391s] INFO:colcon.colcon_core.shell:Creating package script '/home/huahai/dobot_ws/install/cr16_moveit/share/cr16_moveit/package.zsh'
[3.392s] Level 1:colcon.colcon_core.environment:create_file_with_runtime_dependencies(/home/huahai/dobot_ws/install/cr16_moveit/share/colcon-core/packages/cr16_moveit)
[3.393s] INFO:colcon.colcon_ros.task.ament_cmake.build:Building ROS package in '/home/huahai/dobot_ws/src/DOBOT_6Axis_ROS2_V3/cr3_moveit' with build type 'ament_cmake'
[3.394s] INFO:colcon.colcon_cmake.task.cmake.build:Building CMake package in '/home/huahai/dobot_ws/src/DOBOT_6Axis_ROS2_V3/cr3_moveit'
[3.395s] INFO:colcon.colcon_core.shell:Skip shell extension 'powershell' for command environment: Not usable outside of PowerShell
[3.395s] DEBUG:colcon.colcon_core.shell:Skip shell extension 'dsv' for command environment
[3.418s] DEBUG:colcon.colcon_core.event_handler.log_command:Invoking command in '/home/huahai/dobot_ws/build/cr3_moveit': CMAKE_PREFIX_PATH=/home/huahai/dobot_ws/install/dobot_rviz:/home/huahai/dobot_ws/install/nova5_moveit:/home/huahai/dobot_ws/install/nova2_moveit:/home/huahai/dobot_ws/install/cr7_moveit:/home/huahai/dobot_ws/install/cr5_moveit:/home/huahai/dobot_ws/install/cr3_moveit:/home/huahai/dobot_ws/install/cr16_moveit:/home/huahai/dobot_ws/install/cr12_moveit:/home/huahai/dobot_ws/install/cr10_moveit:/home/huahai/dobot_ws/install/dobot_msgs_v3:/home/huahai/dobot_ws/install/dobot_gazebo:/home/huahai/dobot_ws/install/cra_description:/home/huahai/dobot_ws/install/robot_control_api:/home/huahai/dobot_ws/install/qt_robot_control:/home/huahai/dobot_ws/install/servo_action:/home/huahai/dobot_ws/install/dobot_bringup_v3:/home/huahai/dobot_ws/install/dobot_moveit:/home/huahai/dobot_ws/install/dobot_demo:/opt/ros/humble /usr/bin/cmake --build /home/huahai/dobot_ws/build/cr3_moveit -- -j2 -l2
[3.453s] Level 1:colcon.colcon_core.environment:checking '/home/huahai/dobot_ws/install/servo_action' for CMake module files
[3.455s] DEBUG:colcon.colcon_core.event_handler.log_command:Invoked command in '/home/huahai/dobot_ws/src/DOBOT_6Axis_ROS2_V3/servo_action' returned '0': PYTHONPATH=/home/huahai/dobot_ws/build/servo_action/prefix_override:/usr/lib/python3/dist-packages/colcon_core/task/python/colcon_distutils_commands:/home/huahai/dobot_ws/install/servo_action/lib/python3.10/site-packages:${PYTHONPATH} /usr/bin/python3 -W ignore:setup.py install is deprecated -W ignore:easy_install command is deprecated setup.py egg_info --egg-base ../../../build/servo_action build --build-base /home/huahai/dobot_ws/build/servo_action/build install --record /home/huahai/dobot_ws/build/servo_action/install.log --single-version-externally-managed install_data
[3.456s] Level 1:colcon.colcon_core.environment:checking '/home/huahai/dobot_ws/install/servo_action' for CMake config files
[3.457s] Level 1:colcon.colcon_core.environment:checking '/home/huahai/dobot_ws/install/servo_action/lib'
[3.457s] Level 1:colcon.colcon_core.environment:checking '/home/huahai/dobot_ws/install/servo_action/bin'
[3.457s] Level 1:colcon.colcon_core.environment:checking '/home/huahai/dobot_ws/install/servo_action/lib/pkgconfig/servo_action.pc'
[3.458s] Level 1:colcon.colcon_core.environment:checking '/home/huahai/dobot_ws/install/servo_action/lib/python3.10/site-packages'
[3.458s] Level 1:colcon.colcon_core.shell:create_environment_hook('servo_action', 'pythonpath')
[3.458s] INFO:colcon.colcon_core.shell:Creating environment hook '/home/huahai/dobot_ws/install/servo_action/share/servo_action/hook/pythonpath.ps1'
[3.458s] INFO:colcon.colcon_core.shell:Creating environment descriptor '/home/huahai/dobot_ws/install/servo_action/share/servo_action/hook/pythonpath.dsv'
[3.459s] INFO:colcon.colcon_core.shell:Creating environment hook '/home/huahai/dobot_ws/install/servo_action/share/servo_action/hook/pythonpath.sh'
[3.460s] Level 1:colcon.colcon_core.environment:checking '/home/huahai/dobot_ws/install/servo_action/bin'
[3.460s] Level 1:colcon.colcon_core.environment:create_environment_scripts_only(servo_action)
[3.460s] INFO:colcon.colcon_core.shell:Creating package script '/home/huahai/dobot_ws/install/servo_action/share/servo_action/package.ps1'
[3.461s] INFO:colcon.colcon_core.shell:Creating package descriptor '/home/huahai/dobot_ws/install/servo_action/share/servo_action/package.dsv'
[3.462s] INFO:colcon.colcon_core.shell:Creating package script '/home/huahai/dobot_ws/install/servo_action/share/servo_action/package.sh'
[3.463s] INFO:colcon.colcon_core.shell:Creating package script '/home/huahai/dobot_ws/install/servo_action/share/servo_action/package.bash'
[3.464s] INFO:colcon.colcon_core.shell:Creating package script '/home/huahai/dobot_ws/install/servo_action/share/servo_action/package.zsh'
[3.464s] Level 1:colcon.colcon_core.environment:create_file_with_runtime_dependencies(/home/huahai/dobot_ws/install/servo_action/share/colcon-core/packages/servo_action)
[3.465s] INFO:colcon.colcon_ros.task.ament_cmake.build:Building ROS package in '/home/huahai/dobot_ws/src/DOBOT_6Axis_ROS2_V3/cr5_moveit' with build type 'ament_cmake'
[3.465s] INFO:colcon.colcon_cmake.task.cmake.build:Building CMake package in '/home/huahai/dobot_ws/src/DOBOT_6Axis_ROS2_V3/cr5_moveit'
[3.465s] INFO:colcon.colcon_core.shell:Skip shell extension 'powershell' for command environment: Not usable outside of PowerShell
[3.466s] DEBUG:colcon.colcon_core.shell:Skip shell extension 'dsv' for command environment
[3.474s] DEBUG:colcon.colcon_core.event_handler.log_command:Invoked command in '/home/huahai/dobot_ws/build/cr3_moveit' returned '0': CMAKE_PREFIX_PATH=/home/huahai/dobot_ws/install/dobot_rviz:/home/huahai/dobot_ws/install/nova5_moveit:/home/huahai/dobot_ws/install/nova2_moveit:/home/huahai/dobot_ws/install/cr7_moveit:/home/huahai/dobot_ws/install/cr5_moveit:/home/huahai/dobot_ws/install/cr3_moveit:/home/huahai/dobot_ws/install/cr16_moveit:/home/huahai/dobot_ws/install/cr12_moveit:/home/huahai/dobot_ws/install/cr10_moveit:/home/huahai/dobot_ws/install/dobot_msgs_v3:/home/huahai/dobot_ws/install/dobot_gazebo:/home/huahai/dobot_ws/install/cra_description:/home/huahai/dobot_ws/install/robot_control_api:/home/huahai/dobot_ws/install/qt_robot_control:/home/huahai/dobot_ws/install/servo_action:/home/huahai/dobot_ws/install/dobot_bringup_v3:/home/huahai/dobot_ws/install/dobot_moveit:/home/huahai/dobot_ws/install/dobot_demo:/opt/ros/humble /usr/bin/cmake --build /home/huahai/dobot_ws/build/cr3_moveit -- -j2 -l2
[3.478s] DEBUG:colcon.colcon_core.event_handler.log_command:Invoking command in '/home/huahai/dobot_ws/build/cr3_moveit': CMAKE_PREFIX_PATH=/home/huahai/dobot_ws/install/dobot_rviz:/home/huahai/dobot_ws/install/nova5_moveit:/home/huahai/dobot_ws/install/nova2_moveit:/home/huahai/dobot_ws/install/cr7_moveit:/home/huahai/dobot_ws/install/cr5_moveit:/home/huahai/dobot_ws/install/cr3_moveit:/home/huahai/dobot_ws/install/cr16_moveit:/home/huahai/dobot_ws/install/cr12_moveit:/home/huahai/dobot_ws/install/cr10_moveit:/home/huahai/dobot_ws/install/dobot_msgs_v3:/home/huahai/dobot_ws/install/dobot_gazebo:/home/huahai/dobot_ws/install/cra_description:/home/huahai/dobot_ws/install/robot_control_api:/home/huahai/dobot_ws/install/qt_robot_control:/home/huahai/dobot_ws/install/servo_action:/home/huahai/dobot_ws/install/dobot_bringup_v3:/home/huahai/dobot_ws/install/dobot_moveit:/home/huahai/dobot_ws/install/dobot_demo:/opt/ros/humble /usr/bin/cmake --install /home/huahai/dobot_ws/build/cr3_moveit
[3.486s] DEBUG:colcon.colcon_core.event_handler.log_command:Invoking command in '/home/huahai/dobot_ws/build/cr5_moveit': CMAKE_PREFIX_PATH=/home/huahai/dobot_ws/install/dobot_rviz:/home/huahai/dobot_ws/install/nova5_moveit:/home/huahai/dobot_ws/install/nova2_moveit:/home/huahai/dobot_ws/install/cr7_moveit:/home/huahai/dobot_ws/install/cr5_moveit:/home/huahai/dobot_ws/install/cr3_moveit:/home/huahai/dobot_ws/install/cr16_moveit:/home/huahai/dobot_ws/install/cr12_moveit:/home/huahai/dobot_ws/install/cr10_moveit:/home/huahai/dobot_ws/install/dobot_msgs_v3:/home/huahai/dobot_ws/install/dobot_gazebo:/home/huahai/dobot_ws/install/cra_description:/home/huahai/dobot_ws/install/robot_control_api:/home/huahai/dobot_ws/install/qt_robot_control:/home/huahai/dobot_ws/install/servo_action:/home/huahai/dobot_ws/install/dobot_bringup_v3:/home/huahai/dobot_ws/install/dobot_moveit:/home/huahai/dobot_ws/install/dobot_demo:/opt/ros/humble /usr/bin/cmake --build /home/huahai/dobot_ws/build/cr5_moveit -- -j2 -l2
[3.500s] Level 1:colcon.colcon_core.environment:create_environment_scripts_only(cr3_moveit)
[3.501s] DEBUG:colcon.colcon_core.event_handler.log_command:Invoked command in '/home/huahai/dobot_ws/build/cr3_moveit' returned '0': CMAKE_PREFIX_PATH=/home/huahai/dobot_ws/install/dobot_rviz:/home/huahai/dobot_ws/install/nova5_moveit:/home/huahai/dobot_ws/install/nova2_moveit:/home/huahai/dobot_ws/install/cr7_moveit:/home/huahai/dobot_ws/install/cr5_moveit:/home/huahai/dobot_ws/install/cr3_moveit:/home/huahai/dobot_ws/install/cr16_moveit:/home/huahai/dobot_ws/install/cr12_moveit:/home/huahai/dobot_ws/install/cr10_moveit:/home/huahai/dobot_ws/install/dobot_msgs_v3:/home/huahai/dobot_ws/install/dobot_gazebo:/home/huahai/dobot_ws/install/cra_description:/home/huahai/dobot_ws/install/robot_control_api:/home/huahai/dobot_ws/install/qt_robot_control:/home/huahai/dobot_ws/install/servo_action:/home/huahai/dobot_ws/install/dobot_bringup_v3:/home/huahai/dobot_ws/install/dobot_moveit:/home/huahai/dobot_ws/install/dobot_demo:/opt/ros/humble /usr/bin/cmake --install /home/huahai/dobot_ws/build/cr3_moveit
[3.501s] Level 1:colcon.colcon_core.environment:checking '/home/huahai/dobot_ws/install/cr3_moveit' for CMake module files
[3.503s] Level 1:colcon.colcon_core.environment:checking '/home/huahai/dobot_ws/install/cr3_moveit' for CMake config files
[3.504s] Level 1:colcon.colcon_core.shell:create_environment_hook('cr3_moveit', 'cmake_prefix_path')
[3.504s] INFO:colcon.colcon_core.shell:Creating environment hook '/home/huahai/dobot_ws/install/cr3_moveit/share/cr3_moveit/hook/cmake_prefix_path.ps1'
[3.506s] INFO:colcon.colcon_core.shell:Creating environment descriptor '/home/huahai/dobot_ws/install/cr3_moveit/share/cr3_moveit/hook/cmake_prefix_path.dsv'
[3.507s] INFO:colcon.colcon_core.shell:Creating environment hook '/home/huahai/dobot_ws/install/cr3_moveit/share/cr3_moveit/hook/cmake_prefix_path.sh'
[3.509s] Level 1:colcon.colcon_core.environment:checking '/home/huahai/dobot_ws/install/cr3_moveit/bin'
[3.509s] Level 1:colcon.colcon_core.environment:checking '/home/huahai/dobot_ws/install/cr3_moveit/lib/pkgconfig/cr3_moveit.pc'
[3.509s] Level 1:colcon.colcon_core.environment:checking '/home/huahai/dobot_ws/install/cr3_moveit/lib/python3.10/site-packages'
[3.510s] Level 1:colcon.colcon_core.environment:checking '/home/huahai/dobot_ws/install/cr3_moveit/bin'
[3.510s] INFO:colcon.colcon_core.shell:Creating package script '/home/huahai/dobot_ws/install/cr3_moveit/share/cr3_moveit/package.ps1'
[3.511s] INFO:colcon.colcon_core.shell:Creating package descriptor '/home/huahai/dobot_ws/install/cr3_moveit/share/cr3_moveit/package.dsv'
[3.511s] INFO:colcon.colcon_core.shell:Creating package script '/home/huahai/dobot_ws/install/cr3_moveit/share/cr3_moveit/package.sh'
[3.512s] INFO:colcon.colcon_core.shell:Creating package script '/home/huahai/dobot_ws/install/cr3_moveit/share/cr3_moveit/package.bash'
[3.512s] INFO:colcon.colcon_core.shell:Creating package script '/home/huahai/dobot_ws/install/cr3_moveit/share/cr3_moveit/package.zsh'
[3.513s] Level 1:colcon.colcon_core.environment:create_file_with_runtime_dependencies(/home/huahai/dobot_ws/install/cr3_moveit/share/colcon-core/packages/cr3_moveit)
[3.514s] Level 1:colcon.colcon_core.environment:create_environment_scripts_only(cr3_moveit)
[3.514s] Level 1:colcon.colcon_core.environment:checking '/home/huahai/dobot_ws/install/cr3_moveit' for CMake module files
[3.515s] Level 1:colcon.colcon_core.environment:checking '/home/huahai/dobot_ws/install/cr3_moveit' for CMake config files
[3.515s] Level 1:colcon.colcon_core.shell:create_environment_hook('cr3_moveit', 'cmake_prefix_path')
[3.516s] INFO:colcon.colcon_core.shell:Creating environment hook '/home/huahai/dobot_ws/install/cr3_moveit/share/cr3_moveit/hook/cmake_prefix_path.ps1'
[3.516s] INFO:colcon.colcon_core.shell:Creating environment descriptor '/home/huahai/dobot_ws/install/cr3_moveit/share/cr3_moveit/hook/cmake_prefix_path.dsv'
[3.517s] INFO:colcon.colcon_core.shell:Creating environment hook '/home/huahai/dobot_ws/install/cr3_moveit/share/cr3_moveit/hook/cmake_prefix_path.sh'
[3.517s] Level 1:colcon.colcon_core.environment:checking '/home/huahai/dobot_ws/install/cr3_moveit/bin'
[3.517s] Level 1:colcon.colcon_core.environment:checking '/home/huahai/dobot_ws/install/cr3_moveit/lib/pkgconfig/cr3_moveit.pc'
[3.518s] Level 1:colcon.colcon_core.environment:checking '/home/huahai/dobot_ws/install/cr3_moveit/lib/python3.10/site-packages'
[3.518s] Level 1:colcon.colcon_core.environment:checking '/home/huahai/dobot_ws/install/cr3_moveit/bin'
[3.518s] INFO:colcon.colcon_core.shell:Creating package script '/home/huahai/dobot_ws/install/cr3_moveit/share/cr3_moveit/package.ps1'
[3.519s] INFO:colcon.colcon_core.shell:Creating package descriptor '/home/huahai/dobot_ws/install/cr3_moveit/share/cr3_moveit/package.dsv'
[3.519s] INFO:colcon.colcon_core.shell:Creating package script '/home/huahai/dobot_ws/install/cr3_moveit/share/cr3_moveit/package.sh'
[3.520s] INFO:colcon.colcon_core.shell:Creating package script '/home/huahai/dobot_ws/install/cr3_moveit/share/cr3_moveit/package.bash'
[3.520s] INFO:colcon.colcon_core.shell:Creating package script '/home/huahai/dobot_ws/install/cr3_moveit/share/cr3_moveit/package.zsh'
[3.521s] Level 1:colcon.colcon_core.environment:create_file_with_runtime_dependencies(/home/huahai/dobot_ws/install/cr3_moveit/share/colcon-core/packages/cr3_moveit)
[3.522s] INFO:colcon.colcon_ros.task.ament_cmake.build:Building ROS package in '/home/huahai/dobot_ws/src/DOBOT_6Axis_ROS2_V3/cr7_moveit' with build type 'ament_cmake'
[3.522s] INFO:colcon.colcon_cmake.task.cmake.build:Building CMake package in '/home/huahai/dobot_ws/src/DOBOT_6Axis_ROS2_V3/cr7_moveit'
[3.523s] INFO:colcon.colcon_core.shell:Skip shell extension 'powershell' for command environment: Not usable outside of PowerShell
[3.523s] DEBUG:colcon.colcon_core.shell:Skip shell extension 'dsv' for command environment
[3.535s] DEBUG:colcon.colcon_core.event_handler.log_command:Invoking command in '/home/huahai/dobot_ws/build/cr7_moveit': CMAKE_PREFIX_PATH=/home/huahai/dobot_ws/install/dobot_rviz:/home/huahai/dobot_ws/install/nova5_moveit:/home/huahai/dobot_ws/install/nova2_moveit:/home/huahai/dobot_ws/install/cr7_moveit:/home/huahai/dobot_ws/install/cr5_moveit:/home/huahai/dobot_ws/install/cr3_moveit:/home/huahai/dobot_ws/install/cr16_moveit:/home/huahai/dobot_ws/install/cr12_moveit:/home/huahai/dobot_ws/install/cr10_moveit:/home/huahai/dobot_ws/install/dobot_msgs_v3:/home/huahai/dobot_ws/install/dobot_gazebo:/home/huahai/dobot_ws/install/cra_description:/home/huahai/dobot_ws/install/robot_control_api:/home/huahai/dobot_ws/install/qt_robot_control:/home/huahai/dobot_ws/install/servo_action:/home/huahai/dobot_ws/install/dobot_bringup_v3:/home/huahai/dobot_ws/install/dobot_moveit:/home/huahai/dobot_ws/install/dobot_demo:/opt/ros/humble /usr/bin/cmake --build /home/huahai/dobot_ws/build/cr7_moveit -- -j2 -l2
[3.539s] DEBUG:colcon.colcon_core.event_handler.log_command:Invoked command in '/home/huahai/dobot_ws/build/cr5_moveit' returned '0': CMAKE_PREFIX_PATH=/home/huahai/dobot_ws/install/dobot_rviz:/home/huahai/dobot_ws/install/nova5_moveit:/home/huahai/dobot_ws/install/nova2_moveit:/home/huahai/dobot_ws/install/cr7_moveit:/home/huahai/dobot_ws/install/cr5_moveit:/home/huahai/dobot_ws/install/cr3_moveit:/home/huahai/dobot_ws/install/cr16_moveit:/home/huahai/dobot_ws/install/cr12_moveit:/home/huahai/dobot_ws/install/cr10_moveit:/home/huahai/dobot_ws/install/dobot_msgs_v3:/home/huahai/dobot_ws/install/dobot_gazebo:/home/huahai/dobot_ws/install/cra_description:/home/huahai/dobot_ws/install/robot_control_api:/home/huahai/dobot_ws/install/qt_robot_control:/home/huahai/dobot_ws/install/servo_action:/home/huahai/dobot_ws/install/dobot_bringup_v3:/home/huahai/dobot_ws/install/dobot_moveit:/home/huahai/dobot_ws/install/dobot_demo:/opt/ros/humble /usr/bin/cmake --build /home/huahai/dobot_ws/build/cr5_moveit -- -j2 -l2
[3.547s] DEBUG:colcon.colcon_core.event_handler.log_command:Invoking command in '/home/huahai/dobot_ws/build/cr5_moveit': CMAKE_PREFIX_PATH=/home/huahai/dobot_ws/install/dobot_rviz:/home/huahai/dobot_ws/install/nova5_moveit:/home/huahai/dobot_ws/install/nova2_moveit:/home/huahai/dobot_ws/install/cr7_moveit:/home/huahai/dobot_ws/install/cr5_moveit:/home/huahai/dobot_ws/install/cr3_moveit:/home/huahai/dobot_ws/install/cr16_moveit:/home/huahai/dobot_ws/install/cr12_moveit:/home/huahai/dobot_ws/install/cr10_moveit:/home/huahai/dobot_ws/install/dobot_msgs_v3:/home/huahai/dobot_ws/install/dobot_gazebo:/home/huahai/dobot_ws/install/cra_description:/home/huahai/dobot_ws/install/robot_control_api:/home/huahai/dobot_ws/install/qt_robot_control:/home/huahai/dobot_ws/install/servo_action:/home/huahai/dobot_ws/install/dobot_bringup_v3:/home/huahai/dobot_ws/install/dobot_moveit:/home/huahai/dobot_ws/install/dobot_demo:/opt/ros/humble /usr/bin/cmake --install /home/huahai/dobot_ws/build/cr5_moveit
[3.560s] Level 1:colcon.colcon_core.environment:create_environment_scripts_only(cr5_moveit)
[3.560s] Level 1:colcon.colcon_core.environment:checking '/home/huahai/dobot_ws/install/cr5_moveit' for CMake module files
[3.561s] Level 1:colcon.colcon_core.environment:checking '/home/huahai/dobot_ws/install/cr5_moveit' for CMake config files
[3.561s] Level 1:colcon.colcon_core.shell:create_environment_hook('cr5_moveit', 'cmake_prefix_path')
[3.561s] INFO:colcon.colcon_core.shell:Creating environment hook '/home/huahai/dobot_ws/install/cr5_moveit/share/cr5_moveit/hook/cmake_prefix_path.ps1'
[3.567s] DEBUG:colcon.colcon_core.event_handler.log_command:Invoked command in '/home/huahai/dobot_ws/build/cr5_moveit' returned '0': CMAKE_PREFIX_PATH=/home/huahai/dobot_ws/install/dobot_rviz:/home/huahai/dobot_ws/install/nova5_moveit:/home/huahai/dobot_ws/install/nova2_moveit:/home/huahai/dobot_ws/install/cr7_moveit:/home/huahai/dobot_ws/install/cr5_moveit:/home/huahai/dobot_ws/install/cr3_moveit:/home/huahai/dobot_ws/install/cr16_moveit:/home/huahai/dobot_ws/install/cr12_moveit:/home/huahai/dobot_ws/install/cr10_moveit:/home/huahai/dobot_ws/install/dobot_msgs_v3:/home/huahai/dobot_ws/install/dobot_gazebo:/home/huahai/dobot_ws/install/cra_description:/home/huahai/dobot_ws/install/robot_control_api:/home/huahai/dobot_ws/install/qt_robot_control:/home/huahai/dobot_ws/install/servo_action:/home/huahai/dobot_ws/install/dobot_bringup_v3:/home/huahai/dobot_ws/install/dobot_moveit:/home/huahai/dobot_ws/install/dobot_demo:/opt/ros/humble /usr/bin/cmake --install /home/huahai/dobot_ws/build/cr5_moveit
[3.568s] INFO:colcon.colcon_core.shell:Creating environment descriptor '/home/huahai/dobot_ws/install/cr5_moveit/share/cr5_moveit/hook/cmake_prefix_path.dsv'
[3.568s] INFO:colcon.colcon_core.shell:Creating environment hook '/home/huahai/dobot_ws/install/cr5_moveit/share/cr5_moveit/hook/cmake_prefix_path.sh'
[3.569s] Level 1:colcon.colcon_core.environment:checking '/home/huahai/dobot_ws/install/cr5_moveit/bin'
[3.569s] Level 1:colcon.colcon_core.environment:checking '/home/huahai/dobot_ws/install/cr5_moveit/lib/pkgconfig/cr5_moveit.pc'
[3.569s] Level 1:colcon.colcon_core.environment:checking '/home/huahai/dobot_ws/install/cr5_moveit/lib/python3.10/site-packages'
[3.570s] Level 1:colcon.colcon_core.environment:checking '/home/huahai/dobot_ws/install/cr5_moveit/bin'
[3.571s] INFO:colcon.colcon_core.shell:Creating package script '/home/huahai/dobot_ws/install/cr5_moveit/share/cr5_moveit/package.ps1'
[3.571s] INFO:colcon.colcon_core.shell:Creating package descriptor '/home/huahai/dobot_ws/install/cr5_moveit/share/cr5_moveit/package.dsv'
[3.572s] INFO:colcon.colcon_core.shell:Creating package script '/home/huahai/dobot_ws/install/cr5_moveit/share/cr5_moveit/package.sh'
[3.572s] INFO:colcon.colcon_core.shell:Creating package script '/home/huahai/dobot_ws/install/cr5_moveit/share/cr5_moveit/package.bash'
[3.573s] INFO:colcon.colcon_core.shell:Creating package script '/home/huahai/dobot_ws/install/cr5_moveit/share/cr5_moveit/package.zsh'
[3.573s] Level 1:colcon.colcon_core.environment:create_file_with_runtime_dependencies(/home/huahai/dobot_ws/install/cr5_moveit/share/colcon-core/packages/cr5_moveit)
[3.574s] Level 1:colcon.colcon_core.environment:create_environment_scripts_only(cr5_moveit)
[3.574s] Level 1:colcon.colcon_core.environment:checking '/home/huahai/dobot_ws/install/cr5_moveit' for CMake module files
[3.574s] Level 1:colcon.colcon_core.environment:checking '/home/huahai/dobot_ws/install/cr5_moveit' for CMake config files
[3.574s] Level 1:colcon.colcon_core.shell:create_environment_hook('cr5_moveit', 'cmake_prefix_path')
[3.575s] INFO:colcon.colcon_core.shell:Creating environment hook '/home/huahai/dobot_ws/install/cr5_moveit/share/cr5_moveit/hook/cmake_prefix_path.ps1'
[3.575s] INFO:colcon.colcon_core.shell:Creating environment descriptor '/home/huahai/dobot_ws/install/cr5_moveit/share/cr5_moveit/hook/cmake_prefix_path.dsv'
[3.576s] INFO:colcon.colcon_core.shell:Creating environment hook '/home/huahai/dobot_ws/install/cr5_moveit/share/cr5_moveit/hook/cmake_prefix_path.sh'
[3.577s] Level 1:colcon.colcon_core.environment:checking '/home/huahai/dobot_ws/install/cr5_moveit/bin'
[3.577s] Level 1:colcon.colcon_core.environment:checking '/home/huahai/dobot_ws/install/cr5_moveit/lib/pkgconfig/cr5_moveit.pc'
[3.578s] Level 1:colcon.colcon_core.environment:checking '/home/huahai/dobot_ws/install/cr5_moveit/lib/python3.10/site-packages'
[3.578s] Level 1:colcon.colcon_core.environment:checking '/home/huahai/dobot_ws/install/cr5_moveit/bin'
[3.578s] INFO:colcon.colcon_core.shell:Creating package script '/home/huahai/dobot_ws/install/cr5_moveit/share/cr5_moveit/package.ps1'
[3.579s] INFO:colcon.colcon_core.shell:Creating package descriptor '/home/huahai/dobot_ws/install/cr5_moveit/share/cr5_moveit/package.dsv'
[3.579s] INFO:colcon.colcon_core.shell:Creating package script '/home/huahai/dobot_ws/install/cr5_moveit/share/cr5_moveit/package.sh'
[3.580s] INFO:colcon.colcon_core.shell:Creating package script '/home/huahai/dobot_ws/install/cr5_moveit/share/cr5_moveit/package.bash'
[3.580s] INFO:colcon.colcon_core.shell:Creating package script '/home/huahai/dobot_ws/install/cr5_moveit/share/cr5_moveit/package.zsh'
[3.581s] Level 1:colcon.colcon_core.environment:create_file_with_runtime_dependencies(/home/huahai/dobot_ws/install/cr5_moveit/share/colcon-core/packages/cr5_moveit)
[3.581s] INFO:colcon.colcon_ros.task.ament_python.build:Building ROS package in '/home/huahai/dobot_ws/src/DOBOT_6Axis_ROS2_V3/dobot_bringup_v3' with build type 'ament_python'
[3.581s] Level 1:colcon.colcon_core.shell:create_environment_hook('dobot_bringup_v3', 'ament_prefix_path')
[3.581s] INFO:colcon.colcon_core.shell:Creating environment hook '/home/huahai/dobot_ws/install/dobot_bringup_v3/share/dobot_bringup_v3/hook/ament_prefix_path.ps1'
[3.582s] INFO:colcon.colcon_core.shell:Creating environment descriptor '/home/huahai/dobot_ws/install/dobot_bringup_v3/share/dobot_bringup_v3/hook/ament_prefix_path.dsv'
[3.583s] INFO:colcon.colcon_core.shell:Creating environment hook '/home/huahai/dobot_ws/install/dobot_bringup_v3/share/dobot_bringup_v3/hook/ament_prefix_path.sh'
[3.583s] INFO:colcon.colcon_core.shell:Skip shell extension 'powershell' for command environment: Not usable outside of PowerShell
[3.584s] DEBUG:colcon.colcon_core.shell:Skip shell extension 'dsv' for command environment
[3.793s] INFO:colcon.colcon_core.task.python.build:Building Python package in '/home/huahai/dobot_ws/src/DOBOT_6Axis_ROS2_V3/dobot_bringup_v3'
[3.793s] INFO:colcon.colcon_core.shell:Skip shell extension 'powershell' for command environment: Not usable outside of PowerShell
[3.793s] DEBUG:colcon.colcon_core.shell:Skip shell extension 'dsv' for command environment
[3.800s] DEBUG:colcon.colcon_core.event_handler.log_command:Invoked command in '/home/huahai/dobot_ws/build/cr7_moveit' returned '0': CMAKE_PREFIX_PATH=/home/huahai/dobot_ws/install/dobot_rviz:/home/huahai/dobot_ws/install/nova5_moveit:/home/huahai/dobot_ws/install/nova2_moveit:/home/huahai/dobot_ws/install/cr7_moveit:/home/huahai/dobot_ws/install/cr5_moveit:/home/huahai/dobot_ws/install/cr3_moveit:/home/huahai/dobot_ws/install/cr16_moveit:/home/huahai/dobot_ws/install/cr12_moveit:/home/huahai/dobot_ws/install/cr10_moveit:/home/huahai/dobot_ws/install/dobot_msgs_v3:/home/huahai/dobot_ws/install/dobot_gazebo:/home/huahai/dobot_ws/install/cra_description:/home/huahai/dobot_ws/install/robot_control_api:/home/huahai/dobot_ws/install/qt_robot_control:/home/huahai/dobot_ws/install/servo_action:/home/huahai/dobot_ws/install/dobot_bringup_v3:/home/huahai/dobot_ws/install/dobot_moveit:/home/huahai/dobot_ws/install/dobot_demo:/opt/ros/humble /usr/bin/cmake --build /home/huahai/dobot_ws/build/cr7_moveit -- -j2 -l2
[3.801s] DEBUG:colcon.colcon_core.event_handler.log_command:Invoking command in '/home/huahai/dobot_ws/build/cr7_moveit': CMAKE_PREFIX_PATH=/home/huahai/dobot_ws/install/dobot_rviz:/home/huahai/dobot_ws/install/nova5_moveit:/home/huahai/dobot_ws/install/nova2_moveit:/home/huahai/dobot_ws/install/cr7_moveit:/home/huahai/dobot_ws/install/cr5_moveit:/home/huahai/dobot_ws/install/cr3_moveit:/home/huahai/dobot_ws/install/cr16_moveit:/home/huahai/dobot_ws/install/cr12_moveit:/home/huahai/dobot_ws/install/cr10_moveit:/home/huahai/dobot_ws/install/dobot_msgs_v3:/home/huahai/dobot_ws/install/dobot_gazebo:/home/huahai/dobot_ws/install/cra_description:/home/huahai/dobot_ws/install/robot_control_api:/home/huahai/dobot_ws/install/qt_robot_control:/home/huahai/dobot_ws/install/servo_action:/home/huahai/dobot_ws/install/dobot_bringup_v3:/home/huahai/dobot_ws/install/dobot_moveit:/home/huahai/dobot_ws/install/dobot_demo:/opt/ros/humble /usr/bin/cmake --install /home/huahai/dobot_ws/build/cr7_moveit
[3.834s] Level 1:colcon.colcon_core.environment:create_environment_scripts_only(cr7_moveit)
[3.834s] Level 1:colcon.colcon_core.environment:checking '/home/huahai/dobot_ws/install/cr7_moveit' for CMake module files
[3.834s] Level 1:colcon.colcon_core.environment:checking '/home/huahai/dobot_ws/install/cr7_moveit' for CMake config files
[3.835s] DEBUG:colcon.colcon_core.event_handler.log_command:Invoked command in '/home/huahai/dobot_ws/build/cr7_moveit' returned '0': CMAKE_PREFIX_PATH=/home/huahai/dobot_ws/install/dobot_rviz:/home/huahai/dobot_ws/install/nova5_moveit:/home/huahai/dobot_ws/install/nova2_moveit:/home/huahai/dobot_ws/install/cr7_moveit:/home/huahai/dobot_ws/install/cr5_moveit:/home/huahai/dobot_ws/install/cr3_moveit:/home/huahai/dobot_ws/install/cr16_moveit:/home/huahai/dobot_ws/install/cr12_moveit:/home/huahai/dobot_ws/install/cr10_moveit:/home/huahai/dobot_ws/install/dobot_msgs_v3:/home/huahai/dobot_ws/install/dobot_gazebo:/home/huahai/dobot_ws/install/cra_description:/home/huahai/dobot_ws/install/robot_control_api:/home/huahai/dobot_ws/install/qt_robot_control:/home/huahai/dobot_ws/install/servo_action:/home/huahai/dobot_ws/install/dobot_bringup_v3:/home/huahai/dobot_ws/install/dobot_moveit:/home/huahai/dobot_ws/install/dobot_demo:/opt/ros/humble /usr/bin/cmake --install /home/huahai/dobot_ws/build/cr7_moveit
[3.836s] Level 1:colcon.colcon_core.shell:create_environment_hook('cr7_moveit', 'cmake_prefix_path')
[3.836s] INFO:colcon.colcon_core.shell:Creating environment hook '/home/huahai/dobot_ws/install/cr7_moveit/share/cr7_moveit/hook/cmake_prefix_path.ps1'
[3.836s] INFO:colcon.colcon_core.shell:Creating environment descriptor '/home/huahai/dobot_ws/install/cr7_moveit/share/cr7_moveit/hook/cmake_prefix_path.dsv'
[3.838s] INFO:colcon.colcon_core.shell:Creating environment hook '/home/huahai/dobot_ws/install/cr7_moveit/share/cr7_moveit/hook/cmake_prefix_path.sh'
[3.839s] Level 1:colcon.colcon_core.environment:checking '/home/huahai/dobot_ws/install/cr7_moveit/bin'
[3.839s] Level 1:colcon.colcon_core.environment:checking '/home/huahai/dobot_ws/install/cr7_moveit/lib/pkgconfig/cr7_moveit.pc'
[3.839s] Level 1:colcon.colcon_core.environment:checking '/home/huahai/dobot_ws/install/cr7_moveit/lib/python3.10/site-packages'
[3.840s] Level 1:colcon.colcon_core.environment:checking '/home/huahai/dobot_ws/install/cr7_moveit/bin'
[3.840s] INFO:colcon.colcon_core.shell:Creating package script '/home/huahai/dobot_ws/install/cr7_moveit/share/cr7_moveit/package.ps1'
[3.841s] INFO:colcon.colcon_core.shell:Creating package descriptor '/home/huahai/dobot_ws/install/cr7_moveit/share/cr7_moveit/package.dsv'
[3.841s] INFO:colcon.colcon_core.shell:Creating package script '/home/huahai/dobot_ws/install/cr7_moveit/share/cr7_moveit/package.sh'
[3.842s] INFO:colcon.colcon_core.shell:Creating package script '/home/huahai/dobot_ws/install/cr7_moveit/share/cr7_moveit/package.bash'
[3.843s] INFO:colcon.colcon_core.shell:Creating package script '/home/huahai/dobot_ws/install/cr7_moveit/share/cr7_moveit/package.zsh'
[3.843s] Level 1:colcon.colcon_core.environment:create_file_with_runtime_dependencies(/home/huahai/dobot_ws/install/cr7_moveit/share/colcon-core/packages/cr7_moveit)
[3.845s] Level 1:colcon.colcon_core.environment:create_environment_scripts_only(cr7_moveit)
[3.845s] Level 1:colcon.colcon_core.environment:checking '/home/huahai/dobot_ws/install/cr7_moveit' for CMake module files
[3.845s] Level 1:colcon.colcon_core.environment:checking '/home/huahai/dobot_ws/install/cr7_moveit' for CMake config files
[3.846s] Level 1:colcon.colcon_core.shell:create_environment_hook('cr7_moveit', 'cmake_prefix_path')
[3.846s] INFO:colcon.colcon_core.shell:Creating environment hook '/home/huahai/dobot_ws/install/cr7_moveit/share/cr7_moveit/hook/cmake_prefix_path.ps1'
[3.846s] INFO:colcon.colcon_core.shell:Creating environment descriptor '/home/huahai/dobot_ws/install/cr7_moveit/share/cr7_moveit/hook/cmake_prefix_path.dsv'
[3.848s] INFO:colcon.colcon_core.shell:Creating environment hook '/home/huahai/dobot_ws/install/cr7_moveit/share/cr7_moveit/hook/cmake_prefix_path.sh'
[3.849s] Level 1:colcon.colcon_core.environment:checking '/home/huahai/dobot_ws/install/cr7_moveit/bin'
[3.849s] Level 1:colcon.colcon_core.environment:checking '/home/huahai/dobot_ws/install/cr7_moveit/lib/pkgconfig/cr7_moveit.pc'
[3.849s] Level 1:colcon.colcon_core.environment:checking '/home/huahai/dobot_ws/install/cr7_moveit/lib/python3.10/site-packages'
[3.849s] Level 1:colcon.colcon_core.environment:checking '/home/huahai/dobot_ws/install/cr7_moveit/bin'
[3.849s] INFO:colcon.colcon_core.shell:Creating package script '/home/huahai/dobot_ws/install/cr7_moveit/share/cr7_moveit/package.ps1'
[3.850s] INFO:colcon.colcon_core.shell:Creating package descriptor '/home/huahai/dobot_ws/install/cr7_moveit/share/cr7_moveit/package.dsv'
[3.851s] INFO:colcon.colcon_core.shell:Creating package script '/home/huahai/dobot_ws/install/cr7_moveit/share/cr7_moveit/package.sh'
[3.851s] INFO:colcon.colcon_core.shell:Creating package script '/home/huahai/dobot_ws/install/cr7_moveit/share/cr7_moveit/package.bash'
[3.852s] INFO:colcon.colcon_core.shell:Creating package script '/home/huahai/dobot_ws/install/cr7_moveit/share/cr7_moveit/package.zsh'
[3.853s] Level 1:colcon.colcon_core.environment:create_file_with_runtime_dependencies(/home/huahai/dobot_ws/install/cr7_moveit/share/colcon-core/packages/cr7_moveit)
[3.855s] INFO:colcon.colcon_ros.task.ament_cmake.build:Building ROS package in '/home/huahai/dobot_ws/src/DOBOT_6Axis_ROS2_V3/dobot_gazebo' with build type 'ament_cmake'
[3.855s] INFO:colcon.colcon_cmake.task.cmake.build:Building CMake package in '/home/huahai/dobot_ws/src/DOBOT_6Axis_ROS2_V3/dobot_gazebo'
[3.855s] INFO:colcon.colcon_core.shell:Skip shell extension 'powershell' for command environment: Not usable outside of PowerShell
[3.856s] DEBUG:colcon.colcon_core.shell:Skip shell extension 'dsv' for command environment
[3.873s] DEBUG:colcon.colcon_core.event_handler.log_command:Invoking command in '/home/huahai/dobot_ws/build/dobot_gazebo': CMAKE_PREFIX_PATH=/home/huahai/dobot_ws/install/cra_description:/home/huahai/dobot_ws/install/nova5_moveit:/home/huahai/dobot_ws/install/nova2_moveit:/home/huahai/dobot_ws/install/cr7_moveit:/home/huahai/dobot_ws/install/cr5_moveit:/home/huahai/dobot_ws/install/cr3_moveit:/home/huahai/dobot_ws/install/cr16_moveit:/home/huahai/dobot_ws/install/cr12_moveit:/home/huahai/dobot_ws/install/cr10_moveit:/home/huahai/dobot_ws/install/dobot_rviz:/home/huahai/dobot_ws/install/dobot_msgs_v3:/home/huahai/dobot_ws/install/dobot_gazebo:/home/huahai/dobot_ws/install/robot_control_api:/home/huahai/dobot_ws/install/qt_robot_control:/home/huahai/dobot_ws/install/servo_action:/home/huahai/dobot_ws/install/dobot_bringup_v3:/home/huahai/dobot_ws/install/dobot_moveit:/home/huahai/dobot_ws/install/dobot_demo:/opt/ros/humble /usr/bin/cmake --build /home/huahai/dobot_ws/build/dobot_gazebo -- -j2 -l2
[3.932s] DEBUG:colcon.colcon_core.event_handler.log_command:Invoked command in '/home/huahai/dobot_ws/build/dobot_gazebo' returned '0': CMAKE_PREFIX_PATH=/home/huahai/dobot_ws/install/cra_description:/home/huahai/dobot_ws/install/nova5_moveit:/home/huahai/dobot_ws/install/nova2_moveit:/home/huahai/dobot_ws/install/cr7_moveit:/home/huahai/dobot_ws/install/cr5_moveit:/home/huahai/dobot_ws/install/cr3_moveit:/home/huahai/dobot_ws/install/cr16_moveit:/home/huahai/dobot_ws/install/cr12_moveit:/home/huahai/dobot_ws/install/cr10_moveit:/home/huahai/dobot_ws/install/dobot_rviz:/home/huahai/dobot_ws/install/dobot_msgs_v3:/home/huahai/dobot_ws/install/dobot_gazebo:/home/huahai/dobot_ws/install/robot_control_api:/home/huahai/dobot_ws/install/qt_robot_control:/home/huahai/dobot_ws/install/servo_action:/home/huahai/dobot_ws/install/dobot_bringup_v3:/home/huahai/dobot_ws/install/dobot_moveit:/home/huahai/dobot_ws/install/dobot_demo:/opt/ros/humble /usr/bin/cmake --build /home/huahai/dobot_ws/build/dobot_gazebo -- -j2 -l2
[3.936s] DEBUG:colcon.colcon_core.event_handler.log_command:Invoking command in '/home/huahai/dobot_ws/build/dobot_gazebo': CMAKE_PREFIX_PATH=/home/huahai/dobot_ws/install/cra_description:/home/huahai/dobot_ws/install/nova5_moveit:/home/huahai/dobot_ws/install/nova2_moveit:/home/huahai/dobot_ws/install/cr7_moveit:/home/huahai/dobot_ws/install/cr5_moveit:/home/huahai/dobot_ws/install/cr3_moveit:/home/huahai/dobot_ws/install/cr16_moveit:/home/huahai/dobot_ws/install/cr12_moveit:/home/huahai/dobot_ws/install/cr10_moveit:/home/huahai/dobot_ws/install/dobot_rviz:/home/huahai/dobot_ws/install/dobot_msgs_v3:/home/huahai/dobot_ws/install/dobot_gazebo:/home/huahai/dobot_ws/install/robot_control_api:/home/huahai/dobot_ws/install/qt_robot_control:/home/huahai/dobot_ws/install/servo_action:/home/huahai/dobot_ws/install/dobot_bringup_v3:/home/huahai/dobot_ws/install/dobot_moveit:/home/huahai/dobot_ws/install/dobot_demo:/opt/ros/humble /usr/bin/cmake --install /home/huahai/dobot_ws/build/dobot_gazebo
[3.952s] Level 1:colcon.colcon_core.environment:create_environment_scripts_only(dobot_gazebo)
[3.952s] Level 1:colcon.colcon_core.environment:checking '/home/huahai/dobot_ws/install/dobot_gazebo' for CMake module files
[3.953s] DEBUG:colcon.colcon_core.event_handler.log_command:Invoked command in '/home/huahai/dobot_ws/build/dobot_gazebo' returned '0': CMAKE_PREFIX_PATH=/home/huahai/dobot_ws/install/cra_description:/home/huahai/dobot_ws/install/nova5_moveit:/home/huahai/dobot_ws/install/nova2_moveit:/home/huahai/dobot_ws/install/cr7_moveit:/home/huahai/dobot_ws/install/cr5_moveit:/home/huahai/dobot_ws/install/cr3_moveit:/home/huahai/dobot_ws/install/cr16_moveit:/home/huahai/dobot_ws/install/cr12_moveit:/home/huahai/dobot_ws/install/cr10_moveit:/home/huahai/dobot_ws/install/dobot_rviz:/home/huahai/dobot_ws/install/dobot_msgs_v3:/home/huahai/dobot_ws/install/dobot_gazebo:/home/huahai/dobot_ws/install/robot_control_api:/home/huahai/dobot_ws/install/qt_robot_control:/home/huahai/dobot_ws/install/servo_action:/home/huahai/dobot_ws/install/dobot_bringup_v3:/home/huahai/dobot_ws/install/dobot_moveit:/home/huahai/dobot_ws/install/dobot_demo:/opt/ros/humble /usr/bin/cmake --install /home/huahai/dobot_ws/build/dobot_gazebo
[3.953s] Level 1:colcon.colcon_core.environment:checking '/home/huahai/dobot_ws/install/dobot_gazebo' for CMake config files
[3.953s] Level 1:colcon.colcon_core.shell:create_environment_hook('dobot_gazebo', 'cmake_prefix_path')
[3.954s] INFO:colcon.colcon_core.shell:Creating environment hook '/home/huahai/dobot_ws/install/dobot_gazebo/share/dobot_gazebo/hook/cmake_prefix_path.ps1'
[3.954s] INFO:colcon.colcon_core.shell:Creating environment descriptor '/home/huahai/dobot_ws/install/dobot_gazebo/share/dobot_gazebo/hook/cmake_prefix_path.dsv'
[3.955s] INFO:colcon.colcon_core.shell:Creating environment hook '/home/huahai/dobot_ws/install/dobot_gazebo/share/dobot_gazebo/hook/cmake_prefix_path.sh'
[3.956s] Level 1:colcon.colcon_core.environment:checking '/home/huahai/dobot_ws/install/dobot_gazebo/bin'
[3.956s] Level 1:colcon.colcon_core.environment:checking '/home/huahai/dobot_ws/install/dobot_gazebo/lib/pkgconfig/dobot_gazebo.pc'
[3.956s] Level 1:colcon.colcon_core.environment:checking '/home/huahai/dobot_ws/install/dobot_gazebo/lib/python3.10/site-packages'
[3.956s] Level 1:colcon.colcon_core.environment:checking '/home/huahai/dobot_ws/install/dobot_gazebo/bin'
[3.956s] INFO:colcon.colcon_core.shell:Creating package script '/home/huahai/dobot_ws/install/dobot_gazebo/share/dobot_gazebo/package.ps1'
[3.957s] INFO:colcon.colcon_core.shell:Creating package descriptor '/home/huahai/dobot_ws/install/dobot_gazebo/share/dobot_gazebo/package.dsv'
[3.958s] INFO:colcon.colcon_core.shell:Creating package script '/home/huahai/dobot_ws/install/dobot_gazebo/share/dobot_gazebo/package.sh'
[3.959s] INFO:colcon.colcon_core.shell:Creating package script '/home/huahai/dobot_ws/install/dobot_gazebo/share/dobot_gazebo/package.bash'
[3.960s] INFO:colcon.colcon_core.shell:Creating package script '/home/huahai/dobot_ws/install/dobot_gazebo/share/dobot_gazebo/package.zsh'
[3.961s] Level 1:colcon.colcon_core.environment:create_file_with_runtime_dependencies(/home/huahai/dobot_ws/install/dobot_gazebo/share/colcon-core/packages/dobot_gazebo)
[3.962s] Level 1:colcon.colcon_core.environment:create_environment_scripts_only(dobot_gazebo)
[3.962s] Level 1:colcon.colcon_core.environment:checking '/home/huahai/dobot_ws/install/dobot_gazebo' for CMake module files
[3.962s] Level 1:colcon.colcon_core.environment:checking '/home/huahai/dobot_ws/install/dobot_gazebo' for CMake config files
[3.963s] Level 1:colcon.colcon_core.shell:create_environment_hook('dobot_gazebo', 'cmake_prefix_path')
[3.963s] INFO:colcon.colcon_core.shell:Creating environment hook '/home/huahai/dobot_ws/install/dobot_gazebo/share/dobot_gazebo/hook/cmake_prefix_path.ps1'
[3.964s] INFO:colcon.colcon_core.shell:Creating environment descriptor '/home/huahai/dobot_ws/install/dobot_gazebo/share/dobot_gazebo/hook/cmake_prefix_path.dsv'
[3.964s] INFO:colcon.colcon_core.shell:Creating environment hook '/home/huahai/dobot_ws/install/dobot_gazebo/share/dobot_gazebo/hook/cmake_prefix_path.sh'
[3.965s] Level 1:colcon.colcon_core.environment:checking '/home/huahai/dobot_ws/install/dobot_gazebo/bin'
[3.965s] Level 1:colcon.colcon_core.environment:checking '/home/huahai/dobot_ws/install/dobot_gazebo/lib/pkgconfig/dobot_gazebo.pc'
[3.965s] Level 1:colcon.colcon_core.environment:checking '/home/huahai/dobot_ws/install/dobot_gazebo/lib/python3.10/site-packages'
[3.966s] Level 1:colcon.colcon_core.environment:checking '/home/huahai/dobot_ws/install/dobot_gazebo/bin'
[3.966s] INFO:colcon.colcon_core.shell:Creating package script '/home/huahai/dobot_ws/install/dobot_gazebo/share/dobot_gazebo/package.ps1'
[3.966s] INFO:colcon.colcon_core.shell:Creating package descriptor '/home/huahai/dobot_ws/install/dobot_gazebo/share/dobot_gazebo/package.dsv'
[3.967s] INFO:colcon.colcon_core.shell:Creating package script '/home/huahai/dobot_ws/install/dobot_gazebo/share/dobot_gazebo/package.sh'
[3.967s] INFO:colcon.colcon_core.shell:Creating package script '/home/huahai/dobot_ws/install/dobot_gazebo/share/dobot_gazebo/package.bash'
[3.968s] INFO:colcon.colcon_core.shell:Creating package script '/home/huahai/dobot_ws/install/dobot_gazebo/share/dobot_gazebo/package.zsh'
[3.969s] Level 1:colcon.colcon_core.environment:create_file_with_runtime_dependencies(/home/huahai/dobot_ws/install/dobot_gazebo/share/colcon-core/packages/dobot_gazebo)
[3.970s] INFO:colcon.colcon_ros.task.ament_cmake.build:Building ROS package in '/home/huahai/dobot_ws/src/DOBOT_6Axis_ROS2_V3/nova2_moveit' with build type 'ament_cmake'
[3.970s] INFO:colcon.colcon_cmake.task.cmake.build:Building CMake package in '/home/huahai/dobot_ws/src/DOBOT_6Axis_ROS2_V3/nova2_moveit'
[3.971s] INFO:colcon.colcon_core.shell:Skip shell extension 'powershell' for command environment: Not usable outside of PowerShell
[3.971s] DEBUG:colcon.colcon_core.shell:Skip shell extension 'dsv' for command environment
[3.989s] DEBUG:colcon.colcon_core.event_handler.log_command:Invoking command in '/home/huahai/dobot_ws/build/nova2_moveit': CMAKE_PREFIX_PATH=/home/huahai/dobot_ws/install/dobot_rviz:/home/huahai/dobot_ws/install/nova5_moveit:/home/huahai/dobot_ws/install/nova2_moveit:/home/huahai/dobot_ws/install/cr7_moveit:/home/huahai/dobot_ws/install/cr5_moveit:/home/huahai/dobot_ws/install/cr3_moveit:/home/huahai/dobot_ws/install/cr16_moveit:/home/huahai/dobot_ws/install/cr12_moveit:/home/huahai/dobot_ws/install/cr10_moveit:/home/huahai/dobot_ws/install/dobot_msgs_v3:/home/huahai/dobot_ws/install/dobot_gazebo:/home/huahai/dobot_ws/install/cra_description:/home/huahai/dobot_ws/install/robot_control_api:/home/huahai/dobot_ws/install/qt_robot_control:/home/huahai/dobot_ws/install/servo_action:/home/huahai/dobot_ws/install/dobot_bringup_v3:/home/huahai/dobot_ws/install/dobot_moveit:/home/huahai/dobot_ws/install/dobot_demo:/opt/ros/humble /usr/bin/cmake --build /home/huahai/dobot_ws/build/nova2_moveit -- -j2 -l2
[4.034s] DEBUG:colcon.colcon_core.event_handler.log_command:Invoked command in '/home/huahai/dobot_ws/build/nova2_moveit' returned '0': CMAKE_PREFIX_PATH=/home/huahai/dobot_ws/install/dobot_rviz:/home/huahai/dobot_ws/install/nova5_moveit:/home/huahai/dobot_ws/install/nova2_moveit:/home/huahai/dobot_ws/install/cr7_moveit:/home/huahai/dobot_ws/install/cr5_moveit:/home/huahai/dobot_ws/install/cr3_moveit:/home/huahai/dobot_ws/install/cr16_moveit:/home/huahai/dobot_ws/install/cr12_moveit:/home/huahai/dobot_ws/install/cr10_moveit:/home/huahai/dobot_ws/install/dobot_msgs_v3:/home/huahai/dobot_ws/install/dobot_gazebo:/home/huahai/dobot_ws/install/cra_description:/home/huahai/dobot_ws/install/robot_control_api:/home/huahai/dobot_ws/install/qt_robot_control:/home/huahai/dobot_ws/install/servo_action:/home/huahai/dobot_ws/install/dobot_bringup_v3:/home/huahai/dobot_ws/install/dobot_moveit:/home/huahai/dobot_ws/install/dobot_demo:/opt/ros/humble /usr/bin/cmake --build /home/huahai/dobot_ws/build/nova2_moveit -- -j2 -l2
[4.037s] DEBUG:colcon.colcon_core.event_handler.log_command:Invoking command in '/home/huahai/dobot_ws/build/nova2_moveit': CMAKE_PREFIX_PATH=/home/huahai/dobot_ws/install/dobot_rviz:/home/huahai/dobot_ws/install/nova5_moveit:/home/huahai/dobot_ws/install/nova2_moveit:/home/huahai/dobot_ws/install/cr7_moveit:/home/huahai/dobot_ws/install/cr5_moveit:/home/huahai/dobot_ws/install/cr3_moveit:/home/huahai/dobot_ws/install/cr16_moveit:/home/huahai/dobot_ws/install/cr12_moveit:/home/huahai/dobot_ws/install/cr10_moveit:/home/huahai/dobot_ws/install/dobot_msgs_v3:/home/huahai/dobot_ws/install/dobot_gazebo:/home/huahai/dobot_ws/install/cra_description:/home/huahai/dobot_ws/install/robot_control_api:/home/huahai/dobot_ws/install/qt_robot_control:/home/huahai/dobot_ws/install/servo_action:/home/huahai/dobot_ws/install/dobot_bringup_v3:/home/huahai/dobot_ws/install/dobot_moveit:/home/huahai/dobot_ws/install/dobot_demo:/opt/ros/humble /usr/bin/cmake --install /home/huahai/dobot_ws/build/nova2_moveit
[4.052s] Level 1:colcon.colcon_core.environment:create_environment_scripts_only(nova2_moveit)
[4.052s] Level 1:colcon.colcon_core.environment:checking '/home/huahai/dobot_ws/install/nova2_moveit' for CMake module files
[4.053s] DEBUG:colcon.colcon_core.event_handler.log_command:Invoked command in '/home/huahai/dobot_ws/build/nova2_moveit' returned '0': CMAKE_PREFIX_PATH=/home/huahai/dobot_ws/install/dobot_rviz:/home/huahai/dobot_ws/install/nova5_moveit:/home/huahai/dobot_ws/install/nova2_moveit:/home/huahai/dobot_ws/install/cr7_moveit:/home/huahai/dobot_ws/install/cr5_moveit:/home/huahai/dobot_ws/install/cr3_moveit:/home/huahai/dobot_ws/install/cr16_moveit:/home/huahai/dobot_ws/install/cr12_moveit:/home/huahai/dobot_ws/install/cr10_moveit:/home/huahai/dobot_ws/install/dobot_msgs_v3:/home/huahai/dobot_ws/install/dobot_gazebo:/home/huahai/dobot_ws/install/cra_description:/home/huahai/dobot_ws/install/robot_control_api:/home/huahai/dobot_ws/install/qt_robot_control:/home/huahai/dobot_ws/install/servo_action:/home/huahai/dobot_ws/install/dobot_bringup_v3:/home/huahai/dobot_ws/install/dobot_moveit:/home/huahai/dobot_ws/install/dobot_demo:/opt/ros/humble /usr/bin/cmake --install /home/huahai/dobot_ws/build/nova2_moveit
[4.053s] Level 1:colcon.colcon_core.environment:checking '/home/huahai/dobot_ws/install/nova2_moveit' for CMake config files
[4.053s] Level 1:colcon.colcon_core.shell:create_environment_hook('nova2_moveit', 'cmake_prefix_path')
[4.053s] INFO:colcon.colcon_core.shell:Creating environment hook '/home/huahai/dobot_ws/install/nova2_moveit/share/nova2_moveit/hook/cmake_prefix_path.ps1'
[4.054s] INFO:colcon.colcon_core.shell:Creating environment descriptor '/home/huahai/dobot_ws/install/nova2_moveit/share/nova2_moveit/hook/cmake_prefix_path.dsv'
[4.056s] INFO:colcon.colcon_core.shell:Creating environment hook '/home/huahai/dobot_ws/install/nova2_moveit/share/nova2_moveit/hook/cmake_prefix_path.sh'
[4.057s] Level 1:colcon.colcon_core.environment:checking '/home/huahai/dobot_ws/install/nova2_moveit/bin'
[4.057s] Level 1:colcon.colcon_core.environment:checking '/home/huahai/dobot_ws/install/nova2_moveit/lib/pkgconfig/nova2_moveit.pc'
[4.057s] Level 1:colcon.colcon_core.environment:checking '/home/huahai/dobot_ws/install/nova2_moveit/lib/python3.10/site-packages'
[4.058s] Level 1:colcon.colcon_core.environment:checking '/home/huahai/dobot_ws/install/nova2_moveit/bin'
[4.058s] INFO:colcon.colcon_core.shell:Creating package script '/home/huahai/dobot_ws/install/nova2_moveit/share/nova2_moveit/package.ps1'
[4.059s] INFO:colcon.colcon_core.shell:Creating package descriptor '/home/huahai/dobot_ws/install/nova2_moveit/share/nova2_moveit/package.dsv'
[4.060s] INFO:colcon.colcon_core.shell:Creating package script '/home/huahai/dobot_ws/install/nova2_moveit/share/nova2_moveit/package.sh'
[4.060s] INFO:colcon.colcon_core.shell:Creating package script '/home/huahai/dobot_ws/install/nova2_moveit/share/nova2_moveit/package.bash'
[4.060s] INFO:colcon.colcon_core.shell:Creating package script '/home/huahai/dobot_ws/install/nova2_moveit/share/nova2_moveit/package.zsh'
[4.061s] Level 1:colcon.colcon_core.environment:create_file_with_runtime_dependencies(/home/huahai/dobot_ws/install/nova2_moveit/share/colcon-core/packages/nova2_moveit)
[4.062s] Level 1:colcon.colcon_core.environment:create_environment_scripts_only(nova2_moveit)
[4.062s] Level 1:colcon.colcon_core.environment:checking '/home/huahai/dobot_ws/install/nova2_moveit' for CMake module files
[4.062s] Level 1:colcon.colcon_core.environment:checking '/home/huahai/dobot_ws/install/nova2_moveit' for CMake config files
[4.063s] Level 1:colcon.colcon_core.shell:create_environment_hook('nova2_moveit', 'cmake_prefix_path')
[4.063s] INFO:colcon.colcon_core.shell:Creating environment hook '/home/huahai/dobot_ws/install/nova2_moveit/share/nova2_moveit/hook/cmake_prefix_path.ps1'
[4.063s] INFO:colcon.colcon_core.shell:Creating environment descriptor '/home/huahai/dobot_ws/install/nova2_moveit/share/nova2_moveit/hook/cmake_prefix_path.dsv'
[4.064s] INFO:colcon.colcon_core.shell:Creating environment hook '/home/huahai/dobot_ws/install/nova2_moveit/share/nova2_moveit/hook/cmake_prefix_path.sh'
[4.065s] Level 1:colcon.colcon_core.environment:checking '/home/huahai/dobot_ws/install/nova2_moveit/bin'
[4.065s] Level 1:colcon.colcon_core.environment:checking '/home/huahai/dobot_ws/install/nova2_moveit/lib/pkgconfig/nova2_moveit.pc'
[4.065s] Level 1:colcon.colcon_core.environment:checking '/home/huahai/dobot_ws/install/nova2_moveit/lib/python3.10/site-packages'
[4.066s] Level 1:colcon.colcon_core.environment:checking '/home/huahai/dobot_ws/install/nova2_moveit/bin'
[4.066s] INFO:colcon.colcon_core.shell:Creating package script '/home/huahai/dobot_ws/install/nova2_moveit/share/nova2_moveit/package.ps1'
[4.066s] INFO:colcon.colcon_core.shell:Creating package descriptor '/home/huahai/dobot_ws/install/nova2_moveit/share/nova2_moveit/package.dsv'
[4.067s] INFO:colcon.colcon_core.shell:Creating package script '/home/huahai/dobot_ws/install/nova2_moveit/share/nova2_moveit/package.sh'
[4.067s] INFO:colcon.colcon_core.shell:Creating package script '/home/huahai/dobot_ws/install/nova2_moveit/share/nova2_moveit/package.bash'
[4.068s] INFO:colcon.colcon_core.shell:Creating package script '/home/huahai/dobot_ws/install/nova2_moveit/share/nova2_moveit/package.zsh'
[4.069s] Level 1:colcon.colcon_core.environment:create_file_with_runtime_dependencies(/home/huahai/dobot_ws/install/nova2_moveit/share/colcon-core/packages/nova2_moveit)
[4.071s] INFO:colcon.colcon_ros.task.ament_cmake.build:Building ROS package in '/home/huahai/dobot_ws/src/DOBOT_6Axis_ROS2_V3/nova5_moveit' with build type 'ament_cmake'
[4.071s] INFO:colcon.colcon_cmake.task.cmake.build:Building CMake package in '/home/huahai/dobot_ws/src/DOBOT_6Axis_ROS2_V3/nova5_moveit'
[4.072s] INFO:colcon.colcon_core.shell:Skip shell extension 'powershell' for command environment: Not usable outside of PowerShell
[4.072s] DEBUG:colcon.colcon_core.shell:Skip shell extension 'dsv' for command environment
[4.099s] DEBUG:colcon.colcon_core.event_handler.log_command:Invoking command in '/home/huahai/dobot_ws/build/nova5_moveit': CMAKE_PREFIX_PATH=/home/huahai/dobot_ws/install/dobot_rviz:/home/huahai/dobot_ws/install/nova5_moveit:/home/huahai/dobot_ws/install/nova2_moveit:/home/huahai/dobot_ws/install/cr7_moveit:/home/huahai/dobot_ws/install/cr5_moveit:/home/huahai/dobot_ws/install/cr3_moveit:/home/huahai/dobot_ws/install/cr16_moveit:/home/huahai/dobot_ws/install/cr12_moveit:/home/huahai/dobot_ws/install/cr10_moveit:/home/huahai/dobot_ws/install/dobot_msgs_v3:/home/huahai/dobot_ws/install/dobot_gazebo:/home/huahai/dobot_ws/install/cra_description:/home/huahai/dobot_ws/install/robot_control_api:/home/huahai/dobot_ws/install/qt_robot_control:/home/huahai/dobot_ws/install/servo_action:/home/huahai/dobot_ws/install/dobot_bringup_v3:/home/huahai/dobot_ws/install/dobot_moveit:/home/huahai/dobot_ws/install/dobot_demo:/opt/ros/humble /usr/bin/cmake --build /home/huahai/dobot_ws/build/nova5_moveit -- -j2 -l2
[4.138s] DEBUG:colcon.colcon_core.event_handler.log_command:Invoked command in '/home/huahai/dobot_ws/build/nova5_moveit' returned '0': CMAKE_PREFIX_PATH=/home/huahai/dobot_ws/install/dobot_rviz:/home/huahai/dobot_ws/install/nova5_moveit:/home/huahai/dobot_ws/install/nova2_moveit:/home/huahai/dobot_ws/install/cr7_moveit:/home/huahai/dobot_ws/install/cr5_moveit:/home/huahai/dobot_ws/install/cr3_moveit:/home/huahai/dobot_ws/install/cr16_moveit:/home/huahai/dobot_ws/install/cr12_moveit:/home/huahai/dobot_ws/install/cr10_moveit:/home/huahai/dobot_ws/install/dobot_msgs_v3:/home/huahai/dobot_ws/install/dobot_gazebo:/home/huahai/dobot_ws/install/cra_description:/home/huahai/dobot_ws/install/robot_control_api:/home/huahai/dobot_ws/install/qt_robot_control:/home/huahai/dobot_ws/install/servo_action:/home/huahai/dobot_ws/install/dobot_bringup_v3:/home/huahai/dobot_ws/install/dobot_moveit:/home/huahai/dobot_ws/install/dobot_demo:/opt/ros/humble /usr/bin/cmake --build /home/huahai/dobot_ws/build/nova5_moveit -- -j2 -l2
[4.141s] DEBUG:colcon.colcon_core.event_handler.log_command:Invoking command in '/home/huahai/dobot_ws/build/nova5_moveit': CMAKE_PREFIX_PATH=/home/huahai/dobot_ws/install/dobot_rviz:/home/huahai/dobot_ws/install/nova5_moveit:/home/huahai/dobot_ws/install/nova2_moveit:/home/huahai/dobot_ws/install/cr7_moveit:/home/huahai/dobot_ws/install/cr5_moveit:/home/huahai/dobot_ws/install/cr3_moveit:/home/huahai/dobot_ws/install/cr16_moveit:/home/huahai/dobot_ws/install/cr12_moveit:/home/huahai/dobot_ws/install/cr10_moveit:/home/huahai/dobot_ws/install/dobot_msgs_v3:/home/huahai/dobot_ws/install/dobot_gazebo:/home/huahai/dobot_ws/install/cra_description:/home/huahai/dobot_ws/install/robot_control_api:/home/huahai/dobot_ws/install/qt_robot_control:/home/huahai/dobot_ws/install/servo_action:/home/huahai/dobot_ws/install/dobot_bringup_v3:/home/huahai/dobot_ws/install/dobot_moveit:/home/huahai/dobot_ws/install/dobot_demo:/opt/ros/humble /usr/bin/cmake --install /home/huahai/dobot_ws/build/nova5_moveit
[4.156s] Level 1:colcon.colcon_core.environment:create_environment_scripts_only(nova5_moveit)
[4.156s] Level 1:colcon.colcon_core.environment:checking '/home/huahai/dobot_ws/install/nova5_moveit' for CMake module files
[4.156s] DEBUG:colcon.colcon_core.event_handler.log_command:Invoked command in '/home/huahai/dobot_ws/build/nova5_moveit' returned '0': CMAKE_PREFIX_PATH=/home/huahai/dobot_ws/install/dobot_rviz:/home/huahai/dobot_ws/install/nova5_moveit:/home/huahai/dobot_ws/install/nova2_moveit:/home/huahai/dobot_ws/install/cr7_moveit:/home/huahai/dobot_ws/install/cr5_moveit:/home/huahai/dobot_ws/install/cr3_moveit:/home/huahai/dobot_ws/install/cr16_moveit:/home/huahai/dobot_ws/install/cr12_moveit:/home/huahai/dobot_ws/install/cr10_moveit:/home/huahai/dobot_ws/install/dobot_msgs_v3:/home/huahai/dobot_ws/install/dobot_gazebo:/home/huahai/dobot_ws/install/cra_description:/home/huahai/dobot_ws/install/robot_control_api:/home/huahai/dobot_ws/install/qt_robot_control:/home/huahai/dobot_ws/install/servo_action:/home/huahai/dobot_ws/install/dobot_bringup_v3:/home/huahai/dobot_ws/install/dobot_moveit:/home/huahai/dobot_ws/install/dobot_demo:/opt/ros/humble /usr/bin/cmake --install /home/huahai/dobot_ws/build/nova5_moveit
[4.157s] Level 1:colcon.colcon_core.environment:checking '/home/huahai/dobot_ws/install/nova5_moveit' for CMake config files
[4.157s] Level 1:colcon.colcon_core.shell:create_environment_hook('nova5_moveit', 'cmake_prefix_path')
[4.157s] INFO:colcon.colcon_core.shell:Creating environment hook '/home/huahai/dobot_ws/install/nova5_moveit/share/nova5_moveit/hook/cmake_prefix_path.ps1'
[4.158s] INFO:colcon.colcon_core.shell:Creating environment descriptor '/home/huahai/dobot_ws/install/nova5_moveit/share/nova5_moveit/hook/cmake_prefix_path.dsv'
[4.158s] INFO:colcon.colcon_core.shell:Creating environment hook '/home/huahai/dobot_ws/install/nova5_moveit/share/nova5_moveit/hook/cmake_prefix_path.sh'
[4.159s] Level 1:colcon.colcon_core.environment:checking '/home/huahai/dobot_ws/install/nova5_moveit/bin'
[4.160s] Level 1:colcon.colcon_core.environment:checking '/home/huahai/dobot_ws/install/nova5_moveit/lib/pkgconfig/nova5_moveit.pc'
[4.160s] Level 1:colcon.colcon_core.environment:checking '/home/huahai/dobot_ws/install/nova5_moveit/lib/python3.10/site-packages'
[4.160s] Level 1:colcon.colcon_core.environment:checking '/home/huahai/dobot_ws/install/nova5_moveit/bin'
[4.161s] INFO:colcon.colcon_core.shell:Creating package script '/home/huahai/dobot_ws/install/nova5_moveit/share/nova5_moveit/package.ps1'
[4.161s] INFO:colcon.colcon_core.shell:Creating package descriptor '/home/huahai/dobot_ws/install/nova5_moveit/share/nova5_moveit/package.dsv'
[4.162s] INFO:colcon.colcon_core.shell:Creating package script '/home/huahai/dobot_ws/install/nova5_moveit/share/nova5_moveit/package.sh'
[4.162s] INFO:colcon.colcon_core.shell:Creating package script '/home/huahai/dobot_ws/install/nova5_moveit/share/nova5_moveit/package.bash'
[4.163s] INFO:colcon.colcon_core.shell:Creating package script '/home/huahai/dobot_ws/install/nova5_moveit/share/nova5_moveit/package.zsh'
[4.165s] Level 1:colcon.colcon_core.environment:create_file_with_runtime_dependencies(/home/huahai/dobot_ws/install/nova5_moveit/share/colcon-core/packages/nova5_moveit)
[4.166s] Level 1:colcon.colcon_core.environment:create_environment_scripts_only(nova5_moveit)
[4.166s] Level 1:colcon.colcon_core.environment:checking '/home/huahai/dobot_ws/install/nova5_moveit' for CMake module files
[4.166s] Level 1:colcon.colcon_core.environment:checking '/home/huahai/dobot_ws/install/nova5_moveit' for CMake config files
[4.167s] Level 1:colcon.colcon_core.shell:create_environment_hook('nova5_moveit', 'cmake_prefix_path')
[4.167s] INFO:colcon.colcon_core.shell:Creating environment hook '/home/huahai/dobot_ws/install/nova5_moveit/share/nova5_moveit/hook/cmake_prefix_path.ps1'
[4.168s] INFO:colcon.colcon_core.shell:Creating environment descriptor '/home/huahai/dobot_ws/install/nova5_moveit/share/nova5_moveit/hook/cmake_prefix_path.dsv'
[4.168s] INFO:colcon.colcon_core.shell:Creating environment hook '/home/huahai/dobot_ws/install/nova5_moveit/share/nova5_moveit/hook/cmake_prefix_path.sh'
[4.169s] Level 1:colcon.colcon_core.environment:checking '/home/huahai/dobot_ws/install/nova5_moveit/bin'
[4.169s] Level 1:colcon.colcon_core.environment:checking '/home/huahai/dobot_ws/install/nova5_moveit/lib/pkgconfig/nova5_moveit.pc'
[4.169s] Level 1:colcon.colcon_core.environment:checking '/home/huahai/dobot_ws/install/nova5_moveit/lib/python3.10/site-packages'
[4.170s] Level 1:colcon.colcon_core.environment:checking '/home/huahai/dobot_ws/install/nova5_moveit/bin'
[4.170s] INFO:colcon.colcon_core.shell:Creating package script '/home/huahai/dobot_ws/install/nova5_moveit/share/nova5_moveit/package.ps1'
[4.170s] INFO:colcon.colcon_core.shell:Creating package descriptor '/home/huahai/dobot_ws/install/nova5_moveit/share/nova5_moveit/package.dsv'
[4.171s] INFO:colcon.colcon_core.shell:Creating package script '/home/huahai/dobot_ws/install/nova5_moveit/share/nova5_moveit/package.sh'
[4.171s] INFO:colcon.colcon_core.shell:Creating package script '/home/huahai/dobot_ws/install/nova5_moveit/share/nova5_moveit/package.bash'
[4.172s] INFO:colcon.colcon_core.shell:Creating package script '/home/huahai/dobot_ws/install/nova5_moveit/share/nova5_moveit/package.zsh'
[4.173s] Level 1:colcon.colcon_core.environment:create_file_with_runtime_dependencies(/home/huahai/dobot_ws/install/nova5_moveit/share/colcon-core/packages/nova5_moveit)
[4.174s] INFO:colcon.colcon_ros.task.ament_python.build:Building ROS package in '/home/huahai/dobot_ws/src/qt_robot_control' with build type 'ament_python'
[4.174s] Level 1:colcon.colcon_core.shell:create_environment_hook('qt_robot_control', 'ament_prefix_path')
[4.174s] INFO:colcon.colcon_core.shell:Creating environment hook '/home/huahai/dobot_ws/install/qt_robot_control/share/qt_robot_control/hook/ament_prefix_path.ps1'
[4.174s] INFO:colcon.colcon_core.shell:Creating environment descriptor '/home/huahai/dobot_ws/install/qt_robot_control/share/qt_robot_control/hook/ament_prefix_path.dsv'
[4.176s] INFO:colcon.colcon_core.shell:Creating environment hook '/home/huahai/dobot_ws/install/qt_robot_control/share/qt_robot_control/hook/ament_prefix_path.sh'
[4.177s] INFO:colcon.colcon_core.shell:Skip shell extension 'powershell' for command environment: Not usable outside of PowerShell
[4.177s] DEBUG:colcon.colcon_core.shell:Skip shell extension 'dsv' for command environment
[4.189s] DEBUG:colcon.colcon_core.event_handler.log_command:Invoking command in '/home/huahai/dobot_ws/src/DOBOT_6Axis_ROS2_V3/dobot_bringup_v3': CMAKE_PREFIX_PATH=/home/huahai/dobot_ws/install/dobot_msgs_v3:/home/huahai/dobot_ws/install/nova5_moveit:/home/huahai/dobot_ws/install/nova2_moveit:/home/huahai/dobot_ws/install/cr7_moveit:/home/huahai/dobot_ws/install/cr5_moveit:/home/huahai/dobot_ws/install/cr3_moveit:/home/huahai/dobot_ws/install/cr16_moveit:/home/huahai/dobot_ws/install/cr12_moveit:/home/huahai/dobot_ws/install/cr10_moveit:/home/huahai/dobot_ws/install/dobot_rviz:/home/huahai/dobot_ws/install/dobot_gazebo:/home/huahai/dobot_ws/install/cra_description PYTHONPATH=/home/huahai/dobot_ws/build/dobot_bringup_v3/prefix_override:/usr/lib/python3/dist-packages/colcon_core/task/python/colcon_distutils_commands:/home/huahai/dobot_ws/install/dobot_bringup_v3/lib/python3.10/site-packages:${PYTHONPATH} /usr/bin/python3 -W ignore:setup.py install is deprecated -W ignore:easy_install command is deprecated setup.py egg_info --egg-base ../../../build/dobot_bringup_v3 build --build-base /home/huahai/dobot_ws/build/dobot_bringup_v3/build install --record /home/huahai/dobot_ws/build/dobot_bringup_v3/install.log --single-version-externally-managed install_data
[4.391s] INFO:colcon.colcon_core.task.python.build:Building Python package in '/home/huahai/dobot_ws/src/qt_robot_control'
[4.391s] INFO:colcon.colcon_core.shell:Skip shell extension 'powershell' for command environment: Not usable outside of PowerShell
[4.391s] DEBUG:colcon.colcon_core.shell:Skip shell extension 'dsv' for command environment
[4.464s] Level 1:colcon.colcon_core.environment:checking '/home/huahai/dobot_ws/install/dobot_bringup_v3' for CMake module files
[4.464s] DEBUG:colcon.colcon_core.event_handler.log_command:Invoked command in '/home/huahai/dobot_ws/src/DOBOT_6Axis_ROS2_V3/dobot_bringup_v3' returned '0': CMAKE_PREFIX_PATH=/home/huahai/dobot_ws/install/dobot_msgs_v3:/home/huahai/dobot_ws/install/nova5_moveit:/home/huahai/dobot_ws/install/nova2_moveit:/home/huahai/dobot_ws/install/cr7_moveit:/home/huahai/dobot_ws/install/cr5_moveit:/home/huahai/dobot_ws/install/cr3_moveit:/home/huahai/dobot_ws/install/cr16_moveit:/home/huahai/dobot_ws/install/cr12_moveit:/home/huahai/dobot_ws/install/cr10_moveit:/home/huahai/dobot_ws/install/dobot_rviz:/home/huahai/dobot_ws/install/dobot_gazebo:/home/huahai/dobot_ws/install/cra_description PYTHONPATH=/home/huahai/dobot_ws/build/dobot_bringup_v3/prefix_override:/usr/lib/python3/dist-packages/colcon_core/task/python/colcon_distutils_commands:/home/huahai/dobot_ws/install/dobot_bringup_v3/lib/python3.10/site-packages:${PYTHONPATH} /usr/bin/python3 -W ignore:setup.py install is deprecated -W ignore:easy_install command is deprecated setup.py egg_info --egg-base ../../../build/dobot_bringup_v3 build --build-base /home/huahai/dobot_ws/build/dobot_bringup_v3/build install --record /home/huahai/dobot_ws/build/dobot_bringup_v3/install.log --single-version-externally-managed install_data
[4.466s] Level 1:colcon.colcon_core.environment:checking '/home/huahai/dobot_ws/install/dobot_bringup_v3' for CMake config files
[4.467s] Level 1:colcon.colcon_core.environment:checking '/home/huahai/dobot_ws/install/dobot_bringup_v3/lib'
[4.467s] Level 1:colcon.colcon_core.environment:checking '/home/huahai/dobot_ws/install/dobot_bringup_v3/bin'
[4.467s] Level 1:colcon.colcon_core.environment:checking '/home/huahai/dobot_ws/install/dobot_bringup_v3/lib/pkgconfig/dobot_bringup_v3.pc'
[4.467s] Level 1:colcon.colcon_core.environment:checking '/home/huahai/dobot_ws/install/dobot_bringup_v3/lib/python3.10/site-packages'
[4.468s] Level 1:colcon.colcon_core.shell:create_environment_hook('dobot_bringup_v3', 'pythonpath')
[4.468s] INFO:colcon.colcon_core.shell:Creating environment hook '/home/huahai/dobot_ws/install/dobot_bringup_v3/share/dobot_bringup_v3/hook/pythonpath.ps1'
[4.469s] INFO:colcon.colcon_core.shell:Creating environment descriptor '/home/huahai/dobot_ws/install/dobot_bringup_v3/share/dobot_bringup_v3/hook/pythonpath.dsv'
[4.470s] INFO:colcon.colcon_core.shell:Creating environment hook '/home/huahai/dobot_ws/install/dobot_bringup_v3/share/dobot_bringup_v3/hook/pythonpath.sh'
[4.471s] Level 1:colcon.colcon_core.environment:checking '/home/huahai/dobot_ws/install/dobot_bringup_v3/bin'
[4.471s] Level 1:colcon.colcon_core.environment:create_environment_scripts_only(dobot_bringup_v3)
[4.471s] INFO:colcon.colcon_core.shell:Creating package script '/home/huahai/dobot_ws/install/dobot_bringup_v3/share/dobot_bringup_v3/package.ps1'
[4.472s] INFO:colcon.colcon_core.shell:Creating package descriptor '/home/huahai/dobot_ws/install/dobot_bringup_v3/share/dobot_bringup_v3/package.dsv'
[4.472s] INFO:colcon.colcon_core.shell:Creating package script '/home/huahai/dobot_ws/install/dobot_bringup_v3/share/dobot_bringup_v3/package.sh'
[4.472s] INFO:colcon.colcon_core.shell:Creating package script '/home/huahai/dobot_ws/install/dobot_bringup_v3/share/dobot_bringup_v3/package.bash'
[4.473s] INFO:colcon.colcon_core.shell:Creating package script '/home/huahai/dobot_ws/install/dobot_bringup_v3/share/dobot_bringup_v3/package.zsh'
[4.473s] Level 1:colcon.colcon_core.environment:create_file_with_runtime_dependencies(/home/huahai/dobot_ws/install/dobot_bringup_v3/share/colcon-core/packages/dobot_bringup_v3)
[4.474s] INFO:colcon.colcon_ros.task.ament_python.build:Building ROS package in '/home/huahai/dobot_ws/src/robot_control_api' with build type 'ament_python'
[4.474s] Level 1:colcon.colcon_core.shell:create_environment_hook('robot_control_api', 'ament_prefix_path')
[4.474s] INFO:colcon.colcon_core.shell:Creating environment hook '/home/huahai/dobot_ws/install/robot_control_api/share/robot_control_api/hook/ament_prefix_path.ps1'
[4.475s] INFO:colcon.colcon_core.shell:Creating environment descriptor '/home/huahai/dobot_ws/install/robot_control_api/share/robot_control_api/hook/ament_prefix_path.dsv'
[4.476s] INFO:colcon.colcon_core.shell:Creating environment hook '/home/huahai/dobot_ws/install/robot_control_api/share/robot_control_api/hook/ament_prefix_path.sh'
[4.477s] INFO:colcon.colcon_core.shell:Skip shell extension 'powershell' for command environment: Not usable outside of PowerShell
[4.477s] DEBUG:colcon.colcon_core.shell:Skip shell extension 'dsv' for command environment
[4.692s] INFO:colcon.colcon_core.task.python.build:Building Python package in '/home/huahai/dobot_ws/src/robot_control_api'
[4.692s] INFO:colcon.colcon_core.shell:Skip shell extension 'powershell' for command environment: Not usable outside of PowerShell
[4.692s] DEBUG:colcon.colcon_core.shell:Skip shell extension 'dsv' for command environment
[4.791s] DEBUG:colcon.colcon_core.event_handler.log_command:Invoking command in '/home/huahai/dobot_ws/src/qt_robot_control': CMAKE_PREFIX_PATH=/home/huahai/dobot_ws/install/dobot_msgs_v3:/home/huahai/dobot_ws/install/nova5_moveit:/home/huahai/dobot_ws/install/nova2_moveit:/home/huahai/dobot_ws/install/cr7_moveit:/home/huahai/dobot_ws/install/cr5_moveit:/home/huahai/dobot_ws/install/cr3_moveit:/home/huahai/dobot_ws/install/cr16_moveit:/home/huahai/dobot_ws/install/cr12_moveit:/home/huahai/dobot_ws/install/cr10_moveit:/home/huahai/dobot_ws/install/dobot_rviz:/home/huahai/dobot_ws/install/dobot_gazebo:/home/huahai/dobot_ws/install/cra_description PYTHONPATH=/home/huahai/dobot_ws/build/qt_robot_control/prefix_override:/usr/lib/python3/dist-packages/colcon_core/task/python/colcon_distutils_commands:/home/huahai/dobot_ws/install/qt_robot_control/lib/python3.10/site-packages:${PYTHONPATH} /usr/bin/python3 -W ignore:setup.py install is deprecated -W ignore:easy_install command is deprecated setup.py egg_info --egg-base ../../build/qt_robot_control build --build-base /home/huahai/dobot_ws/build/qt_robot_control/build install --record /home/huahai/dobot_ws/build/qt_robot_control/install.log --single-version-externally-managed install_data
[5.039s] DEBUG:colcon.colcon_core.event_handler.log_command:Invoking command in '/home/huahai/dobot_ws/src/robot_control_api': CMAKE_PREFIX_PATH=/home/huahai/dobot_ws/install/dobot_msgs_v3:/home/huahai/dobot_ws/install/nova5_moveit:/home/huahai/dobot_ws/install/nova2_moveit:/home/huahai/dobot_ws/install/cr7_moveit:/home/huahai/dobot_ws/install/cr5_moveit:/home/huahai/dobot_ws/install/cr3_moveit:/home/huahai/dobot_ws/install/cr16_moveit:/home/huahai/dobot_ws/install/cr12_moveit:/home/huahai/dobot_ws/install/cr10_moveit:/home/huahai/dobot_ws/install/dobot_rviz:/home/huahai/dobot_ws/install/dobot_gazebo:/home/huahai/dobot_ws/install/cra_description PYTHONPATH=/home/huahai/dobot_ws/build/robot_control_api/prefix_override:/usr/lib/python3/dist-packages/colcon_core/task/python/colcon_distutils_commands:/home/huahai/dobot_ws/install/robot_control_api/lib/python3.10/site-packages:${PYTHONPATH} /usr/bin/python3 -W ignore:setup.py install is deprecated -W ignore:easy_install command is deprecated setup.py egg_info --egg-base ../../build/robot_control_api build --build-base /home/huahai/dobot_ws/build/robot_control_api/build install --record /home/huahai/dobot_ws/build/robot_control_api/install.log --single-version-externally-managed install_data
[5.066s] Level 1:colcon.colcon_core.environment:checking '/home/huahai/dobot_ws/install/qt_robot_control' for CMake module files
[5.067s] DEBUG:colcon.colcon_core.event_handler.log_command:Invoked command in '/home/huahai/dobot_ws/src/qt_robot_control' returned '0': CMAKE_PREFIX_PATH=/home/huahai/dobot_ws/install/dobot_msgs_v3:/home/huahai/dobot_ws/install/nova5_moveit:/home/huahai/dobot_ws/install/nova2_moveit:/home/huahai/dobot_ws/install/cr7_moveit:/home/huahai/dobot_ws/install/cr5_moveit:/home/huahai/dobot_ws/install/cr3_moveit:/home/huahai/dobot_ws/install/cr16_moveit:/home/huahai/dobot_ws/install/cr12_moveit:/home/huahai/dobot_ws/install/cr10_moveit:/home/huahai/dobot_ws/install/dobot_rviz:/home/huahai/dobot_ws/install/dobot_gazebo:/home/huahai/dobot_ws/install/cra_description PYTHONPATH=/home/huahai/dobot_ws/build/qt_robot_control/prefix_override:/usr/lib/python3/dist-packages/colcon_core/task/python/colcon_distutils_commands:/home/huahai/dobot_ws/install/qt_robot_control/lib/python3.10/site-packages:${PYTHONPATH} /usr/bin/python3 -W ignore:setup.py install is deprecated -W ignore:easy_install command is deprecated setup.py egg_info --egg-base ../../build/qt_robot_control build --build-base /home/huahai/dobot_ws/build/qt_robot_control/build install --record /home/huahai/dobot_ws/build/qt_robot_control/install.log --single-version-externally-managed install_data
[5.068s] Level 1:colcon.colcon_core.environment:checking '/home/huahai/dobot_ws/install/qt_robot_control' for CMake config files
[5.068s] Level 1:colcon.colcon_core.environment:checking '/home/huahai/dobot_ws/install/qt_robot_control/lib'
[5.068s] Level 1:colcon.colcon_core.environment:checking '/home/huahai/dobot_ws/install/qt_robot_control/bin'
[5.069s] Level 1:colcon.colcon_core.environment:checking '/home/huahai/dobot_ws/install/qt_robot_control/lib/pkgconfig/qt_robot_control.pc'
[5.070s] Level 1:colcon.colcon_core.environment:checking '/home/huahai/dobot_ws/install/qt_robot_control/lib/python3.10/site-packages'
[5.070s] Level 1:colcon.colcon_core.shell:create_environment_hook('qt_robot_control', 'pythonpath')
[5.070s] INFO:colcon.colcon_core.shell:Creating environment hook '/home/huahai/dobot_ws/install/qt_robot_control/share/qt_robot_control/hook/pythonpath.ps1'
[5.070s] INFO:colcon.colcon_core.shell:Creating environment descriptor '/home/huahai/dobot_ws/install/qt_robot_control/share/qt_robot_control/hook/pythonpath.dsv'
[5.072s] INFO:colcon.colcon_core.shell:Creating environment hook '/home/huahai/dobot_ws/install/qt_robot_control/share/qt_robot_control/hook/pythonpath.sh'
[5.073s] Level 1:colcon.colcon_core.environment:checking '/home/huahai/dobot_ws/install/qt_robot_control/bin'
[5.073s] Level 1:colcon.colcon_core.environment:create_environment_scripts_only(qt_robot_control)
[5.073s] INFO:colcon.colcon_core.shell:Creating package script '/home/huahai/dobot_ws/install/qt_robot_control/share/qt_robot_control/package.ps1'
[5.073s] INFO:colcon.colcon_core.shell:Creating package descriptor '/home/huahai/dobot_ws/install/qt_robot_control/share/qt_robot_control/package.dsv'
[5.075s] INFO:colcon.colcon_core.shell:Creating package script '/home/huahai/dobot_ws/install/qt_robot_control/share/qt_robot_control/package.sh'
[5.075s] INFO:colcon.colcon_core.shell:Creating package script '/home/huahai/dobot_ws/install/qt_robot_control/share/qt_robot_control/package.bash'
[5.076s] INFO:colcon.colcon_core.shell:Creating package script '/home/huahai/dobot_ws/install/qt_robot_control/share/qt_robot_control/package.zsh'
[5.076s] Level 1:colcon.colcon_core.environment:create_file_with_runtime_dependencies(/home/huahai/dobot_ws/install/qt_robot_control/share/colcon-core/packages/qt_robot_control)
[5.287s] Level 1:colcon.colcon_core.environment:checking '/home/huahai/dobot_ws/install/robot_control_api' for CMake module files
[5.288s] DEBUG:colcon.colcon_core.event_handler.log_command:Invoked command in '/home/huahai/dobot_ws/src/robot_control_api' returned '0': CMAKE_PREFIX_PATH=/home/huahai/dobot_ws/install/dobot_msgs_v3:/home/huahai/dobot_ws/install/nova5_moveit:/home/huahai/dobot_ws/install/nova2_moveit:/home/huahai/dobot_ws/install/cr7_moveit:/home/huahai/dobot_ws/install/cr5_moveit:/home/huahai/dobot_ws/install/cr3_moveit:/home/huahai/dobot_ws/install/cr16_moveit:/home/huahai/dobot_ws/install/cr12_moveit:/home/huahai/dobot_ws/install/cr10_moveit:/home/huahai/dobot_ws/install/dobot_rviz:/home/huahai/dobot_ws/install/dobot_gazebo:/home/huahai/dobot_ws/install/cra_description PYTHONPATH=/home/huahai/dobot_ws/build/robot_control_api/prefix_override:/usr/lib/python3/dist-packages/colcon_core/task/python/colcon_distutils_commands:/home/huahai/dobot_ws/install/robot_control_api/lib/python3.10/site-packages:${PYTHONPATH} /usr/bin/python3 -W ignore:setup.py install is deprecated -W ignore:easy_install command is deprecated setup.py egg_info --egg-base ../../build/robot_control_api build --build-base /home/huahai/dobot_ws/build/robot_control_api/build install --record /home/huahai/dobot_ws/build/robot_control_api/install.log --single-version-externally-managed install_data
[5.288s] Level 1:colcon.colcon_core.environment:checking '/home/huahai/dobot_ws/install/robot_control_api' for CMake config files
[5.288s] Level 1:colcon.colcon_core.environment:checking '/home/huahai/dobot_ws/install/robot_control_api/lib'
[5.288s] Level 1:colcon.colcon_core.environment:checking '/home/huahai/dobot_ws/install/robot_control_api/bin'
[5.288s] Level 1:colcon.colcon_core.environment:checking '/home/huahai/dobot_ws/install/robot_control_api/lib/pkgconfig/robot_control_api.pc'
[5.289s] Level 1:colcon.colcon_core.environment:checking '/home/huahai/dobot_ws/install/robot_control_api/lib/python3.10/site-packages'
[5.289s] Level 1:colcon.colcon_core.shell:create_environment_hook('robot_control_api', 'pythonpath')
[5.289s] INFO:colcon.colcon_core.shell:Creating environment hook '/home/huahai/dobot_ws/install/robot_control_api/share/robot_control_api/hook/pythonpath.ps1'
[5.289s] INFO:colcon.colcon_core.shell:Creating environment descriptor '/home/huahai/dobot_ws/install/robot_control_api/share/robot_control_api/hook/pythonpath.dsv'
[5.290s] INFO:colcon.colcon_core.shell:Creating environment hook '/home/huahai/dobot_ws/install/robot_control_api/share/robot_control_api/hook/pythonpath.sh'
[5.290s] Level 1:colcon.colcon_core.environment:checking '/home/huahai/dobot_ws/install/robot_control_api/bin'
[5.290s] Level 1:colcon.colcon_core.environment:create_environment_scripts_only(robot_control_api)
[5.291s] INFO:colcon.colcon_core.shell:Creating package script '/home/huahai/dobot_ws/install/robot_control_api/share/robot_control_api/package.ps1'
[5.291s] INFO:colcon.colcon_core.shell:Creating package descriptor '/home/huahai/dobot_ws/install/robot_control_api/share/robot_control_api/package.dsv'
[5.291s] INFO:colcon.colcon_core.shell:Creating package script '/home/huahai/dobot_ws/install/robot_control_api/share/robot_control_api/package.sh'
[5.292s] INFO:colcon.colcon_core.shell:Creating package script '/home/huahai/dobot_ws/install/robot_control_api/share/robot_control_api/package.bash'
[5.292s] INFO:colcon.colcon_core.shell:Creating package script '/home/huahai/dobot_ws/install/robot_control_api/share/robot_control_api/package.zsh'
[5.293s] Level 1:colcon.colcon_core.environment:create_file_with_runtime_dependencies(/home/huahai/dobot_ws/install/robot_control_api/share/colcon-core/packages/robot_control_api)
[5.293s] DEBUG:colcon.colcon_parallel_executor.executor.parallel:closing loop
[5.294s] DEBUG:colcon.colcon_parallel_executor.executor.parallel:loop closed
[5.294s] DEBUG:colcon.colcon_parallel_executor.executor.parallel:run_until_complete finished with '0'
[5.294s] DEBUG:colcon.colcon_core.event_reactor:joining thread
[5.300s] INFO:colcon.colcon_core.plugin_system:Skipping extension 'colcon_notification.desktop_notification.terminal_notifier': Not used on non-Darwin systems
[5.300s] INFO:colcon.colcon_core.plugin_system:Skipping extension 'colcon_notification.desktop_notification.win32': Not used on non-Windows systems
[5.300s] INFO:colcon.colcon_notification.desktop_notification:Sending desktop notification using 'notify2'
[5.318s] DEBUG:colcon.colcon_core.event_reactor:joined thread
[5.319s] INFO:colcon.colcon_core.shell:Creating prefix script '/home/huahai/dobot_ws/install/local_setup.ps1'
[5.320s] INFO:colcon.colcon_core.shell:Creating prefix util module '/home/huahai/dobot_ws/install/_local_setup_util_ps1.py'
[5.322s] INFO:colcon.colcon_core.shell:Creating prefix chain script '/home/huahai/dobot_ws/install/setup.ps1'
[5.324s] INFO:colcon.colcon_core.shell:Creating prefix script '/home/huahai/dobot_ws/install/local_setup.sh'
[5.325s] INFO:colcon.colcon_core.shell:Creating prefix util module '/home/huahai/dobot_ws/install/_local_setup_util_sh.py'
[5.327s] INFO:colcon.colcon_core.shell:Creating prefix chain script '/home/huahai/dobot_ws/install/setup.sh'
[5.329s] INFO:colcon.colcon_core.shell:Creating prefix script '/home/huahai/dobot_ws/install/local_setup.bash'
[5.329s] INFO:colcon.colcon_core.shell:Creating prefix chain script '/home/huahai/dobot_ws/install/setup.bash'
[5.330s] INFO:colcon.colcon_core.shell:Creating prefix script '/home/huahai/dobot_ws/install/local_setup.zsh'
[5.331s] INFO:colcon.colcon_core.shell:Creating prefix chain script '/home/huahai/dobot_ws/install/setup.zsh'
