[0.000000] (-) TimerEvent: {}
[0.000889] (cra_description) JobQueued: {'identifier': 'cra_description', 'dependencies': OrderedDict()}
[0.000919] (dobot_demo) JobQueued: {'identifier': 'dobot_demo', 'dependencies': OrderedDict()}
[0.000931] (dobot_moveit) JobQueued: {'identifier': 'dobot_moveit', 'dependencies': OrderedDict()}
[0.000940] (dobot_msgs_v3) JobQueued: {'identifier': 'dobot_msgs_v3', 'dependencies': OrderedDict()}
[0.000949] (dobot_rviz) JobQueued: {'identifier': 'dobot_rviz', 'dependencies': OrderedDict()}
[0.000958] (servo_action) JobQueued: {'identifier': 'servo_action', 'dependencies': OrderedDict()}
[0.000967] (cr10_moveit) JobQueued: {'identifier': 'cr10_moveit', 'dependencies': OrderedDict([('dobot_rviz', '/home/huahai/dobot_ws/install/dobot_rviz')])}
[0.000978] (cr12_moveit) JobQueued: {'identifier': 'cr12_moveit', 'dependencies': OrderedDict([('dobot_rviz', '/home/huahai/dobot_ws/install/dobot_rviz')])}
[0.000987] (cr16_moveit) JobQueued: {'identifier': 'cr16_moveit', 'dependencies': OrderedDict([('dobot_rviz', '/home/huahai/dobot_ws/install/dobot_rviz')])}
[0.000996] (cr3_moveit) JobQueued: {'identifier': 'cr3_moveit', 'dependencies': OrderedDict([('dobot_rviz', '/home/huahai/dobot_ws/install/dobot_rviz')])}
[0.001006] (cr5_moveit) JobQueued: {'identifier': 'cr5_moveit', 'dependencies': OrderedDict([('dobot_rviz', '/home/huahai/dobot_ws/install/dobot_rviz')])}
[0.001015] (cr7_moveit) JobQueued: {'identifier': 'cr7_moveit', 'dependencies': OrderedDict([('dobot_rviz', '/home/huahai/dobot_ws/install/dobot_rviz')])}
[0.001024] (dobot_bringup_v3) JobQueued: {'identifier': 'dobot_bringup_v3', 'dependencies': OrderedDict([('dobot_msgs_v3', '/home/huahai/dobot_ws/install/dobot_msgs_v3')])}
[0.001033] (dobot_gazebo) JobQueued: {'identifier': 'dobot_gazebo', 'dependencies': OrderedDict([('cra_description', '/home/huahai/dobot_ws/install/cra_description')])}
[0.001042] (nova2_moveit) JobQueued: {'identifier': 'nova2_moveit', 'dependencies': OrderedDict([('dobot_rviz', '/home/huahai/dobot_ws/install/dobot_rviz')])}
[0.001052] (nova5_moveit) JobQueued: {'identifier': 'nova5_moveit', 'dependencies': OrderedDict([('dobot_rviz', '/home/huahai/dobot_ws/install/dobot_rviz')])}
[0.001061] (dobot_rviz) JobStarted: {'identifier': 'dobot_rviz'}
[0.009693] (cra_description) JobStarted: {'identifier': 'cra_description'}
[0.013168] (dobot_rviz) JobProgress: {'identifier': 'dobot_rviz', 'progress': 'cmake'}
[0.013209] (dobot_rviz) Command: {'cmd': ['/usr/bin/cmake', '/home/huahai/dobot_ws/src/DOBOT_6Axis_ROS2_V3/dobot_rviz', '-DCMAKE_INSTALL_PREFIX=/home/huahai/dobot_ws/install/dobot_rviz'], 'cwd': '/home/huahai/dobot_ws/build/dobot_rviz', 'env': OrderedDict([('LESSOPEN', '| /usr/bin/lesspipe %s'), ('LANGUAGE', 'zh_CN:en_US:en'), ('USER', 'huahai'), ('SSH_CLIENT', '192.168.112.1 11931 22'), ('LC_TIME', 'zh_CN.UTF-8'), ('XDG_SESSION_TYPE', 'tty'), ('SHLVL', '1'), ('LD_LIBRARY_PATH', '/opt/ros/humble/opt/rviz_ogre_vendor/lib:/opt/ros/humble/lib/x86_64-linux-gnu:/opt/ros/humble/lib'), ('MOTD_SHOWN', 'pam'), ('HOME', '/home/huahai'), ('OLDPWD', '/home/huahai/dobot_ws/src'), ('SSH_TTY', '/dev/pts/2'), ('ROS_PYTHON_VERSION', '3'), ('LC_MONETARY', 'zh_CN.UTF-8'), ('DBUS_SESSION_BUS_ADDRESS', 'unix:path=/run/user/1000/bus'), ('ROS_DISTRO', 'humble'), ('LOGNAME', 'huahai'), ('_', '/usr/bin/colcon'), ('ROS_VERSION', '2'), ('XDG_SESSION_CLASS', 'user'), ('TERM', 'xterm-256color'), ('XDG_SESSION_ID', '8'), ('ROS_LOCALHOST_ONLY', '0'), ('PATH', '/opt/ros/humble/bin:/usr/local/sbin:/usr/local/bin:/usr/sbin:/usr/bin:/sbin:/bin:/usr/games:/usr/local/games:/snap/bin'), ('PAPERSIZE', 'a4'), ('LC_ADDRESS', 'zh_CN.UTF-8'), ('XDG_RUNTIME_DIR', '/run/user/1000'), ('LANG', 'zh_CN.UTF-8'), ('LC_TELEPHONE', 'zh_CN.UTF-8'), ('LS_COLORS', 'rs=0:di=01;34:ln=01;36:mh=00:pi=40;33:so=01;35:do=01;35:bd=40;33;01:cd=40;33;01:or=40;31;01:mi=00:su=37;41:sg=30;43:ca=30;41:tw=30;42:ow=34;42:st=37;44:ex=01;32:*.tar=01;31:*.tgz=01;31:*.arc=01;31:*.arj=01;31:*.taz=01;31:*.lha=01;31:*.lz4=01;31:*.lzh=01;31:*.lzma=01;31:*.tlz=01;31:*.txz=01;31:*.tzo=01;31:*.t7z=01;31:*.zip=01;31:*.z=01;31:*.dz=01;31:*.gz=01;31:*.lrz=01;31:*.lz=01;31:*.lzo=01;31:*.xz=01;31:*.zst=01;31:*.tzst=01;31:*.bz2=01;31:*.bz=01;31:*.tbz=01;31:*.tbz2=01;31:*.tz=01;31:*.deb=01;31:*.rpm=01;31:*.jar=01;31:*.war=01;31:*.ear=01;31:*.sar=01;31:*.rar=01;31:*.alz=01;31:*.ace=01;31:*.zoo=01;31:*.cpio=01;31:*.7z=01;31:*.rz=01;31:*.cab=01;31:*.wim=01;31:*.swm=01;31:*.dwm=01;31:*.esd=01;31:*.jpg=01;35:*.jpeg=01;35:*.mjpg=01;35:*.mjpeg=01;35:*.gif=01;35:*.bmp=01;35:*.pbm=01;35:*.pgm=01;35:*.ppm=01;35:*.tga=01;35:*.xbm=01;35:*.xpm=01;35:*.tif=01;35:*.tiff=01;35:*.png=01;35:*.svg=01;35:*.svgz=01;35:*.mng=01;35:*.pcx=01;35:*.mov=01;35:*.mpg=01;35:*.mpeg=01;35:*.m2v=01;35:*.mkv=01;35:*.webm=01;35:*.webp=01;35:*.ogm=01;35:*.mp4=01;35:*.m4v=01;35:*.mp4v=01;35:*.vob=01;35:*.qt=01;35:*.nuv=01;35:*.wmv=01;35:*.asf=01;35:*.rm=01;35:*.rmvb=01;35:*.flc=01;35:*.avi=01;35:*.fli=01;35:*.flv=01;35:*.gl=01;35:*.dl=01;35:*.xcf=01;35:*.xwd=01;35:*.yuv=01;35:*.cgm=01;35:*.emf=01;35:*.ogv=01;35:*.ogx=01;35:*.aac=00;36:*.au=00;36:*.flac=00;36:*.m4a=00;36:*.mid=00;36:*.midi=00;36:*.mka=00;36:*.mp3=00;36:*.mpc=00;36:*.ogg=00;36:*.ra=00;36:*.wav=00;36:*.oga=00;36:*.opus=00;36:*.spx=00;36:*.xspf=00;36:'), ('AMENT_PREFIX_PATH', '/opt/ros/humble'), ('SHELL', '/bin/bash'), ('LC_NAME', 'zh_CN.UTF-8'), ('LESSCLOSE', '/usr/bin/lesspipe %s %s'), ('LC_MEASUREMENT', 'zh_CN.UTF-8'), ('LC_IDENTIFICATION', 'zh_CN.UTF-8'), ('PWD', '/home/huahai/dobot_ws/build/dobot_rviz'), ('SSH_CONNECTION', '192.168.112.1 11931 192.168.124.127 22'), ('XDG_DATA_DIRS', '/usr/share/gnome:/usr/local/share:/usr/share:/var/lib/snapd/desktop'), ('PYTHONPATH', '/opt/ros/humble/lib/python3.10/site-packages:/opt/ros/humble/local/lib/python3.10/dist-packages'), ('LC_NUMERIC', 'zh_CN.UTF-8'), ('LC_PAPER', 'zh_CN.UTF-8'), ('COLCON', '1'), ('CMAKE_PREFIX_PATH', '/opt/ros/humble')]), 'shell': False}
[0.018898] (cra_description) JobProgress: {'identifier': 'cra_description', 'progress': 'cmake'}
[0.018931] (cra_description) Command: {'cmd': ['/usr/bin/cmake', '/home/huahai/dobot_ws/src/DOBOT_6Axis_ROS2_V3/cra_description', '-DCMAKE_INSTALL_PREFIX=/home/huahai/dobot_ws/install/cra_description'], 'cwd': '/home/huahai/dobot_ws/build/cra_description', 'env': OrderedDict([('LESSOPEN', '| /usr/bin/lesspipe %s'), ('LANGUAGE', 'zh_CN:en_US:en'), ('USER', 'huahai'), ('SSH_CLIENT', '192.168.112.1 11931 22'), ('LC_TIME', 'zh_CN.UTF-8'), ('XDG_SESSION_TYPE', 'tty'), ('SHLVL', '1'), ('LD_LIBRARY_PATH', '/opt/ros/humble/opt/rviz_ogre_vendor/lib:/opt/ros/humble/lib/x86_64-linux-gnu:/opt/ros/humble/lib'), ('MOTD_SHOWN', 'pam'), ('HOME', '/home/huahai'), ('OLDPWD', '/home/huahai/dobot_ws/src'), ('SSH_TTY', '/dev/pts/2'), ('ROS_PYTHON_VERSION', '3'), ('LC_MONETARY', 'zh_CN.UTF-8'), ('DBUS_SESSION_BUS_ADDRESS', 'unix:path=/run/user/1000/bus'), ('ROS_DISTRO', 'humble'), ('LOGNAME', 'huahai'), ('_', '/usr/bin/colcon'), ('ROS_VERSION', '2'), ('XDG_SESSION_CLASS', 'user'), ('TERM', 'xterm-256color'), ('XDG_SESSION_ID', '8'), ('ROS_LOCALHOST_ONLY', '0'), ('PATH', '/opt/ros/humble/bin:/usr/local/sbin:/usr/local/bin:/usr/sbin:/usr/bin:/sbin:/bin:/usr/games:/usr/local/games:/snap/bin'), ('PAPERSIZE', 'a4'), ('LC_ADDRESS', 'zh_CN.UTF-8'), ('XDG_RUNTIME_DIR', '/run/user/1000'), ('LANG', 'zh_CN.UTF-8'), ('LC_TELEPHONE', 'zh_CN.UTF-8'), ('LS_COLORS', 'rs=0:di=01;34:ln=01;36:mh=00:pi=40;33:so=01;35:do=01;35:bd=40;33;01:cd=40;33;01:or=40;31;01:mi=00:su=37;41:sg=30;43:ca=30;41:tw=30;42:ow=34;42:st=37;44:ex=01;32:*.tar=01;31:*.tgz=01;31:*.arc=01;31:*.arj=01;31:*.taz=01;31:*.lha=01;31:*.lz4=01;31:*.lzh=01;31:*.lzma=01;31:*.tlz=01;31:*.txz=01;31:*.tzo=01;31:*.t7z=01;31:*.zip=01;31:*.z=01;31:*.dz=01;31:*.gz=01;31:*.lrz=01;31:*.lz=01;31:*.lzo=01;31:*.xz=01;31:*.zst=01;31:*.tzst=01;31:*.bz2=01;31:*.bz=01;31:*.tbz=01;31:*.tbz2=01;31:*.tz=01;31:*.deb=01;31:*.rpm=01;31:*.jar=01;31:*.war=01;31:*.ear=01;31:*.sar=01;31:*.rar=01;31:*.alz=01;31:*.ace=01;31:*.zoo=01;31:*.cpio=01;31:*.7z=01;31:*.rz=01;31:*.cab=01;31:*.wim=01;31:*.swm=01;31:*.dwm=01;31:*.esd=01;31:*.jpg=01;35:*.jpeg=01;35:*.mjpg=01;35:*.mjpeg=01;35:*.gif=01;35:*.bmp=01;35:*.pbm=01;35:*.pgm=01;35:*.ppm=01;35:*.tga=01;35:*.xbm=01;35:*.xpm=01;35:*.tif=01;35:*.tiff=01;35:*.png=01;35:*.svg=01;35:*.svgz=01;35:*.mng=01;35:*.pcx=01;35:*.mov=01;35:*.mpg=01;35:*.mpeg=01;35:*.m2v=01;35:*.mkv=01;35:*.webm=01;35:*.webp=01;35:*.ogm=01;35:*.mp4=01;35:*.m4v=01;35:*.mp4v=01;35:*.vob=01;35:*.qt=01;35:*.nuv=01;35:*.wmv=01;35:*.asf=01;35:*.rm=01;35:*.rmvb=01;35:*.flc=01;35:*.avi=01;35:*.fli=01;35:*.flv=01;35:*.gl=01;35:*.dl=01;35:*.xcf=01;35:*.xwd=01;35:*.yuv=01;35:*.cgm=01;35:*.emf=01;35:*.ogv=01;35:*.ogx=01;35:*.aac=00;36:*.au=00;36:*.flac=00;36:*.m4a=00;36:*.mid=00;36:*.midi=00;36:*.mka=00;36:*.mp3=00;36:*.mpc=00;36:*.ogg=00;36:*.ra=00;36:*.wav=00;36:*.oga=00;36:*.opus=00;36:*.spx=00;36:*.xspf=00;36:'), ('AMENT_PREFIX_PATH', '/opt/ros/humble'), ('SHELL', '/bin/bash'), ('LC_NAME', 'zh_CN.UTF-8'), ('LESSCLOSE', '/usr/bin/lesspipe %s %s'), ('LC_MEASUREMENT', 'zh_CN.UTF-8'), ('LC_IDENTIFICATION', 'zh_CN.UTF-8'), ('PWD', '/home/huahai/dobot_ws/build/cra_description'), ('SSH_CONNECTION', '192.168.112.1 11931 192.168.124.127 22'), ('XDG_DATA_DIRS', '/usr/share/gnome:/usr/local/share:/usr/share:/var/lib/snapd/desktop'), ('PYTHONPATH', '/opt/ros/humble/lib/python3.10/site-packages:/opt/ros/humble/local/lib/python3.10/dist-packages'), ('LC_NUMERIC', 'zh_CN.UTF-8'), ('LC_PAPER', 'zh_CN.UTF-8'), ('COLCON', '1'), ('CMAKE_PREFIX_PATH', '/opt/ros/humble')]), 'shell': False}
[0.099622] (-) TimerEvent: {}
[0.174362] (cra_description) StdoutLine: {'line': b'-- The C compiler identification is GNU 11.4.0\n'}
[0.176016] (dobot_rviz) StdoutLine: {'line': b'-- The C compiler identification is GNU 11.4.0\n'}
[0.199745] (-) TimerEvent: {}
[0.272408] (dobot_rviz) StdoutLine: {'line': b'-- The CXX compiler identification is GNU 11.4.0\n'}
[0.272593] (cra_description) StdoutLine: {'line': b'-- The CXX compiler identification is GNU 11.4.0\n'}
[0.283457] (dobot_rviz) StdoutLine: {'line': b'-- Detecting C compiler ABI info\n'}
[0.283583] (cra_description) StdoutLine: {'line': b'-- Detecting C compiler ABI info\n'}
[0.299942] (-) TimerEvent: {}
[0.343846] (cra_description) StdoutLine: {'line': b'-- Detecting C compiler ABI info - done\n'}
[0.343982] (dobot_rviz) StdoutLine: {'line': b'-- Detecting C compiler ABI info - done\n'}
[0.348085] (cra_description) StdoutLine: {'line': b'-- Check for working C compiler: /usr/bin/cc - skipped\n'}
[0.348370] (dobot_rviz) StdoutLine: {'line': b'-- Check for working C compiler: /usr/bin/cc - skipped\n'}
[0.349177] (cra_description) StdoutLine: {'line': b'-- Detecting C compile features\n'}
[0.349282] (dobot_rviz) StdoutLine: {'line': b'-- Detecting C compile features\n'}
[0.351014] (dobot_rviz) StdoutLine: {'line': b'-- Detecting C compile features - done\n'}
[0.351108] (cra_description) StdoutLine: {'line': b'-- Detecting C compile features - done\n'}
[0.355019] (dobot_rviz) StdoutLine: {'line': b'-- Detecting CXX compiler ABI info\n'}
[0.355197] (cra_description) StdoutLine: {'line': b'-- Detecting CXX compiler ABI info\n'}
[0.400056] (-) TimerEvent: {}
[0.422806] (dobot_rviz) StdoutLine: {'line': b'-- Detecting CXX compiler ABI info - done\n'}
[0.422933] (cra_description) StdoutLine: {'line': b'-- Detecting CXX compiler ABI info - done\n'}
[0.426826] (dobot_rviz) StdoutLine: {'line': b'-- Check for working CXX compiler: /usr/bin/c++ - skipped\n'}
[0.426953] (dobot_rviz) StdoutLine: {'line': b'-- Detecting CXX compile features\n'}
[0.427078] (cra_description) StdoutLine: {'line': b'-- Check for working CXX compiler: /usr/bin/c++ - skipped\n'}
[0.427251] (dobot_rviz) StdoutLine: {'line': b'-- Detecting CXX compile features - done\n'}
[0.427401] (cra_description) StdoutLine: {'line': b'-- Detecting CXX compile features\n'}
[0.427747] (cra_description) StdoutLine: {'line': b'-- Detecting CXX compile features - done\n'}
[0.430062] (cra_description) StdoutLine: {'line': b'-- Found ament_cmake: 1.3.13 (/opt/ros/humble/share/ament_cmake/cmake)\n'}
[0.430135] (dobot_rviz) StdoutLine: {'line': b'-- Found ament_cmake: 1.3.13 (/opt/ros/humble/share/ament_cmake/cmake)\n'}
[0.500825] (-) TimerEvent: {}
[0.545799] (cra_description) StdoutLine: {'line': b'-- Found Python3: /usr/bin/python3 (found version "3.10.12") found components: Interpreter \n'}
[0.546663] (dobot_rviz) StdoutLine: {'line': b'-- Found Python3: /usr/bin/python3 (found version "3.10.12") found components: Interpreter \n'}
[0.602840] (-) TimerEvent: {}
[0.639433] (dobot_rviz) StdoutLine: {'line': b'-- Found ament_lint_auto: 0.12.15 (/opt/ros/humble/share/ament_lint_auto/cmake)\n'}
[0.690822] (cra_description) StdoutLine: {'line': b'-- Configuring done\n'}
[0.692556] (cra_description) StdoutLine: {'line': b'-- Generating done\n'}
[0.692688] (cra_description) StdoutLine: {'line': b'-- Build files have been written to: /home/huahai/dobot_ws/build/cra_description\n'}
[0.696546] (cra_description) CommandEnded: {'returncode': 0}
[0.696924] (cra_description) JobProgress: {'identifier': 'cra_description', 'progress': 'build'}
[0.697290] (cra_description) Command: {'cmd': ['/usr/bin/cmake', '--build', '/home/huahai/dobot_ws/build/cra_description', '--', '-j2', '-l2'], 'cwd': '/home/huahai/dobot_ws/build/cra_description', 'env': OrderedDict([('LESSOPEN', '| /usr/bin/lesspipe %s'), ('LANGUAGE', 'zh_CN:en_US:en'), ('USER', 'huahai'), ('SSH_CLIENT', '192.168.112.1 11931 22'), ('LC_TIME', 'zh_CN.UTF-8'), ('XDG_SESSION_TYPE', 'tty'), ('SHLVL', '1'), ('LD_LIBRARY_PATH', '/opt/ros/humble/opt/rviz_ogre_vendor/lib:/opt/ros/humble/lib/x86_64-linux-gnu:/opt/ros/humble/lib'), ('MOTD_SHOWN', 'pam'), ('HOME', '/home/huahai'), ('OLDPWD', '/home/huahai/dobot_ws/src'), ('SSH_TTY', '/dev/pts/2'), ('ROS_PYTHON_VERSION', '3'), ('LC_MONETARY', 'zh_CN.UTF-8'), ('DBUS_SESSION_BUS_ADDRESS', 'unix:path=/run/user/1000/bus'), ('ROS_DISTRO', 'humble'), ('LOGNAME', 'huahai'), ('_', '/usr/bin/colcon'), ('ROS_VERSION', '2'), ('XDG_SESSION_CLASS', 'user'), ('TERM', 'xterm-256color'), ('XDG_SESSION_ID', '8'), ('ROS_LOCALHOST_ONLY', '0'), ('PATH', '/opt/ros/humble/bin:/usr/local/sbin:/usr/local/bin:/usr/sbin:/usr/bin:/sbin:/bin:/usr/games:/usr/local/games:/snap/bin'), ('PAPERSIZE', 'a4'), ('LC_ADDRESS', 'zh_CN.UTF-8'), ('XDG_RUNTIME_DIR', '/run/user/1000'), ('LANG', 'zh_CN.UTF-8'), ('LC_TELEPHONE', 'zh_CN.UTF-8'), ('LS_COLORS', 'rs=0:di=01;34:ln=01;36:mh=00:pi=40;33:so=01;35:do=01;35:bd=40;33;01:cd=40;33;01:or=40;31;01:mi=00:su=37;41:sg=30;43:ca=30;41:tw=30;42:ow=34;42:st=37;44:ex=01;32:*.tar=01;31:*.tgz=01;31:*.arc=01;31:*.arj=01;31:*.taz=01;31:*.lha=01;31:*.lz4=01;31:*.lzh=01;31:*.lzma=01;31:*.tlz=01;31:*.txz=01;31:*.tzo=01;31:*.t7z=01;31:*.zip=01;31:*.z=01;31:*.dz=01;31:*.gz=01;31:*.lrz=01;31:*.lz=01;31:*.lzo=01;31:*.xz=01;31:*.zst=01;31:*.tzst=01;31:*.bz2=01;31:*.bz=01;31:*.tbz=01;31:*.tbz2=01;31:*.tz=01;31:*.deb=01;31:*.rpm=01;31:*.jar=01;31:*.war=01;31:*.ear=01;31:*.sar=01;31:*.rar=01;31:*.alz=01;31:*.ace=01;31:*.zoo=01;31:*.cpio=01;31:*.7z=01;31:*.rz=01;31:*.cab=01;31:*.wim=01;31:*.swm=01;31:*.dwm=01;31:*.esd=01;31:*.jpg=01;35:*.jpeg=01;35:*.mjpg=01;35:*.mjpeg=01;35:*.gif=01;35:*.bmp=01;35:*.pbm=01;35:*.pgm=01;35:*.ppm=01;35:*.tga=01;35:*.xbm=01;35:*.xpm=01;35:*.tif=01;35:*.tiff=01;35:*.png=01;35:*.svg=01;35:*.svgz=01;35:*.mng=01;35:*.pcx=01;35:*.mov=01;35:*.mpg=01;35:*.mpeg=01;35:*.m2v=01;35:*.mkv=01;35:*.webm=01;35:*.webp=01;35:*.ogm=01;35:*.mp4=01;35:*.m4v=01;35:*.mp4v=01;35:*.vob=01;35:*.qt=01;35:*.nuv=01;35:*.wmv=01;35:*.asf=01;35:*.rm=01;35:*.rmvb=01;35:*.flc=01;35:*.avi=01;35:*.fli=01;35:*.flv=01;35:*.gl=01;35:*.dl=01;35:*.xcf=01;35:*.xwd=01;35:*.yuv=01;35:*.cgm=01;35:*.emf=01;35:*.ogv=01;35:*.ogx=01;35:*.aac=00;36:*.au=00;36:*.flac=00;36:*.m4a=00;36:*.mid=00;36:*.midi=00;36:*.mka=00;36:*.mp3=00;36:*.mpc=00;36:*.ogg=00;36:*.ra=00;36:*.wav=00;36:*.oga=00;36:*.opus=00;36:*.spx=00;36:*.xspf=00;36:'), ('AMENT_PREFIX_PATH', '/opt/ros/humble'), ('SHELL', '/bin/bash'), ('LC_NAME', 'zh_CN.UTF-8'), ('LESSCLOSE', '/usr/bin/lesspipe %s %s'), ('LC_MEASUREMENT', 'zh_CN.UTF-8'), ('LC_IDENTIFICATION', 'zh_CN.UTF-8'), ('PWD', '/home/huahai/dobot_ws/build/cra_description'), ('SSH_CONNECTION', '192.168.112.1 11931 192.168.124.127 22'), ('XDG_DATA_DIRS', '/usr/share/gnome:/usr/local/share:/usr/share:/var/lib/snapd/desktop'), ('PYTHONPATH', '/opt/ros/humble/lib/python3.10/site-packages:/opt/ros/humble/local/lib/python3.10/dist-packages'), ('LC_NUMERIC', 'zh_CN.UTF-8'), ('LC_PAPER', 'zh_CN.UTF-8'), ('COLCON', '1'), ('CMAKE_PREFIX_PATH', '/opt/ros/humble')]), 'shell': False}
[0.702929] (-) TimerEvent: {}
[0.711596] (dobot_rviz) StdoutLine: {'line': b"-- Added test 'flake8' to check Python code syntax and style conventions\n"}
[0.712804] (dobot_rviz) StdoutLine: {'line': b"-- Added test 'lint_cmake' to check CMake code style\n"}
[0.714075] (dobot_rviz) StdoutLine: {'line': b"-- Added test 'pep257' to check Python code against some of the docstring style conventions in PEP 257\n"}
[0.718712] (dobot_rviz) StdoutLine: {'line': b"-- Added test 'xmllint' to check XML markup files\n"}
[0.718868] (dobot_rviz) StdoutLine: {'line': b'-- Configuring done\n'}
[0.721834] (dobot_rviz) StdoutLine: {'line': b'-- Generating done\n'}
[0.722377] (dobot_rviz) StdoutLine: {'line': b'-- Build files have been written to: /home/huahai/dobot_ws/build/dobot_rviz\n'}
[0.726386] (dobot_rviz) CommandEnded: {'returncode': 0}
[0.726705] (dobot_rviz) JobProgress: {'identifier': 'dobot_rviz', 'progress': 'build'}
[0.729821] (dobot_rviz) Command: {'cmd': ['/usr/bin/cmake', '--build', '/home/huahai/dobot_ws/build/dobot_rviz', '--', '-j2', '-l2'], 'cwd': '/home/huahai/dobot_ws/build/dobot_rviz', 'env': OrderedDict([('LESSOPEN', '| /usr/bin/lesspipe %s'), ('LANGUAGE', 'zh_CN:en_US:en'), ('USER', 'huahai'), ('SSH_CLIENT', '192.168.112.1 11931 22'), ('LC_TIME', 'zh_CN.UTF-8'), ('XDG_SESSION_TYPE', 'tty'), ('SHLVL', '1'), ('LD_LIBRARY_PATH', '/opt/ros/humble/opt/rviz_ogre_vendor/lib:/opt/ros/humble/lib/x86_64-linux-gnu:/opt/ros/humble/lib'), ('MOTD_SHOWN', 'pam'), ('HOME', '/home/huahai'), ('OLDPWD', '/home/huahai/dobot_ws/src'), ('SSH_TTY', '/dev/pts/2'), ('ROS_PYTHON_VERSION', '3'), ('LC_MONETARY', 'zh_CN.UTF-8'), ('DBUS_SESSION_BUS_ADDRESS', 'unix:path=/run/user/1000/bus'), ('ROS_DISTRO', 'humble'), ('LOGNAME', 'huahai'), ('_', '/usr/bin/colcon'), ('ROS_VERSION', '2'), ('XDG_SESSION_CLASS', 'user'), ('TERM', 'xterm-256color'), ('XDG_SESSION_ID', '8'), ('ROS_LOCALHOST_ONLY', '0'), ('PATH', '/opt/ros/humble/bin:/usr/local/sbin:/usr/local/bin:/usr/sbin:/usr/bin:/sbin:/bin:/usr/games:/usr/local/games:/snap/bin'), ('PAPERSIZE', 'a4'), ('LC_ADDRESS', 'zh_CN.UTF-8'), ('XDG_RUNTIME_DIR', '/run/user/1000'), ('LANG', 'zh_CN.UTF-8'), ('LC_TELEPHONE', 'zh_CN.UTF-8'), ('LS_COLORS', 'rs=0:di=01;34:ln=01;36:mh=00:pi=40;33:so=01;35:do=01;35:bd=40;33;01:cd=40;33;01:or=40;31;01:mi=00:su=37;41:sg=30;43:ca=30;41:tw=30;42:ow=34;42:st=37;44:ex=01;32:*.tar=01;31:*.tgz=01;31:*.arc=01;31:*.arj=01;31:*.taz=01;31:*.lha=01;31:*.lz4=01;31:*.lzh=01;31:*.lzma=01;31:*.tlz=01;31:*.txz=01;31:*.tzo=01;31:*.t7z=01;31:*.zip=01;31:*.z=01;31:*.dz=01;31:*.gz=01;31:*.lrz=01;31:*.lz=01;31:*.lzo=01;31:*.xz=01;31:*.zst=01;31:*.tzst=01;31:*.bz2=01;31:*.bz=01;31:*.tbz=01;31:*.tbz2=01;31:*.tz=01;31:*.deb=01;31:*.rpm=01;31:*.jar=01;31:*.war=01;31:*.ear=01;31:*.sar=01;31:*.rar=01;31:*.alz=01;31:*.ace=01;31:*.zoo=01;31:*.cpio=01;31:*.7z=01;31:*.rz=01;31:*.cab=01;31:*.wim=01;31:*.swm=01;31:*.dwm=01;31:*.esd=01;31:*.jpg=01;35:*.jpeg=01;35:*.mjpg=01;35:*.mjpeg=01;35:*.gif=01;35:*.bmp=01;35:*.pbm=01;35:*.pgm=01;35:*.ppm=01;35:*.tga=01;35:*.xbm=01;35:*.xpm=01;35:*.tif=01;35:*.tiff=01;35:*.png=01;35:*.svg=01;35:*.svgz=01;35:*.mng=01;35:*.pcx=01;35:*.mov=01;35:*.mpg=01;35:*.mpeg=01;35:*.m2v=01;35:*.mkv=01;35:*.webm=01;35:*.webp=01;35:*.ogm=01;35:*.mp4=01;35:*.m4v=01;35:*.mp4v=01;35:*.vob=01;35:*.qt=01;35:*.nuv=01;35:*.wmv=01;35:*.asf=01;35:*.rm=01;35:*.rmvb=01;35:*.flc=01;35:*.avi=01;35:*.fli=01;35:*.flv=01;35:*.gl=01;35:*.dl=01;35:*.xcf=01;35:*.xwd=01;35:*.yuv=01;35:*.cgm=01;35:*.emf=01;35:*.ogv=01;35:*.ogx=01;35:*.aac=00;36:*.au=00;36:*.flac=00;36:*.m4a=00;36:*.mid=00;36:*.midi=00;36:*.mka=00;36:*.mp3=00;36:*.mpc=00;36:*.ogg=00;36:*.ra=00;36:*.wav=00;36:*.oga=00;36:*.opus=00;36:*.spx=00;36:*.xspf=00;36:'), ('AMENT_PREFIX_PATH', '/opt/ros/humble'), ('SHELL', '/bin/bash'), ('LC_NAME', 'zh_CN.UTF-8'), ('LESSCLOSE', '/usr/bin/lesspipe %s %s'), ('LC_MEASUREMENT', 'zh_CN.UTF-8'), ('LC_IDENTIFICATION', 'zh_CN.UTF-8'), ('PWD', '/home/huahai/dobot_ws/build/dobot_rviz'), ('SSH_CONNECTION', '192.168.112.1 11931 192.168.124.127 22'), ('XDG_DATA_DIRS', '/usr/share/gnome:/usr/local/share:/usr/share:/var/lib/snapd/desktop'), ('PYTHONPATH', '/opt/ros/humble/lib/python3.10/site-packages:/opt/ros/humble/local/lib/python3.10/dist-packages'), ('LC_NUMERIC', 'zh_CN.UTF-8'), ('LC_PAPER', 'zh_CN.UTF-8'), ('COLCON', '1'), ('CMAKE_PREFIX_PATH', '/opt/ros/humble')]), 'shell': False}
[0.735208] (cra_description) CommandEnded: {'returncode': 0}
[0.737860] (cra_description) JobProgress: {'identifier': 'cra_description', 'progress': 'install'}
[0.744909] (cra_description) Command: {'cmd': ['/usr/bin/cmake', '--install', '/home/huahai/dobot_ws/build/cra_description'], 'cwd': '/home/huahai/dobot_ws/build/cra_description', 'env': OrderedDict([('LESSOPEN', '| /usr/bin/lesspipe %s'), ('LANGUAGE', 'zh_CN:en_US:en'), ('USER', 'huahai'), ('SSH_CLIENT', '192.168.112.1 11931 22'), ('LC_TIME', 'zh_CN.UTF-8'), ('XDG_SESSION_TYPE', 'tty'), ('SHLVL', '1'), ('LD_LIBRARY_PATH', '/opt/ros/humble/opt/rviz_ogre_vendor/lib:/opt/ros/humble/lib/x86_64-linux-gnu:/opt/ros/humble/lib'), ('MOTD_SHOWN', 'pam'), ('HOME', '/home/huahai'), ('OLDPWD', '/home/huahai/dobot_ws/src'), ('SSH_TTY', '/dev/pts/2'), ('ROS_PYTHON_VERSION', '3'), ('LC_MONETARY', 'zh_CN.UTF-8'), ('DBUS_SESSION_BUS_ADDRESS', 'unix:path=/run/user/1000/bus'), ('ROS_DISTRO', 'humble'), ('LOGNAME', 'huahai'), ('_', '/usr/bin/colcon'), ('ROS_VERSION', '2'), ('XDG_SESSION_CLASS', 'user'), ('TERM', 'xterm-256color'), ('XDG_SESSION_ID', '8'), ('ROS_LOCALHOST_ONLY', '0'), ('PATH', '/opt/ros/humble/bin:/usr/local/sbin:/usr/local/bin:/usr/sbin:/usr/bin:/sbin:/bin:/usr/games:/usr/local/games:/snap/bin'), ('PAPERSIZE', 'a4'), ('LC_ADDRESS', 'zh_CN.UTF-8'), ('XDG_RUNTIME_DIR', '/run/user/1000'), ('LANG', 'zh_CN.UTF-8'), ('LC_TELEPHONE', 'zh_CN.UTF-8'), ('LS_COLORS', 'rs=0:di=01;34:ln=01;36:mh=00:pi=40;33:so=01;35:do=01;35:bd=40;33;01:cd=40;33;01:or=40;31;01:mi=00:su=37;41:sg=30;43:ca=30;41:tw=30;42:ow=34;42:st=37;44:ex=01;32:*.tar=01;31:*.tgz=01;31:*.arc=01;31:*.arj=01;31:*.taz=01;31:*.lha=01;31:*.lz4=01;31:*.lzh=01;31:*.lzma=01;31:*.tlz=01;31:*.txz=01;31:*.tzo=01;31:*.t7z=01;31:*.zip=01;31:*.z=01;31:*.dz=01;31:*.gz=01;31:*.lrz=01;31:*.lz=01;31:*.lzo=01;31:*.xz=01;31:*.zst=01;31:*.tzst=01;31:*.bz2=01;31:*.bz=01;31:*.tbz=01;31:*.tbz2=01;31:*.tz=01;31:*.deb=01;31:*.rpm=01;31:*.jar=01;31:*.war=01;31:*.ear=01;31:*.sar=01;31:*.rar=01;31:*.alz=01;31:*.ace=01;31:*.zoo=01;31:*.cpio=01;31:*.7z=01;31:*.rz=01;31:*.cab=01;31:*.wim=01;31:*.swm=01;31:*.dwm=01;31:*.esd=01;31:*.jpg=01;35:*.jpeg=01;35:*.mjpg=01;35:*.mjpeg=01;35:*.gif=01;35:*.bmp=01;35:*.pbm=01;35:*.pgm=01;35:*.ppm=01;35:*.tga=01;35:*.xbm=01;35:*.xpm=01;35:*.tif=01;35:*.tiff=01;35:*.png=01;35:*.svg=01;35:*.svgz=01;35:*.mng=01;35:*.pcx=01;35:*.mov=01;35:*.mpg=01;35:*.mpeg=01;35:*.m2v=01;35:*.mkv=01;35:*.webm=01;35:*.webp=01;35:*.ogm=01;35:*.mp4=01;35:*.m4v=01;35:*.mp4v=01;35:*.vob=01;35:*.qt=01;35:*.nuv=01;35:*.wmv=01;35:*.asf=01;35:*.rm=01;35:*.rmvb=01;35:*.flc=01;35:*.avi=01;35:*.fli=01;35:*.flv=01;35:*.gl=01;35:*.dl=01;35:*.xcf=01;35:*.xwd=01;35:*.yuv=01;35:*.cgm=01;35:*.emf=01;35:*.ogv=01;35:*.ogx=01;35:*.aac=00;36:*.au=00;36:*.flac=00;36:*.m4a=00;36:*.mid=00;36:*.midi=00;36:*.mka=00;36:*.mp3=00;36:*.mpc=00;36:*.ogg=00;36:*.ra=00;36:*.wav=00;36:*.oga=00;36:*.opus=00;36:*.spx=00;36:*.xspf=00;36:'), ('AMENT_PREFIX_PATH', '/opt/ros/humble'), ('SHELL', '/bin/bash'), ('LC_NAME', 'zh_CN.UTF-8'), ('LESSCLOSE', '/usr/bin/lesspipe %s %s'), ('LC_MEASUREMENT', 'zh_CN.UTF-8'), ('LC_IDENTIFICATION', 'zh_CN.UTF-8'), ('PWD', '/home/huahai/dobot_ws/build/cra_description'), ('SSH_CONNECTION', '192.168.112.1 11931 192.168.124.127 22'), ('XDG_DATA_DIRS', '/usr/share/gnome:/usr/local/share:/usr/share:/var/lib/snapd/desktop'), ('PYTHONPATH', '/opt/ros/humble/lib/python3.10/site-packages:/opt/ros/humble/local/lib/python3.10/dist-packages'), ('LC_NUMERIC', 'zh_CN.UTF-8'), ('LC_PAPER', 'zh_CN.UTF-8'), ('COLCON', '1'), ('CMAKE_PREFIX_PATH', '/opt/ros/humble')]), 'shell': False}
[0.750274] (cra_description) StdoutLine: {'line': b'-- Install configuration: ""\n'}
[0.750423] (cra_description) StdoutLine: {'line': b'-- Installing: /home/huahai/dobot_ws/install/cra_description/share/ament_index/resource_index/package_run_dependencies/cra_description\n'}
[0.750504] (cra_description) StdoutLine: {'line': b'-- Installing: /home/huahai/dobot_ws/install/cra_description/share/ament_index/resource_index/parent_prefix_path/cra_description\n'}
[0.750650] (cra_description) StdoutLine: {'line': b'-- Installing: /home/huahai/dobot_ws/install/cra_description/share/cra_description/environment/ament_prefix_path.sh\n'}
[0.750736] (cra_description) StdoutLine: {'line': b'-- Installing: /home/huahai/dobot_ws/install/cra_description/share/cra_description/environment/ament_prefix_path.dsv\n'}
[0.750900] (cra_description) StdoutLine: {'line': b'-- Installing: /home/huahai/dobot_ws/install/cra_description/share/cra_description/environment/path.sh\n'}
[0.750985] (cra_description) StdoutLine: {'line': b'-- Installing: /home/huahai/dobot_ws/install/cra_description/share/cra_description/environment/path.dsv\n'}
[0.751063] (cra_description) StdoutLine: {'line': b'-- Installing: /home/huahai/dobot_ws/install/cra_description/share/cra_description/local_setup.bash\n'}
[0.751145] (cra_description) StdoutLine: {'line': b'-- Installing: /home/huahai/dobot_ws/install/cra_description/share/cra_description/local_setup.sh\n'}
[0.751228] (cra_description) StdoutLine: {'line': b'-- Installing: /home/huahai/dobot_ws/install/cra_description/share/cra_description/local_setup.zsh\n'}
[0.751309] (cra_description) StdoutLine: {'line': b'-- Installing: /home/huahai/dobot_ws/install/cra_description/share/cra_description/local_setup.dsv\n'}
[0.751396] (cra_description) StdoutLine: {'line': b'-- Installing: /home/huahai/dobot_ws/install/cra_description/share/cra_description/package.dsv\n'}
[0.751505] (cra_description) StdoutLine: {'line': b'-- Installing: /home/huahai/dobot_ws/install/cra_description/share/ament_index/resource_index/packages/cra_description\n'}
[0.751601] (cra_description) StdoutLine: {'line': b'-- Installing: /home/huahai/dobot_ws/install/cra_description/share/cra_description/cmake/cra_descriptionConfig.cmake\n'}
[0.752842] (cra_description) StdoutLine: {'line': b'-- Installing: /home/huahai/dobot_ws/install/cra_description/share/cra_description/cmake/cra_descriptionConfig-version.cmake\n'}
[0.752912] (cra_description) StdoutLine: {'line': b'-- Installing: /home/huahai/dobot_ws/install/cra_description/share/cra_description/package.xml\n'}
[0.752946] (cra_description) StdoutLine: {'line': b'-- Installing: /home/huahai/dobot_ws/install/cra_description/share/cra_description/urdf\n'}
[0.752978] (cra_description) StdoutLine: {'line': b'-- Installing: /home/huahai/dobot_ws/install/cra_description/share/cra_description/urdf/nova2_robot.xacro\n'}
[0.753009] (cra_description) StdoutLine: {'line': b'-- Installing: /home/huahai/dobot_ws/install/cra_description/share/cra_description/urdf/cr3_robot.xacro\n'}
[0.753044] (cra_description) StdoutLine: {'line': b'-- Installing: /home/huahai/dobot_ws/install/cra_description/share/cra_description/urdf/cr7_robot.xacro\n'}
[0.753076] (cra_description) StdoutLine: {'line': b'-- Installing: /home/huahai/dobot_ws/install/cra_description/share/cra_description/urdf/cr5_robot.xacro\n'}
[0.753105] (cra_description) StdoutLine: {'line': b'-- Installing: /home/huahai/dobot_ws/install/cra_description/share/cra_description/urdf/cr10_robot.xacro\n'}
[0.753135] (cra_description) StdoutLine: {'line': b'-- Installing: /home/huahai/dobot_ws/install/cra_description/share/cra_description/urdf/nova5_robot.xacro\n'}
[0.753164] (cra_description) StdoutLine: {'line': b'-- Installing: /home/huahai/dobot_ws/install/cra_description/share/cra_description/urdf/cr12_robot.xacro\n'}
[0.753202] (cra_description) StdoutLine: {'line': b'-- Installing: /home/huahai/dobot_ws/install/cra_description/share/cra_description/urdf/cr16_robot.xacro\n'}
[0.753551] (cra_description) StdoutLine: {'line': b'-- Installing: /home/huahai/dobot_ws/install/cra_description/share/cra_description/meshes\n'}
[0.753641] (cra_description) StdoutLine: {'line': b'-- Installing: /home/huahai/dobot_ws/install/cra_description/share/cra_description/meshes/nova5\n'}
[0.753674] (cra_description) StdoutLine: {'line': b'-- Installing: /home/huahai/dobot_ws/install/cra_description/share/cra_description/meshes/nova5/Link4.STL\n'}
[0.753705] (cra_description) StdoutLine: {'line': b'-- Installing: /home/huahai/dobot_ws/install/cra_description/share/cra_description/meshes/nova5/Link6.STL\n'}
[0.753741] (cra_description) StdoutLine: {'line': b'-- Installing: /home/huahai/dobot_ws/install/cra_description/share/cra_description/meshes/nova5/Link5.STL\n'}
[0.754354] (cra_description) StdoutLine: {'line': b'-- Installing: /home/huahai/dobot_ws/install/cra_description/share/cra_description/meshes/nova5/Link3.STL\n'}
[0.755080] (cra_description) StdoutLine: {'line': b'-- Installing: /home/huahai/dobot_ws/install/cra_description/share/cra_description/meshes/nova5/Link2.STL\n'}
[0.755655] (cra_description) StdoutLine: {'line': b'-- Installing: /home/huahai/dobot_ws/install/cra_description/share/cra_description/meshes/nova5/Link1.STL\n'}
[0.757518] (cra_description) StdoutLine: {'line': b'-- Installing: /home/huahai/dobot_ws/install/cra_description/share/cra_description/meshes/nova5/base_link.STL\n'}
[0.757607] (cra_description) StdoutLine: {'line': b'-- Installing: /home/huahai/dobot_ws/install/cra_description/share/cra_description/meshes/cr5\n'}
[0.757644] (cra_description) StdoutLine: {'line': b'-- Installing: /home/huahai/dobot_ws/install/cra_description/share/cra_description/meshes/cr5/Link6.dae\n'}
[0.757676] (cra_description) StdoutLine: {'line': b'-- Installing: /home/huahai/dobot_ws/install/cra_description/share/cra_description/meshes/cr5/base_link.dae\n'}
[0.757759] (cra_description) StdoutLine: {'line': b'-- Installing: /home/huahai/dobot_ws/install/cra_description/share/cra_description/meshes/cr5/Link4.dae\n'}
[0.758221] (cra_description) StdoutLine: {'line': b'-- Installing: /home/huahai/dobot_ws/install/cra_description/share/cra_description/meshes/cr5/Link2.dae\n'}
[0.759316] (cra_description) StdoutLine: {'line': b'-- Installing: /home/huahai/dobot_ws/install/cra_description/share/cra_description/meshes/cr5/Link3.dae\n'}
[0.760820] (cra_description) StdoutLine: {'line': b'-- Installing: /home/huahai/dobot_ws/install/cra_description/share/cra_description/meshes/cr5/Link5.dae\n'}
[0.760922] (cra_description) StdoutLine: {'line': b'-- Installing: /home/huahai/dobot_ws/install/cra_description/share/cra_description/meshes/cr5/Link1.dae\n'}
[0.761349] (cra_description) StdoutLine: {'line': b'-- Installing: /home/huahai/dobot_ws/install/cra_description/share/cra_description/meshes/cr16\n'}
[0.763876] (cra_description) StdoutLine: {'line': b'-- Installing: /home/huahai/dobot_ws/install/cra_description/share/cra_description/meshes/cr16/Link4.STL\n'}
[0.763947] (cra_description) StdoutLine: {'line': b'-- Installing: /home/huahai/dobot_ws/install/cra_description/share/cra_description/meshes/cr16/Link6.STL\n'}
[0.763983] (cra_description) StdoutLine: {'line': b'-- Installing: /home/huahai/dobot_ws/install/cra_description/share/cra_description/meshes/cr16/Link5.STL\n'}
[0.764015] (cra_description) StdoutLine: {'line': b'-- Installing: /home/huahai/dobot_ws/install/cra_description/share/cra_description/meshes/cr16/Link3.STL\n'}
[0.764045] (cra_description) StdoutLine: {'line': b'-- Installing: /home/huahai/dobot_ws/install/cra_description/share/cra_description/meshes/cr16/Link2.STL\n'}
[0.764074] (cra_description) StdoutLine: {'line': b'-- Installing: /home/huahai/dobot_ws/install/cra_description/share/cra_description/meshes/cr16/Link1.STL\n'}
[0.764104] (cra_description) StdoutLine: {'line': b'-- Installing: /home/huahai/dobot_ws/install/cra_description/share/cra_description/meshes/cr16/base_link.STL\n'}
[0.764483] (cra_description) StdoutLine: {'line': b'-- Installing: /home/huahai/dobot_ws/install/cra_description/share/cra_description/meshes/cr7\n'}
[0.764565] (cra_description) StdoutLine: {'line': b'-- Installing: /home/huahai/dobot_ws/install/cra_description/share/cra_description/meshes/cr7/J2.STL\n'}
[0.765360] (cra_description) StdoutLine: {'line': b'-- Installing: /home/huahai/dobot_ws/install/cra_description/share/cra_description/meshes/cr7/J3.STL\n'}
[0.765950] (cra_description) StdoutLine: {'line': b'-- Installing: /home/huahai/dobot_ws/install/cra_description/share/cra_description/meshes/cr7/base_link0.STL\n'}
[0.766159] (cra_description) StdoutLine: {'line': b'-- Installing: /home/huahai/dobot_ws/install/cra_description/share/cra_description/meshes/cr7/J4.STL\n'}
[0.766528] (cra_description) StdoutLine: {'line': b'-- Installing: /home/huahai/dobot_ws/install/cra_description/share/cra_description/meshes/cr7/J5.STL\n'}
[0.767108] (cra_description) StdoutLine: {'line': b'-- Installing: /home/huahai/dobot_ws/install/cra_description/share/cra_description/meshes/cr7/J6.STL\n'}
[0.767957] (cra_description) StdoutLine: {'line': b'-- Installing: /home/huahai/dobot_ws/install/cra_description/share/cra_description/meshes/cr7/J1.STL\n'}
[0.768431] (dobot_rviz) CommandEnded: {'returncode': 0}
[0.768803] (cra_description) StdoutLine: {'line': b'-- Installing: /home/huahai/dobot_ws/install/cra_description/share/cra_description/meshes/cr12\n'}
[0.769240] (cra_description) StdoutLine: {'line': b'-- Installing: /home/huahai/dobot_ws/install/cra_description/share/cra_description/meshes/cr12/J2.STL\n'}
[0.770012] (cra_description) StdoutLine: {'line': b'-- Installing: /home/huahai/dobot_ws/install/cra_description/share/cra_description/meshes/cr12/J3.STL\n'}
[0.772927] (dobot_rviz) JobProgress: {'identifier': 'dobot_rviz', 'progress': 'install'}
[0.772945] (dobot_rviz) Command: {'cmd': ['/usr/bin/cmake', '--install', '/home/huahai/dobot_ws/build/dobot_rviz'], 'cwd': '/home/huahai/dobot_ws/build/dobot_rviz', 'env': OrderedDict([('LESSOPEN', '| /usr/bin/lesspipe %s'), ('LANGUAGE', 'zh_CN:en_US:en'), ('USER', 'huahai'), ('SSH_CLIENT', '192.168.112.1 11931 22'), ('LC_TIME', 'zh_CN.UTF-8'), ('XDG_SESSION_TYPE', 'tty'), ('SHLVL', '1'), ('LD_LIBRARY_PATH', '/opt/ros/humble/opt/rviz_ogre_vendor/lib:/opt/ros/humble/lib/x86_64-linux-gnu:/opt/ros/humble/lib'), ('MOTD_SHOWN', 'pam'), ('HOME', '/home/huahai'), ('OLDPWD', '/home/huahai/dobot_ws/src'), ('SSH_TTY', '/dev/pts/2'), ('ROS_PYTHON_VERSION', '3'), ('LC_MONETARY', 'zh_CN.UTF-8'), ('DBUS_SESSION_BUS_ADDRESS', 'unix:path=/run/user/1000/bus'), ('ROS_DISTRO', 'humble'), ('LOGNAME', 'huahai'), ('_', '/usr/bin/colcon'), ('ROS_VERSION', '2'), ('XDG_SESSION_CLASS', 'user'), ('TERM', 'xterm-256color'), ('XDG_SESSION_ID', '8'), ('ROS_LOCALHOST_ONLY', '0'), ('PATH', '/opt/ros/humble/bin:/usr/local/sbin:/usr/local/bin:/usr/sbin:/usr/bin:/sbin:/bin:/usr/games:/usr/local/games:/snap/bin'), ('PAPERSIZE', 'a4'), ('LC_ADDRESS', 'zh_CN.UTF-8'), ('XDG_RUNTIME_DIR', '/run/user/1000'), ('LANG', 'zh_CN.UTF-8'), ('LC_TELEPHONE', 'zh_CN.UTF-8'), ('LS_COLORS', 'rs=0:di=01;34:ln=01;36:mh=00:pi=40;33:so=01;35:do=01;35:bd=40;33;01:cd=40;33;01:or=40;31;01:mi=00:su=37;41:sg=30;43:ca=30;41:tw=30;42:ow=34;42:st=37;44:ex=01;32:*.tar=01;31:*.tgz=01;31:*.arc=01;31:*.arj=01;31:*.taz=01;31:*.lha=01;31:*.lz4=01;31:*.lzh=01;31:*.lzma=01;31:*.tlz=01;31:*.txz=01;31:*.tzo=01;31:*.t7z=01;31:*.zip=01;31:*.z=01;31:*.dz=01;31:*.gz=01;31:*.lrz=01;31:*.lz=01;31:*.lzo=01;31:*.xz=01;31:*.zst=01;31:*.tzst=01;31:*.bz2=01;31:*.bz=01;31:*.tbz=01;31:*.tbz2=01;31:*.tz=01;31:*.deb=01;31:*.rpm=01;31:*.jar=01;31:*.war=01;31:*.ear=01;31:*.sar=01;31:*.rar=01;31:*.alz=01;31:*.ace=01;31:*.zoo=01;31:*.cpio=01;31:*.7z=01;31:*.rz=01;31:*.cab=01;31:*.wim=01;31:*.swm=01;31:*.dwm=01;31:*.esd=01;31:*.jpg=01;35:*.jpeg=01;35:*.mjpg=01;35:*.mjpeg=01;35:*.gif=01;35:*.bmp=01;35:*.pbm=01;35:*.pgm=01;35:*.ppm=01;35:*.tga=01;35:*.xbm=01;35:*.xpm=01;35:*.tif=01;35:*.tiff=01;35:*.png=01;35:*.svg=01;35:*.svgz=01;35:*.mng=01;35:*.pcx=01;35:*.mov=01;35:*.mpg=01;35:*.mpeg=01;35:*.m2v=01;35:*.mkv=01;35:*.webm=01;35:*.webp=01;35:*.ogm=01;35:*.mp4=01;35:*.m4v=01;35:*.mp4v=01;35:*.vob=01;35:*.qt=01;35:*.nuv=01;35:*.wmv=01;35:*.asf=01;35:*.rm=01;35:*.rmvb=01;35:*.flc=01;35:*.avi=01;35:*.fli=01;35:*.flv=01;35:*.gl=01;35:*.dl=01;35:*.xcf=01;35:*.xwd=01;35:*.yuv=01;35:*.cgm=01;35:*.emf=01;35:*.ogv=01;35:*.ogx=01;35:*.aac=00;36:*.au=00;36:*.flac=00;36:*.m4a=00;36:*.mid=00;36:*.midi=00;36:*.mka=00;36:*.mp3=00;36:*.mpc=00;36:*.ogg=00;36:*.ra=00;36:*.wav=00;36:*.oga=00;36:*.opus=00;36:*.spx=00;36:*.xspf=00;36:'), ('AMENT_PREFIX_PATH', '/opt/ros/humble'), ('SHELL', '/bin/bash'), ('LC_NAME', 'zh_CN.UTF-8'), ('LESSCLOSE', '/usr/bin/lesspipe %s %s'), ('LC_MEASUREMENT', 'zh_CN.UTF-8'), ('LC_IDENTIFICATION', 'zh_CN.UTF-8'), ('PWD', '/home/huahai/dobot_ws/build/dobot_rviz'), ('SSH_CONNECTION', '192.168.112.1 11931 192.168.124.127 22'), ('XDG_DATA_DIRS', '/usr/share/gnome:/usr/local/share:/usr/share:/var/lib/snapd/desktop'), ('PYTHONPATH', '/opt/ros/humble/lib/python3.10/site-packages:/opt/ros/humble/local/lib/python3.10/dist-packages'), ('LC_NUMERIC', 'zh_CN.UTF-8'), ('LC_PAPER', 'zh_CN.UTF-8'), ('COLCON', '1'), ('CMAKE_PREFIX_PATH', '/opt/ros/humble')]), 'shell': False}
[0.773357] (cra_description) StdoutLine: {'line': b'-- Installing: /home/huahai/dobot_ws/install/cra_description/share/cra_description/meshes/cr12/base_link0.STL\n'}
[0.773420] (cra_description) StdoutLine: {'line': b'-- Installing: /home/huahai/dobot_ws/install/cra_description/share/cra_description/meshes/cr12/J4.STL\n'}
[0.773459] (cra_description) StdoutLine: {'line': b'-- Installing: /home/huahai/dobot_ws/install/cra_description/share/cra_description/meshes/cr12/J5.STL\n'}
[0.773493] (cra_description) StdoutLine: {'line': b'-- Installing: /home/huahai/dobot_ws/install/cra_description/share/cra_description/meshes/cr12/J6.STL\n'}
[0.773526] (cra_description) StdoutLine: {'line': b'-- Installing: /home/huahai/dobot_ws/install/cra_description/share/cra_description/meshes/cr12/J1.STL\n'}
[0.773578] (cra_description) StdoutLine: {'line': b'-- Installing: /home/huahai/dobot_ws/install/cra_description/share/cra_description/meshes/cr10\n'}
[0.773612] (cra_description) StdoutLine: {'line': b'-- Installing: /home/huahai/dobot_ws/install/cra_description/share/cra_description/meshes/cr10/Link4.STL\n'}
[0.773781] (cra_description) StdoutLine: {'line': b'-- Installing: /home/huahai/dobot_ws/install/cra_description/share/cra_description/meshes/cr10/Link6.STL\n'}
[0.774260] (cra_description) StdoutLine: {'line': b'-- Installing: /home/huahai/dobot_ws/install/cra_description/share/cra_description/meshes/cr10/Link5.STL\n'}
[0.774482] (cra_description) StdoutLine: {'line': b'-- Installing: /home/huahai/dobot_ws/install/cra_description/share/cra_description/meshes/cr10/Link3.STL\n'}
[0.774821] (cra_description) StdoutLine: {'line': b'-- Installing: /home/huahai/dobot_ws/install/cra_description/share/cra_description/meshes/cr10/Link2.STL\n'}
[0.775031] (cra_description) StdoutLine: {'line': b'-- Installing: /home/huahai/dobot_ws/install/cra_description/share/cra_description/meshes/cr10/Link1.STL\n'}
[0.775222] (cra_description) StdoutLine: {'line': b'-- Installing: /home/huahai/dobot_ws/install/cra_description/share/cra_description/meshes/cr10/base_link.STL\n'}
[0.776445] (cra_description) StdoutLine: {'line': b'-- Installing: /home/huahai/dobot_ws/install/cra_description/share/cra_description/meshes/nova2\n'}
[0.776539] (cra_description) StdoutLine: {'line': b'-- Installing: /home/huahai/dobot_ws/install/cra_description/share/cra_description/meshes/nova2/Link4.STL\n'}
[0.777073] (cra_description) StdoutLine: {'line': b'-- Installing: /home/huahai/dobot_ws/install/cra_description/share/cra_description/meshes/nova2/Link6.STL\n'}
[0.777266] (cra_description) StdoutLine: {'line': b'-- Installing: /home/huahai/dobot_ws/install/cra_description/share/cra_description/meshes/nova2/Link5.STL\n'}
[0.778969] (cra_description) StdoutLine: {'line': b'-- Installing: /home/huahai/dobot_ws/install/cra_description/share/cra_description/meshes/nova2/Link3.STL\n'}
[0.779036] (cra_description) StdoutLine: {'line': b'-- Installing: /home/huahai/dobot_ws/install/cra_description/share/cra_description/meshes/nova2/Link2.STL\n'}
[0.779076] (cra_description) StdoutLine: {'line': b'-- Installing: /home/huahai/dobot_ws/install/cra_description/share/cra_description/meshes/nova2/Link1.STL\n'}
[0.779139] (dobot_rviz) StdoutLine: {'line': b'-- Install configuration: ""\n'}
[0.779192] (cra_description) StdoutLine: {'line': b'-- Installing: /home/huahai/dobot_ws/install/cra_description/share/cra_description/meshes/nova2/base_link.STL\n'}
[0.779338] (dobot_rviz) StdoutLine: {'line': b'-- Installing: /home/huahai/dobot_ws/install/dobot_rviz/share/dobot_rviz/launch\n'}
[0.779493] (cra_description) StdoutLine: {'line': b'-- Installing: /home/huahai/dobot_ws/install/cra_description/share/cra_description/meshes/cr3\n'}
[0.779554] (cra_description) StdoutLine: {'line': b'-- Installing: /home/huahai/dobot_ws/install/cra_description/share/cra_description/meshes/cr3/Link4.STL\n'}
[0.779633] (dobot_rviz) StdoutLine: {'line': b'-- Installing: /home/huahai/dobot_ws/install/dobot_rviz/share/dobot_rviz/launch/dobot_rviz.launch.py\n'}
[0.779784] (cra_description) StdoutLine: {'line': b'-- Installing: /home/huahai/dobot_ws/install/cra_description/share/cra_description/meshes/cr3/Link6.STL\n'}
[0.779890] (dobot_rviz) StdoutLine: {'line': b'-- Installing: /home/huahai/dobot_ws/install/dobot_rviz/share/dobot_rviz/urdf\n'}
[0.780002] (dobot_rviz) StdoutLine: {'line': b'-- Installing: /home/huahai/dobot_ws/install/dobot_rviz/share/dobot_rviz/urdf/cr10_robot.urdf\n'}
[0.780157] (dobot_rviz) StdoutLine: {'line': b'-- Installing: /home/huahai/dobot_ws/install/dobot_rviz/share/dobot_rviz/urdf/cr16_robot.urdf\n'}
[0.780241] (cra_description) StdoutLine: {'line': b'-- Installing: /home/huahai/dobot_ws/install/cra_description/share/cra_description/meshes/cr3/Link5.STL\n'}
[0.780386] (cra_description) StdoutLine: {'line': b'-- Installing: /home/huahai/dobot_ws/install/cra_description/share/cra_description/meshes/cr3/Link3.STL\n'}
[0.780518] (dobot_rviz) StdoutLine: {'line': b'-- Installing: /home/huahai/dobot_ws/install/dobot_rviz/share/dobot_rviz/urdf/cr12_robot.urdf\n'}
[0.780670] (dobot_rviz) StdoutLine: {'line': b'-- Installing: /home/huahai/dobot_ws/install/dobot_rviz/share/dobot_rviz/urdf/cr7_robot.urdf\n'}
[0.780991] (dobot_rviz) StdoutLine: {'line': b'-- Installing: /home/huahai/dobot_ws/install/dobot_rviz/share/dobot_rviz/urdf/cr5_robot.urdf\n'}
[0.781066] (dobot_rviz) StdoutLine: {'line': b'-- Installing: /home/huahai/dobot_ws/install/dobot_rviz/share/dobot_rviz/urdf/nova5_robot.urdf\n'}
[0.781143] (cra_description) StdoutLine: {'line': b'-- Installing: /home/huahai/dobot_ws/install/cra_description/share/cra_description/meshes/cr3/Link2.STL\n'}
[0.781265] (dobot_rviz) StdoutLine: {'line': b'-- Installing: /home/huahai/dobot_ws/install/dobot_rviz/share/dobot_rviz/urdf/cr3_robot.urdf\n'}
[0.781455] (dobot_rviz) StdoutLine: {'line': b'-- Installing: /home/huahai/dobot_ws/install/dobot_rviz/share/dobot_rviz/urdf/nova2_robot.urdf\n'}
[0.781566] (dobot_rviz) StdoutLine: {'line': b'-- Installing: /home/huahai/dobot_ws/install/dobot_rviz/share/dobot_rviz/rviz\n'}
[0.781620] (dobot_rviz) StdoutLine: {'line': b'-- Installing: /home/huahai/dobot_ws/install/dobot_rviz/share/dobot_rviz/rviz/urdf.rviz\n'}
[0.781672] (cra_description) StdoutLine: {'line': b'-- Installing: /home/huahai/dobot_ws/install/cra_description/share/cra_description/meshes/cr3/Link1.STL\n'}
[0.781857] (dobot_rviz) StdoutLine: {'line': b'-- Installing: /home/huahai/dobot_ws/install/dobot_rviz/share/dobot_rviz/meshes\n'}
[0.781923] (dobot_rviz) StdoutLine: {'line': b'-- Installing: /home/huahai/dobot_ws/install/dobot_rviz/share/dobot_rviz/meshes/nova5\n'}
[0.782034] (cra_description) StdoutLine: {'line': b'-- Installing: /home/huahai/dobot_ws/install/cra_description/share/cra_description/meshes/cr3/base_link.STL\n'}
[0.782087] (dobot_rviz) StdoutLine: {'line': b'-- Installing: /home/huahai/dobot_ws/install/dobot_rviz/share/dobot_rviz/meshes/nova5/Link4.STL\n'}
[0.782691] (dobot_rviz) StdoutLine: {'line': b'-- Installing: /home/huahai/dobot_ws/install/dobot_rviz/share/dobot_rviz/meshes/nova5/Link6.STL\n'}
[0.784820] (dobot_rviz) StdoutLine: {'line': b'-- Installing: /home/huahai/dobot_ws/install/dobot_rviz/share/dobot_rviz/meshes/nova5/Link5.STL\n'}
[0.785319] (cra_description) CommandEnded: {'returncode': 0}
[0.785956] (dobot_rviz) StdoutLine: {'line': b'-- Installing: /home/huahai/dobot_ws/install/dobot_rviz/share/dobot_rviz/meshes/nova5/Link3.STL\n'}
[0.787680] (dobot_rviz) StdoutLine: {'line': b'-- Installing: /home/huahai/dobot_ws/install/dobot_rviz/share/dobot_rviz/meshes/nova5/Link2.STL\n'}
[0.787778] (dobot_rviz) StdoutLine: {'line': b'-- Installing: /home/huahai/dobot_ws/install/dobot_rviz/share/dobot_rviz/meshes/nova5/Link1.STL\n'}
[0.788570] (dobot_rviz) StdoutLine: {'line': b'-- Installing: /home/huahai/dobot_ws/install/dobot_rviz/share/dobot_rviz/meshes/nova5/base_link.STL\n'}
[0.789847] (dobot_rviz) StdoutLine: {'line': b'-- Installing: /home/huahai/dobot_ws/install/dobot_rviz/share/dobot_rviz/meshes/cr5\n'}
[0.789954] (dobot_rviz) StdoutLine: {'line': b'-- Installing: /home/huahai/dobot_ws/install/dobot_rviz/share/dobot_rviz/meshes/cr5/Link6.dae\n'}
[0.790115] (dobot_rviz) StdoutLine: {'line': b'-- Installing: /home/huahai/dobot_ws/install/dobot_rviz/share/dobot_rviz/meshes/cr5/base_link.dae\n'}
[0.790486] (dobot_rviz) StdoutLine: {'line': b'-- Installing: /home/huahai/dobot_ws/install/dobot_rviz/share/dobot_rviz/meshes/cr5/Link4.dae\n'}
[0.791072] (dobot_rviz) StdoutLine: {'line': b'-- Installing: /home/huahai/dobot_ws/install/dobot_rviz/share/dobot_rviz/meshes/cr5/Link2.dae\n'}
[0.792564] (dobot_rviz) StdoutLine: {'line': b'-- Installing: /home/huahai/dobot_ws/install/dobot_rviz/share/dobot_rviz/meshes/cr5/Link3.dae\n'}
[0.793580] (dobot_rviz) StdoutLine: {'line': b'-- Installing: /home/huahai/dobot_ws/install/dobot_rviz/share/dobot_rviz/meshes/cr5/Link5.dae\n'}
[0.795298] (dobot_rviz) StdoutLine: {'line': b'-- Installing: /home/huahai/dobot_ws/install/dobot_rviz/share/dobot_rviz/meshes/cr5/Link1.dae\n'}
[0.795415] (dobot_rviz) StdoutLine: {'line': b'-- Installing: /home/huahai/dobot_ws/install/dobot_rviz/share/dobot_rviz/meshes/cr16\n'}
[0.795843] (dobot_rviz) StdoutLine: {'line': b'-- Installing: /home/huahai/dobot_ws/install/dobot_rviz/share/dobot_rviz/meshes/cr16/Link4.STL\n'}
[0.796156] (dobot_rviz) StdoutLine: {'line': b'-- Installing: /home/huahai/dobot_ws/install/dobot_rviz/share/dobot_rviz/meshes/cr16/Link6.STL\n'}
[0.796968] (dobot_rviz) StdoutLine: {'line': b'-- Installing: /home/huahai/dobot_ws/install/dobot_rviz/share/dobot_rviz/meshes/cr16/Link5.STL\n'}
[0.797162] (dobot_rviz) StdoutLine: {'line': b'-- Installing: /home/huahai/dobot_ws/install/dobot_rviz/share/dobot_rviz/meshes/cr16/Link3.STL\n'}
[0.798336] (dobot_rviz) StdoutLine: {'line': b'-- Installing: /home/huahai/dobot_ws/install/dobot_rviz/share/dobot_rviz/meshes/cr16/Link2.STL\n'}
[0.798429] (dobot_rviz) StdoutLine: {'line': b'-- Installing: /home/huahai/dobot_ws/install/dobot_rviz/share/dobot_rviz/meshes/cr16/Link1.STL\n'}
[0.799559] (dobot_rviz) StdoutLine: {'line': b'-- Installing: /home/huahai/dobot_ws/install/dobot_rviz/share/dobot_rviz/meshes/cr16/base_link.STL\n'}
[0.799640] (dobot_rviz) StdoutLine: {'line': b'-- Installing: /home/huahai/dobot_ws/install/dobot_rviz/share/dobot_rviz/meshes/cr7\n'}
[0.800028] (dobot_rviz) StdoutLine: {'line': b'-- Installing: /home/huahai/dobot_ws/install/dobot_rviz/share/dobot_rviz/meshes/cr7/J2.STL\n'}
[0.800976] (dobot_rviz) StdoutLine: {'line': b'-- Installing: /home/huahai/dobot_ws/install/dobot_rviz/share/dobot_rviz/meshes/cr7/J3.STL\n'}
[0.801908] (dobot_rviz) StdoutLine: {'line': b'-- Installing: /home/huahai/dobot_ws/install/dobot_rviz/share/dobot_rviz/meshes/cr7/base_link0.STL\n'}
[0.802988] (dobot_rviz) StdoutLine: {'line': b'-- Installing: /home/huahai/dobot_ws/install/dobot_rviz/share/dobot_rviz/meshes/cr7/J4.STL\n'}
[0.803105] (-) TimerEvent: {}
[0.803473] (dobot_rviz) StdoutLine: {'line': b'-- Installing: /home/huahai/dobot_ws/install/dobot_rviz/share/dobot_rviz/meshes/cr7/J5.STL\n'}
[0.804678] (dobot_rviz) StdoutLine: {'line': b'-- Installing: /home/huahai/dobot_ws/install/dobot_rviz/share/dobot_rviz/meshes/cr7/J6.STL\n'}
[0.804865] (dobot_rviz) StdoutLine: {'line': b'-- Installing: /home/huahai/dobot_ws/install/dobot_rviz/share/dobot_rviz/meshes/cr7/J1.STL\n'}
[0.805374] (dobot_rviz) StdoutLine: {'line': b'-- Installing: /home/huahai/dobot_ws/install/dobot_rviz/share/dobot_rviz/meshes/cr12\n'}
[0.806227] (dobot_rviz) StdoutLine: {'line': b'-- Installing: /home/huahai/dobot_ws/install/dobot_rviz/share/dobot_rviz/meshes/cr12/J2.STL\n'}
[0.806325] (dobot_rviz) StdoutLine: {'line': b'-- Installing: /home/huahai/dobot_ws/install/dobot_rviz/share/dobot_rviz/meshes/cr12/J3.STL\n'}
[0.807288] (dobot_rviz) StdoutLine: {'line': b'-- Installing: /home/huahai/dobot_ws/install/dobot_rviz/share/dobot_rviz/meshes/cr12/base_link0.STL\n'}
[0.809246] (dobot_rviz) StdoutLine: {'line': b'-- Installing: /home/huahai/dobot_ws/install/dobot_rviz/share/dobot_rviz/meshes/cr12/J4.STL\n'}
[0.809378] (dobot_rviz) StdoutLine: {'line': b'-- Installing: /home/huahai/dobot_ws/install/dobot_rviz/share/dobot_rviz/meshes/cr12/J5.STL\n'}
[0.809838] (dobot_rviz) StdoutLine: {'line': b'-- Installing: /home/huahai/dobot_ws/install/dobot_rviz/share/dobot_rviz/meshes/cr12/J6.STL\n'}
[0.810501] (dobot_rviz) StdoutLine: {'line': b'-- Installing: /home/huahai/dobot_ws/install/dobot_rviz/share/dobot_rviz/meshes/cr12/J1.STL\n'}
[0.811316] (dobot_rviz) StdoutLine: {'line': b'-- Installing: /home/huahai/dobot_ws/install/dobot_rviz/share/dobot_rviz/meshes/cr10\n'}
[0.811524] (dobot_rviz) StdoutLine: {'line': b'-- Installing: /home/huahai/dobot_ws/install/dobot_rviz/share/dobot_rviz/meshes/cr10/Link4.STL\n'}
[0.812069] (dobot_rviz) StdoutLine: {'line': b'-- Installing: /home/huahai/dobot_ws/install/dobot_rviz/share/dobot_rviz/meshes/cr10/Link6.STL\n'}
[0.812653] (dobot_rviz) StdoutLine: {'line': b'-- Installing: /home/huahai/dobot_ws/install/dobot_rviz/share/dobot_rviz/meshes/cr10/Link5.STL\n'}
[0.813252] (dobot_rviz) StdoutLine: {'line': b'-- Installing: /home/huahai/dobot_ws/install/dobot_rviz/share/dobot_rviz/meshes/cr10/Link3.STL\n'}
[0.813583] (dobot_rviz) StdoutLine: {'line': b'-- Installing: /home/huahai/dobot_ws/install/dobot_rviz/share/dobot_rviz/meshes/cr10/Link2.STL\n'}
[0.814485] (cra_description) JobEnded: {'identifier': 'cra_description', 'rc': 0}
[0.815627] (dobot_msgs_v3) JobStarted: {'identifier': 'dobot_msgs_v3'}
[0.815663] (dobot_rviz) StdoutLine: {'line': b'-- Installing: /home/huahai/dobot_ws/install/dobot_rviz/share/dobot_rviz/meshes/cr10/Link1.STL\n'}
[0.815712] (dobot_rviz) StdoutLine: {'line': b'-- Installing: /home/huahai/dobot_ws/install/dobot_rviz/share/dobot_rviz/meshes/cr10/base_link.STL\n'}
[0.815782] (dobot_rviz) StdoutLine: {'line': b'-- Installing: /home/huahai/dobot_ws/install/dobot_rviz/share/dobot_rviz/meshes/nova2\n'}
[0.815983] (dobot_rviz) StdoutLine: {'line': b'-- Installing: /home/huahai/dobot_ws/install/dobot_rviz/share/dobot_rviz/meshes/nova2/Link4.STL\n'}
[0.817868] (dobot_rviz) StdoutLine: {'line': b'-- Installing: /home/huahai/dobot_ws/install/dobot_rviz/share/dobot_rviz/meshes/nova2/Link6.STL\n'}
[0.817956] (dobot_rviz) StdoutLine: {'line': b'-- Installing: /home/huahai/dobot_ws/install/dobot_rviz/share/dobot_rviz/meshes/nova2/Link5.STL\n'}
[0.817992] (dobot_rviz) StdoutLine: {'line': b'-- Installing: /home/huahai/dobot_ws/install/dobot_rviz/share/dobot_rviz/meshes/nova2/Link3.STL\n'}
[0.818800] (dobot_rviz) StdoutLine: {'line': b'-- Installing: /home/huahai/dobot_ws/install/dobot_rviz/share/dobot_rviz/meshes/nova2/Link2.STL\n'}
[0.819394] (dobot_rviz) StdoutLine: {'line': b'-- Installing: /home/huahai/dobot_ws/install/dobot_rviz/share/dobot_rviz/meshes/nova2/Link1.STL\n'}
[0.819782] (dobot_msgs_v3) JobProgress: {'identifier': 'dobot_msgs_v3', 'progress': 'cmake'}
[0.821953] (dobot_msgs_v3) Command: {'cmd': ['/usr/bin/cmake', '/home/huahai/dobot_ws/src/DOBOT_6Axis_ROS2_V3/dobot_msgs_v3', '-DCMAKE_INSTALL_PREFIX=/home/huahai/dobot_ws/install/dobot_msgs_v3'], 'cwd': '/home/huahai/dobot_ws/build/dobot_msgs_v3', 'env': OrderedDict([('LESSOPEN', '| /usr/bin/lesspipe %s'), ('LANGUAGE', 'zh_CN:en_US:en'), ('USER', 'huahai'), ('SSH_CLIENT', '192.168.112.1 11931 22'), ('LC_TIME', 'zh_CN.UTF-8'), ('XDG_SESSION_TYPE', 'tty'), ('SHLVL', '1'), ('LD_LIBRARY_PATH', '/opt/ros/humble/opt/rviz_ogre_vendor/lib:/opt/ros/humble/lib/x86_64-linux-gnu:/opt/ros/humble/lib'), ('MOTD_SHOWN', 'pam'), ('HOME', '/home/huahai'), ('OLDPWD', '/home/huahai/dobot_ws/src'), ('SSH_TTY', '/dev/pts/2'), ('ROS_PYTHON_VERSION', '3'), ('LC_MONETARY', 'zh_CN.UTF-8'), ('DBUS_SESSION_BUS_ADDRESS', 'unix:path=/run/user/1000/bus'), ('ROS_DISTRO', 'humble'), ('LOGNAME', 'huahai'), ('_', '/usr/bin/colcon'), ('ROS_VERSION', '2'), ('XDG_SESSION_CLASS', 'user'), ('TERM', 'xterm-256color'), ('XDG_SESSION_ID', '8'), ('ROS_LOCALHOST_ONLY', '0'), ('PATH', '/opt/ros/humble/bin:/usr/local/sbin:/usr/local/bin:/usr/sbin:/usr/bin:/sbin:/bin:/usr/games:/usr/local/games:/snap/bin'), ('PAPERSIZE', 'a4'), ('LC_ADDRESS', 'zh_CN.UTF-8'), ('XDG_RUNTIME_DIR', '/run/user/1000'), ('LANG', 'zh_CN.UTF-8'), ('LC_TELEPHONE', 'zh_CN.UTF-8'), ('LS_COLORS', 'rs=0:di=01;34:ln=01;36:mh=00:pi=40;33:so=01;35:do=01;35:bd=40;33;01:cd=40;33;01:or=40;31;01:mi=00:su=37;41:sg=30;43:ca=30;41:tw=30;42:ow=34;42:st=37;44:ex=01;32:*.tar=01;31:*.tgz=01;31:*.arc=01;31:*.arj=01;31:*.taz=01;31:*.lha=01;31:*.lz4=01;31:*.lzh=01;31:*.lzma=01;31:*.tlz=01;31:*.txz=01;31:*.tzo=01;31:*.t7z=01;31:*.zip=01;31:*.z=01;31:*.dz=01;31:*.gz=01;31:*.lrz=01;31:*.lz=01;31:*.lzo=01;31:*.xz=01;31:*.zst=01;31:*.tzst=01;31:*.bz2=01;31:*.bz=01;31:*.tbz=01;31:*.tbz2=01;31:*.tz=01;31:*.deb=01;31:*.rpm=01;31:*.jar=01;31:*.war=01;31:*.ear=01;31:*.sar=01;31:*.rar=01;31:*.alz=01;31:*.ace=01;31:*.zoo=01;31:*.cpio=01;31:*.7z=01;31:*.rz=01;31:*.cab=01;31:*.wim=01;31:*.swm=01;31:*.dwm=01;31:*.esd=01;31:*.jpg=01;35:*.jpeg=01;35:*.mjpg=01;35:*.mjpeg=01;35:*.gif=01;35:*.bmp=01;35:*.pbm=01;35:*.pgm=01;35:*.ppm=01;35:*.tga=01;35:*.xbm=01;35:*.xpm=01;35:*.tif=01;35:*.tiff=01;35:*.png=01;35:*.svg=01;35:*.svgz=01;35:*.mng=01;35:*.pcx=01;35:*.mov=01;35:*.mpg=01;35:*.mpeg=01;35:*.m2v=01;35:*.mkv=01;35:*.webm=01;35:*.webp=01;35:*.ogm=01;35:*.mp4=01;35:*.m4v=01;35:*.mp4v=01;35:*.vob=01;35:*.qt=01;35:*.nuv=01;35:*.wmv=01;35:*.asf=01;35:*.rm=01;35:*.rmvb=01;35:*.flc=01;35:*.avi=01;35:*.fli=01;35:*.flv=01;35:*.gl=01;35:*.dl=01;35:*.xcf=01;35:*.xwd=01;35:*.yuv=01;35:*.cgm=01;35:*.emf=01;35:*.ogv=01;35:*.ogx=01;35:*.aac=00;36:*.au=00;36:*.flac=00;36:*.m4a=00;36:*.mid=00;36:*.midi=00;36:*.mka=00;36:*.mp3=00;36:*.mpc=00;36:*.ogg=00;36:*.ra=00;36:*.wav=00;36:*.oga=00;36:*.opus=00;36:*.spx=00;36:*.xspf=00;36:'), ('AMENT_PREFIX_PATH', '/opt/ros/humble'), ('SHELL', '/bin/bash'), ('LC_NAME', 'zh_CN.UTF-8'), ('LESSCLOSE', '/usr/bin/lesspipe %s %s'), ('LC_MEASUREMENT', 'zh_CN.UTF-8'), ('LC_IDENTIFICATION', 'zh_CN.UTF-8'), ('PWD', '/home/huahai/dobot_ws/build/dobot_msgs_v3'), ('SSH_CONNECTION', '192.168.112.1 11931 192.168.124.127 22'), ('XDG_DATA_DIRS', '/usr/share/gnome:/usr/local/share:/usr/share:/var/lib/snapd/desktop'), ('PYTHONPATH', '/opt/ros/humble/lib/python3.10/site-packages:/opt/ros/humble/local/lib/python3.10/dist-packages'), ('LC_NUMERIC', 'zh_CN.UTF-8'), ('LC_PAPER', 'zh_CN.UTF-8'), ('COLCON', '1'), ('CMAKE_PREFIX_PATH', '/opt/ros/humble')]), 'shell': False}
[0.823871] (dobot_rviz) StdoutLine: {'line': b'-- Installing: /home/huahai/dobot_ws/install/dobot_rviz/share/dobot_rviz/meshes/nova2/base_link.STL\n'}
[0.823949] (dobot_rviz) StdoutLine: {'line': b'-- Installing: /home/huahai/dobot_ws/install/dobot_rviz/share/dobot_rviz/meshes/cr3\n'}
[0.823985] (dobot_rviz) StdoutLine: {'line': b'-- Installing: /home/huahai/dobot_ws/install/dobot_rviz/share/dobot_rviz/meshes/cr3/Link4.STL\n'}
[0.824017] (dobot_rviz) StdoutLine: {'line': b'-- Installing: /home/huahai/dobot_ws/install/dobot_rviz/share/dobot_rviz/meshes/cr3/Link6.STL\n'}
[0.824048] (dobot_rviz) StdoutLine: {'line': b'-- Installing: /home/huahai/dobot_ws/install/dobot_rviz/share/dobot_rviz/meshes/cr3/Link5.STL\n'}
[0.824078] (dobot_rviz) StdoutLine: {'line': b'-- Installing: /home/huahai/dobot_ws/install/dobot_rviz/share/dobot_rviz/meshes/cr3/Link3.STL\n'}
[0.824108] (dobot_rviz) StdoutLine: {'line': b'-- Installing: /home/huahai/dobot_ws/install/dobot_rviz/share/dobot_rviz/meshes/cr3/Link2.STL\n'}
[0.824177] (dobot_rviz) StdoutLine: {'line': b'-- Installing: /home/huahai/dobot_ws/install/dobot_rviz/share/dobot_rviz/meshes/cr3/Link1.STL\n'}
[0.824580] (dobot_rviz) StdoutLine: {'line': b'-- Installing: /home/huahai/dobot_ws/install/dobot_rviz/share/dobot_rviz/meshes/cr3/base_link.STL\n'}
[0.826418] (dobot_rviz) StdoutLine: {'line': b'-- Installing: /home/huahai/dobot_ws/install/dobot_rviz/share/ament_index/resource_index/package_run_dependencies/dobot_rviz\n'}
[0.827020] (dobot_rviz) StdoutLine: {'line': b'-- Installing: /home/huahai/dobot_ws/install/dobot_rviz/share/ament_index/resource_index/parent_prefix_path/dobot_rviz\n'}
[0.827234] (dobot_rviz) StdoutLine: {'line': b'-- Installing: /home/huahai/dobot_ws/install/dobot_rviz/share/dobot_rviz/environment/ament_prefix_path.sh\n'}
[0.827474] (dobot_rviz) StdoutLine: {'line': b'-- Installing: /home/huahai/dobot_ws/install/dobot_rviz/share/dobot_rviz/environment/ament_prefix_path.dsv\n'}
[0.827542] (dobot_rviz) StdoutLine: {'line': b'-- Installing: /home/huahai/dobot_ws/install/dobot_rviz/share/dobot_rviz/environment/path.sh\n'}
[0.827827] (dobot_rviz) StdoutLine: {'line': b'-- Installing: /home/huahai/dobot_ws/install/dobot_rviz/share/dobot_rviz/environment/path.dsv\n'}
[0.828006] (dobot_rviz) StdoutLine: {'line': b'-- Installing: /home/huahai/dobot_ws/install/dobot_rviz/share/dobot_rviz/local_setup.bash\n'}
[0.828248] (dobot_rviz) StdoutLine: {'line': b'-- Installing: /home/huahai/dobot_ws/install/dobot_rviz/share/dobot_rviz/local_setup.sh\n'}
[0.828318] (dobot_rviz) StdoutLine: {'line': b'-- Installing: /home/huahai/dobot_ws/install/dobot_rviz/share/dobot_rviz/local_setup.zsh\n'}
[0.828529] (dobot_rviz) StdoutLine: {'line': b'-- Installing: /home/huahai/dobot_ws/install/dobot_rviz/share/dobot_rviz/local_setup.dsv\n'}
[0.828890] (dobot_rviz) StdoutLine: {'line': b'-- Installing: /home/huahai/dobot_ws/install/dobot_rviz/share/dobot_rviz/package.dsv\n'}
[0.828962] (dobot_rviz) StdoutLine: {'line': b'-- Installing: /home/huahai/dobot_ws/install/dobot_rviz/share/ament_index/resource_index/packages/dobot_rviz\n'}
[0.829115] (dobot_rviz) StdoutLine: {'line': b'-- Installing: /home/huahai/dobot_ws/install/dobot_rviz/share/dobot_rviz/cmake/dobot_rvizConfig.cmake\n'}
[0.829234] (dobot_rviz) StdoutLine: {'line': b'-- Installing: /home/huahai/dobot_ws/install/dobot_rviz/share/dobot_rviz/cmake/dobot_rvizConfig-version.cmake\n'}
[0.829369] (dobot_rviz) StdoutLine: {'line': b'-- Installing: /home/huahai/dobot_ws/install/dobot_rviz/share/dobot_rviz/package.xml\n'}
[0.832198] (dobot_rviz) CommandEnded: {'returncode': 0}
[0.840235] (dobot_rviz) JobEnded: {'identifier': 'dobot_rviz', 'rc': 0}
[0.841312] (dobot_demo) JobStarted: {'identifier': 'dobot_demo'}
[0.868264] (dobot_msgs_v3) StdoutLine: {'line': b'-- The C compiler identification is GNU 11.4.0\n'}
[0.903840] (-) TimerEvent: {}
[0.912207] (dobot_msgs_v3) StdoutLine: {'line': b'-- The CXX compiler identification is GNU 11.4.0\n'}
[0.918854] (dobot_msgs_v3) StdoutLine: {'line': b'-- Detecting C compiler ABI info\n'}
[0.980576] (dobot_msgs_v3) StdoutLine: {'line': b'-- Detecting C compiler ABI info - done\n'}
[0.985544] (dobot_msgs_v3) StdoutLine: {'line': b'-- Check for working C compiler: /usr/bin/cc - skipped\n'}
[0.985903] (dobot_msgs_v3) StdoutLine: {'line': b'-- Detecting C compile features\n'}
[0.986260] (dobot_msgs_v3) StdoutLine: {'line': b'-- Detecting C compile features - done\n'}
[0.988196] (dobot_msgs_v3) StdoutLine: {'line': b'-- Detecting CXX compiler ABI info\n'}
[1.005826] (-) TimerEvent: {}
[1.053850] (dobot_msgs_v3) StdoutLine: {'line': b'-- Detecting CXX compiler ABI info - done\n'}
[1.056778] (dobot_msgs_v3) StdoutLine: {'line': b'-- Check for working CXX compiler: /usr/bin/c++ - skipped\n'}
[1.057622] (dobot_msgs_v3) StdoutLine: {'line': b'-- Detecting CXX compile features\n'}
[1.058267] (dobot_msgs_v3) StdoutLine: {'line': b'-- Detecting CXX compile features - done\n'}
[1.059768] (dobot_msgs_v3) StdoutLine: {'line': b'-- Found ament_cmake: 1.3.13 (/opt/ros/humble/share/ament_cmake/cmake)\n'}
[1.106232] (-) TimerEvent: {}
[1.188305] (dobot_msgs_v3) StdoutLine: {'line': b'-- Found Python3: /usr/bin/python3 (found version "3.10.12") found components: Interpreter \n'}
[1.206994] (-) TimerEvent: {}
[1.272442] (dobot_msgs_v3) StdoutLine: {'line': b'-- Found rclcpp: 16.0.18 (/opt/ros/humble/share/rclcpp/cmake)\n'}
[1.307088] (-) TimerEvent: {}
[1.388891] (dobot_msgs_v3) StdoutLine: {'line': b'-- Found rosidl_generator_c: 3.1.8 (/opt/ros/humble/share/rosidl_generator_c/cmake)\n'}
[1.407215] (-) TimerEvent: {}
[1.416282] (dobot_demo) Command: {'cmd': ['/usr/bin/python3', '-W', 'ignore:setup.py install is deprecated', '-W', 'ignore:easy_install command is deprecated', 'setup.py', 'egg_info', '--egg-base', '../../../build/dobot_demo', 'build', '--build-base', '/home/huahai/dobot_ws/build/dobot_demo/build', 'install', '--record', '/home/huahai/dobot_ws/build/dobot_demo/install.log', '--single-version-externally-managed', 'install_data'], 'cwd': '/home/huahai/dobot_ws/src/DOBOT_6Axis_ROS2_V3/dobot_demo', 'env': {'LESSOPEN': '| /usr/bin/lesspipe %s', 'LANGUAGE': 'zh_CN:en_US:en', 'USER': 'huahai', 'SSH_CLIENT': '192.168.112.1 11931 22', 'LC_TIME': 'zh_CN.UTF-8', 'XDG_SESSION_TYPE': 'tty', 'SHLVL': '1', 'LD_LIBRARY_PATH': '/opt/ros/humble/opt/rviz_ogre_vendor/lib:/opt/ros/humble/lib/x86_64-linux-gnu:/opt/ros/humble/lib', 'MOTD_SHOWN': 'pam', 'HOME': '/home/huahai', 'OLDPWD': '/home/huahai/dobot_ws/src', 'SSH_TTY': '/dev/pts/2', 'ROS_PYTHON_VERSION': '3', 'LC_MONETARY': 'zh_CN.UTF-8', 'DBUS_SESSION_BUS_ADDRESS': 'unix:path=/run/user/1000/bus', 'ROS_DISTRO': 'humble', 'LOGNAME': 'huahai', '_': '/usr/bin/colcon', 'ROS_VERSION': '2', 'XDG_SESSION_CLASS': 'user', 'TERM': 'xterm-256color', 'XDG_SESSION_ID': '8', 'ROS_LOCALHOST_ONLY': '0', 'PATH': '/opt/ros/humble/bin:/usr/local/sbin:/usr/local/bin:/usr/sbin:/usr/bin:/sbin:/bin:/usr/games:/usr/local/games:/snap/bin', 'PAPERSIZE': 'a4', 'LC_ADDRESS': 'zh_CN.UTF-8', 'XDG_RUNTIME_DIR': '/run/user/1000', 'LANG': 'zh_CN.UTF-8', 'LC_TELEPHONE': 'zh_CN.UTF-8', 'LS_COLORS': 'rs=0:di=01;34:ln=01;36:mh=00:pi=40;33:so=01;35:do=01;35:bd=40;33;01:cd=40;33;01:or=40;31;01:mi=00:su=37;41:sg=30;43:ca=30;41:tw=30;42:ow=34;42:st=37;44:ex=01;32:*.tar=01;31:*.tgz=01;31:*.arc=01;31:*.arj=01;31:*.taz=01;31:*.lha=01;31:*.lz4=01;31:*.lzh=01;31:*.lzma=01;31:*.tlz=01;31:*.txz=01;31:*.tzo=01;31:*.t7z=01;31:*.zip=01;31:*.z=01;31:*.dz=01;31:*.gz=01;31:*.lrz=01;31:*.lz=01;31:*.lzo=01;31:*.xz=01;31:*.zst=01;31:*.tzst=01;31:*.bz2=01;31:*.bz=01;31:*.tbz=01;31:*.tbz2=01;31:*.tz=01;31:*.deb=01;31:*.rpm=01;31:*.jar=01;31:*.war=01;31:*.ear=01;31:*.sar=01;31:*.rar=01;31:*.alz=01;31:*.ace=01;31:*.zoo=01;31:*.cpio=01;31:*.7z=01;31:*.rz=01;31:*.cab=01;31:*.wim=01;31:*.swm=01;31:*.dwm=01;31:*.esd=01;31:*.jpg=01;35:*.jpeg=01;35:*.mjpg=01;35:*.mjpeg=01;35:*.gif=01;35:*.bmp=01;35:*.pbm=01;35:*.pgm=01;35:*.ppm=01;35:*.tga=01;35:*.xbm=01;35:*.xpm=01;35:*.tif=01;35:*.tiff=01;35:*.png=01;35:*.svg=01;35:*.svgz=01;35:*.mng=01;35:*.pcx=01;35:*.mov=01;35:*.mpg=01;35:*.mpeg=01;35:*.m2v=01;35:*.mkv=01;35:*.webm=01;35:*.webp=01;35:*.ogm=01;35:*.mp4=01;35:*.m4v=01;35:*.mp4v=01;35:*.vob=01;35:*.qt=01;35:*.nuv=01;35:*.wmv=01;35:*.asf=01;35:*.rm=01;35:*.rmvb=01;35:*.flc=01;35:*.avi=01;35:*.fli=01;35:*.flv=01;35:*.gl=01;35:*.dl=01;35:*.xcf=01;35:*.xwd=01;35:*.yuv=01;35:*.cgm=01;35:*.emf=01;35:*.ogv=01;35:*.ogx=01;35:*.aac=00;36:*.au=00;36:*.flac=00;36:*.m4a=00;36:*.mid=00;36:*.midi=00;36:*.mka=00;36:*.mp3=00;36:*.mpc=00;36:*.ogg=00;36:*.ra=00;36:*.wav=00;36:*.oga=00;36:*.opus=00;36:*.spx=00;36:*.xspf=00;36:', 'AMENT_PREFIX_PATH': '/opt/ros/humble', 'SHELL': '/bin/bash', 'LC_NAME': 'zh_CN.UTF-8', 'LESSCLOSE': '/usr/bin/lesspipe %s %s', 'LC_MEASUREMENT': 'zh_CN.UTF-8', 'LC_IDENTIFICATION': 'zh_CN.UTF-8', 'PWD': '/home/huahai/dobot_ws/build/dobot_demo', 'SSH_CONNECTION': '192.168.112.1 11931 192.168.124.127 22', 'XDG_DATA_DIRS': '/usr/share/gnome:/usr/local/share:/usr/share:/var/lib/snapd/desktop', 'PYTHONPATH': '/home/huahai/dobot_ws/build/dobot_demo/prefix_override:/usr/lib/python3/dist-packages/colcon_core/task/python/colcon_distutils_commands:/home/huahai/dobot_ws/install/dobot_demo/lib/python3.10/site-packages:/opt/ros/humble/lib/python3.10/site-packages:/opt/ros/humble/local/lib/python3.10/dist-packages', 'LC_NUMERIC': 'zh_CN.UTF-8', 'LC_PAPER': 'zh_CN.UTF-8', 'COLCON': '1'}, 'shell': False}
[1.423001] (dobot_msgs_v3) StdoutLine: {'line': b'-- Found rosidl_adapter: 3.1.8 (/opt/ros/humble/share/rosidl_adapter/cmake)\n'}
[1.462056] (dobot_msgs_v3) StdoutLine: {'line': b'-- Found rosidl_generator_cpp: 3.1.8 (/opt/ros/humble/share/rosidl_generator_cpp/cmake)\n'}
[1.486027] (dobot_msgs_v3) StdoutLine: {'line': b'-- Using all available rosidl_typesupport_c: rosidl_typesupport_fastrtps_c;rosidl_typesupport_introspection_c\n'}
[1.507307] (-) TimerEvent: {}
[1.513549] (dobot_msgs_v3) StdoutLine: {'line': b'-- Using all available rosidl_typesupport_cpp: rosidl_typesupport_fastrtps_cpp;rosidl_typesupport_introspection_cpp\n'}
[1.571781] (dobot_msgs_v3) StdoutLine: {'line': b'-- Found rmw_implementation_cmake: 6.1.2 (/opt/ros/humble/share/rmw_implementation_cmake/cmake)\n'}
[1.575523] (dobot_msgs_v3) StdoutLine: {'line': b'-- Found rmw_fastrtps_cpp: 6.2.10 (/opt/ros/humble/share/rmw_fastrtps_cpp/cmake)\n'}
[1.605495] (dobot_demo) StdoutLine: {'line': b'running egg_info\n'}
[1.605656] (dobot_demo) StdoutLine: {'line': b'creating ../../../build/dobot_demo/dobot_demo.egg-info\n'}
[1.605704] (dobot_demo) StdoutLine: {'line': b'writing ../../../build/dobot_demo/dobot_demo.egg-info/PKG-INFO\n'}
[1.605754] (dobot_demo) StdoutLine: {'line': b'writing dependency_links to ../../../build/dobot_demo/dobot_demo.egg-info/dependency_links.txt\n'}
[1.605931] (dobot_demo) StdoutLine: {'line': b'writing entry points to ../../../build/dobot_demo/dobot_demo.egg-info/entry_points.txt\n'}
[1.606008] (dobot_demo) StdoutLine: {'line': b'writing requirements to ../../../build/dobot_demo/dobot_demo.egg-info/requires.txt\n'}
[1.606044] (dobot_demo) StdoutLine: {'line': b'writing top-level names to ../../../build/dobot_demo/dobot_demo.egg-info/top_level.txt\n'}
[1.606076] (dobot_demo) StdoutLine: {'line': b"writing manifest file '../../../build/dobot_demo/dobot_demo.egg-info/SOURCES.txt'\n"}
[1.608437] (-) TimerEvent: {}
[1.609156] (dobot_demo) StdoutLine: {'line': b"reading manifest file '../../../build/dobot_demo/dobot_demo.egg-info/SOURCES.txt'\n"}
[1.609370] (dobot_demo) StdoutLine: {'line': b"writing manifest file '../../../build/dobot_demo/dobot_demo.egg-info/SOURCES.txt'\n"}
[1.609470] (dobot_demo) StdoutLine: {'line': b'running build\n'}
[1.609539] (dobot_demo) StdoutLine: {'line': b'running build_py\n'}
[1.609574] (dobot_demo) StdoutLine: {'line': b'creating /home/huahai/dobot_ws/build/dobot_demo/build\n'}
[1.609627] (dobot_demo) StdoutLine: {'line': b'creating /home/huahai/dobot_ws/build/dobot_demo/build/lib\n'}
[1.609800] (dobot_demo) StdoutLine: {'line': b'creating /home/huahai/dobot_ws/build/dobot_demo/build/lib/dobot_demo\n'}
[1.609851] (dobot_demo) StdoutLine: {'line': b'copying dobot_demo/__init__.py -> /home/huahai/dobot_ws/build/dobot_demo/build/lib/dobot_demo\n'}
[1.609961] (dobot_demo) StdoutLine: {'line': b'copying dobot_demo/demo.py -> /home/huahai/dobot_ws/build/dobot_demo/build/lib/dobot_demo\n'}
[1.610066] (dobot_demo) StdoutLine: {'line': b'running install\n'}
[1.610109] (dobot_demo) StdoutLine: {'line': b'running install_lib\n'}
[1.610495] (dobot_demo) StdoutLine: {'line': b'creating /home/huahai/dobot_ws/install/dobot_demo/lib/python3.10/site-packages/dobot_demo\n'}
[1.610557] (dobot_demo) StdoutLine: {'line': b'copying /home/huahai/dobot_ws/build/dobot_demo/build/lib/dobot_demo/__init__.py -> /home/huahai/dobot_ws/install/dobot_demo/lib/python3.10/site-packages/dobot_demo\n'}
[1.610593] (dobot_demo) StdoutLine: {'line': b'copying /home/huahai/dobot_ws/build/dobot_demo/build/lib/dobot_demo/demo.py -> /home/huahai/dobot_ws/install/dobot_demo/lib/python3.10/site-packages/dobot_demo\n'}
[1.610626] (dobot_demo) StdoutLine: {'line': b'byte-compiling /home/huahai/dobot_ws/install/dobot_demo/lib/python3.10/site-packages/dobot_demo/__init__.py to __init__.cpython-310.pyc\n'}
[1.610744] (dobot_demo) StdoutLine: {'line': b'byte-compiling /home/huahai/dobot_ws/install/dobot_demo/lib/python3.10/site-packages/dobot_demo/demo.py to demo.cpython-310.pyc\n'}
[1.610872] (dobot_demo) StdoutLine: {'line': b'running install_data\n'}
[1.610934] (dobot_demo) StdoutLine: {'line': b'creating /home/huahai/dobot_ws/install/dobot_demo/share/ament_index\n'}
[1.610986] (dobot_demo) StdoutLine: {'line': b'creating /home/huahai/dobot_ws/install/dobot_demo/share/ament_index/resource_index\n'}
[1.611022] (dobot_demo) StdoutLine: {'line': b'creating /home/huahai/dobot_ws/install/dobot_demo/share/ament_index/resource_index/packages\n'}
[1.611065] (dobot_demo) StdoutLine: {'line': b'copying resource/dobot_demo -> /home/huahai/dobot_ws/install/dobot_demo/share/ament_index/resource_index/packages\n'}
[1.611113] (dobot_demo) StdoutLine: {'line': b'copying package.xml -> /home/huahai/dobot_ws/install/dobot_demo/share/dobot_demo\n'}
[1.611160] (dobot_demo) StdoutLine: {'line': b'running install_egg_info\n'}
[1.612506] (dobot_demo) StdoutLine: {'line': b'Copying ../../../build/dobot_demo/dobot_demo.egg-info to /home/huahai/dobot_ws/install/dobot_demo/lib/python3.10/site-packages/dobot_demo-0.0.0-py3.10.egg-info\n'}
[1.613039] (dobot_demo) StdoutLine: {'line': b'running install_scripts\n'}
[1.627635] (dobot_demo) StdoutLine: {'line': b'Installing demo script to /home/huahai/dobot_ws/install/dobot_demo/lib/dobot_demo\n'}
[1.628005] (dobot_demo) StdoutLine: {'line': b"writing list of installed files to '/home/huahai/dobot_ws/build/dobot_demo/install.log'\n"}
[1.643627] (dobot_demo) CommandEnded: {'returncode': 0}
[1.649086] (dobot_demo) JobEnded: {'identifier': 'dobot_demo', 'rc': 0}
[1.652061] (dobot_moveit) JobStarted: {'identifier': 'dobot_moveit'}
[1.670383] (dobot_msgs_v3) StdoutLine: {'line': b'-- Found OpenSSL: /usr/lib/x86_64-linux-gnu/libcrypto.so (found version "3.0.2")  \n'}
[1.691854] (dobot_msgs_v3) StdoutLine: {'line': b'-- Found FastRTPS: /opt/ros/humble/include  \n'}
[1.708538] (-) TimerEvent: {}
[1.718685] (dobot_msgs_v3) StdoutLine: {'line': b"-- Using RMW implementation 'rmw_fastrtps_cpp' as default\n"}
[1.731649] (dobot_msgs_v3) StdoutLine: {'line': b'-- Looking for pthread.h\n'}
[1.808684] (-) TimerEvent: {}
[1.809374] (dobot_msgs_v3) StdoutLine: {'line': b'-- Looking for pthread.h - found\n'}
[1.811878] (dobot_msgs_v3) StdoutLine: {'line': b'-- Performing Test CMAKE_HAVE_LIBC_PTHREAD\n'}
[1.874713] (dobot_msgs_v3) StdoutLine: {'line': b'-- Performing Test CMAKE_HAVE_LIBC_PTHREAD - Success\n'}
[1.876414] (dobot_msgs_v3) StdoutLine: {'line': b'-- Found Threads: TRUE  \n'}
[1.908779] (-) TimerEvent: {}
[1.943327] (dobot_msgs_v3) StdoutLine: {'line': b'-- Found rosidl_default_generators: 1.2.0 (/opt/ros/humble/share/rosidl_default_generators/cmake)\n'}
[2.008929] (-) TimerEvent: {}
[2.032835] (dobot_moveit) Command: {'cmd': ['/usr/bin/python3', '-W', 'ignore:setup.py install is deprecated', '-W', 'ignore:easy_install command is deprecated', 'setup.py', 'egg_info', '--egg-base', '../../../build/dobot_moveit', 'build', '--build-base', '/home/huahai/dobot_ws/build/dobot_moveit/build', 'install', '--record', '/home/huahai/dobot_ws/build/dobot_moveit/install.log', '--single-version-externally-managed', 'install_data'], 'cwd': '/home/huahai/dobot_ws/src/DOBOT_6Axis_ROS2_V3/dobot_moveit', 'env': {'LESSOPEN': '| /usr/bin/lesspipe %s', 'LANGUAGE': 'zh_CN:en_US:en', 'USER': 'huahai', 'SSH_CLIENT': '192.168.112.1 11931 22', 'LC_TIME': 'zh_CN.UTF-8', 'XDG_SESSION_TYPE': 'tty', 'SHLVL': '1', 'LD_LIBRARY_PATH': '/opt/ros/humble/opt/rviz_ogre_vendor/lib:/opt/ros/humble/lib/x86_64-linux-gnu:/opt/ros/humble/lib', 'MOTD_SHOWN': 'pam', 'HOME': '/home/huahai', 'OLDPWD': '/home/huahai/dobot_ws/src', 'SSH_TTY': '/dev/pts/2', 'ROS_PYTHON_VERSION': '3', 'LC_MONETARY': 'zh_CN.UTF-8', 'DBUS_SESSION_BUS_ADDRESS': 'unix:path=/run/user/1000/bus', 'ROS_DISTRO': 'humble', 'LOGNAME': 'huahai', '_': '/usr/bin/colcon', 'ROS_VERSION': '2', 'XDG_SESSION_CLASS': 'user', 'TERM': 'xterm-256color', 'XDG_SESSION_ID': '8', 'ROS_LOCALHOST_ONLY': '0', 'PATH': '/opt/ros/humble/bin:/usr/local/sbin:/usr/local/bin:/usr/sbin:/usr/bin:/sbin:/bin:/usr/games:/usr/local/games:/snap/bin', 'PAPERSIZE': 'a4', 'LC_ADDRESS': 'zh_CN.UTF-8', 'XDG_RUNTIME_DIR': '/run/user/1000', 'LANG': 'zh_CN.UTF-8', 'LC_TELEPHONE': 'zh_CN.UTF-8', 'LS_COLORS': 'rs=0:di=01;34:ln=01;36:mh=00:pi=40;33:so=01;35:do=01;35:bd=40;33;01:cd=40;33;01:or=40;31;01:mi=00:su=37;41:sg=30;43:ca=30;41:tw=30;42:ow=34;42:st=37;44:ex=01;32:*.tar=01;31:*.tgz=01;31:*.arc=01;31:*.arj=01;31:*.taz=01;31:*.lha=01;31:*.lz4=01;31:*.lzh=01;31:*.lzma=01;31:*.tlz=01;31:*.txz=01;31:*.tzo=01;31:*.t7z=01;31:*.zip=01;31:*.z=01;31:*.dz=01;31:*.gz=01;31:*.lrz=01;31:*.lz=01;31:*.lzo=01;31:*.xz=01;31:*.zst=01;31:*.tzst=01;31:*.bz2=01;31:*.bz=01;31:*.tbz=01;31:*.tbz2=01;31:*.tz=01;31:*.deb=01;31:*.rpm=01;31:*.jar=01;31:*.war=01;31:*.ear=01;31:*.sar=01;31:*.rar=01;31:*.alz=01;31:*.ace=01;31:*.zoo=01;31:*.cpio=01;31:*.7z=01;31:*.rz=01;31:*.cab=01;31:*.wim=01;31:*.swm=01;31:*.dwm=01;31:*.esd=01;31:*.jpg=01;35:*.jpeg=01;35:*.mjpg=01;35:*.mjpeg=01;35:*.gif=01;35:*.bmp=01;35:*.pbm=01;35:*.pgm=01;35:*.ppm=01;35:*.tga=01;35:*.xbm=01;35:*.xpm=01;35:*.tif=01;35:*.tiff=01;35:*.png=01;35:*.svg=01;35:*.svgz=01;35:*.mng=01;35:*.pcx=01;35:*.mov=01;35:*.mpg=01;35:*.mpeg=01;35:*.m2v=01;35:*.mkv=01;35:*.webm=01;35:*.webp=01;35:*.ogm=01;35:*.mp4=01;35:*.m4v=01;35:*.mp4v=01;35:*.vob=01;35:*.qt=01;35:*.nuv=01;35:*.wmv=01;35:*.asf=01;35:*.rm=01;35:*.rmvb=01;35:*.flc=01;35:*.avi=01;35:*.fli=01;35:*.flv=01;35:*.gl=01;35:*.dl=01;35:*.xcf=01;35:*.xwd=01;35:*.yuv=01;35:*.cgm=01;35:*.emf=01;35:*.ogv=01;35:*.ogx=01;35:*.aac=00;36:*.au=00;36:*.flac=00;36:*.m4a=00;36:*.mid=00;36:*.midi=00;36:*.mka=00;36:*.mp3=00;36:*.mpc=00;36:*.ogg=00;36:*.ra=00;36:*.wav=00;36:*.oga=00;36:*.opus=00;36:*.spx=00;36:*.xspf=00;36:', 'AMENT_PREFIX_PATH': '/opt/ros/humble', 'SHELL': '/bin/bash', 'LC_NAME': 'zh_CN.UTF-8', 'LESSCLOSE': '/usr/bin/lesspipe %s %s', 'LC_MEASUREMENT': 'zh_CN.UTF-8', 'LC_IDENTIFICATION': 'zh_CN.UTF-8', 'PWD': '/home/huahai/dobot_ws/build/dobot_moveit', 'SSH_CONNECTION': '192.168.112.1 11931 192.168.124.127 22', 'XDG_DATA_DIRS': '/usr/share/gnome:/usr/local/share:/usr/share:/var/lib/snapd/desktop', 'PYTHONPATH': '/home/huahai/dobot_ws/build/dobot_moveit/prefix_override:/usr/lib/python3/dist-packages/colcon_core/task/python/colcon_distutils_commands:/home/huahai/dobot_ws/install/dobot_moveit/lib/python3.10/site-packages:/opt/ros/humble/lib/python3.10/site-packages:/opt/ros/humble/local/lib/python3.10/dist-packages', 'LC_NUMERIC': 'zh_CN.UTF-8', 'LC_PAPER': 'zh_CN.UTF-8', 'COLCON': '1'}, 'shell': False}
[2.109022] (-) TimerEvent: {}
[2.167931] (dobot_moveit) StdoutLine: {'line': b'running egg_info\n'}
[2.168230] (dobot_moveit) StdoutLine: {'line': b'creating ../../../build/dobot_moveit/dobot_moveit.egg-info\n'}
[2.168313] (dobot_moveit) StdoutLine: {'line': b'writing ../../../build/dobot_moveit/dobot_moveit.egg-info/PKG-INFO\n'}
[2.168455] (dobot_moveit) StdoutLine: {'line': b'writing dependency_links to ../../../build/dobot_moveit/dobot_moveit.egg-info/dependency_links.txt\n'}
[2.168527] (dobot_moveit) StdoutLine: {'line': b'writing entry points to ../../../build/dobot_moveit/dobot_moveit.egg-info/entry_points.txt\n'}
[2.168594] (dobot_moveit) StdoutLine: {'line': b'writing requirements to ../../../build/dobot_moveit/dobot_moveit.egg-info/requires.txt\n'}
[2.168661] (dobot_moveit) StdoutLine: {'line': b'writing top-level names to ../../../build/dobot_moveit/dobot_moveit.egg-info/top_level.txt\n'}
[2.168718] (dobot_moveit) StdoutLine: {'line': b"writing manifest file '../../../build/dobot_moveit/dobot_moveit.egg-info/SOURCES.txt'\n"}
[2.170534] (dobot_moveit) StdoutLine: {'line': b"reading manifest file '../../../build/dobot_moveit/dobot_moveit.egg-info/SOURCES.txt'\n"}
[2.170623] (dobot_moveit) StdoutLine: {'line': b"writing manifest file '../../../build/dobot_moveit/dobot_moveit.egg-info/SOURCES.txt'\n"}
[2.170659] (dobot_moveit) StdoutLine: {'line': b'running build\n'}
[2.170760] (dobot_moveit) StdoutLine: {'line': b'running build_py\n'}
[2.170808] (dobot_moveit) StdoutLine: {'line': b'creating /home/huahai/dobot_ws/build/dobot_moveit/build\n'}
[2.170839] (dobot_moveit) StdoutLine: {'line': b'creating /home/huahai/dobot_ws/build/dobot_moveit/build/lib\n'}
[2.170867] (dobot_moveit) StdoutLine: {'line': b'creating /home/huahai/dobot_ws/build/dobot_moveit/build/lib/dobot_moveit\n'}
[2.170923] (dobot_moveit) StdoutLine: {'line': b'copying dobot_moveit/__init__.py -> /home/huahai/dobot_ws/build/dobot_moveit/build/lib/dobot_moveit\n'}
[2.170957] (dobot_moveit) StdoutLine: {'line': b'copying dobot_moveit/joint_states.py -> /home/huahai/dobot_ws/build/dobot_moveit/build/lib/dobot_moveit\n'}
[2.171004] (dobot_moveit) StdoutLine: {'line': b'copying dobot_moveit/action_move_server.py -> /home/huahai/dobot_ws/build/dobot_moveit/build/lib/dobot_moveit\n'}
[2.171038] (dobot_moveit) StdoutLine: {'line': b'running install\n'}
[2.171071] (dobot_moveit) StdoutLine: {'line': b'running install_lib\n'}
[2.171365] (dobot_moveit) StdoutLine: {'line': b'creating /home/huahai/dobot_ws/install/dobot_moveit/lib/python3.10/site-packages/dobot_moveit\n'}
[2.171422] (dobot_moveit) StdoutLine: {'line': b'copying /home/huahai/dobot_ws/build/dobot_moveit/build/lib/dobot_moveit/__init__.py -> /home/huahai/dobot_ws/install/dobot_moveit/lib/python3.10/site-packages/dobot_moveit\n'}
[2.171471] (dobot_moveit) StdoutLine: {'line': b'copying /home/huahai/dobot_ws/build/dobot_moveit/build/lib/dobot_moveit/joint_states.py -> /home/huahai/dobot_ws/install/dobot_moveit/lib/python3.10/site-packages/dobot_moveit\n'}
[2.171518] (dobot_moveit) StdoutLine: {'line': b'copying /home/huahai/dobot_ws/build/dobot_moveit/build/lib/dobot_moveit/action_move_server.py -> /home/huahai/dobot_ws/install/dobot_moveit/lib/python3.10/site-packages/dobot_moveit\n'}
[2.171854] (dobot_moveit) StdoutLine: {'line': b'byte-compiling /home/huahai/dobot_ws/install/dobot_moveit/lib/python3.10/site-packages/dobot_moveit/__init__.py to __init__.cpython-310.pyc\n'}
[2.171955] (dobot_moveit) StdoutLine: {'line': b'byte-compiling /home/huahai/dobot_ws/install/dobot_moveit/lib/python3.10/site-packages/dobot_moveit/joint_states.py to joint_states.cpython-310.pyc\n'}
[2.172209] (dobot_moveit) StdoutLine: {'line': b'byte-compiling /home/huahai/dobot_ws/install/dobot_moveit/lib/python3.10/site-packages/dobot_moveit/action_move_server.py to action_move_server.cpython-310.pyc\n'}
[2.173820] (dobot_moveit) StdoutLine: {'line': b'running install_data\n'}
[2.173902] (dobot_moveit) StdoutLine: {'line': b'creating /home/huahai/dobot_ws/install/dobot_moveit/share/ament_index\n'}
[2.173939] (dobot_moveit) StdoutLine: {'line': b'creating /home/huahai/dobot_ws/install/dobot_moveit/share/ament_index/resource_index\n'}
[2.173974] (dobot_moveit) StdoutLine: {'line': b'creating /home/huahai/dobot_ws/install/dobot_moveit/share/ament_index/resource_index/packages\n'}
[2.174004] (dobot_moveit) StdoutLine: {'line': b'copying resource/dobot_moveit -> /home/huahai/dobot_ws/install/dobot_moveit/share/ament_index/resource_index/packages\n'}
[2.174034] (dobot_moveit) StdoutLine: {'line': b'copying package.xml -> /home/huahai/dobot_ws/install/dobot_moveit/share/dobot_moveit\n'}
[2.174062] (dobot_moveit) StdoutLine: {'line': b'creating /home/huahai/dobot_ws/install/dobot_moveit/share/dobot_moveit/launch\n'}
[2.174090] (dobot_moveit) StdoutLine: {'line': b'copying launch/dobot_moveit.launch.py -> /home/huahai/dobot_ws/install/dobot_moveit/share/dobot_moveit/launch\n'}
[2.174119] (dobot_moveit) StdoutLine: {'line': b'copying launch/moveit_gazebo.launch.py -> /home/huahai/dobot_ws/install/dobot_moveit/share/dobot_moveit/launch\n'}
[2.174155] (dobot_moveit) StdoutLine: {'line': b'copying launch/moveit_demo.launch.py -> /home/huahai/dobot_ws/install/dobot_moveit/share/dobot_moveit/launch\n'}
[2.174185] (dobot_moveit) StdoutLine: {'line': b'copying launch/dobot_joint.launch.py -> /home/huahai/dobot_ws/install/dobot_moveit/share/dobot_moveit/launch\n'}
[2.174219] (dobot_moveit) StdoutLine: {'line': b'running install_egg_info\n'}
[2.174272] (dobot_moveit) StdoutLine: {'line': b'Copying ../../../build/dobot_moveit/dobot_moveit.egg-info to /home/huahai/dobot_ws/install/dobot_moveit/lib/python3.10/site-packages/dobot_moveit-0.0.0-py3.10.egg-info\n'}
[2.174633] (dobot_moveit) StdoutLine: {'line': b'running install_scripts\n'}
[2.187473] (dobot_moveit) StdoutLine: {'line': b'Installing action_move_server script to /home/huahai/dobot_ws/install/dobot_moveit/lib/dobot_moveit\n'}
[2.187599] (dobot_moveit) StdoutLine: {'line': b'Installing joint_states script to /home/huahai/dobot_ws/install/dobot_moveit/lib/dobot_moveit\n'}
[2.187699] (dobot_moveit) StdoutLine: {'line': b"writing list of installed files to '/home/huahai/dobot_ws/build/dobot_moveit/install.log'\n"}
[2.200690] (dobot_moveit) CommandEnded: {'returncode': 0}
[2.204504] (dobot_moveit) JobEnded: {'identifier': 'dobot_moveit', 'rc': 0}
[2.208220] (servo_action) JobStarted: {'identifier': 'servo_action'}
[2.209160] (-) TimerEvent: {}
[2.309495] (-) TimerEvent: {}
[2.410108] (-) TimerEvent: {}
[2.507984] (dobot_msgs_v3) StdoutLine: {'line': b'-- Found ament_cmake_ros: 0.10.0 (/opt/ros/humble/share/ament_cmake_ros/cmake)\n'}
[2.510201] (-) TimerEvent: {}
[2.574375] (servo_action) Command: {'cmd': ['/usr/bin/python3', '-W', 'ignore:setup.py install is deprecated', '-W', 'ignore:easy_install command is deprecated', 'setup.py', 'egg_info', '--egg-base', '../../../build/servo_action', 'build', '--build-base', '/home/huahai/dobot_ws/build/servo_action/build', 'install', '--record', '/home/huahai/dobot_ws/build/servo_action/install.log', '--single-version-externally-managed', 'install_data'], 'cwd': '/home/huahai/dobot_ws/src/DOBOT_6Axis_ROS2_V3/servo_action', 'env': {'LESSOPEN': '| /usr/bin/lesspipe %s', 'LANGUAGE': 'zh_CN:en_US:en', 'USER': 'huahai', 'SSH_CLIENT': '192.168.112.1 11931 22', 'LC_TIME': 'zh_CN.UTF-8', 'XDG_SESSION_TYPE': 'tty', 'SHLVL': '1', 'LD_LIBRARY_PATH': '/opt/ros/humble/opt/rviz_ogre_vendor/lib:/opt/ros/humble/lib/x86_64-linux-gnu:/opt/ros/humble/lib', 'MOTD_SHOWN': 'pam', 'HOME': '/home/huahai', 'OLDPWD': '/home/huahai/dobot_ws/src', 'SSH_TTY': '/dev/pts/2', 'ROS_PYTHON_VERSION': '3', 'LC_MONETARY': 'zh_CN.UTF-8', 'DBUS_SESSION_BUS_ADDRESS': 'unix:path=/run/user/1000/bus', 'ROS_DISTRO': 'humble', 'LOGNAME': 'huahai', '_': '/usr/bin/colcon', 'ROS_VERSION': '2', 'XDG_SESSION_CLASS': 'user', 'TERM': 'xterm-256color', 'XDG_SESSION_ID': '8', 'ROS_LOCALHOST_ONLY': '0', 'PATH': '/opt/ros/humble/bin:/usr/local/sbin:/usr/local/bin:/usr/sbin:/usr/bin:/sbin:/bin:/usr/games:/usr/local/games:/snap/bin', 'PAPERSIZE': 'a4', 'LC_ADDRESS': 'zh_CN.UTF-8', 'XDG_RUNTIME_DIR': '/run/user/1000', 'LANG': 'zh_CN.UTF-8', 'LC_TELEPHONE': 'zh_CN.UTF-8', 'LS_COLORS': 'rs=0:di=01;34:ln=01;36:mh=00:pi=40;33:so=01;35:do=01;35:bd=40;33;01:cd=40;33;01:or=40;31;01:mi=00:su=37;41:sg=30;43:ca=30;41:tw=30;42:ow=34;42:st=37;44:ex=01;32:*.tar=01;31:*.tgz=01;31:*.arc=01;31:*.arj=01;31:*.taz=01;31:*.lha=01;31:*.lz4=01;31:*.lzh=01;31:*.lzma=01;31:*.tlz=01;31:*.txz=01;31:*.tzo=01;31:*.t7z=01;31:*.zip=01;31:*.z=01;31:*.dz=01;31:*.gz=01;31:*.lrz=01;31:*.lz=01;31:*.lzo=01;31:*.xz=01;31:*.zst=01;31:*.tzst=01;31:*.bz2=01;31:*.bz=01;31:*.tbz=01;31:*.tbz2=01;31:*.tz=01;31:*.deb=01;31:*.rpm=01;31:*.jar=01;31:*.war=01;31:*.ear=01;31:*.sar=01;31:*.rar=01;31:*.alz=01;31:*.ace=01;31:*.zoo=01;31:*.cpio=01;31:*.7z=01;31:*.rz=01;31:*.cab=01;31:*.wim=01;31:*.swm=01;31:*.dwm=01;31:*.esd=01;31:*.jpg=01;35:*.jpeg=01;35:*.mjpg=01;35:*.mjpeg=01;35:*.gif=01;35:*.bmp=01;35:*.pbm=01;35:*.pgm=01;35:*.ppm=01;35:*.tga=01;35:*.xbm=01;35:*.xpm=01;35:*.tif=01;35:*.tiff=01;35:*.png=01;35:*.svg=01;35:*.svgz=01;35:*.mng=01;35:*.pcx=01;35:*.mov=01;35:*.mpg=01;35:*.mpeg=01;35:*.m2v=01;35:*.mkv=01;35:*.webm=01;35:*.webp=01;35:*.ogm=01;35:*.mp4=01;35:*.m4v=01;35:*.mp4v=01;35:*.vob=01;35:*.qt=01;35:*.nuv=01;35:*.wmv=01;35:*.asf=01;35:*.rm=01;35:*.rmvb=01;35:*.flc=01;35:*.avi=01;35:*.fli=01;35:*.flv=01;35:*.gl=01;35:*.dl=01;35:*.xcf=01;35:*.xwd=01;35:*.yuv=01;35:*.cgm=01;35:*.emf=01;35:*.ogv=01;35:*.ogx=01;35:*.aac=00;36:*.au=00;36:*.flac=00;36:*.m4a=00;36:*.mid=00;36:*.midi=00;36:*.mka=00;36:*.mp3=00;36:*.mpc=00;36:*.ogg=00;36:*.ra=00;36:*.wav=00;36:*.oga=00;36:*.opus=00;36:*.spx=00;36:*.xspf=00;36:', 'AMENT_PREFIX_PATH': '/opt/ros/humble', 'SHELL': '/bin/bash', 'LC_NAME': 'zh_CN.UTF-8', 'LESSCLOSE': '/usr/bin/lesspipe %s %s', 'LC_MEASUREMENT': 'zh_CN.UTF-8', 'LC_IDENTIFICATION': 'zh_CN.UTF-8', 'PWD': '/home/huahai/dobot_ws/build/servo_action', 'SSH_CONNECTION': '192.168.112.1 11931 192.168.124.127 22', 'XDG_DATA_DIRS': '/usr/share/gnome:/usr/local/share:/usr/share:/var/lib/snapd/desktop', 'PYTHONPATH': '/home/huahai/dobot_ws/build/servo_action/prefix_override:/usr/lib/python3/dist-packages/colcon_core/task/python/colcon_distutils_commands:/home/huahai/dobot_ws/install/servo_action/lib/python3.10/site-packages:/opt/ros/humble/lib/python3.10/site-packages:/opt/ros/humble/local/lib/python3.10/dist-packages', 'LC_NUMERIC': 'zh_CN.UTF-8', 'LC_PAPER': 'zh_CN.UTF-8', 'COLCON': '1'}, 'shell': False}
[2.610314] (-) TimerEvent: {}
[2.711017] (-) TimerEvent: {}
[2.726091] (servo_action) StdoutLine: {'line': b'running egg_info\n'}
[2.726471] (servo_action) StdoutLine: {'line': b'creating ../../../build/servo_action/servo_action.egg-info\n'}
[2.726572] (servo_action) StdoutLine: {'line': b'writing ../../../build/servo_action/servo_action.egg-info/PKG-INFO\n'}
[2.726696] (servo_action) StdoutLine: {'line': b'writing dependency_links to ../../../build/servo_action/servo_action.egg-info/dependency_links.txt\n'}
[2.726785] (servo_action) StdoutLine: {'line': b'writing entry points to ../../../build/servo_action/servo_action.egg-info/entry_points.txt\n'}
[2.726871] (servo_action) StdoutLine: {'line': b'writing requirements to ../../../build/servo_action/servo_action.egg-info/requires.txt\n'}
[2.726955] (servo_action) StdoutLine: {'line': b'writing top-level names to ../../../build/servo_action/servo_action.egg-info/top_level.txt\n'}
[2.727113] (servo_action) StdoutLine: {'line': b"writing manifest file '../../../build/servo_action/servo_action.egg-info/SOURCES.txt'\n"}
[2.728272] (servo_action) StdoutLine: {'line': b"reading manifest file '../../../build/servo_action/servo_action.egg-info/SOURCES.txt'\n"}
[2.728662] (servo_action) StdoutLine: {'line': b"writing manifest file '../../../build/servo_action/servo_action.egg-info/SOURCES.txt'\n"}
[2.728933] (servo_action) StdoutLine: {'line': b'running build\n'}
[2.730860] (servo_action) StdoutLine: {'line': b'running build_py\n'}
[2.730948] (servo_action) StdoutLine: {'line': b'creating /home/huahai/dobot_ws/build/servo_action/build\n'}
[2.730989] (servo_action) StdoutLine: {'line': b'creating /home/huahai/dobot_ws/build/servo_action/build/lib\n'}
[2.731022] (servo_action) StdoutLine: {'line': b'creating /home/huahai/dobot_ws/build/servo_action/build/lib/servo_action\n'}
[2.731053] (servo_action) StdoutLine: {'line': b'copying servo_action/__init__.py -> /home/huahai/dobot_ws/build/servo_action/build/lib/servo_action\n'}
[2.731083] (servo_action) StdoutLine: {'line': b'copying servo_action/Joint_Position.py -> /home/huahai/dobot_ws/build/servo_action/build/lib/servo_action\n'}
[2.731113] (servo_action) StdoutLine: {'line': b'copying servo_action/action_move_client.py -> /home/huahai/dobot_ws/build/servo_action/build/lib/servo_action\n'}
[2.731142] (servo_action) StdoutLine: {'line': b'running install\n'}
[2.731171] (servo_action) StdoutLine: {'line': b'running install_lib\n'}
[2.731200] (servo_action) StdoutLine: {'line': b'creating /home/huahai/dobot_ws/install/servo_action/lib/python3.10/site-packages/servo_action\n'}
[2.731230] (servo_action) StdoutLine: {'line': b'copying /home/huahai/dobot_ws/build/servo_action/build/lib/servo_action/__init__.py -> /home/huahai/dobot_ws/install/servo_action/lib/python3.10/site-packages/servo_action\n'}
[2.731260] (servo_action) StdoutLine: {'line': b'copying /home/huahai/dobot_ws/build/servo_action/build/lib/servo_action/Joint_Position.py -> /home/huahai/dobot_ws/install/servo_action/lib/python3.10/site-packages/servo_action\n'}
[2.731289] (servo_action) StdoutLine: {'line': b'copying /home/huahai/dobot_ws/build/servo_action/build/lib/servo_action/action_move_client.py -> /home/huahai/dobot_ws/install/servo_action/lib/python3.10/site-packages/servo_action\n'}
[2.731324] (servo_action) StdoutLine: {'line': b'byte-compiling /home/huahai/dobot_ws/install/servo_action/lib/python3.10/site-packages/servo_action/__init__.py to __init__.cpython-310.pyc\n'}
[2.731378] (servo_action) StdoutLine: {'line': b'byte-compiling /home/huahai/dobot_ws/install/servo_action/lib/python3.10/site-packages/servo_action/Joint_Position.py to Joint_Position.cpython-310.pyc\n'}
[2.731441] (servo_action) StdoutLine: {'line': b'byte-compiling /home/huahai/dobot_ws/install/servo_action/lib/python3.10/site-packages/servo_action/action_move_client.py to action_move_client.cpython-310.pyc\n'}
[2.731476] (servo_action) StdoutLine: {'line': b'running install_data\n'}
[2.731511] (servo_action) StdoutLine: {'line': b'creating /home/huahai/dobot_ws/install/servo_action/share/ament_index\n'}
[2.731541] (servo_action) StdoutLine: {'line': b'creating /home/huahai/dobot_ws/install/servo_action/share/ament_index/resource_index\n'}
[2.731570] (servo_action) StdoutLine: {'line': b'creating /home/huahai/dobot_ws/install/servo_action/share/ament_index/resource_index/packages\n'}
[2.731603] (servo_action) StdoutLine: {'line': b'copying resource/servo_action -> /home/huahai/dobot_ws/install/servo_action/share/ament_index/resource_index/packages\n'}
[2.731647] (servo_action) StdoutLine: {'line': b'copying package.xml -> /home/huahai/dobot_ws/install/servo_action/share/servo_action\n'}
[2.731681] (servo_action) StdoutLine: {'line': b'running install_egg_info\n'}
[2.732759] (servo_action) StdoutLine: {'line': b'Copying ../../../build/servo_action/servo_action.egg-info to /home/huahai/dobot_ws/install/servo_action/lib/python3.10/site-packages/servo_action-0.0.0-py3.10.egg-info\n'}
[2.733248] (servo_action) StdoutLine: {'line': b'running install_scripts\n'}
[2.746835] (servo_action) StdoutLine: {'line': b'Installing Joint_Position script to /home/huahai/dobot_ws/install/servo_action/lib/servo_action\n'}
[2.746977] (servo_action) StdoutLine: {'line': b'Installing action_move_client script to /home/huahai/dobot_ws/install/servo_action/lib/servo_action\n'}
[2.747085] (servo_action) StdoutLine: {'line': b"writing list of installed files to '/home/huahai/dobot_ws/build/servo_action/install.log'\n"}
[2.761713] (servo_action) CommandEnded: {'returncode': 0}
[2.765665] (servo_action) JobEnded: {'identifier': 'servo_action', 'rc': 0}
[2.766843] (cr10_moveit) JobStarted: {'identifier': 'cr10_moveit'}
[2.774827] (cr10_moveit) JobProgress: {'identifier': 'cr10_moveit', 'progress': 'cmake'}
[2.774935] (cr10_moveit) Command: {'cmd': ['/usr/bin/cmake', '/home/huahai/dobot_ws/src/DOBOT_6Axis_ROS2_V3/cr10_moveit', '-DCMAKE_INSTALL_PREFIX=/home/huahai/dobot_ws/install/cr10_moveit'], 'cwd': '/home/huahai/dobot_ws/build/cr10_moveit', 'env': OrderedDict([('LESSOPEN', '| /usr/bin/lesspipe %s'), ('LANGUAGE', 'zh_CN:en_US:en'), ('USER', 'huahai'), ('SSH_CLIENT', '192.168.112.1 11931 22'), ('LC_TIME', 'zh_CN.UTF-8'), ('XDG_SESSION_TYPE', 'tty'), ('SHLVL', '1'), ('LD_LIBRARY_PATH', '/opt/ros/humble/opt/rviz_ogre_vendor/lib:/opt/ros/humble/lib/x86_64-linux-gnu:/opt/ros/humble/lib'), ('MOTD_SHOWN', 'pam'), ('HOME', '/home/huahai'), ('OLDPWD', '/home/huahai/dobot_ws/src'), ('SSH_TTY', '/dev/pts/2'), ('ROS_PYTHON_VERSION', '3'), ('LC_MONETARY', 'zh_CN.UTF-8'), ('DBUS_SESSION_BUS_ADDRESS', 'unix:path=/run/user/1000/bus'), ('ROS_DISTRO', 'humble'), ('LOGNAME', 'huahai'), ('_', '/usr/bin/colcon'), ('ROS_VERSION', '2'), ('XDG_SESSION_CLASS', 'user'), ('TERM', 'xterm-256color'), ('XDG_SESSION_ID', '8'), ('ROS_LOCALHOST_ONLY', '0'), ('PATH', '/opt/ros/humble/bin:/usr/local/sbin:/usr/local/bin:/usr/sbin:/usr/bin:/sbin:/bin:/usr/games:/usr/local/games:/snap/bin'), ('PAPERSIZE', 'a4'), ('LC_ADDRESS', 'zh_CN.UTF-8'), ('XDG_RUNTIME_DIR', '/run/user/1000'), ('LANG', 'zh_CN.UTF-8'), ('LC_TELEPHONE', 'zh_CN.UTF-8'), ('LS_COLORS', 'rs=0:di=01;34:ln=01;36:mh=00:pi=40;33:so=01;35:do=01;35:bd=40;33;01:cd=40;33;01:or=40;31;01:mi=00:su=37;41:sg=30;43:ca=30;41:tw=30;42:ow=34;42:st=37;44:ex=01;32:*.tar=01;31:*.tgz=01;31:*.arc=01;31:*.arj=01;31:*.taz=01;31:*.lha=01;31:*.lz4=01;31:*.lzh=01;31:*.lzma=01;31:*.tlz=01;31:*.txz=01;31:*.tzo=01;31:*.t7z=01;31:*.zip=01;31:*.z=01;31:*.dz=01;31:*.gz=01;31:*.lrz=01;31:*.lz=01;31:*.lzo=01;31:*.xz=01;31:*.zst=01;31:*.tzst=01;31:*.bz2=01;31:*.bz=01;31:*.tbz=01;31:*.tbz2=01;31:*.tz=01;31:*.deb=01;31:*.rpm=01;31:*.jar=01;31:*.war=01;31:*.ear=01;31:*.sar=01;31:*.rar=01;31:*.alz=01;31:*.ace=01;31:*.zoo=01;31:*.cpio=01;31:*.7z=01;31:*.rz=01;31:*.cab=01;31:*.wim=01;31:*.swm=01;31:*.dwm=01;31:*.esd=01;31:*.jpg=01;35:*.jpeg=01;35:*.mjpg=01;35:*.mjpeg=01;35:*.gif=01;35:*.bmp=01;35:*.pbm=01;35:*.pgm=01;35:*.ppm=01;35:*.tga=01;35:*.xbm=01;35:*.xpm=01;35:*.tif=01;35:*.tiff=01;35:*.png=01;35:*.svg=01;35:*.svgz=01;35:*.mng=01;35:*.pcx=01;35:*.mov=01;35:*.mpg=01;35:*.mpeg=01;35:*.m2v=01;35:*.mkv=01;35:*.webm=01;35:*.webp=01;35:*.ogm=01;35:*.mp4=01;35:*.m4v=01;35:*.mp4v=01;35:*.vob=01;35:*.qt=01;35:*.nuv=01;35:*.wmv=01;35:*.asf=01;35:*.rm=01;35:*.rmvb=01;35:*.flc=01;35:*.avi=01;35:*.fli=01;35:*.flv=01;35:*.gl=01;35:*.dl=01;35:*.xcf=01;35:*.xwd=01;35:*.yuv=01;35:*.cgm=01;35:*.emf=01;35:*.ogv=01;35:*.ogx=01;35:*.aac=00;36:*.au=00;36:*.flac=00;36:*.m4a=00;36:*.mid=00;36:*.midi=00;36:*.mka=00;36:*.mp3=00;36:*.mpc=00;36:*.ogg=00;36:*.ra=00;36:*.wav=00;36:*.oga=00;36:*.opus=00;36:*.spx=00;36:*.xspf=00;36:'), ('AMENT_PREFIX_PATH', '/home/huahai/dobot_ws/install/dobot_rviz:/opt/ros/humble'), ('SHELL', '/bin/bash'), ('LC_NAME', 'zh_CN.UTF-8'), ('LESSCLOSE', '/usr/bin/lesspipe %s %s'), ('LC_MEASUREMENT', 'zh_CN.UTF-8'), ('LC_IDENTIFICATION', 'zh_CN.UTF-8'), ('PWD', '/home/huahai/dobot_ws/build/cr10_moveit'), ('SSH_CONNECTION', '192.168.112.1 11931 192.168.124.127 22'), ('XDG_DATA_DIRS', '/usr/share/gnome:/usr/local/share:/usr/share:/var/lib/snapd/desktop'), ('PYTHONPATH', '/opt/ros/humble/lib/python3.10/site-packages:/opt/ros/humble/local/lib/python3.10/dist-packages'), ('LC_NUMERIC', 'zh_CN.UTF-8'), ('LC_PAPER', 'zh_CN.UTF-8'), ('COLCON', '1'), ('CMAKE_PREFIX_PATH', '/home/huahai/dobot_ws/install/dobot_rviz:/opt/ros/humble')]), 'shell': False}
[2.810559] (dobot_msgs_v3) StdoutLine: {'line': b'-- Using all available rosidl_typesupport_c: rosidl_typesupport_fastrtps_c;rosidl_typesupport_introspection_c\n'}
[2.811092] (-) TimerEvent: {}
[2.816632] (cr10_moveit) StdoutLine: {'line': b'-- The C compiler identification is GNU 11.4.0\n'}
[2.856500] (cr10_moveit) StdoutLine: {'line': b'-- The CXX compiler identification is GNU 11.4.0\n'}
[2.861339] (cr10_moveit) StdoutLine: {'line': b'-- Detecting C compiler ABI info\n'}
[2.911186] (-) TimerEvent: {}
[2.917806] (cr10_moveit) StdoutLine: {'line': b'-- Detecting C compiler ABI info - done\n'}
[2.920664] (dobot_msgs_v3) StdoutLine: {'line': b'-- Using all available rosidl_typesupport_cpp: rosidl_typesupport_fastrtps_cpp;rosidl_typesupport_introspection_cpp\n'}
[2.922246] (cr10_moveit) StdoutLine: {'line': b'-- Check for working C compiler: /usr/bin/cc - skipped\n'}
[2.922357] (cr10_moveit) StdoutLine: {'line': b'-- Detecting C compile features\n'}
[2.922394] (cr10_moveit) StdoutLine: {'line': b'-- Detecting C compile features - done\n'}
[2.924075] (cr10_moveit) StdoutLine: {'line': b'-- Detecting CXX compiler ABI info\n'}
[2.938499] (dobot_msgs_v3) StdoutLine: {'line': b'-- Found PythonInterp: /usr/bin/python3 (found suitable version "3.10.12", minimum required is "3.6") \n'}
[2.940532] (dobot_msgs_v3) StdoutLine: {'line': b'-- Found python_cmake_module: 0.10.0 (/opt/ros/humble/share/python_cmake_module/cmake)\n'}
[2.961632] (dobot_msgs_v3) StdoutLine: {'line': b'-- Found PythonLibs: /usr/lib/x86_64-linux-gnu/libpython3.10.so (found suitable version "3.10.12", minimum required is "3.5") \n'}
[2.962013] (dobot_msgs_v3) StdoutLine: {'line': b'-- Using PYTHON_EXECUTABLE: /usr/bin/python3\n'}
[2.962157] (dobot_msgs_v3) StdoutLine: {'line': b'-- Using PYTHON_INCLUDE_DIRS: /usr/include/python3.10\n'}
[2.962232] (dobot_msgs_v3) StdoutLine: {'line': b'-- Using PYTHON_LIBRARIES: /usr/lib/x86_64-linux-gnu/libpython3.10.so\n'}
[2.977917] (dobot_msgs_v3) StdoutLine: {'line': b'-- Found PythonExtra: .so  \n'}
[2.986841] (cr10_moveit) StdoutLine: {'line': b'-- Detecting CXX compiler ABI info - done\n'}
[2.991841] (cr10_moveit) StdoutLine: {'line': b'-- Check for working CXX compiler: /usr/bin/c++ - skipped\n'}
[2.991978] (cr10_moveit) StdoutLine: {'line': b'-- Detecting CXX compile features\n'}
[2.992019] (cr10_moveit) StdoutLine: {'line': b'-- Detecting CXX compile features - done\n'}
[2.992940] (cr10_moveit) StdoutLine: {'line': b'-- Found ament_cmake: 1.3.13 (/opt/ros/humble/share/ament_cmake/cmake)\n'}
[3.011276] (-) TimerEvent: {}
[3.027881] (dobot_msgs_v3) StdoutLine: {'line': b'-- Configuring done\n'}
[3.092053] (cr10_moveit) StdoutLine: {'line': b'-- Found Python3: /usr/bin/python3 (found version "3.10.12") found components: Interpreter \n'}
[3.111742] (-) TimerEvent: {}
[3.134792] (dobot_msgs_v3) StdoutLine: {'line': b'-- Generating done\n'}
[3.151823] (dobot_msgs_v3) StdoutLine: {'line': b'-- Build files have been written to: /home/huahai/dobot_ws/build/dobot_msgs_v3\n'}
[3.161396] (dobot_msgs_v3) CommandEnded: {'returncode': 0}
[3.164851] (dobot_msgs_v3) JobProgress: {'identifier': 'dobot_msgs_v3', 'progress': 'build'}
[3.165028] (dobot_msgs_v3) Command: {'cmd': ['/usr/bin/cmake', '--build', '/home/huahai/dobot_ws/build/dobot_msgs_v3', '--', '-j2', '-l2'], 'cwd': '/home/huahai/dobot_ws/build/dobot_msgs_v3', 'env': OrderedDict([('LESSOPEN', '| /usr/bin/lesspipe %s'), ('LANGUAGE', 'zh_CN:en_US:en'), ('USER', 'huahai'), ('SSH_CLIENT', '192.168.112.1 11931 22'), ('LC_TIME', 'zh_CN.UTF-8'), ('XDG_SESSION_TYPE', 'tty'), ('SHLVL', '1'), ('LD_LIBRARY_PATH', '/opt/ros/humble/opt/rviz_ogre_vendor/lib:/opt/ros/humble/lib/x86_64-linux-gnu:/opt/ros/humble/lib'), ('MOTD_SHOWN', 'pam'), ('HOME', '/home/huahai'), ('OLDPWD', '/home/huahai/dobot_ws/src'), ('SSH_TTY', '/dev/pts/2'), ('ROS_PYTHON_VERSION', '3'), ('LC_MONETARY', 'zh_CN.UTF-8'), ('DBUS_SESSION_BUS_ADDRESS', 'unix:path=/run/user/1000/bus'), ('ROS_DISTRO', 'humble'), ('LOGNAME', 'huahai'), ('_', '/usr/bin/colcon'), ('ROS_VERSION', '2'), ('XDG_SESSION_CLASS', 'user'), ('TERM', 'xterm-256color'), ('XDG_SESSION_ID', '8'), ('ROS_LOCALHOST_ONLY', '0'), ('PATH', '/opt/ros/humble/bin:/usr/local/sbin:/usr/local/bin:/usr/sbin:/usr/bin:/sbin:/bin:/usr/games:/usr/local/games:/snap/bin'), ('PAPERSIZE', 'a4'), ('LC_ADDRESS', 'zh_CN.UTF-8'), ('XDG_RUNTIME_DIR', '/run/user/1000'), ('LANG', 'zh_CN.UTF-8'), ('LC_TELEPHONE', 'zh_CN.UTF-8'), ('LS_COLORS', 'rs=0:di=01;34:ln=01;36:mh=00:pi=40;33:so=01;35:do=01;35:bd=40;33;01:cd=40;33;01:or=40;31;01:mi=00:su=37;41:sg=30;43:ca=30;41:tw=30;42:ow=34;42:st=37;44:ex=01;32:*.tar=01;31:*.tgz=01;31:*.arc=01;31:*.arj=01;31:*.taz=01;31:*.lha=01;31:*.lz4=01;31:*.lzh=01;31:*.lzma=01;31:*.tlz=01;31:*.txz=01;31:*.tzo=01;31:*.t7z=01;31:*.zip=01;31:*.z=01;31:*.dz=01;31:*.gz=01;31:*.lrz=01;31:*.lz=01;31:*.lzo=01;31:*.xz=01;31:*.zst=01;31:*.tzst=01;31:*.bz2=01;31:*.bz=01;31:*.tbz=01;31:*.tbz2=01;31:*.tz=01;31:*.deb=01;31:*.rpm=01;31:*.jar=01;31:*.war=01;31:*.ear=01;31:*.sar=01;31:*.rar=01;31:*.alz=01;31:*.ace=01;31:*.zoo=01;31:*.cpio=01;31:*.7z=01;31:*.rz=01;31:*.cab=01;31:*.wim=01;31:*.swm=01;31:*.dwm=01;31:*.esd=01;31:*.jpg=01;35:*.jpeg=01;35:*.mjpg=01;35:*.mjpeg=01;35:*.gif=01;35:*.bmp=01;35:*.pbm=01;35:*.pgm=01;35:*.ppm=01;35:*.tga=01;35:*.xbm=01;35:*.xpm=01;35:*.tif=01;35:*.tiff=01;35:*.png=01;35:*.svg=01;35:*.svgz=01;35:*.mng=01;35:*.pcx=01;35:*.mov=01;35:*.mpg=01;35:*.mpeg=01;35:*.m2v=01;35:*.mkv=01;35:*.webm=01;35:*.webp=01;35:*.ogm=01;35:*.mp4=01;35:*.m4v=01;35:*.mp4v=01;35:*.vob=01;35:*.qt=01;35:*.nuv=01;35:*.wmv=01;35:*.asf=01;35:*.rm=01;35:*.rmvb=01;35:*.flc=01;35:*.avi=01;35:*.fli=01;35:*.flv=01;35:*.gl=01;35:*.dl=01;35:*.xcf=01;35:*.xwd=01;35:*.yuv=01;35:*.cgm=01;35:*.emf=01;35:*.ogv=01;35:*.ogx=01;35:*.aac=00;36:*.au=00;36:*.flac=00;36:*.m4a=00;36:*.mid=00;36:*.midi=00;36:*.mka=00;36:*.mp3=00;36:*.mpc=00;36:*.ogg=00;36:*.ra=00;36:*.wav=00;36:*.oga=00;36:*.opus=00;36:*.spx=00;36:*.xspf=00;36:'), ('AMENT_PREFIX_PATH', '/opt/ros/humble'), ('SHELL', '/bin/bash'), ('LC_NAME', 'zh_CN.UTF-8'), ('LESSCLOSE', '/usr/bin/lesspipe %s %s'), ('LC_MEASUREMENT', 'zh_CN.UTF-8'), ('LC_IDENTIFICATION', 'zh_CN.UTF-8'), ('PWD', '/home/huahai/dobot_ws/build/dobot_msgs_v3'), ('SSH_CONNECTION', '192.168.112.1 11931 192.168.124.127 22'), ('XDG_DATA_DIRS', '/usr/share/gnome:/usr/local/share:/usr/share:/var/lib/snapd/desktop'), ('PYTHONPATH', '/opt/ros/humble/lib/python3.10/site-packages:/opt/ros/humble/local/lib/python3.10/dist-packages'), ('LC_NUMERIC', 'zh_CN.UTF-8'), ('LC_PAPER', 'zh_CN.UTF-8'), ('COLCON', '1'), ('CMAKE_PREFIX_PATH', '/opt/ros/humble')]), 'shell': False}
[3.190569] (cr10_moveit) StdoutLine: {'line': b'-- Configuring done\n'}
[3.193067] (cr10_moveit) StdoutLine: {'line': b'-- Generating done\n'}
[3.193463] (cr10_moveit) StdoutLine: {'line': b'-- Build files have been written to: /home/huahai/dobot_ws/build/cr10_moveit\n'}
[3.196885] (cr10_moveit) CommandEnded: {'returncode': 0}
[3.199872] (cr10_moveit) JobProgress: {'identifier': 'cr10_moveit', 'progress': 'build'}
[3.199971] (cr10_moveit) Command: {'cmd': ['/usr/bin/cmake', '--build', '/home/huahai/dobot_ws/build/cr10_moveit', '--', '-j2', '-l2'], 'cwd': '/home/huahai/dobot_ws/build/cr10_moveit', 'env': OrderedDict([('LESSOPEN', '| /usr/bin/lesspipe %s'), ('LANGUAGE', 'zh_CN:en_US:en'), ('USER', 'huahai'), ('SSH_CLIENT', '192.168.112.1 11931 22'), ('LC_TIME', 'zh_CN.UTF-8'), ('XDG_SESSION_TYPE', 'tty'), ('SHLVL', '1'), ('LD_LIBRARY_PATH', '/opt/ros/humble/opt/rviz_ogre_vendor/lib:/opt/ros/humble/lib/x86_64-linux-gnu:/opt/ros/humble/lib'), ('MOTD_SHOWN', 'pam'), ('HOME', '/home/huahai'), ('OLDPWD', '/home/huahai/dobot_ws/src'), ('SSH_TTY', '/dev/pts/2'), ('ROS_PYTHON_VERSION', '3'), ('LC_MONETARY', 'zh_CN.UTF-8'), ('DBUS_SESSION_BUS_ADDRESS', 'unix:path=/run/user/1000/bus'), ('ROS_DISTRO', 'humble'), ('LOGNAME', 'huahai'), ('_', '/usr/bin/colcon'), ('ROS_VERSION', '2'), ('XDG_SESSION_CLASS', 'user'), ('TERM', 'xterm-256color'), ('XDG_SESSION_ID', '8'), ('ROS_LOCALHOST_ONLY', '0'), ('PATH', '/opt/ros/humble/bin:/usr/local/sbin:/usr/local/bin:/usr/sbin:/usr/bin:/sbin:/bin:/usr/games:/usr/local/games:/snap/bin'), ('PAPERSIZE', 'a4'), ('LC_ADDRESS', 'zh_CN.UTF-8'), ('XDG_RUNTIME_DIR', '/run/user/1000'), ('LANG', 'zh_CN.UTF-8'), ('LC_TELEPHONE', 'zh_CN.UTF-8'), ('LS_COLORS', 'rs=0:di=01;34:ln=01;36:mh=00:pi=40;33:so=01;35:do=01;35:bd=40;33;01:cd=40;33;01:or=40;31;01:mi=00:su=37;41:sg=30;43:ca=30;41:tw=30;42:ow=34;42:st=37;44:ex=01;32:*.tar=01;31:*.tgz=01;31:*.arc=01;31:*.arj=01;31:*.taz=01;31:*.lha=01;31:*.lz4=01;31:*.lzh=01;31:*.lzma=01;31:*.tlz=01;31:*.txz=01;31:*.tzo=01;31:*.t7z=01;31:*.zip=01;31:*.z=01;31:*.dz=01;31:*.gz=01;31:*.lrz=01;31:*.lz=01;31:*.lzo=01;31:*.xz=01;31:*.zst=01;31:*.tzst=01;31:*.bz2=01;31:*.bz=01;31:*.tbz=01;31:*.tbz2=01;31:*.tz=01;31:*.deb=01;31:*.rpm=01;31:*.jar=01;31:*.war=01;31:*.ear=01;31:*.sar=01;31:*.rar=01;31:*.alz=01;31:*.ace=01;31:*.zoo=01;31:*.cpio=01;31:*.7z=01;31:*.rz=01;31:*.cab=01;31:*.wim=01;31:*.swm=01;31:*.dwm=01;31:*.esd=01;31:*.jpg=01;35:*.jpeg=01;35:*.mjpg=01;35:*.mjpeg=01;35:*.gif=01;35:*.bmp=01;35:*.pbm=01;35:*.pgm=01;35:*.ppm=01;35:*.tga=01;35:*.xbm=01;35:*.xpm=01;35:*.tif=01;35:*.tiff=01;35:*.png=01;35:*.svg=01;35:*.svgz=01;35:*.mng=01;35:*.pcx=01;35:*.mov=01;35:*.mpg=01;35:*.mpeg=01;35:*.m2v=01;35:*.mkv=01;35:*.webm=01;35:*.webp=01;35:*.ogm=01;35:*.mp4=01;35:*.m4v=01;35:*.mp4v=01;35:*.vob=01;35:*.qt=01;35:*.nuv=01;35:*.wmv=01;35:*.asf=01;35:*.rm=01;35:*.rmvb=01;35:*.flc=01;35:*.avi=01;35:*.fli=01;35:*.flv=01;35:*.gl=01;35:*.dl=01;35:*.xcf=01;35:*.xwd=01;35:*.yuv=01;35:*.cgm=01;35:*.emf=01;35:*.ogv=01;35:*.ogx=01;35:*.aac=00;36:*.au=00;36:*.flac=00;36:*.m4a=00;36:*.mid=00;36:*.midi=00;36:*.mka=00;36:*.mp3=00;36:*.mpc=00;36:*.ogg=00;36:*.ra=00;36:*.wav=00;36:*.oga=00;36:*.opus=00;36:*.spx=00;36:*.xspf=00;36:'), ('AMENT_PREFIX_PATH', '/home/huahai/dobot_ws/install/dobot_rviz:/opt/ros/humble'), ('SHELL', '/bin/bash'), ('LC_NAME', 'zh_CN.UTF-8'), ('LESSCLOSE', '/usr/bin/lesspipe %s %s'), ('LC_MEASUREMENT', 'zh_CN.UTF-8'), ('LC_IDENTIFICATION', 'zh_CN.UTF-8'), ('PWD', '/home/huahai/dobot_ws/build/cr10_moveit'), ('SSH_CONNECTION', '192.168.112.1 11931 192.168.124.127 22'), ('XDG_DATA_DIRS', '/usr/share/gnome:/usr/local/share:/usr/share:/var/lib/snapd/desktop'), ('PYTHONPATH', '/opt/ros/humble/lib/python3.10/site-packages:/opt/ros/humble/local/lib/python3.10/dist-packages'), ('LC_NUMERIC', 'zh_CN.UTF-8'), ('LC_PAPER', 'zh_CN.UTF-8'), ('COLCON', '1'), ('CMAKE_PREFIX_PATH', '/home/huahai/dobot_ws/install/dobot_rviz:/opt/ros/humble')]), 'shell': False}
[3.211830] (-) TimerEvent: {}
[3.229291] (cr10_moveit) CommandEnded: {'returncode': 0}
[3.229814] (cr10_moveit) JobProgress: {'identifier': 'cr10_moveit', 'progress': 'install'}
[3.230814] (cr10_moveit) Command: {'cmd': ['/usr/bin/cmake', '--install', '/home/huahai/dobot_ws/build/cr10_moveit'], 'cwd': '/home/huahai/dobot_ws/build/cr10_moveit', 'env': OrderedDict([('LESSOPEN', '| /usr/bin/lesspipe %s'), ('LANGUAGE', 'zh_CN:en_US:en'), ('USER', 'huahai'), ('SSH_CLIENT', '192.168.112.1 11931 22'), ('LC_TIME', 'zh_CN.UTF-8'), ('XDG_SESSION_TYPE', 'tty'), ('SHLVL', '1'), ('LD_LIBRARY_PATH', '/opt/ros/humble/opt/rviz_ogre_vendor/lib:/opt/ros/humble/lib/x86_64-linux-gnu:/opt/ros/humble/lib'), ('MOTD_SHOWN', 'pam'), ('HOME', '/home/huahai'), ('OLDPWD', '/home/huahai/dobot_ws/src'), ('SSH_TTY', '/dev/pts/2'), ('ROS_PYTHON_VERSION', '3'), ('LC_MONETARY', 'zh_CN.UTF-8'), ('DBUS_SESSION_BUS_ADDRESS', 'unix:path=/run/user/1000/bus'), ('ROS_DISTRO', 'humble'), ('LOGNAME', 'huahai'), ('_', '/usr/bin/colcon'), ('ROS_VERSION', '2'), ('XDG_SESSION_CLASS', 'user'), ('TERM', 'xterm-256color'), ('XDG_SESSION_ID', '8'), ('ROS_LOCALHOST_ONLY', '0'), ('PATH', '/opt/ros/humble/bin:/usr/local/sbin:/usr/local/bin:/usr/sbin:/usr/bin:/sbin:/bin:/usr/games:/usr/local/games:/snap/bin'), ('PAPERSIZE', 'a4'), ('LC_ADDRESS', 'zh_CN.UTF-8'), ('XDG_RUNTIME_DIR', '/run/user/1000'), ('LANG', 'zh_CN.UTF-8'), ('LC_TELEPHONE', 'zh_CN.UTF-8'), ('LS_COLORS', 'rs=0:di=01;34:ln=01;36:mh=00:pi=40;33:so=01;35:do=01;35:bd=40;33;01:cd=40;33;01:or=40;31;01:mi=00:su=37;41:sg=30;43:ca=30;41:tw=30;42:ow=34;42:st=37;44:ex=01;32:*.tar=01;31:*.tgz=01;31:*.arc=01;31:*.arj=01;31:*.taz=01;31:*.lha=01;31:*.lz4=01;31:*.lzh=01;31:*.lzma=01;31:*.tlz=01;31:*.txz=01;31:*.tzo=01;31:*.t7z=01;31:*.zip=01;31:*.z=01;31:*.dz=01;31:*.gz=01;31:*.lrz=01;31:*.lz=01;31:*.lzo=01;31:*.xz=01;31:*.zst=01;31:*.tzst=01;31:*.bz2=01;31:*.bz=01;31:*.tbz=01;31:*.tbz2=01;31:*.tz=01;31:*.deb=01;31:*.rpm=01;31:*.jar=01;31:*.war=01;31:*.ear=01;31:*.sar=01;31:*.rar=01;31:*.alz=01;31:*.ace=01;31:*.zoo=01;31:*.cpio=01;31:*.7z=01;31:*.rz=01;31:*.cab=01;31:*.wim=01;31:*.swm=01;31:*.dwm=01;31:*.esd=01;31:*.jpg=01;35:*.jpeg=01;35:*.mjpg=01;35:*.mjpeg=01;35:*.gif=01;35:*.bmp=01;35:*.pbm=01;35:*.pgm=01;35:*.ppm=01;35:*.tga=01;35:*.xbm=01;35:*.xpm=01;35:*.tif=01;35:*.tiff=01;35:*.png=01;35:*.svg=01;35:*.svgz=01;35:*.mng=01;35:*.pcx=01;35:*.mov=01;35:*.mpg=01;35:*.mpeg=01;35:*.m2v=01;35:*.mkv=01;35:*.webm=01;35:*.webp=01;35:*.ogm=01;35:*.mp4=01;35:*.m4v=01;35:*.mp4v=01;35:*.vob=01;35:*.qt=01;35:*.nuv=01;35:*.wmv=01;35:*.asf=01;35:*.rm=01;35:*.rmvb=01;35:*.flc=01;35:*.avi=01;35:*.fli=01;35:*.flv=01;35:*.gl=01;35:*.dl=01;35:*.xcf=01;35:*.xwd=01;35:*.yuv=01;35:*.cgm=01;35:*.emf=01;35:*.ogv=01;35:*.ogx=01;35:*.aac=00;36:*.au=00;36:*.flac=00;36:*.m4a=00;36:*.mid=00;36:*.midi=00;36:*.mka=00;36:*.mp3=00;36:*.mpc=00;36:*.ogg=00;36:*.ra=00;36:*.wav=00;36:*.oga=00;36:*.opus=00;36:*.spx=00;36:*.xspf=00;36:'), ('AMENT_PREFIX_PATH', '/home/huahai/dobot_ws/install/dobot_rviz:/opt/ros/humble'), ('SHELL', '/bin/bash'), ('LC_NAME', 'zh_CN.UTF-8'), ('LESSCLOSE', '/usr/bin/lesspipe %s %s'), ('LC_MEASUREMENT', 'zh_CN.UTF-8'), ('LC_IDENTIFICATION', 'zh_CN.UTF-8'), ('PWD', '/home/huahai/dobot_ws/build/cr10_moveit'), ('SSH_CONNECTION', '192.168.112.1 11931 192.168.124.127 22'), ('XDG_DATA_DIRS', '/usr/share/gnome:/usr/local/share:/usr/share:/var/lib/snapd/desktop'), ('PYTHONPATH', '/opt/ros/humble/lib/python3.10/site-packages:/opt/ros/humble/local/lib/python3.10/dist-packages'), ('LC_NUMERIC', 'zh_CN.UTF-8'), ('LC_PAPER', 'zh_CN.UTF-8'), ('COLCON', '1'), ('CMAKE_PREFIX_PATH', '/home/huahai/dobot_ws/install/dobot_rviz:/opt/ros/humble')]), 'shell': False}
[3.238373] (cr10_moveit) StdoutLine: {'line': b'-- Install configuration: ""\n'}
[3.238507] (cr10_moveit) StdoutLine: {'line': b'-- Installing: /home/huahai/dobot_ws/install/cr10_moveit/share/ament_index/resource_index/package_run_dependencies/cr10_moveit\n'}
[3.238546] (cr10_moveit) StdoutLine: {'line': b'-- Installing: /home/huahai/dobot_ws/install/cr10_moveit/share/ament_index/resource_index/parent_prefix_path/cr10_moveit\n'}
[3.238605] (cr10_moveit) StdoutLine: {'line': b'-- Installing: /home/huahai/dobot_ws/install/cr10_moveit/share/cr10_moveit/environment/ament_prefix_path.sh\n'}
[3.240598] (cr10_moveit) StdoutLine: {'line': b'-- Installing: /home/huahai/dobot_ws/install/cr10_moveit/share/cr10_moveit/environment/ament_prefix_path.dsv\n'}
[3.240704] (cr10_moveit) StdoutLine: {'line': b'-- Installing: /home/huahai/dobot_ws/install/cr10_moveit/share/cr10_moveit/environment/path.sh\n'}
[3.240742] (cr10_moveit) StdoutLine: {'line': b'-- Installing: /home/huahai/dobot_ws/install/cr10_moveit/share/cr10_moveit/environment/path.dsv\n'}
[3.240786] (cr10_moveit) StdoutLine: {'line': b'-- Installing: /home/huahai/dobot_ws/install/cr10_moveit/share/cr10_moveit/local_setup.bash\n'}
[3.240944] (cr10_moveit) StdoutLine: {'line': b'-- Installing: /home/huahai/dobot_ws/install/cr10_moveit/share/cr10_moveit/local_setup.sh\n'}
[3.240985] (cr10_moveit) StdoutLine: {'line': b'-- Installing: /home/huahai/dobot_ws/install/cr10_moveit/share/cr10_moveit/local_setup.zsh\n'}
[3.241018] (cr10_moveit) StdoutLine: {'line': b'-- Installing: /home/huahai/dobot_ws/install/cr10_moveit/share/cr10_moveit/local_setup.dsv\n'}
[3.241050] (cr10_moveit) StdoutLine: {'line': b'-- Installing: /home/huahai/dobot_ws/install/cr10_moveit/share/cr10_moveit/package.dsv\n'}
[3.241083] (cr10_moveit) StdoutLine: {'line': b'-- Installing: /home/huahai/dobot_ws/install/cr10_moveit/share/ament_index/resource_index/packages/cr10_moveit\n'}
[3.241115] (cr10_moveit) StdoutLine: {'line': b'-- Installing: /home/huahai/dobot_ws/install/cr10_moveit/share/cr10_moveit/cmake/cr10_moveitConfig.cmake\n'}
[3.241265] (cr10_moveit) StdoutLine: {'line': b'-- Installing: /home/huahai/dobot_ws/install/cr10_moveit/share/cr10_moveit/cmake/cr10_moveitConfig-version.cmake\n'}
[3.241340] (cr10_moveit) StdoutLine: {'line': b'-- Installing: /home/huahai/dobot_ws/install/cr10_moveit/share/cr10_moveit/package.xml\n'}
[3.241824] (cr10_moveit) StdoutLine: {'line': b'-- Installing: /home/huahai/dobot_ws/install/cr10_moveit/share/cr10_moveit/launch\n'}
[3.241981] (cr10_moveit) StdoutLine: {'line': b'-- Installing: /home/huahai/dobot_ws/install/cr10_moveit/share/cr10_moveit/launch/moveit_rviz.launch.py\n'}
[3.242108] (cr10_moveit) StdoutLine: {'line': b'-- Installing: /home/huahai/dobot_ws/install/cr10_moveit/share/cr10_moveit/launch/dobot_moveit.launch.py\n'}
[3.242227] (cr10_moveit) StdoutLine: {'line': b'-- Installing: /home/huahai/dobot_ws/install/cr10_moveit/share/cr10_moveit/launch/moveit_gazebo.launch.py\n'}
[3.242817] (cr10_moveit) StdoutLine: {'line': b'-- Installing: /home/huahai/dobot_ws/install/cr10_moveit/share/cr10_moveit/launch/demo.launch.py\n'}
[3.243234] (cr10_moveit) StdoutLine: {'line': b'-- Installing: /home/huahai/dobot_ws/install/cr10_moveit/share/cr10_moveit/launch/setup_assistant.launch.py\n'}
[3.243281] (cr10_moveit) StdoutLine: {'line': b'-- Installing: /home/huahai/dobot_ws/install/cr10_moveit/share/cr10_moveit/launch/rsp.launch.py\n'}
[3.243314] (cr10_moveit) StdoutLine: {'line': b'-- Installing: /home/huahai/dobot_ws/install/cr10_moveit/share/cr10_moveit/launch/static_virtual_joint_tfs.launch.py\n'}
[3.243347] (cr10_moveit) StdoutLine: {'line': b'-- Installing: /home/huahai/dobot_ws/install/cr10_moveit/share/cr10_moveit/launch/spawn_controllers.launch.py\n'}
[3.243377] (cr10_moveit) StdoutLine: {'line': b'-- Installing: /home/huahai/dobot_ws/install/cr10_moveit/share/cr10_moveit/launch/move_group.launch.py\n'}
[3.243517] (cr10_moveit) StdoutLine: {'line': b'-- Installing: /home/huahai/dobot_ws/install/cr10_moveit/share/cr10_moveit/launch/warehouse_db.launch.py\n'}
[3.243580] (cr10_moveit) StdoutLine: {'line': b'-- Installing: /home/huahai/dobot_ws/install/cr10_moveit/share/cr10_moveit/config\n'}
[3.243893] (cr10_moveit) StdoutLine: {'line': b'-- Installing: /home/huahai/dobot_ws/install/cr10_moveit/share/cr10_moveit/config/joint_limits.yaml\n'}
[3.244700] (cr10_moveit) StdoutLine: {'line': b'-- Installing: /home/huahai/dobot_ws/install/cr10_moveit/share/cr10_moveit/config/cr10_robot.ros2_control.xacro\n'}
[3.245877] (cr10_moveit) StdoutLine: {'line': b'-- Installing: /home/huahai/dobot_ws/install/cr10_moveit/share/cr10_moveit/config/moveit.rviz\n'}
[3.245942] (cr10_moveit) StdoutLine: {'line': b'-- Installing: /home/huahai/dobot_ws/install/cr10_moveit/share/cr10_moveit/config/cr10_robot.srdf\n'}
[3.245977] (cr10_moveit) StdoutLine: {'line': b'-- Installing: /home/huahai/dobot_ws/install/cr10_moveit/share/cr10_moveit/config/pilz_cartesian_limits.yaml\n'}
[3.246010] (cr10_moveit) StdoutLine: {'line': b'-- Installing: /home/huahai/dobot_ws/install/cr10_moveit/share/cr10_moveit/config/cr10_robot.urdf.xacro\n'}
[3.246047] (cr10_moveit) StdoutLine: {'line': b'-- Installing: /home/huahai/dobot_ws/install/cr10_moveit/share/cr10_moveit/config/moveit_controllers.yaml\n'}
[3.246078] (cr10_moveit) StdoutLine: {'line': b'-- Installing: /home/huahai/dobot_ws/install/cr10_moveit/share/cr10_moveit/config/kinematics.yaml\n'}
[3.246108] (cr10_moveit) StdoutLine: {'line': b'-- Installing: /home/huahai/dobot_ws/install/cr10_moveit/share/cr10_moveit/config/initial_positions.yaml\n'}
[3.246138] (cr10_moveit) StdoutLine: {'line': b'-- Installing: /home/huahai/dobot_ws/install/cr10_moveit/share/cr10_moveit/config/ros2_controllers.yaml\n'}
[3.246168] (cr10_moveit) StdoutLine: {'line': b'-- Installing: /home/huahai/dobot_ws/install/cr10_moveit/share/cr10_moveit/.setup_assistant\n'}
[3.250919] (cr10_moveit) CommandEnded: {'returncode': 0}
[3.255826] (dobot_msgs_v3) StdoutLine: {'line': b'[  0%] \x1b[34m\x1b[1mGenerating C code for ROS interfaces\x1b[0m\n'}
[3.264844] (dobot_msgs_v3) StdoutLine: {'line': b'[  0%] \x1b[34m\x1b[1mGenerating C++ code for ROS interfaces\x1b[0m\n'}
[3.265822] (cr10_moveit) JobEnded: {'identifier': 'cr10_moveit', 'rc': 0}
[3.266525] (cr12_moveit) JobStarted: {'identifier': 'cr12_moveit'}
[3.277277] (cr12_moveit) JobProgress: {'identifier': 'cr12_moveit', 'progress': 'cmake'}
[3.277928] (cr12_moveit) Command: {'cmd': ['/usr/bin/cmake', '/home/huahai/dobot_ws/src/DOBOT_6Axis_ROS2_V3/cr12_moveit', '-DCMAKE_INSTALL_PREFIX=/home/huahai/dobot_ws/install/cr12_moveit'], 'cwd': '/home/huahai/dobot_ws/build/cr12_moveit', 'env': OrderedDict([('LESSOPEN', '| /usr/bin/lesspipe %s'), ('LANGUAGE', 'zh_CN:en_US:en'), ('USER', 'huahai'), ('SSH_CLIENT', '192.168.112.1 11931 22'), ('LC_TIME', 'zh_CN.UTF-8'), ('XDG_SESSION_TYPE', 'tty'), ('SHLVL', '1'), ('LD_LIBRARY_PATH', '/opt/ros/humble/opt/rviz_ogre_vendor/lib:/opt/ros/humble/lib/x86_64-linux-gnu:/opt/ros/humble/lib'), ('MOTD_SHOWN', 'pam'), ('HOME', '/home/huahai'), ('OLDPWD', '/home/huahai/dobot_ws/src'), ('SSH_TTY', '/dev/pts/2'), ('ROS_PYTHON_VERSION', '3'), ('LC_MONETARY', 'zh_CN.UTF-8'), ('DBUS_SESSION_BUS_ADDRESS', 'unix:path=/run/user/1000/bus'), ('ROS_DISTRO', 'humble'), ('LOGNAME', 'huahai'), ('_', '/usr/bin/colcon'), ('ROS_VERSION', '2'), ('XDG_SESSION_CLASS', 'user'), ('TERM', 'xterm-256color'), ('XDG_SESSION_ID', '8'), ('ROS_LOCALHOST_ONLY', '0'), ('PATH', '/opt/ros/humble/bin:/usr/local/sbin:/usr/local/bin:/usr/sbin:/usr/bin:/sbin:/bin:/usr/games:/usr/local/games:/snap/bin'), ('PAPERSIZE', 'a4'), ('LC_ADDRESS', 'zh_CN.UTF-8'), ('XDG_RUNTIME_DIR', '/run/user/1000'), ('LANG', 'zh_CN.UTF-8'), ('LC_TELEPHONE', 'zh_CN.UTF-8'), ('LS_COLORS', 'rs=0:di=01;34:ln=01;36:mh=00:pi=40;33:so=01;35:do=01;35:bd=40;33;01:cd=40;33;01:or=40;31;01:mi=00:su=37;41:sg=30;43:ca=30;41:tw=30;42:ow=34;42:st=37;44:ex=01;32:*.tar=01;31:*.tgz=01;31:*.arc=01;31:*.arj=01;31:*.taz=01;31:*.lha=01;31:*.lz4=01;31:*.lzh=01;31:*.lzma=01;31:*.tlz=01;31:*.txz=01;31:*.tzo=01;31:*.t7z=01;31:*.zip=01;31:*.z=01;31:*.dz=01;31:*.gz=01;31:*.lrz=01;31:*.lz=01;31:*.lzo=01;31:*.xz=01;31:*.zst=01;31:*.tzst=01;31:*.bz2=01;31:*.bz=01;31:*.tbz=01;31:*.tbz2=01;31:*.tz=01;31:*.deb=01;31:*.rpm=01;31:*.jar=01;31:*.war=01;31:*.ear=01;31:*.sar=01;31:*.rar=01;31:*.alz=01;31:*.ace=01;31:*.zoo=01;31:*.cpio=01;31:*.7z=01;31:*.rz=01;31:*.cab=01;31:*.wim=01;31:*.swm=01;31:*.dwm=01;31:*.esd=01;31:*.jpg=01;35:*.jpeg=01;35:*.mjpg=01;35:*.mjpeg=01;35:*.gif=01;35:*.bmp=01;35:*.pbm=01;35:*.pgm=01;35:*.ppm=01;35:*.tga=01;35:*.xbm=01;35:*.xpm=01;35:*.tif=01;35:*.tiff=01;35:*.png=01;35:*.svg=01;35:*.svgz=01;35:*.mng=01;35:*.pcx=01;35:*.mov=01;35:*.mpg=01;35:*.mpeg=01;35:*.m2v=01;35:*.mkv=01;35:*.webm=01;35:*.webp=01;35:*.ogm=01;35:*.mp4=01;35:*.m4v=01;35:*.mp4v=01;35:*.vob=01;35:*.qt=01;35:*.nuv=01;35:*.wmv=01;35:*.asf=01;35:*.rm=01;35:*.rmvb=01;35:*.flc=01;35:*.avi=01;35:*.fli=01;35:*.flv=01;35:*.gl=01;35:*.dl=01;35:*.xcf=01;35:*.xwd=01;35:*.yuv=01;35:*.cgm=01;35:*.emf=01;35:*.ogv=01;35:*.ogx=01;35:*.aac=00;36:*.au=00;36:*.flac=00;36:*.m4a=00;36:*.mid=00;36:*.midi=00;36:*.mka=00;36:*.mp3=00;36:*.mpc=00;36:*.ogg=00;36:*.ra=00;36:*.wav=00;36:*.oga=00;36:*.opus=00;36:*.spx=00;36:*.xspf=00;36:'), ('AMENT_PREFIX_PATH', '/home/huahai/dobot_ws/install/dobot_rviz:/opt/ros/humble'), ('SHELL', '/bin/bash'), ('LC_NAME', 'zh_CN.UTF-8'), ('LESSCLOSE', '/usr/bin/lesspipe %s %s'), ('LC_MEASUREMENT', 'zh_CN.UTF-8'), ('LC_IDENTIFICATION', 'zh_CN.UTF-8'), ('PWD', '/home/huahai/dobot_ws/build/cr12_moveit'), ('SSH_CONNECTION', '192.168.112.1 11931 192.168.124.127 22'), ('XDG_DATA_DIRS', '/usr/share/gnome:/usr/local/share:/usr/share:/var/lib/snapd/desktop'), ('PYTHONPATH', '/opt/ros/humble/lib/python3.10/site-packages:/opt/ros/humble/local/lib/python3.10/dist-packages'), ('LC_NUMERIC', 'zh_CN.UTF-8'), ('LC_PAPER', 'zh_CN.UTF-8'), ('COLCON', '1'), ('CMAKE_PREFIX_PATH', '/home/huahai/dobot_ws/install/dobot_rviz:/opt/ros/humble')]), 'shell': False}
[3.312651] (-) TimerEvent: {}
[3.368885] (cr12_moveit) StdoutLine: {'line': b'-- The C compiler identification is GNU 11.4.0\n'}
[3.414835] (-) TimerEvent: {}
[3.426493] (cr12_moveit) StdoutLine: {'line': b'-- The CXX compiler identification is GNU 11.4.0\n'}
[3.436896] (cr12_moveit) StdoutLine: {'line': b'-- Detecting C compiler ABI info\n'}
[3.514927] (-) TimerEvent: {}
[3.548871] (cr12_moveit) StdoutLine: {'line': b'-- Detecting C compiler ABI info - done\n'}
[3.557285] (cr12_moveit) StdoutLine: {'line': b'-- Check for working C compiler: /usr/bin/cc - skipped\n'}
[3.557430] (cr12_moveit) StdoutLine: {'line': b'-- Detecting C compile features\n'}
[3.557825] (cr12_moveit) StdoutLine: {'line': b'-- Detecting C compile features - done\n'}
[3.561698] (cr12_moveit) StdoutLine: {'line': b'-- Detecting CXX compiler ABI info\n'}
[3.615575] (-) TimerEvent: {}
[3.685805] (cr12_moveit) StdoutLine: {'line': b'-- Detecting CXX compiler ABI info - done\n'}
[3.694858] (cr12_moveit) StdoutLine: {'line': b'-- Check for working CXX compiler: /usr/bin/c++ - skipped\n'}
[3.695031] (cr12_moveit) StdoutLine: {'line': b'-- Detecting CXX compile features\n'}
[3.695309] (cr12_moveit) StdoutLine: {'line': b'-- Detecting CXX compile features - done\n'}
[3.698827] (cr12_moveit) StdoutLine: {'line': b'-- Found ament_cmake: 1.3.13 (/opt/ros/humble/share/ament_cmake/cmake)\n'}
[3.717820] (-) TimerEvent: {}
[3.818396] (-) TimerEvent: {}
[3.908845] (cr12_moveit) StdoutLine: {'line': b'-- Found Python3: /usr/bin/python3 (found version "3.10.12") found components: Interpreter \n'}
[3.918516] (-) TimerEvent: {}
[4.019196] (-) TimerEvent: {}
[4.082834] (cr12_moveit) StdoutLine: {'line': b'-- Configuring done\n'}
[4.086474] (cr12_moveit) StdoutLine: {'line': b'-- Generating done\n'}
[4.089851] (cr12_moveit) StdoutLine: {'line': b'-- Build files have been written to: /home/huahai/dobot_ws/build/cr12_moveit\n'}
[4.095425] (cr12_moveit) CommandEnded: {'returncode': 0}
[4.095799] (cr12_moveit) JobProgress: {'identifier': 'cr12_moveit', 'progress': 'build'}
[4.095953] (cr12_moveit) Command: {'cmd': ['/usr/bin/cmake', '--build', '/home/huahai/dobot_ws/build/cr12_moveit', '--', '-j2', '-l2'], 'cwd': '/home/huahai/dobot_ws/build/cr12_moveit', 'env': OrderedDict([('LESSOPEN', '| /usr/bin/lesspipe %s'), ('LANGUAGE', 'zh_CN:en_US:en'), ('USER', 'huahai'), ('SSH_CLIENT', '192.168.112.1 11931 22'), ('LC_TIME', 'zh_CN.UTF-8'), ('XDG_SESSION_TYPE', 'tty'), ('SHLVL', '1'), ('LD_LIBRARY_PATH', '/opt/ros/humble/opt/rviz_ogre_vendor/lib:/opt/ros/humble/lib/x86_64-linux-gnu:/opt/ros/humble/lib'), ('MOTD_SHOWN', 'pam'), ('HOME', '/home/huahai'), ('OLDPWD', '/home/huahai/dobot_ws/src'), ('SSH_TTY', '/dev/pts/2'), ('ROS_PYTHON_VERSION', '3'), ('LC_MONETARY', 'zh_CN.UTF-8'), ('DBUS_SESSION_BUS_ADDRESS', 'unix:path=/run/user/1000/bus'), ('ROS_DISTRO', 'humble'), ('LOGNAME', 'huahai'), ('_', '/usr/bin/colcon'), ('ROS_VERSION', '2'), ('XDG_SESSION_CLASS', 'user'), ('TERM', 'xterm-256color'), ('XDG_SESSION_ID', '8'), ('ROS_LOCALHOST_ONLY', '0'), ('PATH', '/opt/ros/humble/bin:/usr/local/sbin:/usr/local/bin:/usr/sbin:/usr/bin:/sbin:/bin:/usr/games:/usr/local/games:/snap/bin'), ('PAPERSIZE', 'a4'), ('LC_ADDRESS', 'zh_CN.UTF-8'), ('XDG_RUNTIME_DIR', '/run/user/1000'), ('LANG', 'zh_CN.UTF-8'), ('LC_TELEPHONE', 'zh_CN.UTF-8'), ('LS_COLORS', 'rs=0:di=01;34:ln=01;36:mh=00:pi=40;33:so=01;35:do=01;35:bd=40;33;01:cd=40;33;01:or=40;31;01:mi=00:su=37;41:sg=30;43:ca=30;41:tw=30;42:ow=34;42:st=37;44:ex=01;32:*.tar=01;31:*.tgz=01;31:*.arc=01;31:*.arj=01;31:*.taz=01;31:*.lha=01;31:*.lz4=01;31:*.lzh=01;31:*.lzma=01;31:*.tlz=01;31:*.txz=01;31:*.tzo=01;31:*.t7z=01;31:*.zip=01;31:*.z=01;31:*.dz=01;31:*.gz=01;31:*.lrz=01;31:*.lz=01;31:*.lzo=01;31:*.xz=01;31:*.zst=01;31:*.tzst=01;31:*.bz2=01;31:*.bz=01;31:*.tbz=01;31:*.tbz2=01;31:*.tz=01;31:*.deb=01;31:*.rpm=01;31:*.jar=01;31:*.war=01;31:*.ear=01;31:*.sar=01;31:*.rar=01;31:*.alz=01;31:*.ace=01;31:*.zoo=01;31:*.cpio=01;31:*.7z=01;31:*.rz=01;31:*.cab=01;31:*.wim=01;31:*.swm=01;31:*.dwm=01;31:*.esd=01;31:*.jpg=01;35:*.jpeg=01;35:*.mjpg=01;35:*.mjpeg=01;35:*.gif=01;35:*.bmp=01;35:*.pbm=01;35:*.pgm=01;35:*.ppm=01;35:*.tga=01;35:*.xbm=01;35:*.xpm=01;35:*.tif=01;35:*.tiff=01;35:*.png=01;35:*.svg=01;35:*.svgz=01;35:*.mng=01;35:*.pcx=01;35:*.mov=01;35:*.mpg=01;35:*.mpeg=01;35:*.m2v=01;35:*.mkv=01;35:*.webm=01;35:*.webp=01;35:*.ogm=01;35:*.mp4=01;35:*.m4v=01;35:*.mp4v=01;35:*.vob=01;35:*.qt=01;35:*.nuv=01;35:*.wmv=01;35:*.asf=01;35:*.rm=01;35:*.rmvb=01;35:*.flc=01;35:*.avi=01;35:*.fli=01;35:*.flv=01;35:*.gl=01;35:*.dl=01;35:*.xcf=01;35:*.xwd=01;35:*.yuv=01;35:*.cgm=01;35:*.emf=01;35:*.ogv=01;35:*.ogx=01;35:*.aac=00;36:*.au=00;36:*.flac=00;36:*.m4a=00;36:*.mid=00;36:*.midi=00;36:*.mka=00;36:*.mp3=00;36:*.mpc=00;36:*.ogg=00;36:*.ra=00;36:*.wav=00;36:*.oga=00;36:*.opus=00;36:*.spx=00;36:*.xspf=00;36:'), ('AMENT_PREFIX_PATH', '/home/huahai/dobot_ws/install/dobot_rviz:/opt/ros/humble'), ('SHELL', '/bin/bash'), ('LC_NAME', 'zh_CN.UTF-8'), ('LESSCLOSE', '/usr/bin/lesspipe %s %s'), ('LC_MEASUREMENT', 'zh_CN.UTF-8'), ('LC_IDENTIFICATION', 'zh_CN.UTF-8'), ('PWD', '/home/huahai/dobot_ws/build/cr12_moveit'), ('SSH_CONNECTION', '192.168.112.1 11931 192.168.124.127 22'), ('XDG_DATA_DIRS', '/usr/share/gnome:/usr/local/share:/usr/share:/var/lib/snapd/desktop'), ('PYTHONPATH', '/opt/ros/humble/lib/python3.10/site-packages:/opt/ros/humble/local/lib/python3.10/dist-packages'), ('LC_NUMERIC', 'zh_CN.UTF-8'), ('LC_PAPER', 'zh_CN.UTF-8'), ('COLCON', '1'), ('CMAKE_PREFIX_PATH', '/home/huahai/dobot_ws/install/dobot_rviz:/opt/ros/humble')]), 'shell': False}
[4.119289] (-) TimerEvent: {}
[4.161031] (cr12_moveit) CommandEnded: {'returncode': 0}
[4.165051] (cr12_moveit) JobProgress: {'identifier': 'cr12_moveit', 'progress': 'install'}
[4.165071] (cr12_moveit) Command: {'cmd': ['/usr/bin/cmake', '--install', '/home/huahai/dobot_ws/build/cr12_moveit'], 'cwd': '/home/huahai/dobot_ws/build/cr12_moveit', 'env': OrderedDict([('LESSOPEN', '| /usr/bin/lesspipe %s'), ('LANGUAGE', 'zh_CN:en_US:en'), ('USER', 'huahai'), ('SSH_CLIENT', '192.168.112.1 11931 22'), ('LC_TIME', 'zh_CN.UTF-8'), ('XDG_SESSION_TYPE', 'tty'), ('SHLVL', '1'), ('LD_LIBRARY_PATH', '/opt/ros/humble/opt/rviz_ogre_vendor/lib:/opt/ros/humble/lib/x86_64-linux-gnu:/opt/ros/humble/lib'), ('MOTD_SHOWN', 'pam'), ('HOME', '/home/huahai'), ('OLDPWD', '/home/huahai/dobot_ws/src'), ('SSH_TTY', '/dev/pts/2'), ('ROS_PYTHON_VERSION', '3'), ('LC_MONETARY', 'zh_CN.UTF-8'), ('DBUS_SESSION_BUS_ADDRESS', 'unix:path=/run/user/1000/bus'), ('ROS_DISTRO', 'humble'), ('LOGNAME', 'huahai'), ('_', '/usr/bin/colcon'), ('ROS_VERSION', '2'), ('XDG_SESSION_CLASS', 'user'), ('TERM', 'xterm-256color'), ('XDG_SESSION_ID', '8'), ('ROS_LOCALHOST_ONLY', '0'), ('PATH', '/opt/ros/humble/bin:/usr/local/sbin:/usr/local/bin:/usr/sbin:/usr/bin:/sbin:/bin:/usr/games:/usr/local/games:/snap/bin'), ('PAPERSIZE', 'a4'), ('LC_ADDRESS', 'zh_CN.UTF-8'), ('XDG_RUNTIME_DIR', '/run/user/1000'), ('LANG', 'zh_CN.UTF-8'), ('LC_TELEPHONE', 'zh_CN.UTF-8'), ('LS_COLORS', 'rs=0:di=01;34:ln=01;36:mh=00:pi=40;33:so=01;35:do=01;35:bd=40;33;01:cd=40;33;01:or=40;31;01:mi=00:su=37;41:sg=30;43:ca=30;41:tw=30;42:ow=34;42:st=37;44:ex=01;32:*.tar=01;31:*.tgz=01;31:*.arc=01;31:*.arj=01;31:*.taz=01;31:*.lha=01;31:*.lz4=01;31:*.lzh=01;31:*.lzma=01;31:*.tlz=01;31:*.txz=01;31:*.tzo=01;31:*.t7z=01;31:*.zip=01;31:*.z=01;31:*.dz=01;31:*.gz=01;31:*.lrz=01;31:*.lz=01;31:*.lzo=01;31:*.xz=01;31:*.zst=01;31:*.tzst=01;31:*.bz2=01;31:*.bz=01;31:*.tbz=01;31:*.tbz2=01;31:*.tz=01;31:*.deb=01;31:*.rpm=01;31:*.jar=01;31:*.war=01;31:*.ear=01;31:*.sar=01;31:*.rar=01;31:*.alz=01;31:*.ace=01;31:*.zoo=01;31:*.cpio=01;31:*.7z=01;31:*.rz=01;31:*.cab=01;31:*.wim=01;31:*.swm=01;31:*.dwm=01;31:*.esd=01;31:*.jpg=01;35:*.jpeg=01;35:*.mjpg=01;35:*.mjpeg=01;35:*.gif=01;35:*.bmp=01;35:*.pbm=01;35:*.pgm=01;35:*.ppm=01;35:*.tga=01;35:*.xbm=01;35:*.xpm=01;35:*.tif=01;35:*.tiff=01;35:*.png=01;35:*.svg=01;35:*.svgz=01;35:*.mng=01;35:*.pcx=01;35:*.mov=01;35:*.mpg=01;35:*.mpeg=01;35:*.m2v=01;35:*.mkv=01;35:*.webm=01;35:*.webp=01;35:*.ogm=01;35:*.mp4=01;35:*.m4v=01;35:*.mp4v=01;35:*.vob=01;35:*.qt=01;35:*.nuv=01;35:*.wmv=01;35:*.asf=01;35:*.rm=01;35:*.rmvb=01;35:*.flc=01;35:*.avi=01;35:*.fli=01;35:*.flv=01;35:*.gl=01;35:*.dl=01;35:*.xcf=01;35:*.xwd=01;35:*.yuv=01;35:*.cgm=01;35:*.emf=01;35:*.ogv=01;35:*.ogx=01;35:*.aac=00;36:*.au=00;36:*.flac=00;36:*.m4a=00;36:*.mid=00;36:*.midi=00;36:*.mka=00;36:*.mp3=00;36:*.mpc=00;36:*.ogg=00;36:*.ra=00;36:*.wav=00;36:*.oga=00;36:*.opus=00;36:*.spx=00;36:*.xspf=00;36:'), ('AMENT_PREFIX_PATH', '/home/huahai/dobot_ws/install/dobot_rviz:/opt/ros/humble'), ('SHELL', '/bin/bash'), ('LC_NAME', 'zh_CN.UTF-8'), ('LESSCLOSE', '/usr/bin/lesspipe %s %s'), ('LC_MEASUREMENT', 'zh_CN.UTF-8'), ('LC_IDENTIFICATION', 'zh_CN.UTF-8'), ('PWD', '/home/huahai/dobot_ws/build/cr12_moveit'), ('SSH_CONNECTION', '192.168.112.1 11931 192.168.124.127 22'), ('XDG_DATA_DIRS', '/usr/share/gnome:/usr/local/share:/usr/share:/var/lib/snapd/desktop'), ('PYTHONPATH', '/opt/ros/humble/lib/python3.10/site-packages:/opt/ros/humble/local/lib/python3.10/dist-packages'), ('LC_NUMERIC', 'zh_CN.UTF-8'), ('LC_PAPER', 'zh_CN.UTF-8'), ('COLCON', '1'), ('CMAKE_PREFIX_PATH', '/home/huahai/dobot_ws/install/dobot_rviz:/opt/ros/humble')]), 'shell': False}
[4.175848] (cr12_moveit) StdoutLine: {'line': b'-- Install configuration: ""\n'}
[4.175964] (cr12_moveit) StdoutLine: {'line': b'-- Installing: /home/huahai/dobot_ws/install/cr12_moveit/share/ament_index/resource_index/package_run_dependencies/cr12_moveit\n'}
[4.176004] (cr12_moveit) StdoutLine: {'line': b'-- Installing: /home/huahai/dobot_ws/install/cr12_moveit/share/ament_index/resource_index/parent_prefix_path/cr12_moveit\n'}
[4.176037] (cr12_moveit) StdoutLine: {'line': b'-- Installing: /home/huahai/dobot_ws/install/cr12_moveit/share/cr12_moveit/environment/ament_prefix_path.sh\n'}
[4.176069] (cr12_moveit) StdoutLine: {'line': b'-- Installing: /home/huahai/dobot_ws/install/cr12_moveit/share/cr12_moveit/environment/ament_prefix_path.dsv\n'}
[4.176100] (cr12_moveit) StdoutLine: {'line': b'-- Installing: /home/huahai/dobot_ws/install/cr12_moveit/share/cr12_moveit/environment/path.sh\n'}
[4.176131] (cr12_moveit) StdoutLine: {'line': b'-- Installing: /home/huahai/dobot_ws/install/cr12_moveit/share/cr12_moveit/environment/path.dsv\n'}
[4.176171] (cr12_moveit) StdoutLine: {'line': b'-- Installing: /home/huahai/dobot_ws/install/cr12_moveit/share/cr12_moveit/local_setup.bash\n'}
[4.176200] (cr12_moveit) StdoutLine: {'line': b'-- Installing: /home/huahai/dobot_ws/install/cr12_moveit/share/cr12_moveit/local_setup.sh\n'}
[4.176228] (cr12_moveit) StdoutLine: {'line': b'-- Installing: /home/huahai/dobot_ws/install/cr12_moveit/share/cr12_moveit/local_setup.zsh\n'}
[4.176257] (cr12_moveit) StdoutLine: {'line': b'-- Installing: /home/huahai/dobot_ws/install/cr12_moveit/share/cr12_moveit/local_setup.dsv\n'}
[4.177829] (cr12_moveit) StdoutLine: {'line': b'-- Installing: /home/huahai/dobot_ws/install/cr12_moveit/share/cr12_moveit/package.dsv\n'}
[4.177955] (cr12_moveit) StdoutLine: {'line': b'-- Installing: /home/huahai/dobot_ws/install/cr12_moveit/share/ament_index/resource_index/packages/cr12_moveit\n'}
[4.178043] (cr12_moveit) StdoutLine: {'line': b'-- Installing: /home/huahai/dobot_ws/install/cr12_moveit/share/cr12_moveit/cmake/cr12_moveitConfig.cmake\n'}
[4.178099] (cr12_moveit) StdoutLine: {'line': b'-- Installing: /home/huahai/dobot_ws/install/cr12_moveit/share/cr12_moveit/cmake/cr12_moveitConfig-version.cmake\n'}
[4.178171] (cr12_moveit) StdoutLine: {'line': b'-- Installing: /home/huahai/dobot_ws/install/cr12_moveit/share/cr12_moveit/package.xml\n'}
[4.178242] (cr12_moveit) StdoutLine: {'line': b'-- Installing: /home/huahai/dobot_ws/install/cr12_moveit/share/cr12_moveit/launch\n'}
[4.178291] (cr12_moveit) StdoutLine: {'line': b'-- Installing: /home/huahai/dobot_ws/install/cr12_moveit/share/cr12_moveit/launch/moveit_rviz.launch.py\n'}
[4.178333] (cr12_moveit) StdoutLine: {'line': b'-- Installing: /home/huahai/dobot_ws/install/cr12_moveit/share/cr12_moveit/launch/dobot_moveit.launch.py\n'}
[4.178814] (cr12_moveit) StdoutLine: {'line': b'-- Installing: /home/huahai/dobot_ws/install/cr12_moveit/share/cr12_moveit/launch/moveit_gazebo.launch.py\n'}
[4.178884] (cr12_moveit) StdoutLine: {'line': b'-- Installing: /home/huahai/dobot_ws/install/cr12_moveit/share/cr12_moveit/launch/demo.launch.py\n'}
[4.178920] (cr12_moveit) StdoutLine: {'line': b'-- Installing: /home/huahai/dobot_ws/install/cr12_moveit/share/cr12_moveit/launch/setup_assistant.launch.py\n'}
[4.178953] (cr12_moveit) StdoutLine: {'line': b'-- Installing: /home/huahai/dobot_ws/install/cr12_moveit/share/cr12_moveit/launch/rsp.launch.py\n'}
[4.178984] (cr12_moveit) StdoutLine: {'line': b'-- Installing: /home/huahai/dobot_ws/install/cr12_moveit/share/cr12_moveit/launch/static_virtual_joint_tfs.launch.py\n'}
[4.179016] (cr12_moveit) StdoutLine: {'line': b'-- Installing: /home/huahai/dobot_ws/install/cr12_moveit/share/cr12_moveit/launch/spawn_controllers.launch.py\n'}
[4.179048] (cr12_moveit) StdoutLine: {'line': b'-- Installing: /home/huahai/dobot_ws/install/cr12_moveit/share/cr12_moveit/launch/move_group.launch.py\n'}
[4.179078] (cr12_moveit) StdoutLine: {'line': b'-- Installing: /home/huahai/dobot_ws/install/cr12_moveit/share/cr12_moveit/launch/warehouse_db.launch.py\n'}
[4.179129] (cr12_moveit) StdoutLine: {'line': b'-- Installing: /home/huahai/dobot_ws/install/cr12_moveit/share/cr12_moveit/config\n'}
[4.179180] (cr12_moveit) StdoutLine: {'line': b'-- Installing: /home/huahai/dobot_ws/install/cr12_moveit/share/cr12_moveit/config/joint_limits.yaml\n'}
[4.179210] (cr12_moveit) StdoutLine: {'line': b'-- Installing: /home/huahai/dobot_ws/install/cr12_moveit/share/cr12_moveit/config/moveit.rviz\n'}
[4.179255] (cr12_moveit) StdoutLine: {'line': b'-- Installing: /home/huahai/dobot_ws/install/cr12_moveit/share/cr12_moveit/config/pilz_cartesian_limits.yaml\n'}
[4.180231] (cr12_moveit) StdoutLine: {'line': b'-- Installing: /home/huahai/dobot_ws/install/cr12_moveit/share/cr12_moveit/config/moveit_controllers.yaml\n'}
[4.180273] (cr12_moveit) StdoutLine: {'line': b'-- Installing: /home/huahai/dobot_ws/install/cr12_moveit/share/cr12_moveit/config/kinematics.yaml\n'}
[4.180304] (cr12_moveit) StdoutLine: {'line': b'-- Installing: /home/huahai/dobot_ws/install/cr12_moveit/share/cr12_moveit/config/cr12_robot.srdf\n'}
[4.180342] (cr12_moveit) StdoutLine: {'line': b'-- Installing: /home/huahai/dobot_ws/install/cr12_moveit/share/cr12_moveit/config/initial_positions.yaml\n'}
[4.180497] (cr12_moveit) StdoutLine: {'line': b'-- Installing: /home/huahai/dobot_ws/install/cr12_moveit/share/cr12_moveit/config/cr12_robot.ros2_control.xacro\n'}
[4.180563] (cr12_moveit) StdoutLine: {'line': b'-- Installing: /home/huahai/dobot_ws/install/cr12_moveit/share/cr12_moveit/config/cr12_robot.urdf.xacro\n'}
[4.180610] (cr12_moveit) StdoutLine: {'line': b'-- Installing: /home/huahai/dobot_ws/install/cr12_moveit/share/cr12_moveit/config/ros2_controllers.yaml\n'}
[4.180651] (cr12_moveit) StdoutLine: {'line': b'-- Installing: /home/huahai/dobot_ws/install/cr12_moveit/share/cr12_moveit/.setup_assistant\n'}
[4.181942] (cr12_moveit) CommandEnded: {'returncode': 0}
[4.194786] (cr12_moveit) JobEnded: {'identifier': 'cr12_moveit', 'rc': 0}
[4.195450] (cr16_moveit) JobStarted: {'identifier': 'cr16_moveit'}
[4.210925] (cr16_moveit) JobProgress: {'identifier': 'cr16_moveit', 'progress': 'cmake'}
[4.211181] (cr16_moveit) Command: {'cmd': ['/usr/bin/cmake', '/home/huahai/dobot_ws/src/DOBOT_6Axis_ROS2_V3/cr16_moveit', '-DCMAKE_INSTALL_PREFIX=/home/huahai/dobot_ws/install/cr16_moveit'], 'cwd': '/home/huahai/dobot_ws/build/cr16_moveit', 'env': OrderedDict([('LESSOPEN', '| /usr/bin/lesspipe %s'), ('LANGUAGE', 'zh_CN:en_US:en'), ('USER', 'huahai'), ('SSH_CLIENT', '192.168.112.1 11931 22'), ('LC_TIME', 'zh_CN.UTF-8'), ('XDG_SESSION_TYPE', 'tty'), ('SHLVL', '1'), ('LD_LIBRARY_PATH', '/opt/ros/humble/opt/rviz_ogre_vendor/lib:/opt/ros/humble/lib/x86_64-linux-gnu:/opt/ros/humble/lib'), ('MOTD_SHOWN', 'pam'), ('HOME', '/home/huahai'), ('OLDPWD', '/home/huahai/dobot_ws/src'), ('SSH_TTY', '/dev/pts/2'), ('ROS_PYTHON_VERSION', '3'), ('LC_MONETARY', 'zh_CN.UTF-8'), ('DBUS_SESSION_BUS_ADDRESS', 'unix:path=/run/user/1000/bus'), ('ROS_DISTRO', 'humble'), ('LOGNAME', 'huahai'), ('_', '/usr/bin/colcon'), ('ROS_VERSION', '2'), ('XDG_SESSION_CLASS', 'user'), ('TERM', 'xterm-256color'), ('XDG_SESSION_ID', '8'), ('ROS_LOCALHOST_ONLY', '0'), ('PATH', '/opt/ros/humble/bin:/usr/local/sbin:/usr/local/bin:/usr/sbin:/usr/bin:/sbin:/bin:/usr/games:/usr/local/games:/snap/bin'), ('PAPERSIZE', 'a4'), ('LC_ADDRESS', 'zh_CN.UTF-8'), ('XDG_RUNTIME_DIR', '/run/user/1000'), ('LANG', 'zh_CN.UTF-8'), ('LC_TELEPHONE', 'zh_CN.UTF-8'), ('LS_COLORS', 'rs=0:di=01;34:ln=01;36:mh=00:pi=40;33:so=01;35:do=01;35:bd=40;33;01:cd=40;33;01:or=40;31;01:mi=00:su=37;41:sg=30;43:ca=30;41:tw=30;42:ow=34;42:st=37;44:ex=01;32:*.tar=01;31:*.tgz=01;31:*.arc=01;31:*.arj=01;31:*.taz=01;31:*.lha=01;31:*.lz4=01;31:*.lzh=01;31:*.lzma=01;31:*.tlz=01;31:*.txz=01;31:*.tzo=01;31:*.t7z=01;31:*.zip=01;31:*.z=01;31:*.dz=01;31:*.gz=01;31:*.lrz=01;31:*.lz=01;31:*.lzo=01;31:*.xz=01;31:*.zst=01;31:*.tzst=01;31:*.bz2=01;31:*.bz=01;31:*.tbz=01;31:*.tbz2=01;31:*.tz=01;31:*.deb=01;31:*.rpm=01;31:*.jar=01;31:*.war=01;31:*.ear=01;31:*.sar=01;31:*.rar=01;31:*.alz=01;31:*.ace=01;31:*.zoo=01;31:*.cpio=01;31:*.7z=01;31:*.rz=01;31:*.cab=01;31:*.wim=01;31:*.swm=01;31:*.dwm=01;31:*.esd=01;31:*.jpg=01;35:*.jpeg=01;35:*.mjpg=01;35:*.mjpeg=01;35:*.gif=01;35:*.bmp=01;35:*.pbm=01;35:*.pgm=01;35:*.ppm=01;35:*.tga=01;35:*.xbm=01;35:*.xpm=01;35:*.tif=01;35:*.tiff=01;35:*.png=01;35:*.svg=01;35:*.svgz=01;35:*.mng=01;35:*.pcx=01;35:*.mov=01;35:*.mpg=01;35:*.mpeg=01;35:*.m2v=01;35:*.mkv=01;35:*.webm=01;35:*.webp=01;35:*.ogm=01;35:*.mp4=01;35:*.m4v=01;35:*.mp4v=01;35:*.vob=01;35:*.qt=01;35:*.nuv=01;35:*.wmv=01;35:*.asf=01;35:*.rm=01;35:*.rmvb=01;35:*.flc=01;35:*.avi=01;35:*.fli=01;35:*.flv=01;35:*.gl=01;35:*.dl=01;35:*.xcf=01;35:*.xwd=01;35:*.yuv=01;35:*.cgm=01;35:*.emf=01;35:*.ogv=01;35:*.ogx=01;35:*.aac=00;36:*.au=00;36:*.flac=00;36:*.m4a=00;36:*.mid=00;36:*.midi=00;36:*.mka=00;36:*.mp3=00;36:*.mpc=00;36:*.ogg=00;36:*.ra=00;36:*.wav=00;36:*.oga=00;36:*.opus=00;36:*.spx=00;36:*.xspf=00;36:'), ('AMENT_PREFIX_PATH', '/home/huahai/dobot_ws/install/dobot_rviz:/opt/ros/humble'), ('SHELL', '/bin/bash'), ('LC_NAME', 'zh_CN.UTF-8'), ('LESSCLOSE', '/usr/bin/lesspipe %s %s'), ('LC_MEASUREMENT', 'zh_CN.UTF-8'), ('LC_IDENTIFICATION', 'zh_CN.UTF-8'), ('PWD', '/home/huahai/dobot_ws/build/cr16_moveit'), ('SSH_CONNECTION', '192.168.112.1 11931 192.168.124.127 22'), ('XDG_DATA_DIRS', '/usr/share/gnome:/usr/local/share:/usr/share:/var/lib/snapd/desktop'), ('PYTHONPATH', '/opt/ros/humble/lib/python3.10/site-packages:/opt/ros/humble/local/lib/python3.10/dist-packages'), ('LC_NUMERIC', 'zh_CN.UTF-8'), ('LC_PAPER', 'zh_CN.UTF-8'), ('COLCON', '1'), ('CMAKE_PREFIX_PATH', '/home/huahai/dobot_ws/install/dobot_rviz:/opt/ros/humble')]), 'shell': False}
[4.219376] (-) TimerEvent: {}
[4.293872] (cr16_moveit) StdoutLine: {'line': b'-- The C compiler identification is GNU 11.4.0\n'}
[4.319480] (-) TimerEvent: {}
[4.382266] (cr16_moveit) StdoutLine: {'line': b'-- The CXX compiler identification is GNU 11.4.0\n'}
[4.395982] (cr16_moveit) StdoutLine: {'line': b'-- Detecting C compiler ABI info\n'}
[4.419581] (-) TimerEvent: {}
[4.503870] (cr16_moveit) StdoutLine: {'line': b'-- Detecting C compiler ABI info - done\n'}
[4.511875] (cr16_moveit) StdoutLine: {'line': b'-- Check for working C compiler: /usr/bin/cc - skipped\n'}
[4.512025] (cr16_moveit) StdoutLine: {'line': b'-- Detecting C compile features\n'}
[4.512835] (cr16_moveit) StdoutLine: {'line': b'-- Detecting C compile features - done\n'}
[4.518493] (cr16_moveit) StdoutLine: {'line': b'-- Detecting CXX compiler ABI info\n'}
[4.519659] (-) TimerEvent: {}
[4.620202] (-) TimerEvent: {}
[4.646562] (cr16_moveit) StdoutLine: {'line': b'-- Detecting CXX compiler ABI info - done\n'}
[4.656878] (cr16_moveit) StdoutLine: {'line': b'-- Check for working CXX compiler: /usr/bin/c++ - skipped\n'}
[4.657876] (cr16_moveit) StdoutLine: {'line': b'-- Detecting CXX compile features\n'}
[4.657971] (cr16_moveit) StdoutLine: {'line': b'-- Detecting CXX compile features - done\n'}
[4.660807] (cr16_moveit) StdoutLine: {'line': b'-- Found ament_cmake: 1.3.13 (/opt/ros/humble/share/ament_cmake/cmake)\n'}
[4.721821] (-) TimerEvent: {}
[4.805515] (cr16_moveit) StdoutLine: {'line': b'-- Found Python3: /usr/bin/python3 (found version "3.10.12") found components: Interpreter \n'}
[4.821925] (-) TimerEvent: {}
[4.922173] (-) TimerEvent: {}
[5.010877] (cr16_moveit) StdoutLine: {'line': b'-- Configuring done\n'}
[5.014063] (cr16_moveit) StdoutLine: {'line': b'-- Generating done\n'}
[5.016294] (cr16_moveit) StdoutLine: {'line': b'-- Build files have been written to: /home/huahai/dobot_ws/build/cr16_moveit\n'}
[5.021632] (cr16_moveit) CommandEnded: {'returncode': 0}
[5.022035] (cr16_moveit) JobProgress: {'identifier': 'cr16_moveit', 'progress': 'build'}
[5.022191] (cr16_moveit) Command: {'cmd': ['/usr/bin/cmake', '--build', '/home/huahai/dobot_ws/build/cr16_moveit', '--', '-j2', '-l2'], 'cwd': '/home/huahai/dobot_ws/build/cr16_moveit', 'env': OrderedDict([('LESSOPEN', '| /usr/bin/lesspipe %s'), ('LANGUAGE', 'zh_CN:en_US:en'), ('USER', 'huahai'), ('SSH_CLIENT', '192.168.112.1 11931 22'), ('LC_TIME', 'zh_CN.UTF-8'), ('XDG_SESSION_TYPE', 'tty'), ('SHLVL', '1'), ('LD_LIBRARY_PATH', '/opt/ros/humble/opt/rviz_ogre_vendor/lib:/opt/ros/humble/lib/x86_64-linux-gnu:/opt/ros/humble/lib'), ('MOTD_SHOWN', 'pam'), ('HOME', '/home/huahai'), ('OLDPWD', '/home/huahai/dobot_ws/src'), ('SSH_TTY', '/dev/pts/2'), ('ROS_PYTHON_VERSION', '3'), ('LC_MONETARY', 'zh_CN.UTF-8'), ('DBUS_SESSION_BUS_ADDRESS', 'unix:path=/run/user/1000/bus'), ('ROS_DISTRO', 'humble'), ('LOGNAME', 'huahai'), ('_', '/usr/bin/colcon'), ('ROS_VERSION', '2'), ('XDG_SESSION_CLASS', 'user'), ('TERM', 'xterm-256color'), ('XDG_SESSION_ID', '8'), ('ROS_LOCALHOST_ONLY', '0'), ('PATH', '/opt/ros/humble/bin:/usr/local/sbin:/usr/local/bin:/usr/sbin:/usr/bin:/sbin:/bin:/usr/games:/usr/local/games:/snap/bin'), ('PAPERSIZE', 'a4'), ('LC_ADDRESS', 'zh_CN.UTF-8'), ('XDG_RUNTIME_DIR', '/run/user/1000'), ('LANG', 'zh_CN.UTF-8'), ('LC_TELEPHONE', 'zh_CN.UTF-8'), ('LS_COLORS', 'rs=0:di=01;34:ln=01;36:mh=00:pi=40;33:so=01;35:do=01;35:bd=40;33;01:cd=40;33;01:or=40;31;01:mi=00:su=37;41:sg=30;43:ca=30;41:tw=30;42:ow=34;42:st=37;44:ex=01;32:*.tar=01;31:*.tgz=01;31:*.arc=01;31:*.arj=01;31:*.taz=01;31:*.lha=01;31:*.lz4=01;31:*.lzh=01;31:*.lzma=01;31:*.tlz=01;31:*.txz=01;31:*.tzo=01;31:*.t7z=01;31:*.zip=01;31:*.z=01;31:*.dz=01;31:*.gz=01;31:*.lrz=01;31:*.lz=01;31:*.lzo=01;31:*.xz=01;31:*.zst=01;31:*.tzst=01;31:*.bz2=01;31:*.bz=01;31:*.tbz=01;31:*.tbz2=01;31:*.tz=01;31:*.deb=01;31:*.rpm=01;31:*.jar=01;31:*.war=01;31:*.ear=01;31:*.sar=01;31:*.rar=01;31:*.alz=01;31:*.ace=01;31:*.zoo=01;31:*.cpio=01;31:*.7z=01;31:*.rz=01;31:*.cab=01;31:*.wim=01;31:*.swm=01;31:*.dwm=01;31:*.esd=01;31:*.jpg=01;35:*.jpeg=01;35:*.mjpg=01;35:*.mjpeg=01;35:*.gif=01;35:*.bmp=01;35:*.pbm=01;35:*.pgm=01;35:*.ppm=01;35:*.tga=01;35:*.xbm=01;35:*.xpm=01;35:*.tif=01;35:*.tiff=01;35:*.png=01;35:*.svg=01;35:*.svgz=01;35:*.mng=01;35:*.pcx=01;35:*.mov=01;35:*.mpg=01;35:*.mpeg=01;35:*.m2v=01;35:*.mkv=01;35:*.webm=01;35:*.webp=01;35:*.ogm=01;35:*.mp4=01;35:*.m4v=01;35:*.mp4v=01;35:*.vob=01;35:*.qt=01;35:*.nuv=01;35:*.wmv=01;35:*.asf=01;35:*.rm=01;35:*.rmvb=01;35:*.flc=01;35:*.avi=01;35:*.fli=01;35:*.flv=01;35:*.gl=01;35:*.dl=01;35:*.xcf=01;35:*.xwd=01;35:*.yuv=01;35:*.cgm=01;35:*.emf=01;35:*.ogv=01;35:*.ogx=01;35:*.aac=00;36:*.au=00;36:*.flac=00;36:*.m4a=00;36:*.mid=00;36:*.midi=00;36:*.mka=00;36:*.mp3=00;36:*.mpc=00;36:*.ogg=00;36:*.ra=00;36:*.wav=00;36:*.oga=00;36:*.opus=00;36:*.spx=00;36:*.xspf=00;36:'), ('AMENT_PREFIX_PATH', '/home/huahai/dobot_ws/install/dobot_rviz:/opt/ros/humble'), ('SHELL', '/bin/bash'), ('LC_NAME', 'zh_CN.UTF-8'), ('LESSCLOSE', '/usr/bin/lesspipe %s %s'), ('LC_MEASUREMENT', 'zh_CN.UTF-8'), ('LC_IDENTIFICATION', 'zh_CN.UTF-8'), ('PWD', '/home/huahai/dobot_ws/build/cr16_moveit'), ('SSH_CONNECTION', '192.168.112.1 11931 192.168.124.127 22'), ('XDG_DATA_DIRS', '/usr/share/gnome:/usr/local/share:/usr/share:/var/lib/snapd/desktop'), ('PYTHONPATH', '/opt/ros/humble/lib/python3.10/site-packages:/opt/ros/humble/local/lib/python3.10/dist-packages'), ('LC_NUMERIC', 'zh_CN.UTF-8'), ('LC_PAPER', 'zh_CN.UTF-8'), ('COLCON', '1'), ('CMAKE_PREFIX_PATH', '/home/huahai/dobot_ws/install/dobot_rviz:/opt/ros/humble')]), 'shell': False}
[5.022945] (-) TimerEvent: {}
[5.087049] (cr16_moveit) CommandEnded: {'returncode': 0}
[5.087495] (cr16_moveit) JobProgress: {'identifier': 'cr16_moveit', 'progress': 'install'}
[5.087643] (cr16_moveit) Command: {'cmd': ['/usr/bin/cmake', '--install', '/home/huahai/dobot_ws/build/cr16_moveit'], 'cwd': '/home/huahai/dobot_ws/build/cr16_moveit', 'env': OrderedDict([('LESSOPEN', '| /usr/bin/lesspipe %s'), ('LANGUAGE', 'zh_CN:en_US:en'), ('USER', 'huahai'), ('SSH_CLIENT', '192.168.112.1 11931 22'), ('LC_TIME', 'zh_CN.UTF-8'), ('XDG_SESSION_TYPE', 'tty'), ('SHLVL', '1'), ('LD_LIBRARY_PATH', '/opt/ros/humble/opt/rviz_ogre_vendor/lib:/opt/ros/humble/lib/x86_64-linux-gnu:/opt/ros/humble/lib'), ('MOTD_SHOWN', 'pam'), ('HOME', '/home/huahai'), ('OLDPWD', '/home/huahai/dobot_ws/src'), ('SSH_TTY', '/dev/pts/2'), ('ROS_PYTHON_VERSION', '3'), ('LC_MONETARY', 'zh_CN.UTF-8'), ('DBUS_SESSION_BUS_ADDRESS', 'unix:path=/run/user/1000/bus'), ('ROS_DISTRO', 'humble'), ('LOGNAME', 'huahai'), ('_', '/usr/bin/colcon'), ('ROS_VERSION', '2'), ('XDG_SESSION_CLASS', 'user'), ('TERM', 'xterm-256color'), ('XDG_SESSION_ID', '8'), ('ROS_LOCALHOST_ONLY', '0'), ('PATH', '/opt/ros/humble/bin:/usr/local/sbin:/usr/local/bin:/usr/sbin:/usr/bin:/sbin:/bin:/usr/games:/usr/local/games:/snap/bin'), ('PAPERSIZE', 'a4'), ('LC_ADDRESS', 'zh_CN.UTF-8'), ('XDG_RUNTIME_DIR', '/run/user/1000'), ('LANG', 'zh_CN.UTF-8'), ('LC_TELEPHONE', 'zh_CN.UTF-8'), ('LS_COLORS', 'rs=0:di=01;34:ln=01;36:mh=00:pi=40;33:so=01;35:do=01;35:bd=40;33;01:cd=40;33;01:or=40;31;01:mi=00:su=37;41:sg=30;43:ca=30;41:tw=30;42:ow=34;42:st=37;44:ex=01;32:*.tar=01;31:*.tgz=01;31:*.arc=01;31:*.arj=01;31:*.taz=01;31:*.lha=01;31:*.lz4=01;31:*.lzh=01;31:*.lzma=01;31:*.tlz=01;31:*.txz=01;31:*.tzo=01;31:*.t7z=01;31:*.zip=01;31:*.z=01;31:*.dz=01;31:*.gz=01;31:*.lrz=01;31:*.lz=01;31:*.lzo=01;31:*.xz=01;31:*.zst=01;31:*.tzst=01;31:*.bz2=01;31:*.bz=01;31:*.tbz=01;31:*.tbz2=01;31:*.tz=01;31:*.deb=01;31:*.rpm=01;31:*.jar=01;31:*.war=01;31:*.ear=01;31:*.sar=01;31:*.rar=01;31:*.alz=01;31:*.ace=01;31:*.zoo=01;31:*.cpio=01;31:*.7z=01;31:*.rz=01;31:*.cab=01;31:*.wim=01;31:*.swm=01;31:*.dwm=01;31:*.esd=01;31:*.jpg=01;35:*.jpeg=01;35:*.mjpg=01;35:*.mjpeg=01;35:*.gif=01;35:*.bmp=01;35:*.pbm=01;35:*.pgm=01;35:*.ppm=01;35:*.tga=01;35:*.xbm=01;35:*.xpm=01;35:*.tif=01;35:*.tiff=01;35:*.png=01;35:*.svg=01;35:*.svgz=01;35:*.mng=01;35:*.pcx=01;35:*.mov=01;35:*.mpg=01;35:*.mpeg=01;35:*.m2v=01;35:*.mkv=01;35:*.webm=01;35:*.webp=01;35:*.ogm=01;35:*.mp4=01;35:*.m4v=01;35:*.mp4v=01;35:*.vob=01;35:*.qt=01;35:*.nuv=01;35:*.wmv=01;35:*.asf=01;35:*.rm=01;35:*.rmvb=01;35:*.flc=01;35:*.avi=01;35:*.fli=01;35:*.flv=01;35:*.gl=01;35:*.dl=01;35:*.xcf=01;35:*.xwd=01;35:*.yuv=01;35:*.cgm=01;35:*.emf=01;35:*.ogv=01;35:*.ogx=01;35:*.aac=00;36:*.au=00;36:*.flac=00;36:*.m4a=00;36:*.mid=00;36:*.midi=00;36:*.mka=00;36:*.mp3=00;36:*.mpc=00;36:*.ogg=00;36:*.ra=00;36:*.wav=00;36:*.oga=00;36:*.opus=00;36:*.spx=00;36:*.xspf=00;36:'), ('AMENT_PREFIX_PATH', '/home/huahai/dobot_ws/install/dobot_rviz:/opt/ros/humble'), ('SHELL', '/bin/bash'), ('LC_NAME', 'zh_CN.UTF-8'), ('LESSCLOSE', '/usr/bin/lesspipe %s %s'), ('LC_MEASUREMENT', 'zh_CN.UTF-8'), ('LC_IDENTIFICATION', 'zh_CN.UTF-8'), ('PWD', '/home/huahai/dobot_ws/build/cr16_moveit'), ('SSH_CONNECTION', '192.168.112.1 11931 192.168.124.127 22'), ('XDG_DATA_DIRS', '/usr/share/gnome:/usr/local/share:/usr/share:/var/lib/snapd/desktop'), ('PYTHONPATH', '/opt/ros/humble/lib/python3.10/site-packages:/opt/ros/humble/local/lib/python3.10/dist-packages'), ('LC_NUMERIC', 'zh_CN.UTF-8'), ('LC_PAPER', 'zh_CN.UTF-8'), ('COLCON', '1'), ('CMAKE_PREFIX_PATH', '/home/huahai/dobot_ws/install/dobot_rviz:/opt/ros/humble')]), 'shell': False}
[5.101488] (cr16_moveit) StdoutLine: {'line': b'-- Install configuration: ""\n'}
[5.101646] (cr16_moveit) StdoutLine: {'line': b'-- Installing: /home/huahai/dobot_ws/install/cr16_moveit/share/ament_index/resource_index/package_run_dependencies/cr16_moveit\n'}
[5.101732] (cr16_moveit) StdoutLine: {'line': b'-- Installing: /home/huahai/dobot_ws/install/cr16_moveit/share/ament_index/resource_index/parent_prefix_path/cr16_moveit\n'}
[5.101816] (cr16_moveit) StdoutLine: {'line': b'-- Installing: /home/huahai/dobot_ws/install/cr16_moveit/share/cr16_moveit/environment/ament_prefix_path.sh\n'}
[5.102029] (cr16_moveit) StdoutLine: {'line': b'-- Installing: /home/huahai/dobot_ws/install/cr16_moveit/share/cr16_moveit/environment/ament_prefix_path.dsv\n'}
[5.102129] (cr16_moveit) StdoutLine: {'line': b'-- Installing: /home/huahai/dobot_ws/install/cr16_moveit/share/cr16_moveit/environment/path.sh\n'}
[5.102168] (cr16_moveit) StdoutLine: {'line': b'-- Installing: /home/huahai/dobot_ws/install/cr16_moveit/share/cr16_moveit/environment/path.dsv\n'}
[5.102217] (cr16_moveit) StdoutLine: {'line': b'-- Installing: /home/huahai/dobot_ws/install/cr16_moveit/share/cr16_moveit/local_setup.bash\n'}
[5.102250] (cr16_moveit) StdoutLine: {'line': b'-- Installing: /home/huahai/dobot_ws/install/cr16_moveit/share/cr16_moveit/local_setup.sh\n'}
[5.102292] (cr16_moveit) StdoutLine: {'line': b'-- Installing: /home/huahai/dobot_ws/install/cr16_moveit/share/cr16_moveit/local_setup.zsh\n'}
[5.102354] (cr16_moveit) StdoutLine: {'line': b'-- Installing: /home/huahai/dobot_ws/install/cr16_moveit/share/cr16_moveit/local_setup.dsv\n'}
[5.102418] (cr16_moveit) StdoutLine: {'line': b'-- Installing: /home/huahai/dobot_ws/install/cr16_moveit/share/cr16_moveit/package.dsv\n'}
[5.102510] (cr16_moveit) StdoutLine: {'line': b'-- Installing: /home/huahai/dobot_ws/install/cr16_moveit/share/ament_index/resource_index/packages/cr16_moveit\n'}
[5.102589] (cr16_moveit) StdoutLine: {'line': b'-- Installing: /home/huahai/dobot_ws/install/cr16_moveit/share/cr16_moveit/cmake/cr16_moveitConfig.cmake\n'}
[5.102639] (cr16_moveit) StdoutLine: {'line': b'-- Installing: /home/huahai/dobot_ws/install/cr16_moveit/share/cr16_moveit/cmake/cr16_moveitConfig-version.cmake\n'}
[5.102707] (cr16_moveit) StdoutLine: {'line': b'-- Installing: /home/huahai/dobot_ws/install/cr16_moveit/share/cr16_moveit/package.xml\n'}
[5.104840] (cr16_moveit) StdoutLine: {'line': b'-- Installing: /home/huahai/dobot_ws/install/cr16_moveit/share/cr16_moveit/launch\n'}
[5.104944] (cr16_moveit) StdoutLine: {'line': b'-- Installing: /home/huahai/dobot_ws/install/cr16_moveit/share/cr16_moveit/launch/moveit_rviz.launch.py\n'}
[5.104984] (cr16_moveit) StdoutLine: {'line': b'-- Installing: /home/huahai/dobot_ws/install/cr16_moveit/share/cr16_moveit/launch/dobot_moveit.launch.py\n'}
[5.105018] (cr16_moveit) StdoutLine: {'line': b'-- Installing: /home/huahai/dobot_ws/install/cr16_moveit/share/cr16_moveit/launch/moveit_gazebo.launch.py\n'}
[5.105051] (cr16_moveit) StdoutLine: {'line': b'-- Installing: /home/huahai/dobot_ws/install/cr16_moveit/share/cr16_moveit/launch/demo.launch.py\n'}
[5.105083] (cr16_moveit) StdoutLine: {'line': b'-- Installing: /home/huahai/dobot_ws/install/cr16_moveit/share/cr16_moveit/launch/setup_assistant.launch.py\n'}
[5.105115] (cr16_moveit) StdoutLine: {'line': b'-- Installing: /home/huahai/dobot_ws/install/cr16_moveit/share/cr16_moveit/launch/rsp.launch.py\n'}
[5.105147] (cr16_moveit) StdoutLine: {'line': b'-- Installing: /home/huahai/dobot_ws/install/cr16_moveit/share/cr16_moveit/launch/static_virtual_joint_tfs.launch.py\n'}
[5.105177] (cr16_moveit) StdoutLine: {'line': b'-- Installing: /home/huahai/dobot_ws/install/cr16_moveit/share/cr16_moveit/launch/spawn_controllers.launch.py\n'}
[5.105207] (cr16_moveit) StdoutLine: {'line': b'-- Installing: /home/huahai/dobot_ws/install/cr16_moveit/share/cr16_moveit/launch/move_group.launch.py\n'}
[5.105236] (cr16_moveit) StdoutLine: {'line': b'-- Installing: /home/huahai/dobot_ws/install/cr16_moveit/share/cr16_moveit/launch/warehouse_db.launch.py\n'}
[5.105265] (cr16_moveit) StdoutLine: {'line': b'-- Installing: /home/huahai/dobot_ws/install/cr16_moveit/share/cr16_moveit/config\n'}
[5.105295] (cr16_moveit) StdoutLine: {'line': b'-- Installing: /home/huahai/dobot_ws/install/cr16_moveit/share/cr16_moveit/config/joint_limits.yaml\n'}
[5.105324] (cr16_moveit) StdoutLine: {'line': b'-- Installing: /home/huahai/dobot_ws/install/cr16_moveit/share/cr16_moveit/config/moveit.rviz\n'}
[5.105387] (cr16_moveit) StdoutLine: {'line': b'-- Installing: /home/huahai/dobot_ws/install/cr16_moveit/share/cr16_moveit/config/cr16_robot.ros2_control.xacro\n'}
[5.105449] (cr16_moveit) StdoutLine: {'line': b'-- Installing: /home/huahai/dobot_ws/install/cr16_moveit/share/cr16_moveit/config/pilz_cartesian_limits.yaml\n'}
[5.105489] (cr16_moveit) StdoutLine: {'line': b'-- Installing: /home/huahai/dobot_ws/install/cr16_moveit/share/cr16_moveit/config/cr16_robot.urdf.xacro\n'}
[5.105522] (cr16_moveit) StdoutLine: {'line': b'-- Installing: /home/huahai/dobot_ws/install/cr16_moveit/share/cr16_moveit/config/moveit_controllers.yaml\n'}
[5.105562] (cr16_moveit) StdoutLine: {'line': b'-- Installing: /home/huahai/dobot_ws/install/cr16_moveit/share/cr16_moveit/config/kinematics.yaml\n'}
[5.105812] (cr16_moveit) StdoutLine: {'line': b'-- Installing: /home/huahai/dobot_ws/install/cr16_moveit/share/cr16_moveit/config/initial_positions.yaml\n'}
[5.105922] (cr16_moveit) StdoutLine: {'line': b'-- Installing: /home/huahai/dobot_ws/install/cr16_moveit/share/cr16_moveit/config/ros2_controllers.yaml\n'}
[5.105975] (cr16_moveit) StdoutLine: {'line': b'-- Installing: /home/huahai/dobot_ws/install/cr16_moveit/share/cr16_moveit/config/cr16_robot.srdf\n'}
[5.106023] (cr16_moveit) StdoutLine: {'line': b'-- Installing: /home/huahai/dobot_ws/install/cr16_moveit/share/cr16_moveit/.setup_assistant\n'}
[5.109908] (cr16_moveit) CommandEnded: {'returncode': 0}
[5.123075] (-) TimerEvent: {}
[5.123757] (cr16_moveit) JobEnded: {'identifier': 'cr16_moveit', 'rc': 0}
[5.128777] (cr3_moveit) JobStarted: {'identifier': 'cr3_moveit'}
[5.136269] (cr3_moveit) JobProgress: {'identifier': 'cr3_moveit', 'progress': 'cmake'}
[5.136549] (cr3_moveit) Command: {'cmd': ['/usr/bin/cmake', '/home/huahai/dobot_ws/src/DOBOT_6Axis_ROS2_V3/cr3_moveit', '-DCMAKE_INSTALL_PREFIX=/home/huahai/dobot_ws/install/cr3_moveit'], 'cwd': '/home/huahai/dobot_ws/build/cr3_moveit', 'env': OrderedDict([('LESSOPEN', '| /usr/bin/lesspipe %s'), ('LANGUAGE', 'zh_CN:en_US:en'), ('USER', 'huahai'), ('SSH_CLIENT', '192.168.112.1 11931 22'), ('LC_TIME', 'zh_CN.UTF-8'), ('XDG_SESSION_TYPE', 'tty'), ('SHLVL', '1'), ('LD_LIBRARY_PATH', '/opt/ros/humble/opt/rviz_ogre_vendor/lib:/opt/ros/humble/lib/x86_64-linux-gnu:/opt/ros/humble/lib'), ('MOTD_SHOWN', 'pam'), ('HOME', '/home/huahai'), ('OLDPWD', '/home/huahai/dobot_ws/src'), ('SSH_TTY', '/dev/pts/2'), ('ROS_PYTHON_VERSION', '3'), ('LC_MONETARY', 'zh_CN.UTF-8'), ('DBUS_SESSION_BUS_ADDRESS', 'unix:path=/run/user/1000/bus'), ('ROS_DISTRO', 'humble'), ('LOGNAME', 'huahai'), ('_', '/usr/bin/colcon'), ('ROS_VERSION', '2'), ('XDG_SESSION_CLASS', 'user'), ('TERM', 'xterm-256color'), ('XDG_SESSION_ID', '8'), ('ROS_LOCALHOST_ONLY', '0'), ('PATH', '/opt/ros/humble/bin:/usr/local/sbin:/usr/local/bin:/usr/sbin:/usr/bin:/sbin:/bin:/usr/games:/usr/local/games:/snap/bin'), ('PAPERSIZE', 'a4'), ('LC_ADDRESS', 'zh_CN.UTF-8'), ('XDG_RUNTIME_DIR', '/run/user/1000'), ('LANG', 'zh_CN.UTF-8'), ('LC_TELEPHONE', 'zh_CN.UTF-8'), ('LS_COLORS', 'rs=0:di=01;34:ln=01;36:mh=00:pi=40;33:so=01;35:do=01;35:bd=40;33;01:cd=40;33;01:or=40;31;01:mi=00:su=37;41:sg=30;43:ca=30;41:tw=30;42:ow=34;42:st=37;44:ex=01;32:*.tar=01;31:*.tgz=01;31:*.arc=01;31:*.arj=01;31:*.taz=01;31:*.lha=01;31:*.lz4=01;31:*.lzh=01;31:*.lzma=01;31:*.tlz=01;31:*.txz=01;31:*.tzo=01;31:*.t7z=01;31:*.zip=01;31:*.z=01;31:*.dz=01;31:*.gz=01;31:*.lrz=01;31:*.lz=01;31:*.lzo=01;31:*.xz=01;31:*.zst=01;31:*.tzst=01;31:*.bz2=01;31:*.bz=01;31:*.tbz=01;31:*.tbz2=01;31:*.tz=01;31:*.deb=01;31:*.rpm=01;31:*.jar=01;31:*.war=01;31:*.ear=01;31:*.sar=01;31:*.rar=01;31:*.alz=01;31:*.ace=01;31:*.zoo=01;31:*.cpio=01;31:*.7z=01;31:*.rz=01;31:*.cab=01;31:*.wim=01;31:*.swm=01;31:*.dwm=01;31:*.esd=01;31:*.jpg=01;35:*.jpeg=01;35:*.mjpg=01;35:*.mjpeg=01;35:*.gif=01;35:*.bmp=01;35:*.pbm=01;35:*.pgm=01;35:*.ppm=01;35:*.tga=01;35:*.xbm=01;35:*.xpm=01;35:*.tif=01;35:*.tiff=01;35:*.png=01;35:*.svg=01;35:*.svgz=01;35:*.mng=01;35:*.pcx=01;35:*.mov=01;35:*.mpg=01;35:*.mpeg=01;35:*.m2v=01;35:*.mkv=01;35:*.webm=01;35:*.webp=01;35:*.ogm=01;35:*.mp4=01;35:*.m4v=01;35:*.mp4v=01;35:*.vob=01;35:*.qt=01;35:*.nuv=01;35:*.wmv=01;35:*.asf=01;35:*.rm=01;35:*.rmvb=01;35:*.flc=01;35:*.avi=01;35:*.fli=01;35:*.flv=01;35:*.gl=01;35:*.dl=01;35:*.xcf=01;35:*.xwd=01;35:*.yuv=01;35:*.cgm=01;35:*.emf=01;35:*.ogv=01;35:*.ogx=01;35:*.aac=00;36:*.au=00;36:*.flac=00;36:*.m4a=00;36:*.mid=00;36:*.midi=00;36:*.mka=00;36:*.mp3=00;36:*.mpc=00;36:*.ogg=00;36:*.ra=00;36:*.wav=00;36:*.oga=00;36:*.opus=00;36:*.spx=00;36:*.xspf=00;36:'), ('AMENT_PREFIX_PATH', '/home/huahai/dobot_ws/install/dobot_rviz:/opt/ros/humble'), ('SHELL', '/bin/bash'), ('LC_NAME', 'zh_CN.UTF-8'), ('LESSCLOSE', '/usr/bin/lesspipe %s %s'), ('LC_MEASUREMENT', 'zh_CN.UTF-8'), ('LC_IDENTIFICATION', 'zh_CN.UTF-8'), ('PWD', '/home/huahai/dobot_ws/build/cr3_moveit'), ('SSH_CONNECTION', '192.168.112.1 11931 192.168.124.127 22'), ('XDG_DATA_DIRS', '/usr/share/gnome:/usr/local/share:/usr/share:/var/lib/snapd/desktop'), ('PYTHONPATH', '/opt/ros/humble/lib/python3.10/site-packages:/opt/ros/humble/local/lib/python3.10/dist-packages'), ('LC_NUMERIC', 'zh_CN.UTF-8'), ('LC_PAPER', 'zh_CN.UTF-8'), ('COLCON', '1'), ('CMAKE_PREFIX_PATH', '/home/huahai/dobot_ws/install/dobot_rviz:/opt/ros/humble')]), 'shell': False}
[5.223172] (-) TimerEvent: {}
[5.223908] (cr3_moveit) StdoutLine: {'line': b'-- The C compiler identification is GNU 11.4.0\n'}
[5.301875] (cr3_moveit) StdoutLine: {'line': b'-- The CXX compiler identification is GNU 11.4.0\n'}
[5.316829] (cr3_moveit) StdoutLine: {'line': b'-- Detecting C compiler ABI info\n'}
[5.323257] (-) TimerEvent: {}
[5.423483] (-) TimerEvent: {}
[5.427240] (cr3_moveit) StdoutLine: {'line': b'-- Detecting C compiler ABI info - done\n'}
[5.436913] (cr3_moveit) StdoutLine: {'line': b'-- Check for working C compiler: /usr/bin/cc - skipped\n'}
[5.437064] (cr3_moveit) StdoutLine: {'line': b'-- Detecting C compile features\n'}
[5.437315] (cr3_moveit) StdoutLine: {'line': b'-- Detecting C compile features - done\n'}
[5.441813] (cr3_moveit) StdoutLine: {'line': b'-- Detecting CXX compiler ABI info\n'}
[5.523575] (-) TimerEvent: {}
[5.566327] (cr3_moveit) StdoutLine: {'line': b'-- Detecting CXX compiler ABI info - done\n'}
[5.574638] (cr3_moveit) StdoutLine: {'line': b'-- Check for working CXX compiler: /usr/bin/c++ - skipped\n'}
[5.575819] (cr3_moveit) StdoutLine: {'line': b'-- Detecting CXX compile features\n'}
[5.576108] (cr3_moveit) StdoutLine: {'line': b'-- Detecting CXX compile features - done\n'}
[5.579516] (cr3_moveit) StdoutLine: {'line': b'-- Found ament_cmake: 1.3.13 (/opt/ros/humble/share/ament_cmake/cmake)\n'}
[5.623721] (-) TimerEvent: {}
[5.727819] (-) TimerEvent: {}
[5.793452] (cr3_moveit) StdoutLine: {'line': b'-- Found Python3: /usr/bin/python3 (found version "3.10.12") found components: Interpreter \n'}
[5.827934] (-) TimerEvent: {}
[5.928506] (-) TimerEvent: {}
[6.002288] (cr3_moveit) StdoutLine: {'line': b'-- Configuring done\n'}
[6.004044] (cr3_moveit) StdoutLine: {'line': b'-- Generating done\n'}
[6.005659] (cr3_moveit) StdoutLine: {'line': b'-- Build files have been written to: /home/huahai/dobot_ws/build/cr3_moveit\n'}
[6.008668] (cr3_moveit) CommandEnded: {'returncode': 0}
[6.009072] (cr3_moveit) JobProgress: {'identifier': 'cr3_moveit', 'progress': 'build'}
[6.009262] (cr3_moveit) Command: {'cmd': ['/usr/bin/cmake', '--build', '/home/huahai/dobot_ws/build/cr3_moveit', '--', '-j2', '-l2'], 'cwd': '/home/huahai/dobot_ws/build/cr3_moveit', 'env': OrderedDict([('LESSOPEN', '| /usr/bin/lesspipe %s'), ('LANGUAGE', 'zh_CN:en_US:en'), ('USER', 'huahai'), ('SSH_CLIENT', '192.168.112.1 11931 22'), ('LC_TIME', 'zh_CN.UTF-8'), ('XDG_SESSION_TYPE', 'tty'), ('SHLVL', '1'), ('LD_LIBRARY_PATH', '/opt/ros/humble/opt/rviz_ogre_vendor/lib:/opt/ros/humble/lib/x86_64-linux-gnu:/opt/ros/humble/lib'), ('MOTD_SHOWN', 'pam'), ('HOME', '/home/huahai'), ('OLDPWD', '/home/huahai/dobot_ws/src'), ('SSH_TTY', '/dev/pts/2'), ('ROS_PYTHON_VERSION', '3'), ('LC_MONETARY', 'zh_CN.UTF-8'), ('DBUS_SESSION_BUS_ADDRESS', 'unix:path=/run/user/1000/bus'), ('ROS_DISTRO', 'humble'), ('LOGNAME', 'huahai'), ('_', '/usr/bin/colcon'), ('ROS_VERSION', '2'), ('XDG_SESSION_CLASS', 'user'), ('TERM', 'xterm-256color'), ('XDG_SESSION_ID', '8'), ('ROS_LOCALHOST_ONLY', '0'), ('PATH', '/opt/ros/humble/bin:/usr/local/sbin:/usr/local/bin:/usr/sbin:/usr/bin:/sbin:/bin:/usr/games:/usr/local/games:/snap/bin'), ('PAPERSIZE', 'a4'), ('LC_ADDRESS', 'zh_CN.UTF-8'), ('XDG_RUNTIME_DIR', '/run/user/1000'), ('LANG', 'zh_CN.UTF-8'), ('LC_TELEPHONE', 'zh_CN.UTF-8'), ('LS_COLORS', 'rs=0:di=01;34:ln=01;36:mh=00:pi=40;33:so=01;35:do=01;35:bd=40;33;01:cd=40;33;01:or=40;31;01:mi=00:su=37;41:sg=30;43:ca=30;41:tw=30;42:ow=34;42:st=37;44:ex=01;32:*.tar=01;31:*.tgz=01;31:*.arc=01;31:*.arj=01;31:*.taz=01;31:*.lha=01;31:*.lz4=01;31:*.lzh=01;31:*.lzma=01;31:*.tlz=01;31:*.txz=01;31:*.tzo=01;31:*.t7z=01;31:*.zip=01;31:*.z=01;31:*.dz=01;31:*.gz=01;31:*.lrz=01;31:*.lz=01;31:*.lzo=01;31:*.xz=01;31:*.zst=01;31:*.tzst=01;31:*.bz2=01;31:*.bz=01;31:*.tbz=01;31:*.tbz2=01;31:*.tz=01;31:*.deb=01;31:*.rpm=01;31:*.jar=01;31:*.war=01;31:*.ear=01;31:*.sar=01;31:*.rar=01;31:*.alz=01;31:*.ace=01;31:*.zoo=01;31:*.cpio=01;31:*.7z=01;31:*.rz=01;31:*.cab=01;31:*.wim=01;31:*.swm=01;31:*.dwm=01;31:*.esd=01;31:*.jpg=01;35:*.jpeg=01;35:*.mjpg=01;35:*.mjpeg=01;35:*.gif=01;35:*.bmp=01;35:*.pbm=01;35:*.pgm=01;35:*.ppm=01;35:*.tga=01;35:*.xbm=01;35:*.xpm=01;35:*.tif=01;35:*.tiff=01;35:*.png=01;35:*.svg=01;35:*.svgz=01;35:*.mng=01;35:*.pcx=01;35:*.mov=01;35:*.mpg=01;35:*.mpeg=01;35:*.m2v=01;35:*.mkv=01;35:*.webm=01;35:*.webp=01;35:*.ogm=01;35:*.mp4=01;35:*.m4v=01;35:*.mp4v=01;35:*.vob=01;35:*.qt=01;35:*.nuv=01;35:*.wmv=01;35:*.asf=01;35:*.rm=01;35:*.rmvb=01;35:*.flc=01;35:*.avi=01;35:*.fli=01;35:*.flv=01;35:*.gl=01;35:*.dl=01;35:*.xcf=01;35:*.xwd=01;35:*.yuv=01;35:*.cgm=01;35:*.emf=01;35:*.ogv=01;35:*.ogx=01;35:*.aac=00;36:*.au=00;36:*.flac=00;36:*.m4a=00;36:*.mid=00;36:*.midi=00;36:*.mka=00;36:*.mp3=00;36:*.mpc=00;36:*.ogg=00;36:*.ra=00;36:*.wav=00;36:*.oga=00;36:*.opus=00;36:*.spx=00;36:*.xspf=00;36:'), ('AMENT_PREFIX_PATH', '/home/huahai/dobot_ws/install/dobot_rviz:/opt/ros/humble'), ('SHELL', '/bin/bash'), ('LC_NAME', 'zh_CN.UTF-8'), ('LESSCLOSE', '/usr/bin/lesspipe %s %s'), ('LC_MEASUREMENT', 'zh_CN.UTF-8'), ('LC_IDENTIFICATION', 'zh_CN.UTF-8'), ('PWD', '/home/huahai/dobot_ws/build/cr3_moveit'), ('SSH_CONNECTION', '192.168.112.1 11931 192.168.124.127 22'), ('XDG_DATA_DIRS', '/usr/share/gnome:/usr/local/share:/usr/share:/var/lib/snapd/desktop'), ('PYTHONPATH', '/opt/ros/humble/lib/python3.10/site-packages:/opt/ros/humble/local/lib/python3.10/dist-packages'), ('LC_NUMERIC', 'zh_CN.UTF-8'), ('LC_PAPER', 'zh_CN.UTF-8'), ('COLCON', '1'), ('CMAKE_PREFIX_PATH', '/home/huahai/dobot_ws/install/dobot_rviz:/opt/ros/humble')]), 'shell': False}
[6.029827] (-) TimerEvent: {}
[6.044887] (cr3_moveit) CommandEnded: {'returncode': 0}
[6.045350] (cr3_moveit) JobProgress: {'identifier': 'cr3_moveit', 'progress': 'install'}
[6.045370] (cr3_moveit) Command: {'cmd': ['/usr/bin/cmake', '--install', '/home/huahai/dobot_ws/build/cr3_moveit'], 'cwd': '/home/huahai/dobot_ws/build/cr3_moveit', 'env': OrderedDict([('LESSOPEN', '| /usr/bin/lesspipe %s'), ('LANGUAGE', 'zh_CN:en_US:en'), ('USER', 'huahai'), ('SSH_CLIENT', '192.168.112.1 11931 22'), ('LC_TIME', 'zh_CN.UTF-8'), ('XDG_SESSION_TYPE', 'tty'), ('SHLVL', '1'), ('LD_LIBRARY_PATH', '/opt/ros/humble/opt/rviz_ogre_vendor/lib:/opt/ros/humble/lib/x86_64-linux-gnu:/opt/ros/humble/lib'), ('MOTD_SHOWN', 'pam'), ('HOME', '/home/huahai'), ('OLDPWD', '/home/huahai/dobot_ws/src'), ('SSH_TTY', '/dev/pts/2'), ('ROS_PYTHON_VERSION', '3'), ('LC_MONETARY', 'zh_CN.UTF-8'), ('DBUS_SESSION_BUS_ADDRESS', 'unix:path=/run/user/1000/bus'), ('ROS_DISTRO', 'humble'), ('LOGNAME', 'huahai'), ('_', '/usr/bin/colcon'), ('ROS_VERSION', '2'), ('XDG_SESSION_CLASS', 'user'), ('TERM', 'xterm-256color'), ('XDG_SESSION_ID', '8'), ('ROS_LOCALHOST_ONLY', '0'), ('PATH', '/opt/ros/humble/bin:/usr/local/sbin:/usr/local/bin:/usr/sbin:/usr/bin:/sbin:/bin:/usr/games:/usr/local/games:/snap/bin'), ('PAPERSIZE', 'a4'), ('LC_ADDRESS', 'zh_CN.UTF-8'), ('XDG_RUNTIME_DIR', '/run/user/1000'), ('LANG', 'zh_CN.UTF-8'), ('LC_TELEPHONE', 'zh_CN.UTF-8'), ('LS_COLORS', 'rs=0:di=01;34:ln=01;36:mh=00:pi=40;33:so=01;35:do=01;35:bd=40;33;01:cd=40;33;01:or=40;31;01:mi=00:su=37;41:sg=30;43:ca=30;41:tw=30;42:ow=34;42:st=37;44:ex=01;32:*.tar=01;31:*.tgz=01;31:*.arc=01;31:*.arj=01;31:*.taz=01;31:*.lha=01;31:*.lz4=01;31:*.lzh=01;31:*.lzma=01;31:*.tlz=01;31:*.txz=01;31:*.tzo=01;31:*.t7z=01;31:*.zip=01;31:*.z=01;31:*.dz=01;31:*.gz=01;31:*.lrz=01;31:*.lz=01;31:*.lzo=01;31:*.xz=01;31:*.zst=01;31:*.tzst=01;31:*.bz2=01;31:*.bz=01;31:*.tbz=01;31:*.tbz2=01;31:*.tz=01;31:*.deb=01;31:*.rpm=01;31:*.jar=01;31:*.war=01;31:*.ear=01;31:*.sar=01;31:*.rar=01;31:*.alz=01;31:*.ace=01;31:*.zoo=01;31:*.cpio=01;31:*.7z=01;31:*.rz=01;31:*.cab=01;31:*.wim=01;31:*.swm=01;31:*.dwm=01;31:*.esd=01;31:*.jpg=01;35:*.jpeg=01;35:*.mjpg=01;35:*.mjpeg=01;35:*.gif=01;35:*.bmp=01;35:*.pbm=01;35:*.pgm=01;35:*.ppm=01;35:*.tga=01;35:*.xbm=01;35:*.xpm=01;35:*.tif=01;35:*.tiff=01;35:*.png=01;35:*.svg=01;35:*.svgz=01;35:*.mng=01;35:*.pcx=01;35:*.mov=01;35:*.mpg=01;35:*.mpeg=01;35:*.m2v=01;35:*.mkv=01;35:*.webm=01;35:*.webp=01;35:*.ogm=01;35:*.mp4=01;35:*.m4v=01;35:*.mp4v=01;35:*.vob=01;35:*.qt=01;35:*.nuv=01;35:*.wmv=01;35:*.asf=01;35:*.rm=01;35:*.rmvb=01;35:*.flc=01;35:*.avi=01;35:*.fli=01;35:*.flv=01;35:*.gl=01;35:*.dl=01;35:*.xcf=01;35:*.xwd=01;35:*.yuv=01;35:*.cgm=01;35:*.emf=01;35:*.ogv=01;35:*.ogx=01;35:*.aac=00;36:*.au=00;36:*.flac=00;36:*.m4a=00;36:*.mid=00;36:*.midi=00;36:*.mka=00;36:*.mp3=00;36:*.mpc=00;36:*.ogg=00;36:*.ra=00;36:*.wav=00;36:*.oga=00;36:*.opus=00;36:*.spx=00;36:*.xspf=00;36:'), ('AMENT_PREFIX_PATH', '/home/huahai/dobot_ws/install/dobot_rviz:/opt/ros/humble'), ('SHELL', '/bin/bash'), ('LC_NAME', 'zh_CN.UTF-8'), ('LESSCLOSE', '/usr/bin/lesspipe %s %s'), ('LC_MEASUREMENT', 'zh_CN.UTF-8'), ('LC_IDENTIFICATION', 'zh_CN.UTF-8'), ('PWD', '/home/huahai/dobot_ws/build/cr3_moveit'), ('SSH_CONNECTION', '192.168.112.1 11931 192.168.124.127 22'), ('XDG_DATA_DIRS', '/usr/share/gnome:/usr/local/share:/usr/share:/var/lib/snapd/desktop'), ('PYTHONPATH', '/opt/ros/humble/lib/python3.10/site-packages:/opt/ros/humble/local/lib/python3.10/dist-packages'), ('LC_NUMERIC', 'zh_CN.UTF-8'), ('LC_PAPER', 'zh_CN.UTF-8'), ('COLCON', '1'), ('CMAKE_PREFIX_PATH', '/home/huahai/dobot_ws/install/dobot_rviz:/opt/ros/humble')]), 'shell': False}
[6.053261] (cr3_moveit) StdoutLine: {'line': b'-- Install configuration: ""\n'}
[6.053787] (cr3_moveit) StdoutLine: {'line': b'-- Installing: /home/huahai/dobot_ws/install/cr3_moveit/share/ament_index/resource_index/package_run_dependencies/cr3_moveit\n'}
[6.054233] (cr3_moveit) StdoutLine: {'line': b'-- Installing: /home/huahai/dobot_ws/install/cr3_moveit/share/ament_index/resource_index/parent_prefix_path/cr3_moveit\n'}
[6.054613] (cr3_moveit) StdoutLine: {'line': b'-- Installing: /home/huahai/dobot_ws/install/cr3_moveit/share/cr3_moveit/environment/ament_prefix_path.sh\n'}
[6.055012] (cr3_moveit) StdoutLine: {'line': b'-- Installing: /home/huahai/dobot_ws/install/cr3_moveit/share/cr3_moveit/environment/ament_prefix_path.dsv\n'}
[6.055330] (cr3_moveit) StdoutLine: {'line': b'-- Installing: /home/huahai/dobot_ws/install/cr3_moveit/share/cr3_moveit/environment/path.sh\n'}
[6.055632] (cr3_moveit) StdoutLine: {'line': b'-- Installing: /home/huahai/dobot_ws/install/cr3_moveit/share/cr3_moveit/environment/path.dsv\n'}
[6.055938] (cr3_moveit) StdoutLine: {'line': b'-- Installing: /home/huahai/dobot_ws/install/cr3_moveit/share/cr3_moveit/local_setup.bash\n'}
[6.056408] (cr3_moveit) StdoutLine: {'line': b'-- Installing: /home/huahai/dobot_ws/install/cr3_moveit/share/cr3_moveit/local_setup.sh\n'}
[6.056541] (cr3_moveit) StdoutLine: {'line': b'-- Installing: /home/huahai/dobot_ws/install/cr3_moveit/share/cr3_moveit/local_setup.zsh\n'}
[6.056891] (cr3_moveit) StdoutLine: {'line': b'-- Installing: /home/huahai/dobot_ws/install/cr3_moveit/share/cr3_moveit/local_setup.dsv\n'}
[6.057219] (cr3_moveit) StdoutLine: {'line': b'-- Installing: /home/huahai/dobot_ws/install/cr3_moveit/share/cr3_moveit/package.dsv\n'}
[6.057824] (cr3_moveit) StdoutLine: {'line': b'-- Installing: /home/huahai/dobot_ws/install/cr3_moveit/share/ament_index/resource_index/packages/cr3_moveit\n'}
[6.057972] (cr3_moveit) StdoutLine: {'line': b'-- Installing: /home/huahai/dobot_ws/install/cr3_moveit/share/cr3_moveit/cmake/cr3_moveitConfig.cmake\n'}
[6.058877] (cr3_moveit) StdoutLine: {'line': b'-- Installing: /home/huahai/dobot_ws/install/cr3_moveit/share/cr3_moveit/cmake/cr3_moveitConfig-version.cmake\n'}
[6.058950] (cr3_moveit) StdoutLine: {'line': b'-- Installing: /home/huahai/dobot_ws/install/cr3_moveit/share/cr3_moveit/package.xml\n'}
[6.058987] (cr3_moveit) StdoutLine: {'line': b'-- Installing: /home/huahai/dobot_ws/install/cr3_moveit/share/cr3_moveit/launch\n'}
[6.059020] (cr3_moveit) StdoutLine: {'line': b'-- Installing: /home/huahai/dobot_ws/install/cr3_moveit/share/cr3_moveit/launch/moveit_rviz.launch.py\n'}
[6.059053] (cr3_moveit) StdoutLine: {'line': b'-- Installing: /home/huahai/dobot_ws/install/cr3_moveit/share/cr3_moveit/launch/dobot_moveit.launch.py\n'}
[6.059084] (cr3_moveit) StdoutLine: {'line': b'-- Installing: /home/huahai/dobot_ws/install/cr3_moveit/share/cr3_moveit/launch/moveit_gazebo.launch.py\n'}
[6.059234] (cr3_moveit) StdoutLine: {'line': b'-- Installing: /home/huahai/dobot_ws/install/cr3_moveit/share/cr3_moveit/launch/demo.launch.py\n'}
[6.059371] (cr3_moveit) StdoutLine: {'line': b'-- Installing: /home/huahai/dobot_ws/install/cr3_moveit/share/cr3_moveit/launch/setup_assistant.launch.py\n'}
[6.059495] (cr3_moveit) StdoutLine: {'line': b'-- Installing: /home/huahai/dobot_ws/install/cr3_moveit/share/cr3_moveit/launch/rsp.launch.py\n'}
[6.059678] (cr3_moveit) StdoutLine: {'line': b'-- Installing: /home/huahai/dobot_ws/install/cr3_moveit/share/cr3_moveit/launch/static_virtual_joint_tfs.launch.py\n'}
[6.059734] (cr3_moveit) StdoutLine: {'line': b'-- Installing: /home/huahai/dobot_ws/install/cr3_moveit/share/cr3_moveit/launch/spawn_controllers.launch.py\n'}
[6.059926] (cr3_moveit) StdoutLine: {'line': b'-- Installing: /home/huahai/dobot_ws/install/cr3_moveit/share/cr3_moveit/launch/move_group.launch.py\n'}
[6.060080] (cr3_moveit) StdoutLine: {'line': b'-- Installing: /home/huahai/dobot_ws/install/cr3_moveit/share/cr3_moveit/launch/warehouse_db.launch.py\n'}
[6.060147] (cr3_moveit) StdoutLine: {'line': b'-- Installing: /home/huahai/dobot_ws/install/cr3_moveit/share/cr3_moveit/config\n'}
[6.060273] (cr3_moveit) StdoutLine: {'line': b'-- Installing: /home/huahai/dobot_ws/install/cr3_moveit/share/cr3_moveit/config/joint_limits.yaml\n'}
[6.060487] (cr3_moveit) StdoutLine: {'line': b'-- Installing: /home/huahai/dobot_ws/install/cr3_moveit/share/cr3_moveit/config/moveit.rviz\n'}
[6.060645] (cr3_moveit) StdoutLine: {'line': b'-- Installing: /home/huahai/dobot_ws/install/cr3_moveit/share/cr3_moveit/config/cr3_robot.srdf\n'}
[6.060703] (cr3_moveit) StdoutLine: {'line': b'-- Installing: /home/huahai/dobot_ws/install/cr3_moveit/share/cr3_moveit/config/pilz_cartesian_limits.yaml\n'}
[6.060838] (cr3_moveit) StdoutLine: {'line': b'-- Installing: /home/huahai/dobot_ws/install/cr3_moveit/share/cr3_moveit/config/moveit_controllers.yaml\n'}
[6.061054] (cr3_moveit) StdoutLine: {'line': b'-- Installing: /home/huahai/dobot_ws/install/cr3_moveit/share/cr3_moveit/config/kinematics.yaml\n'}
[6.061109] (cr3_moveit) StdoutLine: {'line': b'-- Installing: /home/huahai/dobot_ws/install/cr3_moveit/share/cr3_moveit/config/initial_positions.yaml\n'}
[6.061298] (cr3_moveit) StdoutLine: {'line': b'-- Installing: /home/huahai/dobot_ws/install/cr3_moveit/share/cr3_moveit/config/cr3_robot.ros2_control.xacro\n'}
[6.061416] (cr3_moveit) StdoutLine: {'line': b'-- Installing: /home/huahai/dobot_ws/install/cr3_moveit/share/cr3_moveit/config/ros2_controllers.yaml\n'}
[6.061473] (cr3_moveit) StdoutLine: {'line': b'-- Installing: /home/huahai/dobot_ws/install/cr3_moveit/share/cr3_moveit/config/cr3_robot.urdf.xacro\n'}
[6.061796] (cr3_moveit) StdoutLine: {'line': b'-- Installing: /home/huahai/dobot_ws/install/cr3_moveit/share/cr3_moveit/.setup_assistant\n'}
[6.064906] (cr3_moveit) CommandEnded: {'returncode': 0}
[6.072404] (cr3_moveit) JobEnded: {'identifier': 'cr3_moveit', 'rc': 0}
[6.074867] (cr5_moveit) JobStarted: {'identifier': 'cr5_moveit'}
[6.078443] (cr5_moveit) JobProgress: {'identifier': 'cr5_moveit', 'progress': 'cmake'}
[6.078781] (cr5_moveit) Command: {'cmd': ['/usr/bin/cmake', '/home/huahai/dobot_ws/src/DOBOT_6Axis_ROS2_V3/cr5_moveit', '-DCMAKE_INSTALL_PREFIX=/home/huahai/dobot_ws/install/cr5_moveit'], 'cwd': '/home/huahai/dobot_ws/build/cr5_moveit', 'env': OrderedDict([('LESSOPEN', '| /usr/bin/lesspipe %s'), ('LANGUAGE', 'zh_CN:en_US:en'), ('USER', 'huahai'), ('SSH_CLIENT', '192.168.112.1 11931 22'), ('LC_TIME', 'zh_CN.UTF-8'), ('XDG_SESSION_TYPE', 'tty'), ('SHLVL', '1'), ('LD_LIBRARY_PATH', '/opt/ros/humble/opt/rviz_ogre_vendor/lib:/opt/ros/humble/lib/x86_64-linux-gnu:/opt/ros/humble/lib'), ('MOTD_SHOWN', 'pam'), ('HOME', '/home/huahai'), ('OLDPWD', '/home/huahai/dobot_ws/src'), ('SSH_TTY', '/dev/pts/2'), ('ROS_PYTHON_VERSION', '3'), ('LC_MONETARY', 'zh_CN.UTF-8'), ('DBUS_SESSION_BUS_ADDRESS', 'unix:path=/run/user/1000/bus'), ('ROS_DISTRO', 'humble'), ('LOGNAME', 'huahai'), ('_', '/usr/bin/colcon'), ('ROS_VERSION', '2'), ('XDG_SESSION_CLASS', 'user'), ('TERM', 'xterm-256color'), ('XDG_SESSION_ID', '8'), ('ROS_LOCALHOST_ONLY', '0'), ('PATH', '/opt/ros/humble/bin:/usr/local/sbin:/usr/local/bin:/usr/sbin:/usr/bin:/sbin:/bin:/usr/games:/usr/local/games:/snap/bin'), ('PAPERSIZE', 'a4'), ('LC_ADDRESS', 'zh_CN.UTF-8'), ('XDG_RUNTIME_DIR', '/run/user/1000'), ('LANG', 'zh_CN.UTF-8'), ('LC_TELEPHONE', 'zh_CN.UTF-8'), ('LS_COLORS', 'rs=0:di=01;34:ln=01;36:mh=00:pi=40;33:so=01;35:do=01;35:bd=40;33;01:cd=40;33;01:or=40;31;01:mi=00:su=37;41:sg=30;43:ca=30;41:tw=30;42:ow=34;42:st=37;44:ex=01;32:*.tar=01;31:*.tgz=01;31:*.arc=01;31:*.arj=01;31:*.taz=01;31:*.lha=01;31:*.lz4=01;31:*.lzh=01;31:*.lzma=01;31:*.tlz=01;31:*.txz=01;31:*.tzo=01;31:*.t7z=01;31:*.zip=01;31:*.z=01;31:*.dz=01;31:*.gz=01;31:*.lrz=01;31:*.lz=01;31:*.lzo=01;31:*.xz=01;31:*.zst=01;31:*.tzst=01;31:*.bz2=01;31:*.bz=01;31:*.tbz=01;31:*.tbz2=01;31:*.tz=01;31:*.deb=01;31:*.rpm=01;31:*.jar=01;31:*.war=01;31:*.ear=01;31:*.sar=01;31:*.rar=01;31:*.alz=01;31:*.ace=01;31:*.zoo=01;31:*.cpio=01;31:*.7z=01;31:*.rz=01;31:*.cab=01;31:*.wim=01;31:*.swm=01;31:*.dwm=01;31:*.esd=01;31:*.jpg=01;35:*.jpeg=01;35:*.mjpg=01;35:*.mjpeg=01;35:*.gif=01;35:*.bmp=01;35:*.pbm=01;35:*.pgm=01;35:*.ppm=01;35:*.tga=01;35:*.xbm=01;35:*.xpm=01;35:*.tif=01;35:*.tiff=01;35:*.png=01;35:*.svg=01;35:*.svgz=01;35:*.mng=01;35:*.pcx=01;35:*.mov=01;35:*.mpg=01;35:*.mpeg=01;35:*.m2v=01;35:*.mkv=01;35:*.webm=01;35:*.webp=01;35:*.ogm=01;35:*.mp4=01;35:*.m4v=01;35:*.mp4v=01;35:*.vob=01;35:*.qt=01;35:*.nuv=01;35:*.wmv=01;35:*.asf=01;35:*.rm=01;35:*.rmvb=01;35:*.flc=01;35:*.avi=01;35:*.fli=01;35:*.flv=01;35:*.gl=01;35:*.dl=01;35:*.xcf=01;35:*.xwd=01;35:*.yuv=01;35:*.cgm=01;35:*.emf=01;35:*.ogv=01;35:*.ogx=01;35:*.aac=00;36:*.au=00;36:*.flac=00;36:*.m4a=00;36:*.mid=00;36:*.midi=00;36:*.mka=00;36:*.mp3=00;36:*.mpc=00;36:*.ogg=00;36:*.ra=00;36:*.wav=00;36:*.oga=00;36:*.opus=00;36:*.spx=00;36:*.xspf=00;36:'), ('AMENT_PREFIX_PATH', '/home/huahai/dobot_ws/install/dobot_rviz:/opt/ros/humble'), ('SHELL', '/bin/bash'), ('LC_NAME', 'zh_CN.UTF-8'), ('LESSCLOSE', '/usr/bin/lesspipe %s %s'), ('LC_MEASUREMENT', 'zh_CN.UTF-8'), ('LC_IDENTIFICATION', 'zh_CN.UTF-8'), ('PWD', '/home/huahai/dobot_ws/build/cr5_moveit'), ('SSH_CONNECTION', '192.168.112.1 11931 192.168.124.127 22'), ('XDG_DATA_DIRS', '/usr/share/gnome:/usr/local/share:/usr/share:/var/lib/snapd/desktop'), ('PYTHONPATH', '/opt/ros/humble/lib/python3.10/site-packages:/opt/ros/humble/local/lib/python3.10/dist-packages'), ('LC_NUMERIC', 'zh_CN.UTF-8'), ('LC_PAPER', 'zh_CN.UTF-8'), ('COLCON', '1'), ('CMAKE_PREFIX_PATH', '/home/huahai/dobot_ws/install/dobot_rviz:/opt/ros/humble')]), 'shell': False}
[6.122368] (cr5_moveit) StdoutLine: {'line': b'-- The C compiler identification is GNU 11.4.0\n'}
[6.129962] (-) TimerEvent: {}
[6.166290] (cr5_moveit) StdoutLine: {'line': b'-- The CXX compiler identification is GNU 11.4.0\n'}
[6.173849] (cr5_moveit) StdoutLine: {'line': b'-- Detecting C compiler ABI info\n'}
[6.230067] (-) TimerEvent: {}
[6.232167] (cr5_moveit) StdoutLine: {'line': b'-- Detecting C compiler ABI info - done\n'}
[6.237021] (cr5_moveit) StdoutLine: {'line': b'-- Check for working C compiler: /usr/bin/cc - skipped\n'}
[6.237439] (cr5_moveit) StdoutLine: {'line': b'-- Detecting C compile features\n'}
[6.237872] (cr5_moveit) StdoutLine: {'line': b'-- Detecting C compile features - done\n'}
[6.239965] (cr5_moveit) StdoutLine: {'line': b'-- Detecting CXX compiler ABI info\n'}
[6.304565] (cr5_moveit) StdoutLine: {'line': b'-- Detecting CXX compiler ABI info - done\n'}
[6.309416] (cr5_moveit) StdoutLine: {'line': b'-- Check for working CXX compiler: /usr/bin/c++ - skipped\n'}
[6.309565] (cr5_moveit) StdoutLine: {'line': b'-- Detecting CXX compile features\n'}
[6.309964] (cr5_moveit) StdoutLine: {'line': b'-- Detecting CXX compile features - done\n'}
[6.311330] (cr5_moveit) StdoutLine: {'line': b'-- Found ament_cmake: 1.3.13 (/opt/ros/humble/share/ament_cmake/cmake)\n'}
[6.331847] (-) TimerEvent: {}
[6.432519] (-) TimerEvent: {}
[6.542407] (-) TimerEvent: {}
[6.573264] (cr5_moveit) StdoutLine: {'line': b'-- Found Python3: /usr/bin/python3 (found version "3.10.12") found components: Interpreter \n'}
[6.642503] (-) TimerEvent: {}
[6.676856] (cr5_moveit) StdoutLine: {'line': b'-- Configuring done\n'}
[6.677198] (cr5_moveit) StdoutLine: {'line': b'-- Generating done\n'}
[6.678859] (cr5_moveit) StdoutLine: {'line': b'-- Build files have been written to: /home/huahai/dobot_ws/build/cr5_moveit\n'}
[6.683935] (cr5_moveit) CommandEnded: {'returncode': 0}
[6.684171] (cr5_moveit) JobProgress: {'identifier': 'cr5_moveit', 'progress': 'build'}
[6.684187] (cr5_moveit) Command: {'cmd': ['/usr/bin/cmake', '--build', '/home/huahai/dobot_ws/build/cr5_moveit', '--', '-j2', '-l2'], 'cwd': '/home/huahai/dobot_ws/build/cr5_moveit', 'env': OrderedDict([('LESSOPEN', '| /usr/bin/lesspipe %s'), ('LANGUAGE', 'zh_CN:en_US:en'), ('USER', 'huahai'), ('SSH_CLIENT', '192.168.112.1 11931 22'), ('LC_TIME', 'zh_CN.UTF-8'), ('XDG_SESSION_TYPE', 'tty'), ('SHLVL', '1'), ('LD_LIBRARY_PATH', '/opt/ros/humble/opt/rviz_ogre_vendor/lib:/opt/ros/humble/lib/x86_64-linux-gnu:/opt/ros/humble/lib'), ('MOTD_SHOWN', 'pam'), ('HOME', '/home/huahai'), ('OLDPWD', '/home/huahai/dobot_ws/src'), ('SSH_TTY', '/dev/pts/2'), ('ROS_PYTHON_VERSION', '3'), ('LC_MONETARY', 'zh_CN.UTF-8'), ('DBUS_SESSION_BUS_ADDRESS', 'unix:path=/run/user/1000/bus'), ('ROS_DISTRO', 'humble'), ('LOGNAME', 'huahai'), ('_', '/usr/bin/colcon'), ('ROS_VERSION', '2'), ('XDG_SESSION_CLASS', 'user'), ('TERM', 'xterm-256color'), ('XDG_SESSION_ID', '8'), ('ROS_LOCALHOST_ONLY', '0'), ('PATH', '/opt/ros/humble/bin:/usr/local/sbin:/usr/local/bin:/usr/sbin:/usr/bin:/sbin:/bin:/usr/games:/usr/local/games:/snap/bin'), ('PAPERSIZE', 'a4'), ('LC_ADDRESS', 'zh_CN.UTF-8'), ('XDG_RUNTIME_DIR', '/run/user/1000'), ('LANG', 'zh_CN.UTF-8'), ('LC_TELEPHONE', 'zh_CN.UTF-8'), ('LS_COLORS', 'rs=0:di=01;34:ln=01;36:mh=00:pi=40;33:so=01;35:do=01;35:bd=40;33;01:cd=40;33;01:or=40;31;01:mi=00:su=37;41:sg=30;43:ca=30;41:tw=30;42:ow=34;42:st=37;44:ex=01;32:*.tar=01;31:*.tgz=01;31:*.arc=01;31:*.arj=01;31:*.taz=01;31:*.lha=01;31:*.lz4=01;31:*.lzh=01;31:*.lzma=01;31:*.tlz=01;31:*.txz=01;31:*.tzo=01;31:*.t7z=01;31:*.zip=01;31:*.z=01;31:*.dz=01;31:*.gz=01;31:*.lrz=01;31:*.lz=01;31:*.lzo=01;31:*.xz=01;31:*.zst=01;31:*.tzst=01;31:*.bz2=01;31:*.bz=01;31:*.tbz=01;31:*.tbz2=01;31:*.tz=01;31:*.deb=01;31:*.rpm=01;31:*.jar=01;31:*.war=01;31:*.ear=01;31:*.sar=01;31:*.rar=01;31:*.alz=01;31:*.ace=01;31:*.zoo=01;31:*.cpio=01;31:*.7z=01;31:*.rz=01;31:*.cab=01;31:*.wim=01;31:*.swm=01;31:*.dwm=01;31:*.esd=01;31:*.jpg=01;35:*.jpeg=01;35:*.mjpg=01;35:*.mjpeg=01;35:*.gif=01;35:*.bmp=01;35:*.pbm=01;35:*.pgm=01;35:*.ppm=01;35:*.tga=01;35:*.xbm=01;35:*.xpm=01;35:*.tif=01;35:*.tiff=01;35:*.png=01;35:*.svg=01;35:*.svgz=01;35:*.mng=01;35:*.pcx=01;35:*.mov=01;35:*.mpg=01;35:*.mpeg=01;35:*.m2v=01;35:*.mkv=01;35:*.webm=01;35:*.webp=01;35:*.ogm=01;35:*.mp4=01;35:*.m4v=01;35:*.mp4v=01;35:*.vob=01;35:*.qt=01;35:*.nuv=01;35:*.wmv=01;35:*.asf=01;35:*.rm=01;35:*.rmvb=01;35:*.flc=01;35:*.avi=01;35:*.fli=01;35:*.flv=01;35:*.gl=01;35:*.dl=01;35:*.xcf=01;35:*.xwd=01;35:*.yuv=01;35:*.cgm=01;35:*.emf=01;35:*.ogv=01;35:*.ogx=01;35:*.aac=00;36:*.au=00;36:*.flac=00;36:*.m4a=00;36:*.mid=00;36:*.midi=00;36:*.mka=00;36:*.mp3=00;36:*.mpc=00;36:*.ogg=00;36:*.ra=00;36:*.wav=00;36:*.oga=00;36:*.opus=00;36:*.spx=00;36:*.xspf=00;36:'), ('AMENT_PREFIX_PATH', '/home/huahai/dobot_ws/install/dobot_rviz:/opt/ros/humble'), ('SHELL', '/bin/bash'), ('LC_NAME', 'zh_CN.UTF-8'), ('LESSCLOSE', '/usr/bin/lesspipe %s %s'), ('LC_MEASUREMENT', 'zh_CN.UTF-8'), ('LC_IDENTIFICATION', 'zh_CN.UTF-8'), ('PWD', '/home/huahai/dobot_ws/build/cr5_moveit'), ('SSH_CONNECTION', '192.168.112.1 11931 192.168.124.127 22'), ('XDG_DATA_DIRS', '/usr/share/gnome:/usr/local/share:/usr/share:/var/lib/snapd/desktop'), ('PYTHONPATH', '/opt/ros/humble/lib/python3.10/site-packages:/opt/ros/humble/local/lib/python3.10/dist-packages'), ('LC_NUMERIC', 'zh_CN.UTF-8'), ('LC_PAPER', 'zh_CN.UTF-8'), ('COLCON', '1'), ('CMAKE_PREFIX_PATH', '/home/huahai/dobot_ws/install/dobot_rviz:/opt/ros/humble')]), 'shell': False}
[6.711644] (cr5_moveit) CommandEnded: {'returncode': 0}
[6.714883] (cr5_moveit) JobProgress: {'identifier': 'cr5_moveit', 'progress': 'install'}
[6.714915] (cr5_moveit) Command: {'cmd': ['/usr/bin/cmake', '--install', '/home/huahai/dobot_ws/build/cr5_moveit'], 'cwd': '/home/huahai/dobot_ws/build/cr5_moveit', 'env': OrderedDict([('LESSOPEN', '| /usr/bin/lesspipe %s'), ('LANGUAGE', 'zh_CN:en_US:en'), ('USER', 'huahai'), ('SSH_CLIENT', '192.168.112.1 11931 22'), ('LC_TIME', 'zh_CN.UTF-8'), ('XDG_SESSION_TYPE', 'tty'), ('SHLVL', '1'), ('LD_LIBRARY_PATH', '/opt/ros/humble/opt/rviz_ogre_vendor/lib:/opt/ros/humble/lib/x86_64-linux-gnu:/opt/ros/humble/lib'), ('MOTD_SHOWN', 'pam'), ('HOME', '/home/huahai'), ('OLDPWD', '/home/huahai/dobot_ws/src'), ('SSH_TTY', '/dev/pts/2'), ('ROS_PYTHON_VERSION', '3'), ('LC_MONETARY', 'zh_CN.UTF-8'), ('DBUS_SESSION_BUS_ADDRESS', 'unix:path=/run/user/1000/bus'), ('ROS_DISTRO', 'humble'), ('LOGNAME', 'huahai'), ('_', '/usr/bin/colcon'), ('ROS_VERSION', '2'), ('XDG_SESSION_CLASS', 'user'), ('TERM', 'xterm-256color'), ('XDG_SESSION_ID', '8'), ('ROS_LOCALHOST_ONLY', '0'), ('PATH', '/opt/ros/humble/bin:/usr/local/sbin:/usr/local/bin:/usr/sbin:/usr/bin:/sbin:/bin:/usr/games:/usr/local/games:/snap/bin'), ('PAPERSIZE', 'a4'), ('LC_ADDRESS', 'zh_CN.UTF-8'), ('XDG_RUNTIME_DIR', '/run/user/1000'), ('LANG', 'zh_CN.UTF-8'), ('LC_TELEPHONE', 'zh_CN.UTF-8'), ('LS_COLORS', 'rs=0:di=01;34:ln=01;36:mh=00:pi=40;33:so=01;35:do=01;35:bd=40;33;01:cd=40;33;01:or=40;31;01:mi=00:su=37;41:sg=30;43:ca=30;41:tw=30;42:ow=34;42:st=37;44:ex=01;32:*.tar=01;31:*.tgz=01;31:*.arc=01;31:*.arj=01;31:*.taz=01;31:*.lha=01;31:*.lz4=01;31:*.lzh=01;31:*.lzma=01;31:*.tlz=01;31:*.txz=01;31:*.tzo=01;31:*.t7z=01;31:*.zip=01;31:*.z=01;31:*.dz=01;31:*.gz=01;31:*.lrz=01;31:*.lz=01;31:*.lzo=01;31:*.xz=01;31:*.zst=01;31:*.tzst=01;31:*.bz2=01;31:*.bz=01;31:*.tbz=01;31:*.tbz2=01;31:*.tz=01;31:*.deb=01;31:*.rpm=01;31:*.jar=01;31:*.war=01;31:*.ear=01;31:*.sar=01;31:*.rar=01;31:*.alz=01;31:*.ace=01;31:*.zoo=01;31:*.cpio=01;31:*.7z=01;31:*.rz=01;31:*.cab=01;31:*.wim=01;31:*.swm=01;31:*.dwm=01;31:*.esd=01;31:*.jpg=01;35:*.jpeg=01;35:*.mjpg=01;35:*.mjpeg=01;35:*.gif=01;35:*.bmp=01;35:*.pbm=01;35:*.pgm=01;35:*.ppm=01;35:*.tga=01;35:*.xbm=01;35:*.xpm=01;35:*.tif=01;35:*.tiff=01;35:*.png=01;35:*.svg=01;35:*.svgz=01;35:*.mng=01;35:*.pcx=01;35:*.mov=01;35:*.mpg=01;35:*.mpeg=01;35:*.m2v=01;35:*.mkv=01;35:*.webm=01;35:*.webp=01;35:*.ogm=01;35:*.mp4=01;35:*.m4v=01;35:*.mp4v=01;35:*.vob=01;35:*.qt=01;35:*.nuv=01;35:*.wmv=01;35:*.asf=01;35:*.rm=01;35:*.rmvb=01;35:*.flc=01;35:*.avi=01;35:*.fli=01;35:*.flv=01;35:*.gl=01;35:*.dl=01;35:*.xcf=01;35:*.xwd=01;35:*.yuv=01;35:*.cgm=01;35:*.emf=01;35:*.ogv=01;35:*.ogx=01;35:*.aac=00;36:*.au=00;36:*.flac=00;36:*.m4a=00;36:*.mid=00;36:*.midi=00;36:*.mka=00;36:*.mp3=00;36:*.mpc=00;36:*.ogg=00;36:*.ra=00;36:*.wav=00;36:*.oga=00;36:*.opus=00;36:*.spx=00;36:*.xspf=00;36:'), ('AMENT_PREFIX_PATH', '/home/huahai/dobot_ws/install/dobot_rviz:/opt/ros/humble'), ('SHELL', '/bin/bash'), ('LC_NAME', 'zh_CN.UTF-8'), ('LESSCLOSE', '/usr/bin/lesspipe %s %s'), ('LC_MEASUREMENT', 'zh_CN.UTF-8'), ('LC_IDENTIFICATION', 'zh_CN.UTF-8'), ('PWD', '/home/huahai/dobot_ws/build/cr5_moveit'), ('SSH_CONNECTION', '192.168.112.1 11931 192.168.124.127 22'), ('XDG_DATA_DIRS', '/usr/share/gnome:/usr/local/share:/usr/share:/var/lib/snapd/desktop'), ('PYTHONPATH', '/opt/ros/humble/lib/python3.10/site-packages:/opt/ros/humble/local/lib/python3.10/dist-packages'), ('LC_NUMERIC', 'zh_CN.UTF-8'), ('LC_PAPER', 'zh_CN.UTF-8'), ('COLCON', '1'), ('CMAKE_PREFIX_PATH', '/home/huahai/dobot_ws/install/dobot_rviz:/opt/ros/humble')]), 'shell': False}
[6.718684] (cr5_moveit) StdoutLine: {'line': b'-- Install configuration: ""\n'}
[6.718957] (cr5_moveit) StdoutLine: {'line': b'-- Installing: /home/huahai/dobot_ws/install/cr5_moveit/share/ament_index/resource_index/package_run_dependencies/cr5_moveit\n'}
[6.719187] (cr5_moveit) StdoutLine: {'line': b'-- Installing: /home/huahai/dobot_ws/install/cr5_moveit/share/ament_index/resource_index/parent_prefix_path/cr5_moveit\n'}
[6.719381] (cr5_moveit) StdoutLine: {'line': b'-- Installing: /home/huahai/dobot_ws/install/cr5_moveit/share/cr5_moveit/environment/ament_prefix_path.sh\n'}
[6.719538] (cr5_moveit) StdoutLine: {'line': b'-- Installing: /home/huahai/dobot_ws/install/cr5_moveit/share/cr5_moveit/environment/ament_prefix_path.dsv\n'}
[6.719688] (cr5_moveit) StdoutLine: {'line': b'-- Installing: /home/huahai/dobot_ws/install/cr5_moveit/share/cr5_moveit/environment/path.sh\n'}
[6.719880] (cr5_moveit) StdoutLine: {'line': b'-- Installing: /home/huahai/dobot_ws/install/cr5_moveit/share/cr5_moveit/environment/path.dsv\n'}
[6.720047] (cr5_moveit) StdoutLine: {'line': b'-- Installing: /home/huahai/dobot_ws/install/cr5_moveit/share/cr5_moveit/local_setup.bash\n'}
[6.720259] (cr5_moveit) StdoutLine: {'line': b'-- Installing: /home/huahai/dobot_ws/install/cr5_moveit/share/cr5_moveit/local_setup.sh\n'}
[6.720318] (cr5_moveit) StdoutLine: {'line': b'-- Installing: /home/huahai/dobot_ws/install/cr5_moveit/share/cr5_moveit/local_setup.zsh\n'}
[6.720518] (cr5_moveit) StdoutLine: {'line': b'-- Installing: /home/huahai/dobot_ws/install/cr5_moveit/share/cr5_moveit/local_setup.dsv\n'}
[6.720676] (cr5_moveit) StdoutLine: {'line': b'-- Installing: /home/huahai/dobot_ws/install/cr5_moveit/share/cr5_moveit/package.dsv\n'}
[6.720738] (cr5_moveit) StdoutLine: {'line': b'-- Installing: /home/huahai/dobot_ws/install/cr5_moveit/share/ament_index/resource_index/packages/cr5_moveit\n'}
[6.720917] (cr5_moveit) StdoutLine: {'line': b'-- Installing: /home/huahai/dobot_ws/install/cr5_moveit/share/cr5_moveit/cmake/cr5_moveitConfig.cmake\n'}
[6.721127] (cr5_moveit) StdoutLine: {'line': b'-- Installing: /home/huahai/dobot_ws/install/cr5_moveit/share/cr5_moveit/cmake/cr5_moveitConfig-version.cmake\n'}
[6.721186] (cr5_moveit) StdoutLine: {'line': b'-- Installing: /home/huahai/dobot_ws/install/cr5_moveit/share/cr5_moveit/package.xml\n'}
[6.721319] (cr5_moveit) StdoutLine: {'line': b'-- Installing: /home/huahai/dobot_ws/install/cr5_moveit/share/cr5_moveit/launch\n'}
[6.721492] (cr5_moveit) StdoutLine: {'line': b'-- Installing: /home/huahai/dobot_ws/install/cr5_moveit/share/cr5_moveit/launch/moveit_rviz.launch.py\n'}
[6.721615] (cr5_moveit) StdoutLine: {'line': b'-- Installing: /home/huahai/dobot_ws/install/cr5_moveit/share/cr5_moveit/launch/dobot_moveit.launch.py\n'}
[6.721667] (cr5_moveit) StdoutLine: {'line': b'-- Installing: /home/huahai/dobot_ws/install/cr5_moveit/share/cr5_moveit/launch/moveit_gazebo.launch.py\n'}
[6.721873] (cr5_moveit) StdoutLine: {'line': b'-- Installing: /home/huahai/dobot_ws/install/cr5_moveit/share/cr5_moveit/launch/demo.launch.py\n'}
[6.722034] (cr5_moveit) StdoutLine: {'line': b'-- Installing: /home/huahai/dobot_ws/install/cr5_moveit/share/cr5_moveit/launch/setup_assistant.launch.py\n'}
[6.722159] (cr5_moveit) StdoutLine: {'line': b'-- Installing: /home/huahai/dobot_ws/install/cr5_moveit/share/cr5_moveit/launch/rsp.launch.py\n'}
[6.722212] (cr5_moveit) StdoutLine: {'line': b'-- Installing: /home/huahai/dobot_ws/install/cr5_moveit/share/cr5_moveit/launch/static_virtual_joint_tfs.launch.py\n'}
[6.722324] (cr5_moveit) StdoutLine: {'line': b'-- Installing: /home/huahai/dobot_ws/install/cr5_moveit/share/cr5_moveit/launch/spawn_controllers.launch.py\n'}
[6.722483] (cr5_moveit) StdoutLine: {'line': b'-- Installing: /home/huahai/dobot_ws/install/cr5_moveit/share/cr5_moveit/launch/move_group.launch.py\n'}
[6.722533] (cr5_moveit) StdoutLine: {'line': b'-- Installing: /home/huahai/dobot_ws/install/cr5_moveit/share/cr5_moveit/launch/warehouse_db.launch.py\n'}
[6.722714] (cr5_moveit) StdoutLine: {'line': b'-- Installing: /home/huahai/dobot_ws/install/cr5_moveit/share/cr5_moveit/config\n'}
[6.722850] (cr5_moveit) StdoutLine: {'line': b'-- Installing: /home/huahai/dobot_ws/install/cr5_moveit/share/cr5_moveit/config/joint_limits.yaml\n'}
[6.722978] (cr5_moveit) StdoutLine: {'line': b'-- Installing: /home/huahai/dobot_ws/install/cr5_moveit/share/cr5_moveit/config/moveit.rviz\n'}
[6.723029] (cr5_moveit) StdoutLine: {'line': b'-- Installing: /home/huahai/dobot_ws/install/cr5_moveit/share/cr5_moveit/config/pilz_cartesian_limits.yaml\n'}
[6.723195] (cr5_moveit) StdoutLine: {'line': b'-- Installing: /home/huahai/dobot_ws/install/cr5_moveit/share/cr5_moveit/config/moveit_controllers.yaml\n'}
[6.723249] (cr5_moveit) StdoutLine: {'line': b'-- Installing: /home/huahai/dobot_ws/install/cr5_moveit/share/cr5_moveit/config/kinematics.yaml\n'}
[6.723429] (cr5_moveit) StdoutLine: {'line': b'-- Installing: /home/huahai/dobot_ws/install/cr5_moveit/share/cr5_moveit/config/cr5_robot.ros2_control.xacro\n'}
[6.723489] (cr5_moveit) StdoutLine: {'line': b'-- Installing: /home/huahai/dobot_ws/install/cr5_moveit/share/cr5_moveit/config/cr5_robot.urdf.xacro\n'}
[6.723595] (cr5_moveit) StdoutLine: {'line': b'-- Installing: /home/huahai/dobot_ws/install/cr5_moveit/share/cr5_moveit/config/initial_positions.yaml\n'}
[6.723758] (cr5_moveit) StdoutLine: {'line': b'-- Installing: /home/huahai/dobot_ws/install/cr5_moveit/share/cr5_moveit/config/cr5_robot.srdf\n'}
[6.723846] (cr5_moveit) StdoutLine: {'line': b'-- Installing: /home/huahai/dobot_ws/install/cr5_moveit/share/cr5_moveit/config/ros2_controllers.yaml\n'}
[6.726938] (cr5_moveit) StdoutLine: {'line': b'-- Installing: /home/huahai/dobot_ws/install/cr5_moveit/share/cr5_moveit/.setup_assistant\n'}
[6.727010] (cr5_moveit) CommandEnded: {'returncode': 0}
[6.735846] (cr5_moveit) JobEnded: {'identifier': 'cr5_moveit', 'rc': 0}
[6.736993] (cr7_moveit) JobStarted: {'identifier': 'cr7_moveit'}
[6.742675] (-) TimerEvent: {}
[6.745934] (cr7_moveit) JobProgress: {'identifier': 'cr7_moveit', 'progress': 'cmake'}
[6.745978] (cr7_moveit) Command: {'cmd': ['/usr/bin/cmake', '/home/huahai/dobot_ws/src/DOBOT_6Axis_ROS2_V3/cr7_moveit', '-DCMAKE_INSTALL_PREFIX=/home/huahai/dobot_ws/install/cr7_moveit'], 'cwd': '/home/huahai/dobot_ws/build/cr7_moveit', 'env': OrderedDict([('LESSOPEN', '| /usr/bin/lesspipe %s'), ('LANGUAGE', 'zh_CN:en_US:en'), ('USER', 'huahai'), ('SSH_CLIENT', '192.168.112.1 11931 22'), ('LC_TIME', 'zh_CN.UTF-8'), ('XDG_SESSION_TYPE', 'tty'), ('SHLVL', '1'), ('LD_LIBRARY_PATH', '/opt/ros/humble/opt/rviz_ogre_vendor/lib:/opt/ros/humble/lib/x86_64-linux-gnu:/opt/ros/humble/lib'), ('MOTD_SHOWN', 'pam'), ('HOME', '/home/huahai'), ('OLDPWD', '/home/huahai/dobot_ws/src'), ('SSH_TTY', '/dev/pts/2'), ('ROS_PYTHON_VERSION', '3'), ('LC_MONETARY', 'zh_CN.UTF-8'), ('DBUS_SESSION_BUS_ADDRESS', 'unix:path=/run/user/1000/bus'), ('ROS_DISTRO', 'humble'), ('LOGNAME', 'huahai'), ('_', '/usr/bin/colcon'), ('ROS_VERSION', '2'), ('XDG_SESSION_CLASS', 'user'), ('TERM', 'xterm-256color'), ('XDG_SESSION_ID', '8'), ('ROS_LOCALHOST_ONLY', '0'), ('PATH', '/opt/ros/humble/bin:/usr/local/sbin:/usr/local/bin:/usr/sbin:/usr/bin:/sbin:/bin:/usr/games:/usr/local/games:/snap/bin'), ('PAPERSIZE', 'a4'), ('LC_ADDRESS', 'zh_CN.UTF-8'), ('XDG_RUNTIME_DIR', '/run/user/1000'), ('LANG', 'zh_CN.UTF-8'), ('LC_TELEPHONE', 'zh_CN.UTF-8'), ('LS_COLORS', 'rs=0:di=01;34:ln=01;36:mh=00:pi=40;33:so=01;35:do=01;35:bd=40;33;01:cd=40;33;01:or=40;31;01:mi=00:su=37;41:sg=30;43:ca=30;41:tw=30;42:ow=34;42:st=37;44:ex=01;32:*.tar=01;31:*.tgz=01;31:*.arc=01;31:*.arj=01;31:*.taz=01;31:*.lha=01;31:*.lz4=01;31:*.lzh=01;31:*.lzma=01;31:*.tlz=01;31:*.txz=01;31:*.tzo=01;31:*.t7z=01;31:*.zip=01;31:*.z=01;31:*.dz=01;31:*.gz=01;31:*.lrz=01;31:*.lz=01;31:*.lzo=01;31:*.xz=01;31:*.zst=01;31:*.tzst=01;31:*.bz2=01;31:*.bz=01;31:*.tbz=01;31:*.tbz2=01;31:*.tz=01;31:*.deb=01;31:*.rpm=01;31:*.jar=01;31:*.war=01;31:*.ear=01;31:*.sar=01;31:*.rar=01;31:*.alz=01;31:*.ace=01;31:*.zoo=01;31:*.cpio=01;31:*.7z=01;31:*.rz=01;31:*.cab=01;31:*.wim=01;31:*.swm=01;31:*.dwm=01;31:*.esd=01;31:*.jpg=01;35:*.jpeg=01;35:*.mjpg=01;35:*.mjpeg=01;35:*.gif=01;35:*.bmp=01;35:*.pbm=01;35:*.pgm=01;35:*.ppm=01;35:*.tga=01;35:*.xbm=01;35:*.xpm=01;35:*.tif=01;35:*.tiff=01;35:*.png=01;35:*.svg=01;35:*.svgz=01;35:*.mng=01;35:*.pcx=01;35:*.mov=01;35:*.mpg=01;35:*.mpeg=01;35:*.m2v=01;35:*.mkv=01;35:*.webm=01;35:*.webp=01;35:*.ogm=01;35:*.mp4=01;35:*.m4v=01;35:*.mp4v=01;35:*.vob=01;35:*.qt=01;35:*.nuv=01;35:*.wmv=01;35:*.asf=01;35:*.rm=01;35:*.rmvb=01;35:*.flc=01;35:*.avi=01;35:*.fli=01;35:*.flv=01;35:*.gl=01;35:*.dl=01;35:*.xcf=01;35:*.xwd=01;35:*.yuv=01;35:*.cgm=01;35:*.emf=01;35:*.ogv=01;35:*.ogx=01;35:*.aac=00;36:*.au=00;36:*.flac=00;36:*.m4a=00;36:*.mid=00;36:*.midi=00;36:*.mka=00;36:*.mp3=00;36:*.mpc=00;36:*.ogg=00;36:*.ra=00;36:*.wav=00;36:*.oga=00;36:*.opus=00;36:*.spx=00;36:*.xspf=00;36:'), ('AMENT_PREFIX_PATH', '/home/huahai/dobot_ws/install/dobot_rviz:/opt/ros/humble'), ('SHELL', '/bin/bash'), ('LC_NAME', 'zh_CN.UTF-8'), ('LESSCLOSE', '/usr/bin/lesspipe %s %s'), ('LC_MEASUREMENT', 'zh_CN.UTF-8'), ('LC_IDENTIFICATION', 'zh_CN.UTF-8'), ('PWD', '/home/huahai/dobot_ws/build/cr7_moveit'), ('SSH_CONNECTION', '192.168.112.1 11931 192.168.124.127 22'), ('XDG_DATA_DIRS', '/usr/share/gnome:/usr/local/share:/usr/share:/var/lib/snapd/desktop'), ('PYTHONPATH', '/opt/ros/humble/lib/python3.10/site-packages:/opt/ros/humble/local/lib/python3.10/dist-packages'), ('LC_NUMERIC', 'zh_CN.UTF-8'), ('LC_PAPER', 'zh_CN.UTF-8'), ('COLCON', '1'), ('CMAKE_PREFIX_PATH', '/home/huahai/dobot_ws/install/dobot_rviz:/opt/ros/humble')]), 'shell': False}
[6.787817] (cr7_moveit) StdoutLine: {'line': b'-- The C compiler identification is GNU 11.4.0\n'}
[6.828047] (cr7_moveit) StdoutLine: {'line': b'-- The CXX compiler identification is GNU 11.4.0\n'}
[6.833999] (cr7_moveit) StdoutLine: {'line': b'-- Detecting C compiler ABI info\n'}
[6.842781] (-) TimerEvent: {}
[6.893425] (cr7_moveit) StdoutLine: {'line': b'-- Detecting C compiler ABI info - done\n'}
[6.897913] (cr7_moveit) StdoutLine: {'line': b'-- Check for working C compiler: /usr/bin/cc - skipped\n'}
[6.898366] (cr7_moveit) StdoutLine: {'line': b'-- Detecting C compile features\n'}
[6.900794] (cr7_moveit) StdoutLine: {'line': b'-- Detecting C compile features - done\n'}
[6.902816] (cr7_moveit) StdoutLine: {'line': b'-- Detecting CXX compiler ABI info\n'}
[6.942928] (-) TimerEvent: {}
[6.965865] (cr7_moveit) StdoutLine: {'line': b'-- Detecting CXX compiler ABI info - done\n'}
[6.969882] (cr7_moveit) StdoutLine: {'line': b'-- Check for working CXX compiler: /usr/bin/c++ - skipped\n'}
[6.970406] (cr7_moveit) StdoutLine: {'line': b'-- Detecting CXX compile features\n'}
[6.971829] (cr7_moveit) StdoutLine: {'line': b'-- Detecting CXX compile features - done\n'}
[6.973017] (cr7_moveit) StdoutLine: {'line': b'-- Found ament_cmake: 1.3.13 (/opt/ros/humble/share/ament_cmake/cmake)\n'}
[7.043027] (-) TimerEvent: {}
[7.095862] (cr7_moveit) StdoutLine: {'line': b'-- Found Python3: /usr/bin/python3 (found version "3.10.12") found components: Interpreter \n'}
[7.143126] (-) TimerEvent: {}
[7.244325] (-) TimerEvent: {}
[7.316800] (cr7_moveit) StdoutLine: {'line': b'-- Configuring done\n'}
[7.320188] (cr7_moveit) StdoutLine: {'line': b'-- Generating done\n'}
[7.320338] (cr7_moveit) StdoutLine: {'line': b'-- Build files have been written to: /home/huahai/dobot_ws/build/cr7_moveit\n'}
[7.327461] (cr7_moveit) CommandEnded: {'returncode': 0}
[7.331079] (cr7_moveit) JobProgress: {'identifier': 'cr7_moveit', 'progress': 'build'}
[7.331127] (cr7_moveit) Command: {'cmd': ['/usr/bin/cmake', '--build', '/home/huahai/dobot_ws/build/cr7_moveit', '--', '-j2', '-l2'], 'cwd': '/home/huahai/dobot_ws/build/cr7_moveit', 'env': OrderedDict([('LESSOPEN', '| /usr/bin/lesspipe %s'), ('LANGUAGE', 'zh_CN:en_US:en'), ('USER', 'huahai'), ('SSH_CLIENT', '192.168.112.1 11931 22'), ('LC_TIME', 'zh_CN.UTF-8'), ('XDG_SESSION_TYPE', 'tty'), ('SHLVL', '1'), ('LD_LIBRARY_PATH', '/opt/ros/humble/opt/rviz_ogre_vendor/lib:/opt/ros/humble/lib/x86_64-linux-gnu:/opt/ros/humble/lib'), ('MOTD_SHOWN', 'pam'), ('HOME', '/home/huahai'), ('OLDPWD', '/home/huahai/dobot_ws/src'), ('SSH_TTY', '/dev/pts/2'), ('ROS_PYTHON_VERSION', '3'), ('LC_MONETARY', 'zh_CN.UTF-8'), ('DBUS_SESSION_BUS_ADDRESS', 'unix:path=/run/user/1000/bus'), ('ROS_DISTRO', 'humble'), ('LOGNAME', 'huahai'), ('_', '/usr/bin/colcon'), ('ROS_VERSION', '2'), ('XDG_SESSION_CLASS', 'user'), ('TERM', 'xterm-256color'), ('XDG_SESSION_ID', '8'), ('ROS_LOCALHOST_ONLY', '0'), ('PATH', '/opt/ros/humble/bin:/usr/local/sbin:/usr/local/bin:/usr/sbin:/usr/bin:/sbin:/bin:/usr/games:/usr/local/games:/snap/bin'), ('PAPERSIZE', 'a4'), ('LC_ADDRESS', 'zh_CN.UTF-8'), ('XDG_RUNTIME_DIR', '/run/user/1000'), ('LANG', 'zh_CN.UTF-8'), ('LC_TELEPHONE', 'zh_CN.UTF-8'), ('LS_COLORS', 'rs=0:di=01;34:ln=01;36:mh=00:pi=40;33:so=01;35:do=01;35:bd=40;33;01:cd=40;33;01:or=40;31;01:mi=00:su=37;41:sg=30;43:ca=30;41:tw=30;42:ow=34;42:st=37;44:ex=01;32:*.tar=01;31:*.tgz=01;31:*.arc=01;31:*.arj=01;31:*.taz=01;31:*.lha=01;31:*.lz4=01;31:*.lzh=01;31:*.lzma=01;31:*.tlz=01;31:*.txz=01;31:*.tzo=01;31:*.t7z=01;31:*.zip=01;31:*.z=01;31:*.dz=01;31:*.gz=01;31:*.lrz=01;31:*.lz=01;31:*.lzo=01;31:*.xz=01;31:*.zst=01;31:*.tzst=01;31:*.bz2=01;31:*.bz=01;31:*.tbz=01;31:*.tbz2=01;31:*.tz=01;31:*.deb=01;31:*.rpm=01;31:*.jar=01;31:*.war=01;31:*.ear=01;31:*.sar=01;31:*.rar=01;31:*.alz=01;31:*.ace=01;31:*.zoo=01;31:*.cpio=01;31:*.7z=01;31:*.rz=01;31:*.cab=01;31:*.wim=01;31:*.swm=01;31:*.dwm=01;31:*.esd=01;31:*.jpg=01;35:*.jpeg=01;35:*.mjpg=01;35:*.mjpeg=01;35:*.gif=01;35:*.bmp=01;35:*.pbm=01;35:*.pgm=01;35:*.ppm=01;35:*.tga=01;35:*.xbm=01;35:*.xpm=01;35:*.tif=01;35:*.tiff=01;35:*.png=01;35:*.svg=01;35:*.svgz=01;35:*.mng=01;35:*.pcx=01;35:*.mov=01;35:*.mpg=01;35:*.mpeg=01;35:*.m2v=01;35:*.mkv=01;35:*.webm=01;35:*.webp=01;35:*.ogm=01;35:*.mp4=01;35:*.m4v=01;35:*.mp4v=01;35:*.vob=01;35:*.qt=01;35:*.nuv=01;35:*.wmv=01;35:*.asf=01;35:*.rm=01;35:*.rmvb=01;35:*.flc=01;35:*.avi=01;35:*.fli=01;35:*.flv=01;35:*.gl=01;35:*.dl=01;35:*.xcf=01;35:*.xwd=01;35:*.yuv=01;35:*.cgm=01;35:*.emf=01;35:*.ogv=01;35:*.ogx=01;35:*.aac=00;36:*.au=00;36:*.flac=00;36:*.m4a=00;36:*.mid=00;36:*.midi=00;36:*.mka=00;36:*.mp3=00;36:*.mpc=00;36:*.ogg=00;36:*.ra=00;36:*.wav=00;36:*.oga=00;36:*.opus=00;36:*.spx=00;36:*.xspf=00;36:'), ('AMENT_PREFIX_PATH', '/home/huahai/dobot_ws/install/dobot_rviz:/opt/ros/humble'), ('SHELL', '/bin/bash'), ('LC_NAME', 'zh_CN.UTF-8'), ('LESSCLOSE', '/usr/bin/lesspipe %s %s'), ('LC_MEASUREMENT', 'zh_CN.UTF-8'), ('LC_IDENTIFICATION', 'zh_CN.UTF-8'), ('PWD', '/home/huahai/dobot_ws/build/cr7_moveit'), ('SSH_CONNECTION', '192.168.112.1 11931 192.168.124.127 22'), ('XDG_DATA_DIRS', '/usr/share/gnome:/usr/local/share:/usr/share:/var/lib/snapd/desktop'), ('PYTHONPATH', '/opt/ros/humble/lib/python3.10/site-packages:/opt/ros/humble/local/lib/python3.10/dist-packages'), ('LC_NUMERIC', 'zh_CN.UTF-8'), ('LC_PAPER', 'zh_CN.UTF-8'), ('COLCON', '1'), ('CMAKE_PREFIX_PATH', '/home/huahai/dobot_ws/install/dobot_rviz:/opt/ros/humble')]), 'shell': False}
[7.344427] (-) TimerEvent: {}
[7.401899] (cr7_moveit) CommandEnded: {'returncode': 0}
[7.402144] (cr7_moveit) JobProgress: {'identifier': 'cr7_moveit', 'progress': 'install'}
[7.402163] (cr7_moveit) Command: {'cmd': ['/usr/bin/cmake', '--install', '/home/huahai/dobot_ws/build/cr7_moveit'], 'cwd': '/home/huahai/dobot_ws/build/cr7_moveit', 'env': OrderedDict([('LESSOPEN', '| /usr/bin/lesspipe %s'), ('LANGUAGE', 'zh_CN:en_US:en'), ('USER', 'huahai'), ('SSH_CLIENT', '192.168.112.1 11931 22'), ('LC_TIME', 'zh_CN.UTF-8'), ('XDG_SESSION_TYPE', 'tty'), ('SHLVL', '1'), ('LD_LIBRARY_PATH', '/opt/ros/humble/opt/rviz_ogre_vendor/lib:/opt/ros/humble/lib/x86_64-linux-gnu:/opt/ros/humble/lib'), ('MOTD_SHOWN', 'pam'), ('HOME', '/home/huahai'), ('OLDPWD', '/home/huahai/dobot_ws/src'), ('SSH_TTY', '/dev/pts/2'), ('ROS_PYTHON_VERSION', '3'), ('LC_MONETARY', 'zh_CN.UTF-8'), ('DBUS_SESSION_BUS_ADDRESS', 'unix:path=/run/user/1000/bus'), ('ROS_DISTRO', 'humble'), ('LOGNAME', 'huahai'), ('_', '/usr/bin/colcon'), ('ROS_VERSION', '2'), ('XDG_SESSION_CLASS', 'user'), ('TERM', 'xterm-256color'), ('XDG_SESSION_ID', '8'), ('ROS_LOCALHOST_ONLY', '0'), ('PATH', '/opt/ros/humble/bin:/usr/local/sbin:/usr/local/bin:/usr/sbin:/usr/bin:/sbin:/bin:/usr/games:/usr/local/games:/snap/bin'), ('PAPERSIZE', 'a4'), ('LC_ADDRESS', 'zh_CN.UTF-8'), ('XDG_RUNTIME_DIR', '/run/user/1000'), ('LANG', 'zh_CN.UTF-8'), ('LC_TELEPHONE', 'zh_CN.UTF-8'), ('LS_COLORS', 'rs=0:di=01;34:ln=01;36:mh=00:pi=40;33:so=01;35:do=01;35:bd=40;33;01:cd=40;33;01:or=40;31;01:mi=00:su=37;41:sg=30;43:ca=30;41:tw=30;42:ow=34;42:st=37;44:ex=01;32:*.tar=01;31:*.tgz=01;31:*.arc=01;31:*.arj=01;31:*.taz=01;31:*.lha=01;31:*.lz4=01;31:*.lzh=01;31:*.lzma=01;31:*.tlz=01;31:*.txz=01;31:*.tzo=01;31:*.t7z=01;31:*.zip=01;31:*.z=01;31:*.dz=01;31:*.gz=01;31:*.lrz=01;31:*.lz=01;31:*.lzo=01;31:*.xz=01;31:*.zst=01;31:*.tzst=01;31:*.bz2=01;31:*.bz=01;31:*.tbz=01;31:*.tbz2=01;31:*.tz=01;31:*.deb=01;31:*.rpm=01;31:*.jar=01;31:*.war=01;31:*.ear=01;31:*.sar=01;31:*.rar=01;31:*.alz=01;31:*.ace=01;31:*.zoo=01;31:*.cpio=01;31:*.7z=01;31:*.rz=01;31:*.cab=01;31:*.wim=01;31:*.swm=01;31:*.dwm=01;31:*.esd=01;31:*.jpg=01;35:*.jpeg=01;35:*.mjpg=01;35:*.mjpeg=01;35:*.gif=01;35:*.bmp=01;35:*.pbm=01;35:*.pgm=01;35:*.ppm=01;35:*.tga=01;35:*.xbm=01;35:*.xpm=01;35:*.tif=01;35:*.tiff=01;35:*.png=01;35:*.svg=01;35:*.svgz=01;35:*.mng=01;35:*.pcx=01;35:*.mov=01;35:*.mpg=01;35:*.mpeg=01;35:*.m2v=01;35:*.mkv=01;35:*.webm=01;35:*.webp=01;35:*.ogm=01;35:*.mp4=01;35:*.m4v=01;35:*.mp4v=01;35:*.vob=01;35:*.qt=01;35:*.nuv=01;35:*.wmv=01;35:*.asf=01;35:*.rm=01;35:*.rmvb=01;35:*.flc=01;35:*.avi=01;35:*.fli=01;35:*.flv=01;35:*.gl=01;35:*.dl=01;35:*.xcf=01;35:*.xwd=01;35:*.yuv=01;35:*.cgm=01;35:*.emf=01;35:*.ogv=01;35:*.ogx=01;35:*.aac=00;36:*.au=00;36:*.flac=00;36:*.m4a=00;36:*.mid=00;36:*.midi=00;36:*.mka=00;36:*.mp3=00;36:*.mpc=00;36:*.ogg=00;36:*.ra=00;36:*.wav=00;36:*.oga=00;36:*.opus=00;36:*.spx=00;36:*.xspf=00;36:'), ('AMENT_PREFIX_PATH', '/home/huahai/dobot_ws/install/dobot_rviz:/opt/ros/humble'), ('SHELL', '/bin/bash'), ('LC_NAME', 'zh_CN.UTF-8'), ('LESSCLOSE', '/usr/bin/lesspipe %s %s'), ('LC_MEASUREMENT', 'zh_CN.UTF-8'), ('LC_IDENTIFICATION', 'zh_CN.UTF-8'), ('PWD', '/home/huahai/dobot_ws/build/cr7_moveit'), ('SSH_CONNECTION', '192.168.112.1 11931 192.168.124.127 22'), ('XDG_DATA_DIRS', '/usr/share/gnome:/usr/local/share:/usr/share:/var/lib/snapd/desktop'), ('PYTHONPATH', '/opt/ros/humble/lib/python3.10/site-packages:/opt/ros/humble/local/lib/python3.10/dist-packages'), ('LC_NUMERIC', 'zh_CN.UTF-8'), ('LC_PAPER', 'zh_CN.UTF-8'), ('COLCON', '1'), ('CMAKE_PREFIX_PATH', '/home/huahai/dobot_ws/install/dobot_rviz:/opt/ros/humble')]), 'shell': False}
[7.414188] (cr7_moveit) StdoutLine: {'line': b'-- Install configuration: ""\n'}
[7.414311] (cr7_moveit) StdoutLine: {'line': b'-- Installing: /home/huahai/dobot_ws/install/cr7_moveit/share/ament_index/resource_index/package_run_dependencies/cr7_moveit\n'}
[7.414352] (cr7_moveit) StdoutLine: {'line': b'-- Installing: /home/huahai/dobot_ws/install/cr7_moveit/share/ament_index/resource_index/parent_prefix_path/cr7_moveit\n'}
[7.414385] (cr7_moveit) StdoutLine: {'line': b'-- Installing: /home/huahai/dobot_ws/install/cr7_moveit/share/cr7_moveit/environment/ament_prefix_path.sh\n'}
[7.414417] (cr7_moveit) StdoutLine: {'line': b'-- Installing: /home/huahai/dobot_ws/install/cr7_moveit/share/cr7_moveit/environment/ament_prefix_path.dsv\n'}
[7.414447] (cr7_moveit) StdoutLine: {'line': b'-- Installing: /home/huahai/dobot_ws/install/cr7_moveit/share/cr7_moveit/environment/path.sh\n'}
[7.414477] (cr7_moveit) StdoutLine: {'line': b'-- Installing: /home/huahai/dobot_ws/install/cr7_moveit/share/cr7_moveit/environment/path.dsv\n'}
[7.414507] (cr7_moveit) StdoutLine: {'line': b'-- Installing: /home/huahai/dobot_ws/install/cr7_moveit/share/cr7_moveit/local_setup.bash\n'}
[7.414536] (cr7_moveit) StdoutLine: {'line': b'-- Installing: /home/huahai/dobot_ws/install/cr7_moveit/share/cr7_moveit/local_setup.sh\n'}
[7.414567] (cr7_moveit) StdoutLine: {'line': b'-- Installing: /home/huahai/dobot_ws/install/cr7_moveit/share/cr7_moveit/local_setup.zsh\n'}
[7.414747] (cr7_moveit) StdoutLine: {'line': b'-- Installing: /home/huahai/dobot_ws/install/cr7_moveit/share/cr7_moveit/local_setup.dsv\n'}
[7.414847] (cr7_moveit) StdoutLine: {'line': b'-- Installing: /home/huahai/dobot_ws/install/cr7_moveit/share/cr7_moveit/package.dsv\n'}
[7.415033] (cr7_moveit) StdoutLine: {'line': b'-- Installing: /home/huahai/dobot_ws/install/cr7_moveit/share/ament_index/resource_index/packages/cr7_moveit\n'}
[7.415210] (cr7_moveit) StdoutLine: {'line': b'-- Installing: /home/huahai/dobot_ws/install/cr7_moveit/share/cr7_moveit/cmake/cr7_moveitConfig.cmake\n'}
[7.418860] (cr7_moveit) StdoutLine: {'line': b'-- Installing: /home/huahai/dobot_ws/install/cr7_moveit/share/cr7_moveit/cmake/cr7_moveitConfig-version.cmake\n'}
[7.418944] (cr7_moveit) StdoutLine: {'line': b'-- Installing: /home/huahai/dobot_ws/install/cr7_moveit/share/cr7_moveit/package.xml\n'}
[7.418983] (cr7_moveit) StdoutLine: {'line': b'-- Installing: /home/huahai/dobot_ws/install/cr7_moveit/share/cr7_moveit/launch\n'}
[7.419017] (cr7_moveit) StdoutLine: {'line': b'-- Installing: /home/huahai/dobot_ws/install/cr7_moveit/share/cr7_moveit/launch/moveit_rviz.launch.py\n'}
[7.419054] (cr7_moveit) StdoutLine: {'line': b'-- Installing: /home/huahai/dobot_ws/install/cr7_moveit/share/cr7_moveit/launch/dobot_moveit.launch.py\n'}
[7.419089] (cr7_moveit) StdoutLine: {'line': b'-- Installing: /home/huahai/dobot_ws/install/cr7_moveit/share/cr7_moveit/launch/moveit_gazebo.launch.py\n'}
[7.419119] (cr7_moveit) StdoutLine: {'line': b'-- Installing: /home/huahai/dobot_ws/install/cr7_moveit/share/cr7_moveit/launch/demo.launch.py\n'}
[7.419150] (cr7_moveit) StdoutLine: {'line': b'-- Installing: /home/huahai/dobot_ws/install/cr7_moveit/share/cr7_moveit/launch/setup_assistant.launch.py\n'}
[7.419178] (cr7_moveit) StdoutLine: {'line': b'-- Installing: /home/huahai/dobot_ws/install/cr7_moveit/share/cr7_moveit/launch/rsp.launch.py\n'}
[7.419207] (cr7_moveit) StdoutLine: {'line': b'-- Installing: /home/huahai/dobot_ws/install/cr7_moveit/share/cr7_moveit/launch/static_virtual_joint_tfs.launch.py\n'}
[7.419235] (cr7_moveit) StdoutLine: {'line': b'-- Installing: /home/huahai/dobot_ws/install/cr7_moveit/share/cr7_moveit/launch/spawn_controllers.launch.py\n'}
[7.419264] (cr7_moveit) StdoutLine: {'line': b'-- Installing: /home/huahai/dobot_ws/install/cr7_moveit/share/cr7_moveit/launch/move_group.launch.py\n'}
[7.419292] (cr7_moveit) StdoutLine: {'line': b'-- Installing: /home/huahai/dobot_ws/install/cr7_moveit/share/cr7_moveit/launch/warehouse_db.launch.py\n'}
[7.419320] (cr7_moveit) StdoutLine: {'line': b'-- Installing: /home/huahai/dobot_ws/install/cr7_moveit/share/cr7_moveit/config\n'}
[7.419348] (cr7_moveit) StdoutLine: {'line': b'-- Installing: /home/huahai/dobot_ws/install/cr7_moveit/share/cr7_moveit/config/joint_limits.yaml\n'}
[7.419377] (cr7_moveit) StdoutLine: {'line': b'-- Installing: /home/huahai/dobot_ws/install/cr7_moveit/share/cr7_moveit/config/cr7_robot.urdf.xacro\n'}
[7.419405] (cr7_moveit) StdoutLine: {'line': b'-- Installing: /home/huahai/dobot_ws/install/cr7_moveit/share/cr7_moveit/config/moveit.rviz\n'}
[7.419433] (cr7_moveit) StdoutLine: {'line': b'-- Installing: /home/huahai/dobot_ws/install/cr7_moveit/share/cr7_moveit/config/pilz_cartesian_limits.yaml\n'}
[7.419460] (cr7_moveit) StdoutLine: {'line': b'-- Installing: /home/huahai/dobot_ws/install/cr7_moveit/share/cr7_moveit/config/moveit_controllers.yaml\n'}
[7.419489] (cr7_moveit) StdoutLine: {'line': b'-- Installing: /home/huahai/dobot_ws/install/cr7_moveit/share/cr7_moveit/config/kinematics.yaml\n'}
[7.419516] (cr7_moveit) StdoutLine: {'line': b'-- Installing: /home/huahai/dobot_ws/install/cr7_moveit/share/cr7_moveit/config/cr7_robot.ros2_control.xacro\n'}
[7.419554] (cr7_moveit) StdoutLine: {'line': b'-- Installing: /home/huahai/dobot_ws/install/cr7_moveit/share/cr7_moveit/config/initial_positions.yaml\n'}
[7.419584] (cr7_moveit) StdoutLine: {'line': b'-- Installing: /home/huahai/dobot_ws/install/cr7_moveit/share/cr7_moveit/config/cr7_robot.srdf\n'}
[7.419617] (cr7_moveit) StdoutLine: {'line': b'-- Installing: /home/huahai/dobot_ws/install/cr7_moveit/share/cr7_moveit/config/ros2_controllers.yaml\n'}
[7.419647] (cr7_moveit) StdoutLine: {'line': b'-- Installing: /home/huahai/dobot_ws/install/cr7_moveit/share/cr7_moveit/.setup_assistant\n'}
[7.425818] (cr7_moveit) CommandEnded: {'returncode': 0}
[7.442113] (cr7_moveit) JobEnded: {'identifier': 'cr7_moveit', 'rc': 0}
[7.442911] (dobot_gazebo) JobStarted: {'identifier': 'dobot_gazebo'}
[7.452024] (-) TimerEvent: {}
[7.459903] (dobot_gazebo) JobProgress: {'identifier': 'dobot_gazebo', 'progress': 'cmake'}
[7.459946] (dobot_gazebo) Command: {'cmd': ['/usr/bin/cmake', '/home/huahai/dobot_ws/src/DOBOT_6Axis_ROS2_V3/dobot_gazebo', '-DCMAKE_INSTALL_PREFIX=/home/huahai/dobot_ws/install/dobot_gazebo'], 'cwd': '/home/huahai/dobot_ws/build/dobot_gazebo', 'env': OrderedDict([('LESSOPEN', '| /usr/bin/lesspipe %s'), ('LANGUAGE', 'zh_CN:en_US:en'), ('USER', 'huahai'), ('SSH_CLIENT', '192.168.112.1 11931 22'), ('LC_TIME', 'zh_CN.UTF-8'), ('XDG_SESSION_TYPE', 'tty'), ('SHLVL', '1'), ('LD_LIBRARY_PATH', '/opt/ros/humble/opt/rviz_ogre_vendor/lib:/opt/ros/humble/lib/x86_64-linux-gnu:/opt/ros/humble/lib'), ('MOTD_SHOWN', 'pam'), ('HOME', '/home/huahai'), ('OLDPWD', '/home/huahai/dobot_ws/src'), ('SSH_TTY', '/dev/pts/2'), ('ROS_PYTHON_VERSION', '3'), ('LC_MONETARY', 'zh_CN.UTF-8'), ('DBUS_SESSION_BUS_ADDRESS', 'unix:path=/run/user/1000/bus'), ('ROS_DISTRO', 'humble'), ('LOGNAME', 'huahai'), ('_', '/usr/bin/colcon'), ('ROS_VERSION', '2'), ('XDG_SESSION_CLASS', 'user'), ('TERM', 'xterm-256color'), ('XDG_SESSION_ID', '8'), ('ROS_LOCALHOST_ONLY', '0'), ('PATH', '/opt/ros/humble/bin:/usr/local/sbin:/usr/local/bin:/usr/sbin:/usr/bin:/sbin:/bin:/usr/games:/usr/local/games:/snap/bin'), ('PAPERSIZE', 'a4'), ('LC_ADDRESS', 'zh_CN.UTF-8'), ('XDG_RUNTIME_DIR', '/run/user/1000'), ('LANG', 'zh_CN.UTF-8'), ('LC_TELEPHONE', 'zh_CN.UTF-8'), ('LS_COLORS', 'rs=0:di=01;34:ln=01;36:mh=00:pi=40;33:so=01;35:do=01;35:bd=40;33;01:cd=40;33;01:or=40;31;01:mi=00:su=37;41:sg=30;43:ca=30;41:tw=30;42:ow=34;42:st=37;44:ex=01;32:*.tar=01;31:*.tgz=01;31:*.arc=01;31:*.arj=01;31:*.taz=01;31:*.lha=01;31:*.lz4=01;31:*.lzh=01;31:*.lzma=01;31:*.tlz=01;31:*.txz=01;31:*.tzo=01;31:*.t7z=01;31:*.zip=01;31:*.z=01;31:*.dz=01;31:*.gz=01;31:*.lrz=01;31:*.lz=01;31:*.lzo=01;31:*.xz=01;31:*.zst=01;31:*.tzst=01;31:*.bz2=01;31:*.bz=01;31:*.tbz=01;31:*.tbz2=01;31:*.tz=01;31:*.deb=01;31:*.rpm=01;31:*.jar=01;31:*.war=01;31:*.ear=01;31:*.sar=01;31:*.rar=01;31:*.alz=01;31:*.ace=01;31:*.zoo=01;31:*.cpio=01;31:*.7z=01;31:*.rz=01;31:*.cab=01;31:*.wim=01;31:*.swm=01;31:*.dwm=01;31:*.esd=01;31:*.jpg=01;35:*.jpeg=01;35:*.mjpg=01;35:*.mjpeg=01;35:*.gif=01;35:*.bmp=01;35:*.pbm=01;35:*.pgm=01;35:*.ppm=01;35:*.tga=01;35:*.xbm=01;35:*.xpm=01;35:*.tif=01;35:*.tiff=01;35:*.png=01;35:*.svg=01;35:*.svgz=01;35:*.mng=01;35:*.pcx=01;35:*.mov=01;35:*.mpg=01;35:*.mpeg=01;35:*.m2v=01;35:*.mkv=01;35:*.webm=01;35:*.webp=01;35:*.ogm=01;35:*.mp4=01;35:*.m4v=01;35:*.mp4v=01;35:*.vob=01;35:*.qt=01;35:*.nuv=01;35:*.wmv=01;35:*.asf=01;35:*.rm=01;35:*.rmvb=01;35:*.flc=01;35:*.avi=01;35:*.fli=01;35:*.flv=01;35:*.gl=01;35:*.dl=01;35:*.xcf=01;35:*.xwd=01;35:*.yuv=01;35:*.cgm=01;35:*.emf=01;35:*.ogv=01;35:*.ogx=01;35:*.aac=00;36:*.au=00;36:*.flac=00;36:*.m4a=00;36:*.mid=00;36:*.midi=00;36:*.mka=00;36:*.mp3=00;36:*.mpc=00;36:*.ogg=00;36:*.ra=00;36:*.wav=00;36:*.oga=00;36:*.opus=00;36:*.spx=00;36:*.xspf=00;36:'), ('AMENT_PREFIX_PATH', '/home/huahai/dobot_ws/install/cra_description:/opt/ros/humble'), ('SHELL', '/bin/bash'), ('LC_NAME', 'zh_CN.UTF-8'), ('LESSCLOSE', '/usr/bin/lesspipe %s %s'), ('LC_MEASUREMENT', 'zh_CN.UTF-8'), ('LC_IDENTIFICATION', 'zh_CN.UTF-8'), ('PWD', '/home/huahai/dobot_ws/build/dobot_gazebo'), ('SSH_CONNECTION', '192.168.112.1 11931 192.168.124.127 22'), ('XDG_DATA_DIRS', '/usr/share/gnome:/usr/local/share:/usr/share:/var/lib/snapd/desktop'), ('PYTHONPATH', '/opt/ros/humble/lib/python3.10/site-packages:/opt/ros/humble/local/lib/python3.10/dist-packages'), ('LC_NUMERIC', 'zh_CN.UTF-8'), ('LC_PAPER', 'zh_CN.UTF-8'), ('COLCON', '1'), ('CMAKE_PREFIX_PATH', '/home/huahai/dobot_ws/install/cra_description:/opt/ros/humble')]), 'shell': False}
[7.541859] (dobot_gazebo) StdoutLine: {'line': b'-- The C compiler identification is GNU 11.4.0\n'}
[7.552132] (-) TimerEvent: {}
[7.629209] (dobot_gazebo) StdoutLine: {'line': b'-- The CXX compiler identification is GNU 11.4.0\n'}
[7.638264] (dobot_gazebo) StdoutLine: {'line': b'-- Detecting C compiler ABI info\n'}
[7.652226] (-) TimerEvent: {}
[7.751662] (dobot_gazebo) StdoutLine: {'line': b'-- Detecting C compiler ABI info - done\n'}
[7.752292] (-) TimerEvent: {}
[7.761858] (dobot_gazebo) StdoutLine: {'line': b'-- Check for working C compiler: /usr/bin/cc - skipped\n'}
[7.762017] (dobot_gazebo) StdoutLine: {'line': b'-- Detecting C compile features\n'}
[7.762255] (dobot_gazebo) StdoutLine: {'line': b'-- Detecting C compile features - done\n'}
[7.767823] (dobot_gazebo) StdoutLine: {'line': b'-- Detecting CXX compiler ABI info\n'}
[7.828298] (dobot_gazebo) StdoutLine: {'line': b'-- Detecting CXX compiler ABI info - done\n'}
[7.832672] (dobot_gazebo) StdoutLine: {'line': b'-- Check for working CXX compiler: /usr/bin/c++ - skipped\n'}
[7.832850] (dobot_gazebo) StdoutLine: {'line': b'-- Detecting CXX compile features\n'}
[7.835812] (dobot_gazebo) StdoutLine: {'line': b'-- Detecting CXX compile features - done\n'}
[7.835884] (dobot_gazebo) StdoutLine: {'line': b'-- Found ament_cmake: 1.3.13 (/opt/ros/humble/share/ament_cmake/cmake)\n'}
[7.852399] (-) TimerEvent: {}
[7.953029] (-) TimerEvent: {}
[7.961866] (dobot_gazebo) StdoutLine: {'line': b'-- Found Python3: /usr/bin/python3 (found version "3.10.12") found components: Interpreter \n'}
[8.053128] (-) TimerEvent: {}
[8.146873] (dobot_gazebo) StdoutLine: {'line': b'-- Configuring done\n'}
[8.152138] (dobot_gazebo) StdoutLine: {'line': b'-- Generating done\n'}
[8.153211] (dobot_gazebo) StdoutLine: {'line': b'-- Build files have been written to: /home/huahai/dobot_ws/build/dobot_gazebo\n'}
[8.153286] (-) TimerEvent: {}
[8.163933] (dobot_gazebo) CommandEnded: {'returncode': 0}
[8.164158] (dobot_gazebo) JobProgress: {'identifier': 'dobot_gazebo', 'progress': 'build'}
[8.164175] (dobot_gazebo) Command: {'cmd': ['/usr/bin/cmake', '--build', '/home/huahai/dobot_ws/build/dobot_gazebo', '--', '-j2', '-l2'], 'cwd': '/home/huahai/dobot_ws/build/dobot_gazebo', 'env': OrderedDict([('LESSOPEN', '| /usr/bin/lesspipe %s'), ('LANGUAGE', 'zh_CN:en_US:en'), ('USER', 'huahai'), ('SSH_CLIENT', '192.168.112.1 11931 22'), ('LC_TIME', 'zh_CN.UTF-8'), ('XDG_SESSION_TYPE', 'tty'), ('SHLVL', '1'), ('LD_LIBRARY_PATH', '/opt/ros/humble/opt/rviz_ogre_vendor/lib:/opt/ros/humble/lib/x86_64-linux-gnu:/opt/ros/humble/lib'), ('MOTD_SHOWN', 'pam'), ('HOME', '/home/huahai'), ('OLDPWD', '/home/huahai/dobot_ws/src'), ('SSH_TTY', '/dev/pts/2'), ('ROS_PYTHON_VERSION', '3'), ('LC_MONETARY', 'zh_CN.UTF-8'), ('DBUS_SESSION_BUS_ADDRESS', 'unix:path=/run/user/1000/bus'), ('ROS_DISTRO', 'humble'), ('LOGNAME', 'huahai'), ('_', '/usr/bin/colcon'), ('ROS_VERSION', '2'), ('XDG_SESSION_CLASS', 'user'), ('TERM', 'xterm-256color'), ('XDG_SESSION_ID', '8'), ('ROS_LOCALHOST_ONLY', '0'), ('PATH', '/opt/ros/humble/bin:/usr/local/sbin:/usr/local/bin:/usr/sbin:/usr/bin:/sbin:/bin:/usr/games:/usr/local/games:/snap/bin'), ('PAPERSIZE', 'a4'), ('LC_ADDRESS', 'zh_CN.UTF-8'), ('XDG_RUNTIME_DIR', '/run/user/1000'), ('LANG', 'zh_CN.UTF-8'), ('LC_TELEPHONE', 'zh_CN.UTF-8'), ('LS_COLORS', 'rs=0:di=01;34:ln=01;36:mh=00:pi=40;33:so=01;35:do=01;35:bd=40;33;01:cd=40;33;01:or=40;31;01:mi=00:su=37;41:sg=30;43:ca=30;41:tw=30;42:ow=34;42:st=37;44:ex=01;32:*.tar=01;31:*.tgz=01;31:*.arc=01;31:*.arj=01;31:*.taz=01;31:*.lha=01;31:*.lz4=01;31:*.lzh=01;31:*.lzma=01;31:*.tlz=01;31:*.txz=01;31:*.tzo=01;31:*.t7z=01;31:*.zip=01;31:*.z=01;31:*.dz=01;31:*.gz=01;31:*.lrz=01;31:*.lz=01;31:*.lzo=01;31:*.xz=01;31:*.zst=01;31:*.tzst=01;31:*.bz2=01;31:*.bz=01;31:*.tbz=01;31:*.tbz2=01;31:*.tz=01;31:*.deb=01;31:*.rpm=01;31:*.jar=01;31:*.war=01;31:*.ear=01;31:*.sar=01;31:*.rar=01;31:*.alz=01;31:*.ace=01;31:*.zoo=01;31:*.cpio=01;31:*.7z=01;31:*.rz=01;31:*.cab=01;31:*.wim=01;31:*.swm=01;31:*.dwm=01;31:*.esd=01;31:*.jpg=01;35:*.jpeg=01;35:*.mjpg=01;35:*.mjpeg=01;35:*.gif=01;35:*.bmp=01;35:*.pbm=01;35:*.pgm=01;35:*.ppm=01;35:*.tga=01;35:*.xbm=01;35:*.xpm=01;35:*.tif=01;35:*.tiff=01;35:*.png=01;35:*.svg=01;35:*.svgz=01;35:*.mng=01;35:*.pcx=01;35:*.mov=01;35:*.mpg=01;35:*.mpeg=01;35:*.m2v=01;35:*.mkv=01;35:*.webm=01;35:*.webp=01;35:*.ogm=01;35:*.mp4=01;35:*.m4v=01;35:*.mp4v=01;35:*.vob=01;35:*.qt=01;35:*.nuv=01;35:*.wmv=01;35:*.asf=01;35:*.rm=01;35:*.rmvb=01;35:*.flc=01;35:*.avi=01;35:*.fli=01;35:*.flv=01;35:*.gl=01;35:*.dl=01;35:*.xcf=01;35:*.xwd=01;35:*.yuv=01;35:*.cgm=01;35:*.emf=01;35:*.ogv=01;35:*.ogx=01;35:*.aac=00;36:*.au=00;36:*.flac=00;36:*.m4a=00;36:*.mid=00;36:*.midi=00;36:*.mka=00;36:*.mp3=00;36:*.mpc=00;36:*.ogg=00;36:*.ra=00;36:*.wav=00;36:*.oga=00;36:*.opus=00;36:*.spx=00;36:*.xspf=00;36:'), ('AMENT_PREFIX_PATH', '/home/huahai/dobot_ws/install/cra_description:/opt/ros/humble'), ('SHELL', '/bin/bash'), ('LC_NAME', 'zh_CN.UTF-8'), ('LESSCLOSE', '/usr/bin/lesspipe %s %s'), ('LC_MEASUREMENT', 'zh_CN.UTF-8'), ('LC_IDENTIFICATION', 'zh_CN.UTF-8'), ('PWD', '/home/huahai/dobot_ws/build/dobot_gazebo'), ('SSH_CONNECTION', '192.168.112.1 11931 192.168.124.127 22'), ('XDG_DATA_DIRS', '/usr/share/gnome:/usr/local/share:/usr/share:/var/lib/snapd/desktop'), ('PYTHONPATH', '/opt/ros/humble/lib/python3.10/site-packages:/opt/ros/humble/local/lib/python3.10/dist-packages'), ('LC_NUMERIC', 'zh_CN.UTF-8'), ('LC_PAPER', 'zh_CN.UTF-8'), ('COLCON', '1'), ('CMAKE_PREFIX_PATH', '/home/huahai/dobot_ws/install/cra_description:/opt/ros/humble')]), 'shell': False}
[8.231965] (dobot_gazebo) CommandEnded: {'returncode': 0}
[8.232273] (dobot_gazebo) JobProgress: {'identifier': 'dobot_gazebo', 'progress': 'install'}
[8.232295] (dobot_gazebo) Command: {'cmd': ['/usr/bin/cmake', '--install', '/home/huahai/dobot_ws/build/dobot_gazebo'], 'cwd': '/home/huahai/dobot_ws/build/dobot_gazebo', 'env': OrderedDict([('LESSOPEN', '| /usr/bin/lesspipe %s'), ('LANGUAGE', 'zh_CN:en_US:en'), ('USER', 'huahai'), ('SSH_CLIENT', '192.168.112.1 11931 22'), ('LC_TIME', 'zh_CN.UTF-8'), ('XDG_SESSION_TYPE', 'tty'), ('SHLVL', '1'), ('LD_LIBRARY_PATH', '/opt/ros/humble/opt/rviz_ogre_vendor/lib:/opt/ros/humble/lib/x86_64-linux-gnu:/opt/ros/humble/lib'), ('MOTD_SHOWN', 'pam'), ('HOME', '/home/huahai'), ('OLDPWD', '/home/huahai/dobot_ws/src'), ('SSH_TTY', '/dev/pts/2'), ('ROS_PYTHON_VERSION', '3'), ('LC_MONETARY', 'zh_CN.UTF-8'), ('DBUS_SESSION_BUS_ADDRESS', 'unix:path=/run/user/1000/bus'), ('ROS_DISTRO', 'humble'), ('LOGNAME', 'huahai'), ('_', '/usr/bin/colcon'), ('ROS_VERSION', '2'), ('XDG_SESSION_CLASS', 'user'), ('TERM', 'xterm-256color'), ('XDG_SESSION_ID', '8'), ('ROS_LOCALHOST_ONLY', '0'), ('PATH', '/opt/ros/humble/bin:/usr/local/sbin:/usr/local/bin:/usr/sbin:/usr/bin:/sbin:/bin:/usr/games:/usr/local/games:/snap/bin'), ('PAPERSIZE', 'a4'), ('LC_ADDRESS', 'zh_CN.UTF-8'), ('XDG_RUNTIME_DIR', '/run/user/1000'), ('LANG', 'zh_CN.UTF-8'), ('LC_TELEPHONE', 'zh_CN.UTF-8'), ('LS_COLORS', 'rs=0:di=01;34:ln=01;36:mh=00:pi=40;33:so=01;35:do=01;35:bd=40;33;01:cd=40;33;01:or=40;31;01:mi=00:su=37;41:sg=30;43:ca=30;41:tw=30;42:ow=34;42:st=37;44:ex=01;32:*.tar=01;31:*.tgz=01;31:*.arc=01;31:*.arj=01;31:*.taz=01;31:*.lha=01;31:*.lz4=01;31:*.lzh=01;31:*.lzma=01;31:*.tlz=01;31:*.txz=01;31:*.tzo=01;31:*.t7z=01;31:*.zip=01;31:*.z=01;31:*.dz=01;31:*.gz=01;31:*.lrz=01;31:*.lz=01;31:*.lzo=01;31:*.xz=01;31:*.zst=01;31:*.tzst=01;31:*.bz2=01;31:*.bz=01;31:*.tbz=01;31:*.tbz2=01;31:*.tz=01;31:*.deb=01;31:*.rpm=01;31:*.jar=01;31:*.war=01;31:*.ear=01;31:*.sar=01;31:*.rar=01;31:*.alz=01;31:*.ace=01;31:*.zoo=01;31:*.cpio=01;31:*.7z=01;31:*.rz=01;31:*.cab=01;31:*.wim=01;31:*.swm=01;31:*.dwm=01;31:*.esd=01;31:*.jpg=01;35:*.jpeg=01;35:*.mjpg=01;35:*.mjpeg=01;35:*.gif=01;35:*.bmp=01;35:*.pbm=01;35:*.pgm=01;35:*.ppm=01;35:*.tga=01;35:*.xbm=01;35:*.xpm=01;35:*.tif=01;35:*.tiff=01;35:*.png=01;35:*.svg=01;35:*.svgz=01;35:*.mng=01;35:*.pcx=01;35:*.mov=01;35:*.mpg=01;35:*.mpeg=01;35:*.m2v=01;35:*.mkv=01;35:*.webm=01;35:*.webp=01;35:*.ogm=01;35:*.mp4=01;35:*.m4v=01;35:*.mp4v=01;35:*.vob=01;35:*.qt=01;35:*.nuv=01;35:*.wmv=01;35:*.asf=01;35:*.rm=01;35:*.rmvb=01;35:*.flc=01;35:*.avi=01;35:*.fli=01;35:*.flv=01;35:*.gl=01;35:*.dl=01;35:*.xcf=01;35:*.xwd=01;35:*.yuv=01;35:*.cgm=01;35:*.emf=01;35:*.ogv=01;35:*.ogx=01;35:*.aac=00;36:*.au=00;36:*.flac=00;36:*.m4a=00;36:*.mid=00;36:*.midi=00;36:*.mka=00;36:*.mp3=00;36:*.mpc=00;36:*.ogg=00;36:*.ra=00;36:*.wav=00;36:*.oga=00;36:*.opus=00;36:*.spx=00;36:*.xspf=00;36:'), ('AMENT_PREFIX_PATH', '/home/huahai/dobot_ws/install/cra_description:/opt/ros/humble'), ('SHELL', '/bin/bash'), ('LC_NAME', 'zh_CN.UTF-8'), ('LESSCLOSE', '/usr/bin/lesspipe %s %s'), ('LC_MEASUREMENT', 'zh_CN.UTF-8'), ('LC_IDENTIFICATION', 'zh_CN.UTF-8'), ('PWD', '/home/huahai/dobot_ws/build/dobot_gazebo'), ('SSH_CONNECTION', '192.168.112.1 11931 192.168.124.127 22'), ('XDG_DATA_DIRS', '/usr/share/gnome:/usr/local/share:/usr/share:/var/lib/snapd/desktop'), ('PYTHONPATH', '/opt/ros/humble/lib/python3.10/site-packages:/opt/ros/humble/local/lib/python3.10/dist-packages'), ('LC_NUMERIC', 'zh_CN.UTF-8'), ('LC_PAPER', 'zh_CN.UTF-8'), ('COLCON', '1'), ('CMAKE_PREFIX_PATH', '/home/huahai/dobot_ws/install/cra_description:/opt/ros/humble')]), 'shell': False}
[8.246118] (dobot_gazebo) StdoutLine: {'line': b'-- Install configuration: ""\n'}
[8.246273] (dobot_gazebo) StdoutLine: {'line': b'-- Installing: /home/huahai/dobot_ws/install/dobot_gazebo/share/dobot_gazebo/launch\n'}
[8.246889] (dobot_gazebo) StdoutLine: {'line': b'-- Installing: /home/huahai/dobot_ws/install/dobot_gazebo/share/dobot_gazebo/launch/gazebo_moveit.launch.py\n'}
[8.246985] (dobot_gazebo) StdoutLine: {'line': b'-- Installing: /home/huahai/dobot_ws/install/dobot_gazebo/share/dobot_gazebo/launch/dobot_gazebo.launch.py\n'}
[8.247023] (dobot_gazebo) StdoutLine: {'line': b'-- Installing: /home/huahai/dobot_ws/install/dobot_gazebo/share/dobot_gazebo/worlds\n'}
[8.247056] (dobot_gazebo) StdoutLine: {'line': b'-- Installing: /home/huahai/dobot_ws/install/dobot_gazebo/share/dobot_gazebo/worlds/ur10.world\n'}
[8.247099] (dobot_gazebo) StdoutLine: {'line': b'-- Installing: /home/huahai/dobot_ws/install/dobot_gazebo/share/dobot_gazebo/config\n'}
[8.247131] (dobot_gazebo) StdoutLine: {'line': b'-- Installing: /home/huahai/dobot_ws/install/dobot_gazebo/share/dobot_gazebo/config/moveitcpp.rviz\n'}
[8.247163] (dobot_gazebo) StdoutLine: {'line': b'-- Installing: /home/huahai/dobot_ws/install/dobot_gazebo/share/ament_index/resource_index/package_run_dependencies/dobot_gazebo\n'}
[8.247209] (dobot_gazebo) StdoutLine: {'line': b'-- Installing: /home/huahai/dobot_ws/install/dobot_gazebo/share/ament_index/resource_index/parent_prefix_path/dobot_gazebo\n'}
[8.248834] (dobot_gazebo) StdoutLine: {'line': b'-- Installing: /home/huahai/dobot_ws/install/dobot_gazebo/share/dobot_gazebo/environment/ament_prefix_path.sh\n'}
[8.248972] (dobot_gazebo) StdoutLine: {'line': b'-- Installing: /home/huahai/dobot_ws/install/dobot_gazebo/share/dobot_gazebo/environment/ament_prefix_path.dsv\n'}
[8.249049] (dobot_gazebo) StdoutLine: {'line': b'-- Installing: /home/huahai/dobot_ws/install/dobot_gazebo/share/dobot_gazebo/environment/path.sh\n'}
[8.249125] (dobot_gazebo) StdoutLine: {'line': b'-- Installing: /home/huahai/dobot_ws/install/dobot_gazebo/share/dobot_gazebo/environment/path.dsv\n'}
[8.249192] (dobot_gazebo) StdoutLine: {'line': b'-- Installing: /home/huahai/dobot_ws/install/dobot_gazebo/share/dobot_gazebo/local_setup.bash\n'}
[8.249262] (dobot_gazebo) StdoutLine: {'line': b'-- Installing: /home/huahai/dobot_ws/install/dobot_gazebo/share/dobot_gazebo/local_setup.sh\n'}
[8.250884] (dobot_gazebo) StdoutLine: {'line': b'-- Installing: /home/huahai/dobot_ws/install/dobot_gazebo/share/dobot_gazebo/local_setup.zsh\n'}
[8.251050] (dobot_gazebo) StdoutLine: {'line': b'-- Installing: /home/huahai/dobot_ws/install/dobot_gazebo/share/dobot_gazebo/local_setup.dsv\n'}
[8.251162] (dobot_gazebo) StdoutLine: {'line': b'-- Installing: /home/huahai/dobot_ws/install/dobot_gazebo/share/dobot_gazebo/package.dsv\n'}
[8.251245] (dobot_gazebo) StdoutLine: {'line': b'-- Installing: /home/huahai/dobot_ws/install/dobot_gazebo/share/ament_index/resource_index/packages/dobot_gazebo\n'}
[8.251283] (dobot_gazebo) StdoutLine: {'line': b'-- Installing: /home/huahai/dobot_ws/install/dobot_gazebo/share/dobot_gazebo/cmake/dobot_gazeboConfig.cmake\n'}
[8.251322] (dobot_gazebo) StdoutLine: {'line': b'-- Installing: /home/huahai/dobot_ws/install/dobot_gazebo/share/dobot_gazebo/cmake/dobot_gazeboConfig-version.cmake\n'}
[8.251355] (dobot_gazebo) StdoutLine: {'line': b'-- Installing: /home/huahai/dobot_ws/install/dobot_gazebo/share/dobot_gazebo/package.xml\n'}
[8.259814] (dobot_gazebo) CommandEnded: {'returncode': 0}
[8.259986] (-) TimerEvent: {}
[8.272827] (dobot_gazebo) JobEnded: {'identifier': 'dobot_gazebo', 'rc': 0}
[8.273637] (nova2_moveit) JobStarted: {'identifier': 'nova2_moveit'}
[8.286469] (nova2_moveit) JobProgress: {'identifier': 'nova2_moveit', 'progress': 'cmake'}
[8.286514] (nova2_moveit) Command: {'cmd': ['/usr/bin/cmake', '/home/huahai/dobot_ws/src/DOBOT_6Axis_ROS2_V3/nova2_moveit', '-DCMAKE_INSTALL_PREFIX=/home/huahai/dobot_ws/install/nova2_moveit'], 'cwd': '/home/huahai/dobot_ws/build/nova2_moveit', 'env': OrderedDict([('LESSOPEN', '| /usr/bin/lesspipe %s'), ('LANGUAGE', 'zh_CN:en_US:en'), ('USER', 'huahai'), ('SSH_CLIENT', '192.168.112.1 11931 22'), ('LC_TIME', 'zh_CN.UTF-8'), ('XDG_SESSION_TYPE', 'tty'), ('SHLVL', '1'), ('LD_LIBRARY_PATH', '/opt/ros/humble/opt/rviz_ogre_vendor/lib:/opt/ros/humble/lib/x86_64-linux-gnu:/opt/ros/humble/lib'), ('MOTD_SHOWN', 'pam'), ('HOME', '/home/huahai'), ('OLDPWD', '/home/huahai/dobot_ws/src'), ('SSH_TTY', '/dev/pts/2'), ('ROS_PYTHON_VERSION', '3'), ('LC_MONETARY', 'zh_CN.UTF-8'), ('DBUS_SESSION_BUS_ADDRESS', 'unix:path=/run/user/1000/bus'), ('ROS_DISTRO', 'humble'), ('LOGNAME', 'huahai'), ('_', '/usr/bin/colcon'), ('ROS_VERSION', '2'), ('XDG_SESSION_CLASS', 'user'), ('TERM', 'xterm-256color'), ('XDG_SESSION_ID', '8'), ('ROS_LOCALHOST_ONLY', '0'), ('PATH', '/opt/ros/humble/bin:/usr/local/sbin:/usr/local/bin:/usr/sbin:/usr/bin:/sbin:/bin:/usr/games:/usr/local/games:/snap/bin'), ('PAPERSIZE', 'a4'), ('LC_ADDRESS', 'zh_CN.UTF-8'), ('XDG_RUNTIME_DIR', '/run/user/1000'), ('LANG', 'zh_CN.UTF-8'), ('LC_TELEPHONE', 'zh_CN.UTF-8'), ('LS_COLORS', 'rs=0:di=01;34:ln=01;36:mh=00:pi=40;33:so=01;35:do=01;35:bd=40;33;01:cd=40;33;01:or=40;31;01:mi=00:su=37;41:sg=30;43:ca=30;41:tw=30;42:ow=34;42:st=37;44:ex=01;32:*.tar=01;31:*.tgz=01;31:*.arc=01;31:*.arj=01;31:*.taz=01;31:*.lha=01;31:*.lz4=01;31:*.lzh=01;31:*.lzma=01;31:*.tlz=01;31:*.txz=01;31:*.tzo=01;31:*.t7z=01;31:*.zip=01;31:*.z=01;31:*.dz=01;31:*.gz=01;31:*.lrz=01;31:*.lz=01;31:*.lzo=01;31:*.xz=01;31:*.zst=01;31:*.tzst=01;31:*.bz2=01;31:*.bz=01;31:*.tbz=01;31:*.tbz2=01;31:*.tz=01;31:*.deb=01;31:*.rpm=01;31:*.jar=01;31:*.war=01;31:*.ear=01;31:*.sar=01;31:*.rar=01;31:*.alz=01;31:*.ace=01;31:*.zoo=01;31:*.cpio=01;31:*.7z=01;31:*.rz=01;31:*.cab=01;31:*.wim=01;31:*.swm=01;31:*.dwm=01;31:*.esd=01;31:*.jpg=01;35:*.jpeg=01;35:*.mjpg=01;35:*.mjpeg=01;35:*.gif=01;35:*.bmp=01;35:*.pbm=01;35:*.pgm=01;35:*.ppm=01;35:*.tga=01;35:*.xbm=01;35:*.xpm=01;35:*.tif=01;35:*.tiff=01;35:*.png=01;35:*.svg=01;35:*.svgz=01;35:*.mng=01;35:*.pcx=01;35:*.mov=01;35:*.mpg=01;35:*.mpeg=01;35:*.m2v=01;35:*.mkv=01;35:*.webm=01;35:*.webp=01;35:*.ogm=01;35:*.mp4=01;35:*.m4v=01;35:*.mp4v=01;35:*.vob=01;35:*.qt=01;35:*.nuv=01;35:*.wmv=01;35:*.asf=01;35:*.rm=01;35:*.rmvb=01;35:*.flc=01;35:*.avi=01;35:*.fli=01;35:*.flv=01;35:*.gl=01;35:*.dl=01;35:*.xcf=01;35:*.xwd=01;35:*.yuv=01;35:*.cgm=01;35:*.emf=01;35:*.ogv=01;35:*.ogx=01;35:*.aac=00;36:*.au=00;36:*.flac=00;36:*.m4a=00;36:*.mid=00;36:*.midi=00;36:*.mka=00;36:*.mp3=00;36:*.mpc=00;36:*.ogg=00;36:*.ra=00;36:*.wav=00;36:*.oga=00;36:*.opus=00;36:*.spx=00;36:*.xspf=00;36:'), ('AMENT_PREFIX_PATH', '/home/huahai/dobot_ws/install/dobot_rviz:/opt/ros/humble'), ('SHELL', '/bin/bash'), ('LC_NAME', 'zh_CN.UTF-8'), ('LESSCLOSE', '/usr/bin/lesspipe %s %s'), ('LC_MEASUREMENT', 'zh_CN.UTF-8'), ('LC_IDENTIFICATION', 'zh_CN.UTF-8'), ('PWD', '/home/huahai/dobot_ws/build/nova2_moveit'), ('SSH_CONNECTION', '192.168.112.1 11931 192.168.124.127 22'), ('XDG_DATA_DIRS', '/usr/share/gnome:/usr/local/share:/usr/share:/var/lib/snapd/desktop'), ('PYTHONPATH', '/opt/ros/humble/lib/python3.10/site-packages:/opt/ros/humble/local/lib/python3.10/dist-packages'), ('LC_NUMERIC', 'zh_CN.UTF-8'), ('LC_PAPER', 'zh_CN.UTF-8'), ('COLCON', '1'), ('CMAKE_PREFIX_PATH', '/home/huahai/dobot_ws/install/dobot_rviz:/opt/ros/humble')]), 'shell': False}
[8.337844] (nova2_moveit) StdoutLine: {'line': b'-- The C compiler identification is GNU 11.4.0\n'}
[8.360899] (-) TimerEvent: {}
[8.399966] (nova2_moveit) StdoutLine: {'line': b'-- The CXX compiler identification is GNU 11.4.0\n'}
[8.403511] (nova2_moveit) StdoutLine: {'line': b'-- Detecting C compiler ABI info\n'}
[8.461009] (-) TimerEvent: {}
[8.484812] (nova2_moveit) StdoutLine: {'line': b'-- Detecting C compiler ABI info - done\n'}
[8.488639] (nova2_moveit) StdoutLine: {'line': b'-- Check for working C compiler: /usr/bin/cc - skipped\n'}
[8.488841] (nova2_moveit) StdoutLine: {'line': b'-- Detecting C compile features\n'}
[8.489419] (nova2_moveit) StdoutLine: {'line': b'-- Detecting C compile features - done\n'}
[8.493970] (nova2_moveit) StdoutLine: {'line': b'-- Detecting CXX compiler ABI info\n'}
[8.561853] (-) TimerEvent: {}
[8.585666] (nova2_moveit) StdoutLine: {'line': b'-- Detecting CXX compiler ABI info - done\n'}
[8.595910] (nova2_moveit) StdoutLine: {'line': b'-- Check for working CXX compiler: /usr/bin/c++ - skipped\n'}
[8.596241] (nova2_moveit) StdoutLine: {'line': b'-- Detecting CXX compile features\n'}
[8.596639] (nova2_moveit) StdoutLine: {'line': b'-- Detecting CXX compile features - done\n'}
[8.601963] (nova2_moveit) StdoutLine: {'line': b'-- Found ament_cmake: 1.3.13 (/opt/ros/humble/share/ament_cmake/cmake)\n'}
[8.662914] (-) TimerEvent: {}
[8.759905] (nova2_moveit) StdoutLine: {'line': b'-- Found Python3: /usr/bin/python3 (found version "3.10.12") found components: Interpreter \n'}
[8.762985] (-) TimerEvent: {}
[8.863560] (-) TimerEvent: {}
[8.917783] (nova2_moveit) StdoutLine: {'line': b'-- Configuring done\n'}
[8.921815] (nova2_moveit) StdoutLine: {'line': b'-- Generating done\n'}
[8.927305] (nova2_moveit) StdoutLine: {'line': b'-- Build files have been written to: /home/huahai/dobot_ws/build/nova2_moveit\n'}
[8.937986] (nova2_moveit) CommandEnded: {'returncode': 0}
[8.938257] (nova2_moveit) JobProgress: {'identifier': 'nova2_moveit', 'progress': 'build'}
[8.938275] (nova2_moveit) Command: {'cmd': ['/usr/bin/cmake', '--build', '/home/huahai/dobot_ws/build/nova2_moveit', '--', '-j2', '-l2'], 'cwd': '/home/huahai/dobot_ws/build/nova2_moveit', 'env': OrderedDict([('LESSOPEN', '| /usr/bin/lesspipe %s'), ('LANGUAGE', 'zh_CN:en_US:en'), ('USER', 'huahai'), ('SSH_CLIENT', '192.168.112.1 11931 22'), ('LC_TIME', 'zh_CN.UTF-8'), ('XDG_SESSION_TYPE', 'tty'), ('SHLVL', '1'), ('LD_LIBRARY_PATH', '/opt/ros/humble/opt/rviz_ogre_vendor/lib:/opt/ros/humble/lib/x86_64-linux-gnu:/opt/ros/humble/lib'), ('MOTD_SHOWN', 'pam'), ('HOME', '/home/huahai'), ('OLDPWD', '/home/huahai/dobot_ws/src'), ('SSH_TTY', '/dev/pts/2'), ('ROS_PYTHON_VERSION', '3'), ('LC_MONETARY', 'zh_CN.UTF-8'), ('DBUS_SESSION_BUS_ADDRESS', 'unix:path=/run/user/1000/bus'), ('ROS_DISTRO', 'humble'), ('LOGNAME', 'huahai'), ('_', '/usr/bin/colcon'), ('ROS_VERSION', '2'), ('XDG_SESSION_CLASS', 'user'), ('TERM', 'xterm-256color'), ('XDG_SESSION_ID', '8'), ('ROS_LOCALHOST_ONLY', '0'), ('PATH', '/opt/ros/humble/bin:/usr/local/sbin:/usr/local/bin:/usr/sbin:/usr/bin:/sbin:/bin:/usr/games:/usr/local/games:/snap/bin'), ('PAPERSIZE', 'a4'), ('LC_ADDRESS', 'zh_CN.UTF-8'), ('XDG_RUNTIME_DIR', '/run/user/1000'), ('LANG', 'zh_CN.UTF-8'), ('LC_TELEPHONE', 'zh_CN.UTF-8'), ('LS_COLORS', 'rs=0:di=01;34:ln=01;36:mh=00:pi=40;33:so=01;35:do=01;35:bd=40;33;01:cd=40;33;01:or=40;31;01:mi=00:su=37;41:sg=30;43:ca=30;41:tw=30;42:ow=34;42:st=37;44:ex=01;32:*.tar=01;31:*.tgz=01;31:*.arc=01;31:*.arj=01;31:*.taz=01;31:*.lha=01;31:*.lz4=01;31:*.lzh=01;31:*.lzma=01;31:*.tlz=01;31:*.txz=01;31:*.tzo=01;31:*.t7z=01;31:*.zip=01;31:*.z=01;31:*.dz=01;31:*.gz=01;31:*.lrz=01;31:*.lz=01;31:*.lzo=01;31:*.xz=01;31:*.zst=01;31:*.tzst=01;31:*.bz2=01;31:*.bz=01;31:*.tbz=01;31:*.tbz2=01;31:*.tz=01;31:*.deb=01;31:*.rpm=01;31:*.jar=01;31:*.war=01;31:*.ear=01;31:*.sar=01;31:*.rar=01;31:*.alz=01;31:*.ace=01;31:*.zoo=01;31:*.cpio=01;31:*.7z=01;31:*.rz=01;31:*.cab=01;31:*.wim=01;31:*.swm=01;31:*.dwm=01;31:*.esd=01;31:*.jpg=01;35:*.jpeg=01;35:*.mjpg=01;35:*.mjpeg=01;35:*.gif=01;35:*.bmp=01;35:*.pbm=01;35:*.pgm=01;35:*.ppm=01;35:*.tga=01;35:*.xbm=01;35:*.xpm=01;35:*.tif=01;35:*.tiff=01;35:*.png=01;35:*.svg=01;35:*.svgz=01;35:*.mng=01;35:*.pcx=01;35:*.mov=01;35:*.mpg=01;35:*.mpeg=01;35:*.m2v=01;35:*.mkv=01;35:*.webm=01;35:*.webp=01;35:*.ogm=01;35:*.mp4=01;35:*.m4v=01;35:*.mp4v=01;35:*.vob=01;35:*.qt=01;35:*.nuv=01;35:*.wmv=01;35:*.asf=01;35:*.rm=01;35:*.rmvb=01;35:*.flc=01;35:*.avi=01;35:*.fli=01;35:*.flv=01;35:*.gl=01;35:*.dl=01;35:*.xcf=01;35:*.xwd=01;35:*.yuv=01;35:*.cgm=01;35:*.emf=01;35:*.ogv=01;35:*.ogx=01;35:*.aac=00;36:*.au=00;36:*.flac=00;36:*.m4a=00;36:*.mid=00;36:*.midi=00;36:*.mka=00;36:*.mp3=00;36:*.mpc=00;36:*.ogg=00;36:*.ra=00;36:*.wav=00;36:*.oga=00;36:*.opus=00;36:*.spx=00;36:*.xspf=00;36:'), ('AMENT_PREFIX_PATH', '/home/huahai/dobot_ws/install/dobot_rviz:/opt/ros/humble'), ('SHELL', '/bin/bash'), ('LC_NAME', 'zh_CN.UTF-8'), ('LESSCLOSE', '/usr/bin/lesspipe %s %s'), ('LC_MEASUREMENT', 'zh_CN.UTF-8'), ('LC_IDENTIFICATION', 'zh_CN.UTF-8'), ('PWD', '/home/huahai/dobot_ws/build/nova2_moveit'), ('SSH_CONNECTION', '192.168.112.1 11931 192.168.124.127 22'), ('XDG_DATA_DIRS', '/usr/share/gnome:/usr/local/share:/usr/share:/var/lib/snapd/desktop'), ('PYTHONPATH', '/opt/ros/humble/lib/python3.10/site-packages:/opt/ros/humble/local/lib/python3.10/dist-packages'), ('LC_NUMERIC', 'zh_CN.UTF-8'), ('LC_PAPER', 'zh_CN.UTF-8'), ('COLCON', '1'), ('CMAKE_PREFIX_PATH', '/home/huahai/dobot_ws/install/dobot_rviz:/opt/ros/humble')]), 'shell': False}
[8.964868] (-) TimerEvent: {}
[8.990952] (nova2_moveit) CommandEnded: {'returncode': 0}
[8.991204] (nova2_moveit) JobProgress: {'identifier': 'nova2_moveit', 'progress': 'install'}
[8.991221] (nova2_moveit) Command: {'cmd': ['/usr/bin/cmake', '--install', '/home/huahai/dobot_ws/build/nova2_moveit'], 'cwd': '/home/huahai/dobot_ws/build/nova2_moveit', 'env': OrderedDict([('LESSOPEN', '| /usr/bin/lesspipe %s'), ('LANGUAGE', 'zh_CN:en_US:en'), ('USER', 'huahai'), ('SSH_CLIENT', '192.168.112.1 11931 22'), ('LC_TIME', 'zh_CN.UTF-8'), ('XDG_SESSION_TYPE', 'tty'), ('SHLVL', '1'), ('LD_LIBRARY_PATH', '/opt/ros/humble/opt/rviz_ogre_vendor/lib:/opt/ros/humble/lib/x86_64-linux-gnu:/opt/ros/humble/lib'), ('MOTD_SHOWN', 'pam'), ('HOME', '/home/huahai'), ('OLDPWD', '/home/huahai/dobot_ws/src'), ('SSH_TTY', '/dev/pts/2'), ('ROS_PYTHON_VERSION', '3'), ('LC_MONETARY', 'zh_CN.UTF-8'), ('DBUS_SESSION_BUS_ADDRESS', 'unix:path=/run/user/1000/bus'), ('ROS_DISTRO', 'humble'), ('LOGNAME', 'huahai'), ('_', '/usr/bin/colcon'), ('ROS_VERSION', '2'), ('XDG_SESSION_CLASS', 'user'), ('TERM', 'xterm-256color'), ('XDG_SESSION_ID', '8'), ('ROS_LOCALHOST_ONLY', '0'), ('PATH', '/opt/ros/humble/bin:/usr/local/sbin:/usr/local/bin:/usr/sbin:/usr/bin:/sbin:/bin:/usr/games:/usr/local/games:/snap/bin'), ('PAPERSIZE', 'a4'), ('LC_ADDRESS', 'zh_CN.UTF-8'), ('XDG_RUNTIME_DIR', '/run/user/1000'), ('LANG', 'zh_CN.UTF-8'), ('LC_TELEPHONE', 'zh_CN.UTF-8'), ('LS_COLORS', 'rs=0:di=01;34:ln=01;36:mh=00:pi=40;33:so=01;35:do=01;35:bd=40;33;01:cd=40;33;01:or=40;31;01:mi=00:su=37;41:sg=30;43:ca=30;41:tw=30;42:ow=34;42:st=37;44:ex=01;32:*.tar=01;31:*.tgz=01;31:*.arc=01;31:*.arj=01;31:*.taz=01;31:*.lha=01;31:*.lz4=01;31:*.lzh=01;31:*.lzma=01;31:*.tlz=01;31:*.txz=01;31:*.tzo=01;31:*.t7z=01;31:*.zip=01;31:*.z=01;31:*.dz=01;31:*.gz=01;31:*.lrz=01;31:*.lz=01;31:*.lzo=01;31:*.xz=01;31:*.zst=01;31:*.tzst=01;31:*.bz2=01;31:*.bz=01;31:*.tbz=01;31:*.tbz2=01;31:*.tz=01;31:*.deb=01;31:*.rpm=01;31:*.jar=01;31:*.war=01;31:*.ear=01;31:*.sar=01;31:*.rar=01;31:*.alz=01;31:*.ace=01;31:*.zoo=01;31:*.cpio=01;31:*.7z=01;31:*.rz=01;31:*.cab=01;31:*.wim=01;31:*.swm=01;31:*.dwm=01;31:*.esd=01;31:*.jpg=01;35:*.jpeg=01;35:*.mjpg=01;35:*.mjpeg=01;35:*.gif=01;35:*.bmp=01;35:*.pbm=01;35:*.pgm=01;35:*.ppm=01;35:*.tga=01;35:*.xbm=01;35:*.xpm=01;35:*.tif=01;35:*.tiff=01;35:*.png=01;35:*.svg=01;35:*.svgz=01;35:*.mng=01;35:*.pcx=01;35:*.mov=01;35:*.mpg=01;35:*.mpeg=01;35:*.m2v=01;35:*.mkv=01;35:*.webm=01;35:*.webp=01;35:*.ogm=01;35:*.mp4=01;35:*.m4v=01;35:*.mp4v=01;35:*.vob=01;35:*.qt=01;35:*.nuv=01;35:*.wmv=01;35:*.asf=01;35:*.rm=01;35:*.rmvb=01;35:*.flc=01;35:*.avi=01;35:*.fli=01;35:*.flv=01;35:*.gl=01;35:*.dl=01;35:*.xcf=01;35:*.xwd=01;35:*.yuv=01;35:*.cgm=01;35:*.emf=01;35:*.ogv=01;35:*.ogx=01;35:*.aac=00;36:*.au=00;36:*.flac=00;36:*.m4a=00;36:*.mid=00;36:*.midi=00;36:*.mka=00;36:*.mp3=00;36:*.mpc=00;36:*.ogg=00;36:*.ra=00;36:*.wav=00;36:*.oga=00;36:*.opus=00;36:*.spx=00;36:*.xspf=00;36:'), ('AMENT_PREFIX_PATH', '/home/huahai/dobot_ws/install/dobot_rviz:/opt/ros/humble'), ('SHELL', '/bin/bash'), ('LC_NAME', 'zh_CN.UTF-8'), ('LESSCLOSE', '/usr/bin/lesspipe %s %s'), ('LC_MEASUREMENT', 'zh_CN.UTF-8'), ('LC_IDENTIFICATION', 'zh_CN.UTF-8'), ('PWD', '/home/huahai/dobot_ws/build/nova2_moveit'), ('SSH_CONNECTION', '192.168.112.1 11931 192.168.124.127 22'), ('XDG_DATA_DIRS', '/usr/share/gnome:/usr/local/share:/usr/share:/var/lib/snapd/desktop'), ('PYTHONPATH', '/opt/ros/humble/lib/python3.10/site-packages:/opt/ros/humble/local/lib/python3.10/dist-packages'), ('LC_NUMERIC', 'zh_CN.UTF-8'), ('LC_PAPER', 'zh_CN.UTF-8'), ('COLCON', '1'), ('CMAKE_PREFIX_PATH', '/home/huahai/dobot_ws/install/dobot_rviz:/opt/ros/humble')]), 'shell': False}
[8.998416] (nova2_moveit) StdoutLine: {'line': b'-- Install configuration: ""\n'}
[8.998849] (nova2_moveit) StdoutLine: {'line': b'-- Installing: /home/huahai/dobot_ws/install/nova2_moveit/share/ament_index/resource_index/package_run_dependencies/nova2_moveit\n'}
[8.999180] (nova2_moveit) StdoutLine: {'line': b'-- Installing: /home/huahai/dobot_ws/install/nova2_moveit/share/ament_index/resource_index/parent_prefix_path/nova2_moveit\n'}
[8.999388] (nova2_moveit) StdoutLine: {'line': b'-- Installing: /home/huahai/dobot_ws/install/nova2_moveit/share/nova2_moveit/environment/ament_prefix_path.sh\n'}
[8.999546] (nova2_moveit) StdoutLine: {'line': b'-- Installing: /home/huahai/dobot_ws/install/nova2_moveit/share/nova2_moveit/environment/ament_prefix_path.dsv\n'}
[8.999706] (nova2_moveit) StdoutLine: {'line': b'-- Installing: /home/huahai/dobot_ws/install/nova2_moveit/share/nova2_moveit/environment/path.sh\n'}
[8.999885] (nova2_moveit) StdoutLine: {'line': b'-- Installing: /home/huahai/dobot_ws/install/nova2_moveit/share/nova2_moveit/environment/path.dsv\n'}
[9.000035] (nova2_moveit) StdoutLine: {'line': b'-- Installing: /home/huahai/dobot_ws/install/nova2_moveit/share/nova2_moveit/local_setup.bash\n'}
[9.000280] (nova2_moveit) StdoutLine: {'line': b'-- Installing: /home/huahai/dobot_ws/install/nova2_moveit/share/nova2_moveit/local_setup.sh\n'}
[9.000347] (nova2_moveit) StdoutLine: {'line': b'-- Installing: /home/huahai/dobot_ws/install/nova2_moveit/share/nova2_moveit/local_setup.zsh\n'}
[9.000480] (nova2_moveit) StdoutLine: {'line': b'-- Installing: /home/huahai/dobot_ws/install/nova2_moveit/share/nova2_moveit/local_setup.dsv\n'}
[9.000621] (nova2_moveit) StdoutLine: {'line': b'-- Installing: /home/huahai/dobot_ws/install/nova2_moveit/share/nova2_moveit/package.dsv\n'}
[9.000936] (nova2_moveit) StdoutLine: {'line': b'-- Installing: /home/huahai/dobot_ws/install/nova2_moveit/share/ament_index/resource_index/packages/nova2_moveit\n'}
[9.001012] (nova2_moveit) StdoutLine: {'line': b'-- Installing: /home/huahai/dobot_ws/install/nova2_moveit/share/nova2_moveit/cmake/nova2_moveitConfig.cmake\n'}
[9.001457] (nova2_moveit) StdoutLine: {'line': b'-- Installing: /home/huahai/dobot_ws/install/nova2_moveit/share/nova2_moveit/cmake/nova2_moveitConfig-version.cmake\n'}
[9.001549] (nova2_moveit) StdoutLine: {'line': b'-- Installing: /home/huahai/dobot_ws/install/nova2_moveit/share/nova2_moveit/package.xml\n'}
[9.001903] (nova2_moveit) StdoutLine: {'line': b'-- Installing: /home/huahai/dobot_ws/install/nova2_moveit/share/nova2_moveit/launch\n'}
[9.002071] (nova2_moveit) StdoutLine: {'line': b'-- Installing: /home/huahai/dobot_ws/install/nova2_moveit/share/nova2_moveit/launch/moveit_rviz.launch.py\n'}
[9.002215] (nova2_moveit) StdoutLine: {'line': b'-- Installing: /home/huahai/dobot_ws/install/nova2_moveit/share/nova2_moveit/launch/dobot_moveit.launch.py\n'}
[9.002344] (nova2_moveit) StdoutLine: {'line': b'-- Installing: /home/huahai/dobot_ws/install/nova2_moveit/share/nova2_moveit/launch/moveit_gazebo.launch.py\n'}
[9.002522] (nova2_moveit) StdoutLine: {'line': b'-- Installing: /home/huahai/dobot_ws/install/nova2_moveit/share/nova2_moveit/launch/demo.launch.py\n'}
[9.002579] (nova2_moveit) StdoutLine: {'line': b'-- Installing: /home/huahai/dobot_ws/install/nova2_moveit/share/nova2_moveit/launch/setup_assistant.launch.py\n'}
[9.002694] (nova2_moveit) StdoutLine: {'line': b'-- Installing: /home/huahai/dobot_ws/install/nova2_moveit/share/nova2_moveit/launch/rsp.launch.py\n'}
[9.002898] (nova2_moveit) StdoutLine: {'line': b'-- Installing: /home/huahai/dobot_ws/install/nova2_moveit/share/nova2_moveit/launch/static_virtual_joint_tfs.launch.py\n'}
[9.003027] (nova2_moveit) StdoutLine: {'line': b'-- Installing: /home/huahai/dobot_ws/install/nova2_moveit/share/nova2_moveit/launch/spawn_controllers.launch.py\n'}
[9.003086] (nova2_moveit) StdoutLine: {'line': b'-- Installing: /home/huahai/dobot_ws/install/nova2_moveit/share/nova2_moveit/launch/move_group.launch.py\n'}
[9.003290] (nova2_moveit) StdoutLine: {'line': b'-- Installing: /home/huahai/dobot_ws/install/nova2_moveit/share/nova2_moveit/launch/warehouse_db.launch.py\n'}
[9.003356] (nova2_moveit) StdoutLine: {'line': b'-- Installing: /home/huahai/dobot_ws/install/nova2_moveit/share/nova2_moveit/config\n'}
[9.003467] (nova2_moveit) StdoutLine: {'line': b'-- Installing: /home/huahai/dobot_ws/install/nova2_moveit/share/nova2_moveit/config/joint_limits.yaml\n'}
[9.004797] (nova2_moveit) StdoutLine: {'line': b'-- Installing: /home/huahai/dobot_ws/install/nova2_moveit/share/nova2_moveit/config/moveit.rviz\n'}
[9.004901] (nova2_moveit) StdoutLine: {'line': b'-- Installing: /home/huahai/dobot_ws/install/nova2_moveit/share/nova2_moveit/config/nova2_robot.ros2_control.xacro\n'}
[9.004939] (nova2_moveit) StdoutLine: {'line': b'-- Installing: /home/huahai/dobot_ws/install/nova2_moveit/share/nova2_moveit/config/pilz_cartesian_limits.yaml\n'}
[9.004974] (nova2_moveit) StdoutLine: {'line': b'-- Installing: /home/huahai/dobot_ws/install/nova2_moveit/share/nova2_moveit/config/nova2_robot.srdf\n'}
[9.005013] (nova2_moveit) StdoutLine: {'line': b'-- Installing: /home/huahai/dobot_ws/install/nova2_moveit/share/nova2_moveit/config/moveit_controllers.yaml\n'}
[9.005044] (nova2_moveit) StdoutLine: {'line': b'-- Installing: /home/huahai/dobot_ws/install/nova2_moveit/share/nova2_moveit/config/kinematics.yaml\n'}
[9.005072] (nova2_moveit) StdoutLine: {'line': b'-- Installing: /home/huahai/dobot_ws/install/nova2_moveit/share/nova2_moveit/config/nova2_robot.urdf.xacro\n'}
[9.005099] (nova2_moveit) StdoutLine: {'line': b'-- Installing: /home/huahai/dobot_ws/install/nova2_moveit/share/nova2_moveit/config/initial_positions.yaml\n'}
[9.005129] (nova2_moveit) StdoutLine: {'line': b'-- Installing: /home/huahai/dobot_ws/install/nova2_moveit/share/nova2_moveit/config/ros2_controllers.yaml\n'}
[9.005156] (nova2_moveit) StdoutLine: {'line': b'-- Installing: /home/huahai/dobot_ws/install/nova2_moveit/share/nova2_moveit/.setup_assistant\n'}
[9.005661] (nova2_moveit) CommandEnded: {'returncode': 0}
[9.017497] (nova2_moveit) JobEnded: {'identifier': 'nova2_moveit', 'rc': 0}
[9.020812] (nova5_moveit) JobStarted: {'identifier': 'nova5_moveit'}
[9.030205] (nova5_moveit) JobProgress: {'identifier': 'nova5_moveit', 'progress': 'cmake'}
[9.030504] (nova5_moveit) Command: {'cmd': ['/usr/bin/cmake', '/home/huahai/dobot_ws/src/DOBOT_6Axis_ROS2_V3/nova5_moveit', '-DCMAKE_INSTALL_PREFIX=/home/huahai/dobot_ws/install/nova5_moveit'], 'cwd': '/home/huahai/dobot_ws/build/nova5_moveit', 'env': OrderedDict([('LESSOPEN', '| /usr/bin/lesspipe %s'), ('LANGUAGE', 'zh_CN:en_US:en'), ('USER', 'huahai'), ('SSH_CLIENT', '192.168.112.1 11931 22'), ('LC_TIME', 'zh_CN.UTF-8'), ('XDG_SESSION_TYPE', 'tty'), ('SHLVL', '1'), ('LD_LIBRARY_PATH', '/opt/ros/humble/opt/rviz_ogre_vendor/lib:/opt/ros/humble/lib/x86_64-linux-gnu:/opt/ros/humble/lib'), ('MOTD_SHOWN', 'pam'), ('HOME', '/home/huahai'), ('OLDPWD', '/home/huahai/dobot_ws/src'), ('SSH_TTY', '/dev/pts/2'), ('ROS_PYTHON_VERSION', '3'), ('LC_MONETARY', 'zh_CN.UTF-8'), ('DBUS_SESSION_BUS_ADDRESS', 'unix:path=/run/user/1000/bus'), ('ROS_DISTRO', 'humble'), ('LOGNAME', 'huahai'), ('_', '/usr/bin/colcon'), ('ROS_VERSION', '2'), ('XDG_SESSION_CLASS', 'user'), ('TERM', 'xterm-256color'), ('XDG_SESSION_ID', '8'), ('ROS_LOCALHOST_ONLY', '0'), ('PATH', '/opt/ros/humble/bin:/usr/local/sbin:/usr/local/bin:/usr/sbin:/usr/bin:/sbin:/bin:/usr/games:/usr/local/games:/snap/bin'), ('PAPERSIZE', 'a4'), ('LC_ADDRESS', 'zh_CN.UTF-8'), ('XDG_RUNTIME_DIR', '/run/user/1000'), ('LANG', 'zh_CN.UTF-8'), ('LC_TELEPHONE', 'zh_CN.UTF-8'), ('LS_COLORS', 'rs=0:di=01;34:ln=01;36:mh=00:pi=40;33:so=01;35:do=01;35:bd=40;33;01:cd=40;33;01:or=40;31;01:mi=00:su=37;41:sg=30;43:ca=30;41:tw=30;42:ow=34;42:st=37;44:ex=01;32:*.tar=01;31:*.tgz=01;31:*.arc=01;31:*.arj=01;31:*.taz=01;31:*.lha=01;31:*.lz4=01;31:*.lzh=01;31:*.lzma=01;31:*.tlz=01;31:*.txz=01;31:*.tzo=01;31:*.t7z=01;31:*.zip=01;31:*.z=01;31:*.dz=01;31:*.gz=01;31:*.lrz=01;31:*.lz=01;31:*.lzo=01;31:*.xz=01;31:*.zst=01;31:*.tzst=01;31:*.bz2=01;31:*.bz=01;31:*.tbz=01;31:*.tbz2=01;31:*.tz=01;31:*.deb=01;31:*.rpm=01;31:*.jar=01;31:*.war=01;31:*.ear=01;31:*.sar=01;31:*.rar=01;31:*.alz=01;31:*.ace=01;31:*.zoo=01;31:*.cpio=01;31:*.7z=01;31:*.rz=01;31:*.cab=01;31:*.wim=01;31:*.swm=01;31:*.dwm=01;31:*.esd=01;31:*.jpg=01;35:*.jpeg=01;35:*.mjpg=01;35:*.mjpeg=01;35:*.gif=01;35:*.bmp=01;35:*.pbm=01;35:*.pgm=01;35:*.ppm=01;35:*.tga=01;35:*.xbm=01;35:*.xpm=01;35:*.tif=01;35:*.tiff=01;35:*.png=01;35:*.svg=01;35:*.svgz=01;35:*.mng=01;35:*.pcx=01;35:*.mov=01;35:*.mpg=01;35:*.mpeg=01;35:*.m2v=01;35:*.mkv=01;35:*.webm=01;35:*.webp=01;35:*.ogm=01;35:*.mp4=01;35:*.m4v=01;35:*.mp4v=01;35:*.vob=01;35:*.qt=01;35:*.nuv=01;35:*.wmv=01;35:*.asf=01;35:*.rm=01;35:*.rmvb=01;35:*.flc=01;35:*.avi=01;35:*.fli=01;35:*.flv=01;35:*.gl=01;35:*.dl=01;35:*.xcf=01;35:*.xwd=01;35:*.yuv=01;35:*.cgm=01;35:*.emf=01;35:*.ogv=01;35:*.ogx=01;35:*.aac=00;36:*.au=00;36:*.flac=00;36:*.m4a=00;36:*.mid=00;36:*.midi=00;36:*.mka=00;36:*.mp3=00;36:*.mpc=00;36:*.ogg=00;36:*.ra=00;36:*.wav=00;36:*.oga=00;36:*.opus=00;36:*.spx=00;36:*.xspf=00;36:'), ('AMENT_PREFIX_PATH', '/home/huahai/dobot_ws/install/dobot_rviz:/opt/ros/humble'), ('SHELL', '/bin/bash'), ('LC_NAME', 'zh_CN.UTF-8'), ('LESSCLOSE', '/usr/bin/lesspipe %s %s'), ('LC_MEASUREMENT', 'zh_CN.UTF-8'), ('LC_IDENTIFICATION', 'zh_CN.UTF-8'), ('PWD', '/home/huahai/dobot_ws/build/nova5_moveit'), ('SSH_CONNECTION', '192.168.112.1 11931 192.168.124.127 22'), ('XDG_DATA_DIRS', '/usr/share/gnome:/usr/local/share:/usr/share:/var/lib/snapd/desktop'), ('PYTHONPATH', '/opt/ros/humble/lib/python3.10/site-packages:/opt/ros/humble/local/lib/python3.10/dist-packages'), ('LC_NUMERIC', 'zh_CN.UTF-8'), ('LC_PAPER', 'zh_CN.UTF-8'), ('COLCON', '1'), ('CMAKE_PREFIX_PATH', '/home/huahai/dobot_ws/install/dobot_rviz:/opt/ros/humble')]), 'shell': False}
[9.065001] (-) TimerEvent: {}
[9.087891] (nova5_moveit) StdoutLine: {'line': b'-- The C compiler identification is GNU 11.4.0\n'}
[9.149921] (nova5_moveit) StdoutLine: {'line': b'-- The CXX compiler identification is GNU 11.4.0\n'}
[9.156055] (nova5_moveit) StdoutLine: {'line': b'-- Detecting C compiler ABI info\n'}
[9.165100] (-) TimerEvent: {}
[9.210919] (nova5_moveit) StdoutLine: {'line': b'-- Detecting C compiler ABI info - done\n'}
[9.214268] (nova5_moveit) StdoutLine: {'line': b'-- Check for working C compiler: /usr/bin/cc - skipped\n'}
[9.214707] (nova5_moveit) StdoutLine: {'line': b'-- Detecting C compile features\n'}
[9.215104] (nova5_moveit) StdoutLine: {'line': b'-- Detecting C compile features - done\n'}
[9.217803] (nova5_moveit) StdoutLine: {'line': b'-- Detecting CXX compiler ABI info\n'}
[9.265211] (-) TimerEvent: {}
[9.277350] (nova5_moveit) StdoutLine: {'line': b'-- Detecting CXX compiler ABI info - done\n'}
[9.285925] (nova5_moveit) StdoutLine: {'line': b'-- Check for working CXX compiler: /usr/bin/c++ - skipped\n'}
[9.286370] (nova5_moveit) StdoutLine: {'line': b'-- Detecting CXX compile features\n'}
[9.289852] (nova5_moveit) StdoutLine: {'line': b'-- Detecting CXX compile features - done\n'}
[9.290303] (nova5_moveit) StdoutLine: {'line': b'-- Found ament_cmake: 1.3.13 (/opt/ros/humble/share/ament_cmake/cmake)\n'}
[9.365302] (-) TimerEvent: {}
[9.399863] (nova5_moveit) StdoutLine: {'line': b'-- Found Python3: /usr/bin/python3 (found version "3.10.12") found components: Interpreter \n'}
[9.465420] (-) TimerEvent: {}
[9.521884] (nova5_moveit) StdoutLine: {'line': b'-- Configuring done\n'}
[9.522029] (nova5_moveit) StdoutLine: {'line': b'-- Generating done\n'}
[9.523272] (nova5_moveit) StdoutLine: {'line': b'-- Build files have been written to: /home/huahai/dobot_ws/build/nova5_moveit\n'}
[9.526449] (nova5_moveit) CommandEnded: {'returncode': 0}
[9.527888] (nova5_moveit) JobProgress: {'identifier': 'nova5_moveit', 'progress': 'build'}
[9.527920] (nova5_moveit) Command: {'cmd': ['/usr/bin/cmake', '--build', '/home/huahai/dobot_ws/build/nova5_moveit', '--', '-j2', '-l2'], 'cwd': '/home/huahai/dobot_ws/build/nova5_moveit', 'env': OrderedDict([('LESSOPEN', '| /usr/bin/lesspipe %s'), ('LANGUAGE', 'zh_CN:en_US:en'), ('USER', 'huahai'), ('SSH_CLIENT', '192.168.112.1 11931 22'), ('LC_TIME', 'zh_CN.UTF-8'), ('XDG_SESSION_TYPE', 'tty'), ('SHLVL', '1'), ('LD_LIBRARY_PATH', '/opt/ros/humble/opt/rviz_ogre_vendor/lib:/opt/ros/humble/lib/x86_64-linux-gnu:/opt/ros/humble/lib'), ('MOTD_SHOWN', 'pam'), ('HOME', '/home/huahai'), ('OLDPWD', '/home/huahai/dobot_ws/src'), ('SSH_TTY', '/dev/pts/2'), ('ROS_PYTHON_VERSION', '3'), ('LC_MONETARY', 'zh_CN.UTF-8'), ('DBUS_SESSION_BUS_ADDRESS', 'unix:path=/run/user/1000/bus'), ('ROS_DISTRO', 'humble'), ('LOGNAME', 'huahai'), ('_', '/usr/bin/colcon'), ('ROS_VERSION', '2'), ('XDG_SESSION_CLASS', 'user'), ('TERM', 'xterm-256color'), ('XDG_SESSION_ID', '8'), ('ROS_LOCALHOST_ONLY', '0'), ('PATH', '/opt/ros/humble/bin:/usr/local/sbin:/usr/local/bin:/usr/sbin:/usr/bin:/sbin:/bin:/usr/games:/usr/local/games:/snap/bin'), ('PAPERSIZE', 'a4'), ('LC_ADDRESS', 'zh_CN.UTF-8'), ('XDG_RUNTIME_DIR', '/run/user/1000'), ('LANG', 'zh_CN.UTF-8'), ('LC_TELEPHONE', 'zh_CN.UTF-8'), ('LS_COLORS', 'rs=0:di=01;34:ln=01;36:mh=00:pi=40;33:so=01;35:do=01;35:bd=40;33;01:cd=40;33;01:or=40;31;01:mi=00:su=37;41:sg=30;43:ca=30;41:tw=30;42:ow=34;42:st=37;44:ex=01;32:*.tar=01;31:*.tgz=01;31:*.arc=01;31:*.arj=01;31:*.taz=01;31:*.lha=01;31:*.lz4=01;31:*.lzh=01;31:*.lzma=01;31:*.tlz=01;31:*.txz=01;31:*.tzo=01;31:*.t7z=01;31:*.zip=01;31:*.z=01;31:*.dz=01;31:*.gz=01;31:*.lrz=01;31:*.lz=01;31:*.lzo=01;31:*.xz=01;31:*.zst=01;31:*.tzst=01;31:*.bz2=01;31:*.bz=01;31:*.tbz=01;31:*.tbz2=01;31:*.tz=01;31:*.deb=01;31:*.rpm=01;31:*.jar=01;31:*.war=01;31:*.ear=01;31:*.sar=01;31:*.rar=01;31:*.alz=01;31:*.ace=01;31:*.zoo=01;31:*.cpio=01;31:*.7z=01;31:*.rz=01;31:*.cab=01;31:*.wim=01;31:*.swm=01;31:*.dwm=01;31:*.esd=01;31:*.jpg=01;35:*.jpeg=01;35:*.mjpg=01;35:*.mjpeg=01;35:*.gif=01;35:*.bmp=01;35:*.pbm=01;35:*.pgm=01;35:*.ppm=01;35:*.tga=01;35:*.xbm=01;35:*.xpm=01;35:*.tif=01;35:*.tiff=01;35:*.png=01;35:*.svg=01;35:*.svgz=01;35:*.mng=01;35:*.pcx=01;35:*.mov=01;35:*.mpg=01;35:*.mpeg=01;35:*.m2v=01;35:*.mkv=01;35:*.webm=01;35:*.webp=01;35:*.ogm=01;35:*.mp4=01;35:*.m4v=01;35:*.mp4v=01;35:*.vob=01;35:*.qt=01;35:*.nuv=01;35:*.wmv=01;35:*.asf=01;35:*.rm=01;35:*.rmvb=01;35:*.flc=01;35:*.avi=01;35:*.fli=01;35:*.flv=01;35:*.gl=01;35:*.dl=01;35:*.xcf=01;35:*.xwd=01;35:*.yuv=01;35:*.cgm=01;35:*.emf=01;35:*.ogv=01;35:*.ogx=01;35:*.aac=00;36:*.au=00;36:*.flac=00;36:*.m4a=00;36:*.mid=00;36:*.midi=00;36:*.mka=00;36:*.mp3=00;36:*.mpc=00;36:*.ogg=00;36:*.ra=00;36:*.wav=00;36:*.oga=00;36:*.opus=00;36:*.spx=00;36:*.xspf=00;36:'), ('AMENT_PREFIX_PATH', '/home/huahai/dobot_ws/install/dobot_rviz:/opt/ros/humble'), ('SHELL', '/bin/bash'), ('LC_NAME', 'zh_CN.UTF-8'), ('LESSCLOSE', '/usr/bin/lesspipe %s %s'), ('LC_MEASUREMENT', 'zh_CN.UTF-8'), ('LC_IDENTIFICATION', 'zh_CN.UTF-8'), ('PWD', '/home/huahai/dobot_ws/build/nova5_moveit'), ('SSH_CONNECTION', '192.168.112.1 11931 192.168.124.127 22'), ('XDG_DATA_DIRS', '/usr/share/gnome:/usr/local/share:/usr/share:/var/lib/snapd/desktop'), ('PYTHONPATH', '/opt/ros/humble/lib/python3.10/site-packages:/opt/ros/humble/local/lib/python3.10/dist-packages'), ('LC_NUMERIC', 'zh_CN.UTF-8'), ('LC_PAPER', 'zh_CN.UTF-8'), ('COLCON', '1'), ('CMAKE_PREFIX_PATH', '/home/huahai/dobot_ws/install/dobot_rviz:/opt/ros/humble')]), 'shell': False}
[9.556864] (nova5_moveit) CommandEnded: {'returncode': 0}
[9.557120] (nova5_moveit) JobProgress: {'identifier': 'nova5_moveit', 'progress': 'install'}
[9.557138] (nova5_moveit) Command: {'cmd': ['/usr/bin/cmake', '--install', '/home/huahai/dobot_ws/build/nova5_moveit'], 'cwd': '/home/huahai/dobot_ws/build/nova5_moveit', 'env': OrderedDict([('LESSOPEN', '| /usr/bin/lesspipe %s'), ('LANGUAGE', 'zh_CN:en_US:en'), ('USER', 'huahai'), ('SSH_CLIENT', '192.168.112.1 11931 22'), ('LC_TIME', 'zh_CN.UTF-8'), ('XDG_SESSION_TYPE', 'tty'), ('SHLVL', '1'), ('LD_LIBRARY_PATH', '/opt/ros/humble/opt/rviz_ogre_vendor/lib:/opt/ros/humble/lib/x86_64-linux-gnu:/opt/ros/humble/lib'), ('MOTD_SHOWN', 'pam'), ('HOME', '/home/huahai'), ('OLDPWD', '/home/huahai/dobot_ws/src'), ('SSH_TTY', '/dev/pts/2'), ('ROS_PYTHON_VERSION', '3'), ('LC_MONETARY', 'zh_CN.UTF-8'), ('DBUS_SESSION_BUS_ADDRESS', 'unix:path=/run/user/1000/bus'), ('ROS_DISTRO', 'humble'), ('LOGNAME', 'huahai'), ('_', '/usr/bin/colcon'), ('ROS_VERSION', '2'), ('XDG_SESSION_CLASS', 'user'), ('TERM', 'xterm-256color'), ('XDG_SESSION_ID', '8'), ('ROS_LOCALHOST_ONLY', '0'), ('PATH', '/opt/ros/humble/bin:/usr/local/sbin:/usr/local/bin:/usr/sbin:/usr/bin:/sbin:/bin:/usr/games:/usr/local/games:/snap/bin'), ('PAPERSIZE', 'a4'), ('LC_ADDRESS', 'zh_CN.UTF-8'), ('XDG_RUNTIME_DIR', '/run/user/1000'), ('LANG', 'zh_CN.UTF-8'), ('LC_TELEPHONE', 'zh_CN.UTF-8'), ('LS_COLORS', 'rs=0:di=01;34:ln=01;36:mh=00:pi=40;33:so=01;35:do=01;35:bd=40;33;01:cd=40;33;01:or=40;31;01:mi=00:su=37;41:sg=30;43:ca=30;41:tw=30;42:ow=34;42:st=37;44:ex=01;32:*.tar=01;31:*.tgz=01;31:*.arc=01;31:*.arj=01;31:*.taz=01;31:*.lha=01;31:*.lz4=01;31:*.lzh=01;31:*.lzma=01;31:*.tlz=01;31:*.txz=01;31:*.tzo=01;31:*.t7z=01;31:*.zip=01;31:*.z=01;31:*.dz=01;31:*.gz=01;31:*.lrz=01;31:*.lz=01;31:*.lzo=01;31:*.xz=01;31:*.zst=01;31:*.tzst=01;31:*.bz2=01;31:*.bz=01;31:*.tbz=01;31:*.tbz2=01;31:*.tz=01;31:*.deb=01;31:*.rpm=01;31:*.jar=01;31:*.war=01;31:*.ear=01;31:*.sar=01;31:*.rar=01;31:*.alz=01;31:*.ace=01;31:*.zoo=01;31:*.cpio=01;31:*.7z=01;31:*.rz=01;31:*.cab=01;31:*.wim=01;31:*.swm=01;31:*.dwm=01;31:*.esd=01;31:*.jpg=01;35:*.jpeg=01;35:*.mjpg=01;35:*.mjpeg=01;35:*.gif=01;35:*.bmp=01;35:*.pbm=01;35:*.pgm=01;35:*.ppm=01;35:*.tga=01;35:*.xbm=01;35:*.xpm=01;35:*.tif=01;35:*.tiff=01;35:*.png=01;35:*.svg=01;35:*.svgz=01;35:*.mng=01;35:*.pcx=01;35:*.mov=01;35:*.mpg=01;35:*.mpeg=01;35:*.m2v=01;35:*.mkv=01;35:*.webm=01;35:*.webp=01;35:*.ogm=01;35:*.mp4=01;35:*.m4v=01;35:*.mp4v=01;35:*.vob=01;35:*.qt=01;35:*.nuv=01;35:*.wmv=01;35:*.asf=01;35:*.rm=01;35:*.rmvb=01;35:*.flc=01;35:*.avi=01;35:*.fli=01;35:*.flv=01;35:*.gl=01;35:*.dl=01;35:*.xcf=01;35:*.xwd=01;35:*.yuv=01;35:*.cgm=01;35:*.emf=01;35:*.ogv=01;35:*.ogx=01;35:*.aac=00;36:*.au=00;36:*.flac=00;36:*.m4a=00;36:*.mid=00;36:*.midi=00;36:*.mka=00;36:*.mp3=00;36:*.mpc=00;36:*.ogg=00;36:*.ra=00;36:*.wav=00;36:*.oga=00;36:*.opus=00;36:*.spx=00;36:*.xspf=00;36:'), ('AMENT_PREFIX_PATH', '/home/huahai/dobot_ws/install/dobot_rviz:/opt/ros/humble'), ('SHELL', '/bin/bash'), ('LC_NAME', 'zh_CN.UTF-8'), ('LESSCLOSE', '/usr/bin/lesspipe %s %s'), ('LC_MEASUREMENT', 'zh_CN.UTF-8'), ('LC_IDENTIFICATION', 'zh_CN.UTF-8'), ('PWD', '/home/huahai/dobot_ws/build/nova5_moveit'), ('SSH_CONNECTION', '192.168.112.1 11931 192.168.124.127 22'), ('XDG_DATA_DIRS', '/usr/share/gnome:/usr/local/share:/usr/share:/var/lib/snapd/desktop'), ('PYTHONPATH', '/opt/ros/humble/lib/python3.10/site-packages:/opt/ros/humble/local/lib/python3.10/dist-packages'), ('LC_NUMERIC', 'zh_CN.UTF-8'), ('LC_PAPER', 'zh_CN.UTF-8'), ('COLCON', '1'), ('CMAKE_PREFIX_PATH', '/home/huahai/dobot_ws/install/dobot_rviz:/opt/ros/humble')]), 'shell': False}
[9.562998] (nova5_moveit) StdoutLine: {'line': b'-- Install configuration: ""\n'}
[9.563166] (nova5_moveit) StdoutLine: {'line': b'-- Installing: /home/huahai/dobot_ws/install/nova5_moveit/share/ament_index/resource_index/package_run_dependencies/nova5_moveit\n'}
[9.563413] (nova5_moveit) StdoutLine: {'line': b'-- Installing: /home/huahai/dobot_ws/install/nova5_moveit/share/ament_index/resource_index/parent_prefix_path/nova5_moveit\n'}
[9.563632] (nova5_moveit) StdoutLine: {'line': b'-- Installing: /home/huahai/dobot_ws/install/nova5_moveit/share/nova5_moveit/environment/ament_prefix_path.sh\n'}
[9.563813] (nova5_moveit) StdoutLine: {'line': b'-- Installing: /home/huahai/dobot_ws/install/nova5_moveit/share/nova5_moveit/environment/ament_prefix_path.dsv\n'}
[9.563990] (nova5_moveit) StdoutLine: {'line': b'-- Installing: /home/huahai/dobot_ws/install/nova5_moveit/share/nova5_moveit/environment/path.sh\n'}
[9.564144] (nova5_moveit) StdoutLine: {'line': b'-- Installing: /home/huahai/dobot_ws/install/nova5_moveit/share/nova5_moveit/environment/path.dsv\n'}
[9.564293] (nova5_moveit) StdoutLine: {'line': b'-- Installing: /home/huahai/dobot_ws/install/nova5_moveit/share/nova5_moveit/local_setup.bash\n'}
[9.564445] (nova5_moveit) StdoutLine: {'line': b'-- Installing: /home/huahai/dobot_ws/install/nova5_moveit/share/nova5_moveit/local_setup.sh\n'}
[9.564629] (nova5_moveit) StdoutLine: {'line': b'-- Installing: /home/huahai/dobot_ws/install/nova5_moveit/share/nova5_moveit/local_setup.zsh\n'}
[9.564854] (nova5_moveit) StdoutLine: {'line': b'-- Installing: /home/huahai/dobot_ws/install/nova5_moveit/share/nova5_moveit/local_setup.dsv\n'}
[9.565158] (nova5_moveit) StdoutLine: {'line': b'-- Installing: /home/huahai/dobot_ws/install/nova5_moveit/share/nova5_moveit/package.dsv\n'}
[9.565475] (nova5_moveit) StdoutLine: {'line': b'-- Installing: /home/huahai/dobot_ws/install/nova5_moveit/share/ament_index/resource_index/packages/nova5_moveit\n'}
[9.565537] (-) TimerEvent: {}
[9.566126] (nova5_moveit) StdoutLine: {'line': b'-- Installing: /home/huahai/dobot_ws/install/nova5_moveit/share/nova5_moveit/cmake/nova5_moveitConfig.cmake\n'}
[9.566225] (nova5_moveit) StdoutLine: {'line': b'-- Installing: /home/huahai/dobot_ws/install/nova5_moveit/share/nova5_moveit/cmake/nova5_moveitConfig-version.cmake\n'}
[9.566407] (nova5_moveit) StdoutLine: {'line': b'-- Installing: /home/huahai/dobot_ws/install/nova5_moveit/share/nova5_moveit/package.xml\n'}
[9.566579] (nova5_moveit) StdoutLine: {'line': b'-- Installing: /home/huahai/dobot_ws/install/nova5_moveit/share/nova5_moveit/launch\n'}
[9.566893] (nova5_moveit) StdoutLine: {'line': b'-- Installing: /home/huahai/dobot_ws/install/nova5_moveit/share/nova5_moveit/launch/moveit_rviz.launch.py\n'}
[9.566975] (nova5_moveit) StdoutLine: {'line': b'-- Installing: /home/huahai/dobot_ws/install/nova5_moveit/share/nova5_moveit/launch/dobot_moveit.launch.py\n'}
[9.567152] (nova5_moveit) StdoutLine: {'line': b'-- Installing: /home/huahai/dobot_ws/install/nova5_moveit/share/nova5_moveit/launch/moveit_gazebo.launch.py\n'}
[9.567342] (nova5_moveit) StdoutLine: {'line': b'-- Installing: /home/huahai/dobot_ws/install/nova5_moveit/share/nova5_moveit/launch/demo.launch.py\n'}
[9.567401] (nova5_moveit) StdoutLine: {'line': b'-- Installing: /home/huahai/dobot_ws/install/nova5_moveit/share/nova5_moveit/launch/setup_assistant.launch.py\n'}
[9.567517] (nova5_moveit) StdoutLine: {'line': b'-- Installing: /home/huahai/dobot_ws/install/nova5_moveit/share/nova5_moveit/launch/rsp.launch.py\n'}
[9.567736] (nova5_moveit) StdoutLine: {'line': b'-- Installing: /home/huahai/dobot_ws/install/nova5_moveit/share/nova5_moveit/launch/static_virtual_joint_tfs.launch.py\n'}
[9.567813] (nova5_moveit) StdoutLine: {'line': b'-- Installing: /home/huahai/dobot_ws/install/nova5_moveit/share/nova5_moveit/launch/spawn_controllers.launch.py\n'}
[9.567994] (nova5_moveit) StdoutLine: {'line': b'-- Installing: /home/huahai/dobot_ws/install/nova5_moveit/share/nova5_moveit/launch/move_group.launch.py\n'}
[9.568050] (nova5_moveit) StdoutLine: {'line': b'-- Installing: /home/huahai/dobot_ws/install/nova5_moveit/share/nova5_moveit/launch/warehouse_db.launch.py\n'}
[9.568199] (nova5_moveit) StdoutLine: {'line': b'-- Installing: /home/huahai/dobot_ws/install/nova5_moveit/share/nova5_moveit/config\n'}
[9.568393] (nova5_moveit) StdoutLine: {'line': b'-- Installing: /home/huahai/dobot_ws/install/nova5_moveit/share/nova5_moveit/config/joint_limits.yaml\n'}
[9.568449] (nova5_moveit) StdoutLine: {'line': b'-- Installing: /home/huahai/dobot_ws/install/nova5_moveit/share/nova5_moveit/config/moveit.rviz\n'}
[9.568622] (nova5_moveit) StdoutLine: {'line': b'-- Installing: /home/huahai/dobot_ws/install/nova5_moveit/share/nova5_moveit/config/nova5_robot.ros2_control.xacro\n'}
[9.568675] (nova5_moveit) StdoutLine: {'line': b'-- Installing: /home/huahai/dobot_ws/install/nova5_moveit/share/nova5_moveit/config/nova5_robot.urdf.xacro\n'}
[9.568855] (nova5_moveit) StdoutLine: {'line': b'-- Installing: /home/huahai/dobot_ws/install/nova5_moveit/share/nova5_moveit/config/pilz_cartesian_limits.yaml\n'}
[9.569036] (nova5_moveit) StdoutLine: {'line': b'-- Installing: /home/huahai/dobot_ws/install/nova5_moveit/share/nova5_moveit/config/moveit_controllers.yaml\n'}
[9.569189] (nova5_moveit) StdoutLine: {'line': b'-- Installing: /home/huahai/dobot_ws/install/nova5_moveit/share/nova5_moveit/config/kinematics.yaml\n'}
[9.569244] (nova5_moveit) StdoutLine: {'line': b'-- Installing: /home/huahai/dobot_ws/install/nova5_moveit/share/nova5_moveit/config/initial_positions.yaml\n'}
[9.569359] (nova5_moveit) StdoutLine: {'line': b'-- Installing: /home/huahai/dobot_ws/install/nova5_moveit/share/nova5_moveit/config/nova5_robot.srdf\n'}
[9.569473] (nova5_moveit) StdoutLine: {'line': b'-- Installing: /home/huahai/dobot_ws/install/nova5_moveit/share/nova5_moveit/config/ros2_controllers.yaml\n'}
[9.572862] (nova5_moveit) StdoutLine: {'line': b'-- Installing: /home/huahai/dobot_ws/install/nova5_moveit/share/nova5_moveit/.setup_assistant\n'}
[9.572995] (nova5_moveit) CommandEnded: {'returncode': 0}
[9.581175] (nova5_moveit) JobEnded: {'identifier': 'nova5_moveit', 'rc': 0}
[9.665912] (-) TimerEvent: {}
[9.766434] (-) TimerEvent: {}
[9.870880] (-) TimerEvent: {}
[9.971447] (-) TimerEvent: {}
[10.072061] (-) TimerEvent: {}
[10.172654] (-) TimerEvent: {}
[10.273251] (-) TimerEvent: {}
[10.373844] (-) TimerEvent: {}
[10.474473] (-) TimerEvent: {}
[10.577054] (-) TimerEvent: {}
[10.677672] (-) TimerEvent: {}
[10.778461] (-) TimerEvent: {}
[10.879096] (-) TimerEvent: {}
[10.980946] (-) TimerEvent: {}
[11.081738] (-) TimerEvent: {}
[11.182366] (-) TimerEvent: {}
[11.283023] (-) TimerEvent: {}
[11.294642] (dobot_msgs_v3) StdoutLine: {'line': b'[  0%] Built target dobot_msgs_v3__cpp\n'}
[11.317918] (dobot_msgs_v3) StdoutLine: {'line': b'[  0%] Built target ament_cmake_python_copy_dobot_msgs_v3\n'}
[11.326841] (dobot_msgs_v3) StdoutLine: {'line': b'[  0%] \x1b[34m\x1b[1mGenerating C++ type support dispatch for ROS interfaces\x1b[0m\n'}
[11.383116] (-) TimerEvent: {}
[11.440211] (dobot_msgs_v3) StdoutLine: {'line': b'[  0%] \x1b[32mBuilding C object CMakeFiles/dobot_msgs_v3__rosidl_generator_c.dir/rosidl_generator_c/dobot_msgs_v3/msg/detail/robot_status__functions.c.o\x1b[0m\n'}
[11.483213] (-) TimerEvent: {}
[11.496810] (dobot_msgs_v3) StdoutLine: {'line': b'[  0%] \x1b[32mBuilding C object CMakeFiles/dobot_msgs_v3__rosidl_generator_c.dir/rosidl_generator_c/dobot_msgs_v3/msg/detail/tool_vector_actual__functions.c.o\x1b[0m\n'}
[11.529859] (dobot_msgs_v3) StdoutLine: {'line': b'[  0%] \x1b[32mBuilding C object CMakeFiles/dobot_msgs_v3__rosidl_generator_c.dir/rosidl_generator_c/dobot_msgs_v3/srv/detail/acc_j__functions.c.o\x1b[0m\n'}
[11.572145] (dobot_msgs_v3) StdoutLine: {'line': b'[  1%] \x1b[32mBuilding C object CMakeFiles/dobot_msgs_v3__rosidl_generator_c.dir/rosidl_generator_c/dobot_msgs_v3/srv/detail/acc_l__functions.c.o\x1b[0m\n'}
[11.583303] (-) TimerEvent: {}
[11.610118] (dobot_msgs_v3) StdoutLine: {'line': b'[  1%] \x1b[32mBuilding C object CMakeFiles/dobot_msgs_v3__rosidl_generator_c.dir/rosidl_generator_c/dobot_msgs_v3/srv/detail/ao__functions.c.o\x1b[0m\n'}
[11.648563] (dobot_msgs_v3) StdoutLine: {'line': b'[  1%] \x1b[32mBuilding C object CMakeFiles/dobot_msgs_v3__rosidl_generator_c.dir/rosidl_generator_c/dobot_msgs_v3/srv/detail/ao_execute__functions.c.o\x1b[0m\n'}
[11.683399] (-) TimerEvent: {}
[11.687220] (dobot_msgs_v3) StdoutLine: {'line': b'[  1%] \x1b[32mBuilding C object CMakeFiles/dobot_msgs_v3__rosidl_generator_c.dir/rosidl_generator_c/dobot_msgs_v3/srv/detail/arc__functions.c.o\x1b[0m\n'}
[11.731752] (dobot_msgs_v3) StdoutLine: {'line': b'[  1%] \x1b[32mBuilding C object CMakeFiles/dobot_msgs_v3__rosidl_generator_c.dir/rosidl_generator_c/dobot_msgs_v3/srv/detail/arch__functions.c.o\x1b[0m\n'}
[11.771250] (dobot_msgs_v3) StdoutLine: {'line': b'[  1%] \x1b[32mBuilding C object CMakeFiles/dobot_msgs_v3__rosidl_generator_c.dir/rosidl_generator_c/dobot_msgs_v3/srv/detail/brake_control__functions.c.o\x1b[0m\n'}
[11.783506] (-) TimerEvent: {}
[11.814063] (dobot_msgs_v3) StdoutLine: {'line': b'[  1%] \x1b[32mBuilding C object CMakeFiles/dobot_msgs_v3__rosidl_generator_c.dir/rosidl_generator_c/dobot_msgs_v3/srv/detail/circle__functions.c.o\x1b[0m\n'}
[11.854858] (dobot_msgs_v3) StdoutLine: {'line': b'[  2%] \x1b[32mBuilding C object CMakeFiles/dobot_msgs_v3__rosidl_generator_c.dir/rosidl_generator_c/dobot_msgs_v3/srv/detail/clear_error__functions.c.o\x1b[0m\n'}
[11.883607] (-) TimerEvent: {}
[11.896125] (dobot_msgs_v3) StdoutLine: {'line': b'[  2%] \x1b[32mBuilding C object CMakeFiles/dobot_msgs_v3__rosidl_generator_c.dir/rosidl_generator_c/dobot_msgs_v3/srv/detail/continues__functions.c.o\x1b[0m\n'}
[11.936544] (dobot_msgs_v3) StdoutLine: {'line': b'[  2%] \x1b[32mBuilding C object CMakeFiles/dobot_msgs_v3__rosidl_generator_c.dir/rosidl_generator_c/dobot_msgs_v3/srv/detail/continue_script__functions.c.o\x1b[0m\n'}
[11.980107] (dobot_msgs_v3) StdoutLine: {'line': b'[  2%] \x1b[32mBuilding C object CMakeFiles/dobot_msgs_v3__rosidl_generator_c.dir/rosidl_generator_c/dobot_msgs_v3/srv/detail/cp__functions.c.o\x1b[0m\n'}
[11.983831] (-) TimerEvent: {}
[12.021128] (dobot_msgs_v3) StdoutLine: {'line': b'[  2%] \x1b[32mBuilding C object CMakeFiles/dobot_msgs_v3__rosidl_generator_c.dir/rosidl_generator_c/dobot_msgs_v3/srv/detail/di__functions.c.o\x1b[0m\n'}
[12.059092] (dobot_msgs_v3) StdoutLine: {'line': b'[  2%] \x1b[32mBuilding C object CMakeFiles/dobot_msgs_v3__rosidl_generator_c.dir/rosidl_generator_c/dobot_msgs_v3/srv/detail/digital_outputs__functions.c.o\x1b[0m\n'}
[12.083930] (-) TimerEvent: {}
[12.098724] (dobot_msgs_v3) StdoutLine: {'line': b'[  2%] \x1b[32mBuilding C object CMakeFiles/dobot_msgs_v3__rosidl_generator_c.dir/rosidl_generator_c/dobot_msgs_v3/srv/detail/disable_robot__functions.c.o\x1b[0m\n'}
[12.140698] (dobot_msgs_v3) StdoutLine: {'line': b'[  3%] \x1b[32mBuilding C object CMakeFiles/dobot_msgs_v3__rosidl_generator_c.dir/rosidl_generator_c/dobot_msgs_v3/srv/detail/do__functions.c.o\x1b[0m\n'}
[12.179936] (dobot_msgs_v3) StdoutLine: {'line': b'[  3%] \x1b[32mBuilding C object CMakeFiles/dobot_msgs_v3__rosidl_generator_c.dir/rosidl_generator_c/dobot_msgs_v3/srv/detail/do_execute__functions.c.o\x1b[0m\n'}
[12.184014] (-) TimerEvent: {}
[12.222855] (dobot_msgs_v3) StdoutLine: {'line': b'[  3%] \x1b[32mBuilding C object CMakeFiles/dobot_msgs_v3__rosidl_generator_c.dir/rosidl_generator_c/dobot_msgs_v3/srv/detail/do_group__functions.c.o\x1b[0m\n'}
[12.262111] (dobot_msgs_v3) StdoutLine: {'line': b'[  3%] \x1b[32mBuilding C object CMakeFiles/dobot_msgs_v3__rosidl_generator_c.dir/rosidl_generator_c/dobot_msgs_v3/srv/detail/emergency_stop__functions.c.o\x1b[0m\n'}
[12.284127] (-) TimerEvent: {}
[12.301821] (dobot_msgs_v3) StdoutLine: {'line': b'[  3%] \x1b[32mBuilding C object CMakeFiles/dobot_msgs_v3__rosidl_generator_c.dir/rosidl_generator_c/dobot_msgs_v3/srv/detail/enable_robot__functions.c.o\x1b[0m\n'}
[12.340045] (dobot_msgs_v3) StdoutLine: {'line': b'[  3%] \x1b[32mBuilding C object CMakeFiles/dobot_msgs_v3__rosidl_generator_c.dir/rosidl_generator_c/dobot_msgs_v3/srv/detail/get_angle__functions.c.o\x1b[0m\n'}
[12.380400] (dobot_msgs_v3) StdoutLine: {'line': b'[  3%] \x1b[32mBuilding C object CMakeFiles/dobot_msgs_v3__rosidl_generator_c.dir/rosidl_generator_c/dobot_msgs_v3/srv/detail/get_coils__functions.c.o\x1b[0m\n'}
[12.385817] (-) TimerEvent: {}
[12.421815] (dobot_msgs_v3) StdoutLine: {'line': b'[  4%] \x1b[32mBuilding C object CMakeFiles/dobot_msgs_v3__rosidl_generator_c.dir/rosidl_generator_c/dobot_msgs_v3/srv/detail/get_error_id__functions.c.o\x1b[0m\n'}
[12.462831] (dobot_msgs_v3) StdoutLine: {'line': b'[  4%] \x1b[32mBuilding C object CMakeFiles/dobot_msgs_v3__rosidl_generator_c.dir/rosidl_generator_c/dobot_msgs_v3/srv/detail/get_hold_regs__functions.c.o\x1b[0m\n'}
[12.485974] (-) TimerEvent: {}
[12.502581] (dobot_msgs_v3) StdoutLine: {'line': b'[  4%] \x1b[32mBuilding C object CMakeFiles/dobot_msgs_v3__rosidl_generator_c.dir/rosidl_generator_c/dobot_msgs_v3/srv/detail/get_in_bits__functions.c.o\x1b[0m\n'}
[12.543189] (dobot_msgs_v3) StdoutLine: {'line': b'[  4%] \x1b[32mBuilding C object CMakeFiles/dobot_msgs_v3__rosidl_generator_c.dir/rosidl_generator_c/dobot_msgs_v3/srv/detail/get_in_regs__functions.c.o\x1b[0m\n'}
[12.584826] (dobot_msgs_v3) StdoutLine: {'line': b'[  4%] \x1b[32mBuilding C object CMakeFiles/dobot_msgs_v3__rosidl_generator_c.dir/rosidl_generator_c/dobot_msgs_v3/srv/detail/get_pose__functions.c.o\x1b[0m\n'}
[12.586808] (-) TimerEvent: {}
[12.628438] (dobot_msgs_v3) StdoutLine: {'line': b'[  4%] \x1b[32mBuilding C object CMakeFiles/dobot_msgs_v3__rosidl_generator_c.dir/rosidl_generator_c/dobot_msgs_v3/srv/detail/inverse_solution__functions.c.o\x1b[0m\n'}
[12.675885] (dobot_msgs_v3) StdoutLine: {'line': b'[  4%] \x1b[32mBuilding C object CMakeFiles/dobot_msgs_v3__rosidl_generator_c.dir/rosidl_generator_c/dobot_msgs_v3/srv/detail/joint_mov_j__functions.c.o\x1b[0m\n'}
[12.687017] (-) TimerEvent: {}
[12.721856] (dobot_msgs_v3) StdoutLine: {'line': b'[  5%] \x1b[32mBuilding C object CMakeFiles/dobot_msgs_v3__rosidl_generator_c.dir/rosidl_generator_c/dobot_msgs_v3/srv/detail/jump__functions.c.o\x1b[0m\n'}
[12.761954] (dobot_msgs_v3) StdoutLine: {'line': b'[  5%] \x1b[32mBuilding C object CMakeFiles/dobot_msgs_v3__rosidl_generator_c.dir/rosidl_generator_c/dobot_msgs_v3/srv/detail/lim_z__functions.c.o\x1b[0m\n'}
[12.787122] (-) TimerEvent: {}
[12.807849] (dobot_msgs_v3) StdoutLine: {'line': b'[  5%] \x1b[32mBuilding C object CMakeFiles/dobot_msgs_v3__rosidl_generator_c.dir/rosidl_generator_c/dobot_msgs_v3/srv/detail/load_switch__functions.c.o\x1b[0m\n'}
[12.849039] (dobot_msgs_v3) StdoutLine: {'line': b'[  5%] \x1b[32mBuilding C object CMakeFiles/dobot_msgs_v3__rosidl_generator_c.dir/rosidl_generator_c/dobot_msgs_v3/srv/detail/modbus_close__functions.c.o\x1b[0m\n'}
[12.887839] (-) TimerEvent: {}
[12.894175] (dobot_msgs_v3) StdoutLine: {'line': b'[  5%] \x1b[32mBuilding C object CMakeFiles/dobot_msgs_v3__rosidl_generator_c.dir/rosidl_generator_c/dobot_msgs_v3/srv/detail/modbus_create__functions.c.o\x1b[0m\n'}
[12.937553] (dobot_msgs_v3) StdoutLine: {'line': b'[  5%] \x1b[32mBuilding C object CMakeFiles/dobot_msgs_v3__rosidl_generator_c.dir/rosidl_generator_c/dobot_msgs_v3/srv/detail/move_jog__functions.c.o\x1b[0m\n'}
[12.981999] (dobot_msgs_v3) StdoutLine: {'line': b'[  5%] \x1b[32mBuilding C object CMakeFiles/dobot_msgs_v3__rosidl_generator_c.dir/rosidl_generator_c/dobot_msgs_v3/srv/detail/mov_j__functions.c.o\x1b[0m\n'}
[12.987943] (-) TimerEvent: {}
[13.024928] (dobot_msgs_v3) StdoutLine: {'line': b'[  6%] \x1b[32mBuilding C object CMakeFiles/dobot_msgs_v3__rosidl_generator_c.dir/rosidl_generator_c/dobot_msgs_v3/srv/detail/mov_j_ext__functions.c.o\x1b[0m\n'}
[13.065849] (dobot_msgs_v3) StdoutLine: {'line': b'[  6%] \x1b[32mBuilding C object CMakeFiles/dobot_msgs_v3__rosidl_generator_c.dir/rosidl_generator_c/dobot_msgs_v3/srv/detail/mov_jio__functions.c.o\x1b[0m\n'}
[13.089836] (-) TimerEvent: {}
[13.109009] (dobot_msgs_v3) StdoutLine: {'line': b'[  6%] \x1b[32mBuilding C object CMakeFiles/dobot_msgs_v3__rosidl_generator_c.dir/rosidl_generator_c/dobot_msgs_v3/srv/detail/mov_l__functions.c.o\x1b[0m\n'}
[13.152458] (dobot_msgs_v3) StdoutLine: {'line': b'[  6%] \x1b[32mBuilding C object CMakeFiles/dobot_msgs_v3__rosidl_generator_c.dir/rosidl_generator_c/dobot_msgs_v3/srv/detail/mov_lio__functions.c.o\x1b[0m\n'}
[13.189939] (-) TimerEvent: {}
[13.194219] (dobot_msgs_v3) StdoutLine: {'line': b'[  6%] \x1b[32mBuilding C object CMakeFiles/dobot_msgs_v3__rosidl_generator_c.dir/rosidl_generator_c/dobot_msgs_v3/srv/detail/pause__functions.c.o\x1b[0m\n'}
[13.230841] (dobot_msgs_v3) StdoutLine: {'line': b'[  6%] \x1b[32mBuilding C object CMakeFiles/dobot_msgs_v3__rosidl_generator_c.dir/rosidl_generator_c/dobot_msgs_v3/srv/detail/pause_script__functions.c.o\x1b[0m\n'}
[13.270620] (dobot_msgs_v3) StdoutLine: {'line': b'[  6%] \x1b[32mBuilding C object CMakeFiles/dobot_msgs_v3__rosidl_generator_c.dir/rosidl_generator_c/dobot_msgs_v3/srv/detail/pay_load__functions.c.o\x1b[0m\n'}
[13.290050] (-) TimerEvent: {}
[13.312940] (dobot_msgs_v3) StdoutLine: {'line': b'[  7%] \x1b[32mBuilding C object CMakeFiles/dobot_msgs_v3__rosidl_generator_c.dir/rosidl_generator_c/dobot_msgs_v3/srv/detail/positive_solution__functions.c.o\x1b[0m\n'}
[13.352546] (dobot_msgs_v3) StdoutLine: {'line': b'[  7%] \x1b[32mBuilding C object CMakeFiles/dobot_msgs_v3__rosidl_generator_c.dir/rosidl_generator_c/dobot_msgs_v3/srv/detail/power_on__functions.c.o\x1b[0m\n'}
[13.390819] (-) TimerEvent: {}
[13.391338] (dobot_msgs_v3) StdoutLine: {'line': b'[  7%] \x1b[32mBuilding C object CMakeFiles/dobot_msgs_v3__rosidl_generator_c.dir/rosidl_generator_c/dobot_msgs_v3/srv/detail/rel_joint_mov_j__functions.c.o\x1b[0m\n'}
[13.406594] (dobot_msgs_v3) StdoutLine: {'line': b'[  7%] \x1b[32mBuilding CXX object CMakeFiles/dobot_msgs_v3__rosidl_typesupport_cpp.dir/rosidl_typesupport_cpp/dobot_msgs_v3/msg/robot_status__type_support.cpp.o\x1b[0m\n'}
[13.437688] (dobot_msgs_v3) StdoutLine: {'line': b'[  7%] \x1b[32mBuilding C object CMakeFiles/dobot_msgs_v3__rosidl_generator_c.dir/rosidl_generator_c/dobot_msgs_v3/srv/detail/rel_mov_j__functions.c.o\x1b[0m\n'}
[13.484859] (dobot_msgs_v3) StdoutLine: {'line': b'[  7%] \x1b[32mBuilding C object CMakeFiles/dobot_msgs_v3__rosidl_generator_c.dir/rosidl_generator_c/dobot_msgs_v3/srv/detail/rel_mov_j_user__functions.c.o\x1b[0m\n'}
[13.491064] (-) TimerEvent: {}
[13.530452] (dobot_msgs_v3) StdoutLine: {'line': b'[  7%] \x1b[32mBuilding C object CMakeFiles/dobot_msgs_v3__rosidl_generator_c.dir/rosidl_generator_c/dobot_msgs_v3/srv/detail/rel_mov_j_tool__functions.c.o\x1b[0m\n'}
[13.575901] (dobot_msgs_v3) StdoutLine: {'line': b'[  7%] \x1b[32mBuilding C object CMakeFiles/dobot_msgs_v3__rosidl_generator_c.dir/rosidl_generator_c/dobot_msgs_v3/srv/detail/rel_mov_l__functions.c.o\x1b[0m\n'}
[13.591203] (-) TimerEvent: {}
[13.617603] (dobot_msgs_v3) StdoutLine: {'line': b'[  8%] \x1b[32mBuilding C object CMakeFiles/dobot_msgs_v3__rosidl_generator_c.dir/rosidl_generator_c/dobot_msgs_v3/srv/detail/rel_mov_l_user__functions.c.o\x1b[0m\n'}
[13.650628] (dobot_msgs_v3) StdoutLine: {'line': b'[  8%] \x1b[32mBuilding CXX object CMakeFiles/dobot_msgs_v3__rosidl_typesupport_cpp.dir/rosidl_typesupport_cpp/dobot_msgs_v3/msg/tool_vector_actual__type_support.cpp.o\x1b[0m\n'}
[13.659898] (dobot_msgs_v3) StdoutLine: {'line': b'[  8%] \x1b[32mBuilding C object CMakeFiles/dobot_msgs_v3__rosidl_generator_c.dir/rosidl_generator_c/dobot_msgs_v3/srv/detail/rel_mov_l_tool__functions.c.o\x1b[0m\n'}
[13.691309] (-) TimerEvent: {}
[13.701793] (dobot_msgs_v3) StdoutLine: {'line': b'[  8%] \x1b[32mBuilding C object CMakeFiles/dobot_msgs_v3__rosidl_generator_c.dir/rosidl_generator_c/dobot_msgs_v3/srv/detail/reset_robot__functions.c.o\x1b[0m\n'}
[13.741657] (dobot_msgs_v3) StdoutLine: {'line': b'[  8%] \x1b[32mBuilding C object CMakeFiles/dobot_msgs_v3__rosidl_generator_c.dir/rosidl_generator_c/dobot_msgs_v3/srv/detail/robot_mode__functions.c.o\x1b[0m\n'}
[13.784837] (dobot_msgs_v3) StdoutLine: {'line': b'[  8%] \x1b[32mBuilding C object CMakeFiles/dobot_msgs_v3__rosidl_generator_c.dir/rosidl_generator_c/dobot_msgs_v3/srv/detail/run_script__functions.c.o\x1b[0m\n'}
[13.791418] (-) TimerEvent: {}
[13.816045] (dobot_msgs_v3) StdoutLine: {'line': b'[  9%] \x1b[32mBuilding CXX object CMakeFiles/dobot_msgs_v3__rosidl_typesupport_cpp.dir/rosidl_typesupport_cpp/dobot_msgs_v3/srv/acc_j__type_support.cpp.o\x1b[0m\n'}
[13.824900] (dobot_msgs_v3) StdoutLine: {'line': b'[  9%] \x1b[32mBuilding C object CMakeFiles/dobot_msgs_v3__rosidl_generator_c.dir/rosidl_generator_c/dobot_msgs_v3/srv/detail/servo_j__functions.c.o\x1b[0m\n'}
[13.864264] (dobot_msgs_v3) StdoutLine: {'line': b'[  9%] \x1b[32mBuilding C object CMakeFiles/dobot_msgs_v3__rosidl_generator_c.dir/rosidl_generator_c/dobot_msgs_v3/srv/detail/servo_p__functions.c.o\x1b[0m\n'}
[13.891548] (-) TimerEvent: {}
[13.905447] (dobot_msgs_v3) StdoutLine: {'line': b'[ 10%] \x1b[32mBuilding C object CMakeFiles/dobot_msgs_v3__rosidl_generator_c.dir/rosidl_generator_c/dobot_msgs_v3/srv/detail/set_arm_orientation__functions.c.o\x1b[0m\n'}
[13.948843] (dobot_msgs_v3) StdoutLine: {'line': b'[ 10%] \x1b[32mBuilding C object CMakeFiles/dobot_msgs_v3__rosidl_generator_c.dir/rosidl_generator_c/dobot_msgs_v3/srv/detail/set_coils__functions.c.o\x1b[0m\n'}
[13.991651] (-) TimerEvent: {}
[13.994629] (dobot_msgs_v3) StdoutLine: {'line': b'[ 10%] \x1b[32mBuilding C object CMakeFiles/dobot_msgs_v3__rosidl_generator_c.dir/rosidl_generator_c/dobot_msgs_v3/srv/detail/set_collision_level__functions.c.o\x1b[0m\n'}
[13.995000] (dobot_msgs_v3) StdoutLine: {'line': b'[ 10%] \x1b[32mBuilding CXX object CMakeFiles/dobot_msgs_v3__rosidl_typesupport_cpp.dir/rosidl_typesupport_cpp/dobot_msgs_v3/srv/acc_l__type_support.cpp.o\x1b[0m\n'}
[14.034129] (dobot_msgs_v3) StdoutLine: {'line': b'[ 10%] \x1b[32mBuilding C object CMakeFiles/dobot_msgs_v3__rosidl_generator_c.dir/rosidl_generator_c/dobot_msgs_v3/srv/detail/set_hold_regs__functions.c.o\x1b[0m\n'}
[14.076832] (dobot_msgs_v3) StdoutLine: {'line': b'[ 10%] \x1b[32mBuilding C object CMakeFiles/dobot_msgs_v3__rosidl_generator_c.dir/rosidl_generator_c/dobot_msgs_v3/srv/detail/set_obstacle_avoid__functions.c.o\x1b[0m\n'}
[14.091768] (-) TimerEvent: {}
[14.116782] (dobot_msgs_v3) StdoutLine: {'line': b'[ 10%] \x1b[32mBuilding C object CMakeFiles/dobot_msgs_v3__rosidl_generator_c.dir/rosidl_generator_c/dobot_msgs_v3/srv/detail/set_payload__functions.c.o\x1b[0m\n'}
[14.156872] (dobot_msgs_v3) StdoutLine: {'line': b'[ 10%] \x1b[32mBuilding C object CMakeFiles/dobot_msgs_v3__rosidl_generator_c.dir/rosidl_generator_c/dobot_msgs_v3/srv/detail/set_safe_skin__functions.c.o\x1b[0m\n'}
[14.161741] (dobot_msgs_v3) StdoutLine: {'line': b'[ 10%] \x1b[32mBuilding CXX object CMakeFiles/dobot_msgs_v3__rosidl_typesupport_cpp.dir/rosidl_typesupport_cpp/dobot_msgs_v3/srv/ao__type_support.cpp.o\x1b[0m\n'}
[14.191842] (-) TimerEvent: {}
[14.197839] (dobot_msgs_v3) StdoutLine: {'line': b'[ 11%] \x1b[32mBuilding C object CMakeFiles/dobot_msgs_v3__rosidl_generator_c.dir/rosidl_generator_c/dobot_msgs_v3/srv/detail/speed_factor__functions.c.o\x1b[0m\n'}
[14.237655] (dobot_msgs_v3) StdoutLine: {'line': b'[ 11%] \x1b[32mBuilding C object CMakeFiles/dobot_msgs_v3__rosidl_generator_c.dir/rosidl_generator_c/dobot_msgs_v3/srv/detail/speed_j__functions.c.o\x1b[0m\n'}
[14.277598] (dobot_msgs_v3) StdoutLine: {'line': b'[ 11%] \x1b[32mBuilding C object CMakeFiles/dobot_msgs_v3__rosidl_generator_c.dir/rosidl_generator_c/dobot_msgs_v3/srv/detail/speed_l__functions.c.o\x1b[0m\n'}
[14.291947] (-) TimerEvent: {}
[14.317856] (dobot_msgs_v3) StdoutLine: {'line': b'[ 11%] \x1b[32mBuilding C object CMakeFiles/dobot_msgs_v3__rosidl_generator_c.dir/rosidl_generator_c/dobot_msgs_v3/srv/detail/start_drag__functions.c.o\x1b[0m\n'}
[14.321927] (dobot_msgs_v3) StdoutLine: {'line': b'[ 11%] \x1b[32mBuilding CXX object CMakeFiles/dobot_msgs_v3__rosidl_typesupport_cpp.dir/rosidl_typesupport_cpp/dobot_msgs_v3/srv/ao_execute__type_support.cpp.o\x1b[0m\n'}
[14.356646] (dobot_msgs_v3) StdoutLine: {'line': b'[ 11%] \x1b[32mBuilding C object CMakeFiles/dobot_msgs_v3__rosidl_generator_c.dir/rosidl_generator_c/dobot_msgs_v3/srv/detail/start_fc_trace__functions.c.o\x1b[0m\n'}
[14.392055] (-) TimerEvent: {}
[14.398824] (dobot_msgs_v3) StdoutLine: {'line': b'[ 11%] \x1b[32mBuilding C object CMakeFiles/dobot_msgs_v3__rosidl_generator_c.dir/rosidl_generator_c/dobot_msgs_v3/srv/detail/start_path__functions.c.o\x1b[0m\n'}
[14.439860] (dobot_msgs_v3) StdoutLine: {'line': b'[ 11%] \x1b[32mBuilding C object CMakeFiles/dobot_msgs_v3__rosidl_generator_c.dir/rosidl_generator_c/dobot_msgs_v3/srv/detail/start_trace__functions.c.o\x1b[0m\n'}
[14.480484] (dobot_msgs_v3) StdoutLine: {'line': b'[ 12%] \x1b[32mBuilding C object CMakeFiles/dobot_msgs_v3__rosidl_generator_c.dir/rosidl_generator_c/dobot_msgs_v3/srv/detail/stop_drag__functions.c.o\x1b[0m\n'}
[14.489248] (dobot_msgs_v3) StdoutLine: {'line': b'[ 12%] \x1b[32mBuilding CXX object CMakeFiles/dobot_msgs_v3__rosidl_typesupport_cpp.dir/rosidl_typesupport_cpp/dobot_msgs_v3/srv/arc__type_support.cpp.o\x1b[0m\n'}
[14.492273] (-) TimerEvent: {}
[14.519326] (dobot_msgs_v3) StdoutLine: {'line': b'[ 12%] \x1b[32mBuilding C object CMakeFiles/dobot_msgs_v3__rosidl_generator_c.dir/rosidl_generator_c/dobot_msgs_v3/srv/detail/stopmove_jog__functions.c.o\x1b[0m\n'}
[14.559848] (dobot_msgs_v3) StdoutLine: {'line': b'[ 12%] \x1b[32mBuilding C object CMakeFiles/dobot_msgs_v3__rosidl_generator_c.dir/rosidl_generator_c/dobot_msgs_v3/srv/detail/stop_script__functions.c.o\x1b[0m\n'}
[14.592384] (-) TimerEvent: {}
[14.599363] (dobot_msgs_v3) StdoutLine: {'line': b'[ 12%] \x1b[32mBuilding C object CMakeFiles/dobot_msgs_v3__rosidl_generator_c.dir/rosidl_generator_c/dobot_msgs_v3/srv/detail/sync__functions.c.o\x1b[0m\n'}
[14.637232] (dobot_msgs_v3) StdoutLine: {'line': b'[ 12%] \x1b[32mBuilding C object CMakeFiles/dobot_msgs_v3__rosidl_generator_c.dir/rosidl_generator_c/dobot_msgs_v3/srv/detail/sync_all__functions.c.o\x1b[0m\n'}
[14.653400] (dobot_msgs_v3) StdoutLine: {'line': b'[ 12%] \x1b[32mBuilding CXX object CMakeFiles/dobot_msgs_v3__rosidl_typesupport_cpp.dir/rosidl_typesupport_cpp/dobot_msgs_v3/srv/arch__type_support.cpp.o\x1b[0m\n'}
[14.678292] (dobot_msgs_v3) StdoutLine: {'line': b'[ 12%] \x1b[32mBuilding C object CMakeFiles/dobot_msgs_v3__rosidl_generator_c.dir/rosidl_generator_c/dobot_msgs_v3/srv/detail/tool__functions.c.o\x1b[0m\n'}
[14.692504] (-) TimerEvent: {}
[14.716829] (dobot_msgs_v3) StdoutLine: {'line': b'[ 12%] \x1b[32mBuilding C object CMakeFiles/dobot_msgs_v3__rosidl_generator_c.dir/rosidl_generator_c/dobot_msgs_v3/srv/detail/tool_di__functions.c.o\x1b[0m\n'}
[14.760949] (dobot_msgs_v3) StdoutLine: {'line': b'[ 13%] \x1b[32mBuilding C object CMakeFiles/dobot_msgs_v3__rosidl_generator_c.dir/rosidl_generator_c/dobot_msgs_v3/srv/detail/tool_do__functions.c.o\x1b[0m\n'}
[14.792612] (-) TimerEvent: {}
[14.798781] (dobot_msgs_v3) StdoutLine: {'line': b'[ 13%] \x1b[32mBuilding C object CMakeFiles/dobot_msgs_v3__rosidl_generator_c.dir/rosidl_generator_c/dobot_msgs_v3/srv/detail/tool_do_execute__functions.c.o\x1b[0m\n'}
[14.819536] (dobot_msgs_v3) StdoutLine: {'line': b'[ 13%] \x1b[32mBuilding CXX object CMakeFiles/dobot_msgs_v3__rosidl_typesupport_cpp.dir/rosidl_typesupport_cpp/dobot_msgs_v3/srv/brake_control__type_support.cpp.o\x1b[0m\n'}
[14.836904] (dobot_msgs_v3) StdoutLine: {'line': b'[ 13%] \x1b[32mBuilding C object CMakeFiles/dobot_msgs_v3__rosidl_generator_c.dir/rosidl_generator_c/dobot_msgs_v3/srv/detail/user__functions.c.o\x1b[0m\n'}
[14.876626] (dobot_msgs_v3) StdoutLine: {'line': b'[ 13%] \x1b[32mBuilding C object CMakeFiles/dobot_msgs_v3__rosidl_generator_c.dir/rosidl_generator_c/dobot_msgs_v3/srv/detail/wait__functions.c.o\x1b[0m\n'}
[14.892723] (-) TimerEvent: {}
[14.917271] (dobot_msgs_v3) StdoutLine: {'line': b'[ 13%] \x1b[32m\x1b[1mLinking C shared library libdobot_msgs_v3__rosidl_generator_c.so\x1b[0m\n'}
[14.976846] (dobot_msgs_v3) StdoutLine: {'line': b'[ 13%] Built target dobot_msgs_v3__rosidl_generator_c\n'}
[14.986372] (dobot_msgs_v3) StdoutLine: {'line': b'[ 13%] \x1b[34m\x1b[1mGenerating C++ type support for eProsima Fast-RTPS\x1b[0m\n'}
[14.990848] (dobot_msgs_v3) StdoutLine: {'line': b'[ 14%] \x1b[32mBuilding CXX object CMakeFiles/dobot_msgs_v3__rosidl_typesupport_cpp.dir/rosidl_typesupport_cpp/dobot_msgs_v3/srv/circle__type_support.cpp.o\x1b[0m\n'}
[14.992818] (-) TimerEvent: {}
[15.093401] (-) TimerEvent: {}
[15.164430] (dobot_msgs_v3) StdoutLine: {'line': b'[ 14%] \x1b[32mBuilding CXX object CMakeFiles/dobot_msgs_v3__rosidl_typesupport_cpp.dir/rosidl_typesupport_cpp/dobot_msgs_v3/srv/clear_error__type_support.cpp.o\x1b[0m\n'}
[15.193506] (-) TimerEvent: {}
[15.295141] (-) TimerEvent: {}
[15.331813] (dobot_msgs_v3) StdoutLine: {'line': b'[ 14%] \x1b[32mBuilding CXX object CMakeFiles/dobot_msgs_v3__rosidl_typesupport_cpp.dir/rosidl_typesupport_cpp/dobot_msgs_v3/srv/continues__type_support.cpp.o\x1b[0m\n'}
[15.395247] (-) TimerEvent: {}
[15.498038] (dobot_msgs_v3) StdoutLine: {'line': b'[ 14%] \x1b[32mBuilding CXX object CMakeFiles/dobot_msgs_v3__rosidl_typesupport_cpp.dir/rosidl_typesupport_cpp/dobot_msgs_v3/srv/continue_script__type_support.cpp.o\x1b[0m\n'}
[15.498173] (-) TimerEvent: {}
[15.598712] (-) TimerEvent: {}
[15.663731] (dobot_msgs_v3) StdoutLine: {'line': b'[ 14%] \x1b[32mBuilding CXX object CMakeFiles/dobot_msgs_v3__rosidl_typesupport_cpp.dir/rosidl_typesupport_cpp/dobot_msgs_v3/srv/cp__type_support.cpp.o\x1b[0m\n'}
[15.698812] (-) TimerEvent: {}
[15.799426] (-) TimerEvent: {}
[15.829723] (dobot_msgs_v3) StdoutLine: {'line': b'[ 14%] \x1b[32mBuilding CXX object CMakeFiles/dobot_msgs_v3__rosidl_typesupport_cpp.dir/rosidl_typesupport_cpp/dobot_msgs_v3/srv/di__type_support.cpp.o\x1b[0m\n'}
[15.899531] (-) TimerEvent: {}
[15.992240] (dobot_msgs_v3) StdoutLine: {'line': b'[ 15%] \x1b[32mBuilding CXX object CMakeFiles/dobot_msgs_v3__rosidl_typesupport_cpp.dir/rosidl_typesupport_cpp/dobot_msgs_v3/srv/digital_outputs__type_support.cpp.o\x1b[0m\n'}
[15.999643] (-) TimerEvent: {}
[16.100620] (-) TimerEvent: {}
[16.150141] (dobot_msgs_v3) StdoutLine: {'line': b'[ 15%] \x1b[32mBuilding CXX object CMakeFiles/dobot_msgs_v3__rosidl_typesupport_cpp.dir/rosidl_typesupport_cpp/dobot_msgs_v3/srv/disable_robot__type_support.cpp.o\x1b[0m\n'}
[16.200759] (-) TimerEvent: {}
[16.302847] (-) TimerEvent: {}
[16.309111] (dobot_msgs_v3) StdoutLine: {'line': b'[ 15%] \x1b[32mBuilding CXX object CMakeFiles/dobot_msgs_v3__rosidl_typesupport_cpp.dir/rosidl_typesupport_cpp/dobot_msgs_v3/srv/do__type_support.cpp.o\x1b[0m\n'}
[16.402946] (-) TimerEvent: {}
[16.463062] (dobot_msgs_v3) StdoutLine: {'line': b'[ 15%] \x1b[32mBuilding CXX object CMakeFiles/dobot_msgs_v3__rosidl_typesupport_cpp.dir/rosidl_typesupport_cpp/dobot_msgs_v3/srv/do_execute__type_support.cpp.o\x1b[0m\n'}
[16.503047] (-) TimerEvent: {}
[16.604945] (-) TimerEvent: {}
[16.620192] (dobot_msgs_v3) StdoutLine: {'line': b'[ 15%] \x1b[32mBuilding CXX object CMakeFiles/dobot_msgs_v3__rosidl_typesupport_cpp.dir/rosidl_typesupport_cpp/dobot_msgs_v3/srv/do_group__type_support.cpp.o\x1b[0m\n'}
[16.705047] (-) TimerEvent: {}
[16.775113] (dobot_msgs_v3) StdoutLine: {'line': b'[ 15%] \x1b[32mBuilding CXX object CMakeFiles/dobot_msgs_v3__rosidl_typesupport_cpp.dir/rosidl_typesupport_cpp/dobot_msgs_v3/srv/emergency_stop__type_support.cpp.o\x1b[0m\n'}
[16.805142] (-) TimerEvent: {}
[16.905928] (-) TimerEvent: {}
[16.932978] (dobot_msgs_v3) StdoutLine: {'line': b'[ 15%] \x1b[32mBuilding CXX object CMakeFiles/dobot_msgs_v3__rosidl_typesupport_cpp.dir/rosidl_typesupport_cpp/dobot_msgs_v3/srv/enable_robot__type_support.cpp.o\x1b[0m\n'}
[17.006029] (-) TimerEvent: {}
[17.091061] (dobot_msgs_v3) StdoutLine: {'line': b'[ 16%] \x1b[32mBuilding CXX object CMakeFiles/dobot_msgs_v3__rosidl_typesupport_cpp.dir/rosidl_typesupport_cpp/dobot_msgs_v3/srv/get_angle__type_support.cpp.o\x1b[0m\n'}
[17.106139] (-) TimerEvent: {}
[17.206757] (-) TimerEvent: {}
[17.263413] (dobot_msgs_v3) StdoutLine: {'line': b'[ 16%] \x1b[32mBuilding CXX object CMakeFiles/dobot_msgs_v3__rosidl_typesupport_cpp.dir/rosidl_typesupport_cpp/dobot_msgs_v3/srv/get_coils__type_support.cpp.o\x1b[0m\n'}
[17.306829] (-) TimerEvent: {}
[17.407356] (-) TimerEvent: {}
[17.424310] (dobot_msgs_v3) StdoutLine: {'line': b'[ 16%] \x1b[32mBuilding CXX object CMakeFiles/dobot_msgs_v3__rosidl_typesupport_cpp.dir/rosidl_typesupport_cpp/dobot_msgs_v3/srv/get_error_id__type_support.cpp.o\x1b[0m\n'}
[17.507460] (-) TimerEvent: {}
[17.589120] (dobot_msgs_v3) StdoutLine: {'line': b'[ 16%] \x1b[32mBuilding CXX object CMakeFiles/dobot_msgs_v3__rosidl_typesupport_cpp.dir/rosidl_typesupport_cpp/dobot_msgs_v3/srv/get_hold_regs__type_support.cpp.o\x1b[0m\n'}
[17.607554] (-) TimerEvent: {}
[17.708163] (-) TimerEvent: {}
[17.751845] (dobot_msgs_v3) StdoutLine: {'line': b'[ 16%] \x1b[32mBuilding CXX object CMakeFiles/dobot_msgs_v3__rosidl_typesupport_cpp.dir/rosidl_typesupport_cpp/dobot_msgs_v3/srv/get_in_bits__type_support.cpp.o\x1b[0m\n'}
[17.808266] (-) TimerEvent: {}
[17.908522] (-) TimerEvent: {}
[17.913270] (dobot_msgs_v3) StdoutLine: {'line': b'[ 16%] \x1b[32mBuilding CXX object CMakeFiles/dobot_msgs_v3__rosidl_typesupport_cpp.dir/rosidl_typesupport_cpp/dobot_msgs_v3/srv/get_in_regs__type_support.cpp.o\x1b[0m\n'}
[18.008857] (-) TimerEvent: {}
[18.079668] (dobot_msgs_v3) StdoutLine: {'line': b'[ 16%] \x1b[32mBuilding CXX object CMakeFiles/dobot_msgs_v3__rosidl_typesupport_cpp.dir/rosidl_typesupport_cpp/dobot_msgs_v3/srv/get_pose__type_support.cpp.o\x1b[0m\n'}
[18.108970] (-) TimerEvent: {}
[18.210146] (-) TimerEvent: {}
[18.235853] (dobot_msgs_v3) StdoutLine: {'line': b'[ 17%] \x1b[32mBuilding CXX object CMakeFiles/dobot_msgs_v3__rosidl_typesupport_cpp.dir/rosidl_typesupport_cpp/dobot_msgs_v3/srv/inverse_solution__type_support.cpp.o\x1b[0m\n'}
[18.310989] (-) TimerEvent: {}
[18.389898] (dobot_msgs_v3) StdoutLine: {'line': b'[ 17%] \x1b[32mBuilding CXX object CMakeFiles/dobot_msgs_v3__rosidl_typesupport_cpp.dir/rosidl_typesupport_cpp/dobot_msgs_v3/srv/joint_mov_j__type_support.cpp.o\x1b[0m\n'}
[18.411843] (-) TimerEvent: {}
[18.512498] (-) TimerEvent: {}
[18.545841] (dobot_msgs_v3) StdoutLine: {'line': b'[ 17%] \x1b[32mBuilding CXX object CMakeFiles/dobot_msgs_v3__rosidl_typesupport_cpp.dir/rosidl_typesupport_cpp/dobot_msgs_v3/srv/jump__type_support.cpp.o\x1b[0m\n'}
[18.612607] (-) TimerEvent: {}
[18.692080] (dobot_msgs_v3) StdoutLine: {'line': b'[ 17%] \x1b[32mBuilding CXX object CMakeFiles/dobot_msgs_v3__rosidl_typesupport_fastrtps_cpp.dir/rosidl_typesupport_fastrtps_cpp/dobot_msgs_v3/msg/detail/dds_fastrtps/robot_status__type_support.cpp.o\x1b[0m\n'}
[18.701611] (dobot_msgs_v3) StdoutLine: {'line': b'[ 17%] \x1b[32mBuilding CXX object CMakeFiles/dobot_msgs_v3__rosidl_typesupport_cpp.dir/rosidl_typesupport_cpp/dobot_msgs_v3/srv/lim_z__type_support.cpp.o\x1b[0m\n'}
[18.712720] (-) TimerEvent: {}
[18.814511] (-) TimerEvent: {}
[18.859912] (dobot_msgs_v3) StdoutLine: {'line': b'[ 17%] \x1b[32mBuilding CXX object CMakeFiles/dobot_msgs_v3__rosidl_typesupport_cpp.dir/rosidl_typesupport_cpp/dobot_msgs_v3/srv/load_switch__type_support.cpp.o\x1b[0m\n'}
[18.914616] (-) TimerEvent: {}
[18.934357] (dobot_msgs_v3) StdoutLine: {'line': b'[ 18%] \x1b[32mBuilding CXX object CMakeFiles/dobot_msgs_v3__rosidl_typesupport_fastrtps_cpp.dir/rosidl_typesupport_fastrtps_cpp/dobot_msgs_v3/msg/detail/dds_fastrtps/tool_vector_actual__type_support.cpp.o\x1b[0m\n'}
[19.014741] (-) TimerEvent: {}
[19.022854] (dobot_msgs_v3) StdoutLine: {'line': b'[ 18%] \x1b[32mBuilding CXX object CMakeFiles/dobot_msgs_v3__rosidl_typesupport_cpp.dir/rosidl_typesupport_cpp/dobot_msgs_v3/srv/modbus_close__type_support.cpp.o\x1b[0m\n'}
[19.114845] (-) TimerEvent: {}
[19.165753] (dobot_msgs_v3) StdoutLine: {'line': b'[ 18%] \x1b[32mBuilding CXX object CMakeFiles/dobot_msgs_v3__rosidl_typesupport_fastrtps_cpp.dir/rosidl_typesupport_fastrtps_cpp/dobot_msgs_v3/srv/detail/dds_fastrtps/acc_j__type_support.cpp.o\x1b[0m\n'}
[19.179208] (dobot_msgs_v3) StdoutLine: {'line': b'[ 18%] \x1b[32mBuilding CXX object CMakeFiles/dobot_msgs_v3__rosidl_typesupport_cpp.dir/rosidl_typesupport_cpp/dobot_msgs_v3/srv/modbus_create__type_support.cpp.o\x1b[0m\n'}
[19.214947] (-) TimerEvent: {}
[19.316614] (-) TimerEvent: {}
[19.339621] (dobot_msgs_v3) StdoutLine: {'line': b'[ 19%] \x1b[32mBuilding CXX object CMakeFiles/dobot_msgs_v3__rosidl_typesupport_cpp.dir/rosidl_typesupport_cpp/dobot_msgs_v3/srv/move_jog__type_support.cpp.o\x1b[0m\n'}
[19.417771] (-) TimerEvent: {}
[19.419107] (dobot_msgs_v3) StdoutLine: {'line': b'[ 19%] \x1b[32mBuilding CXX object CMakeFiles/dobot_msgs_v3__rosidl_typesupport_fastrtps_cpp.dir/rosidl_typesupport_fastrtps_cpp/dobot_msgs_v3/srv/detail/dds_fastrtps/acc_l__type_support.cpp.o\x1b[0m\n'}
[19.505029] (dobot_msgs_v3) StdoutLine: {'line': b'[ 19%] \x1b[32mBuilding CXX object CMakeFiles/dobot_msgs_v3__rosidl_typesupport_cpp.dir/rosidl_typesupport_cpp/dobot_msgs_v3/srv/mov_j__type_support.cpp.o\x1b[0m\n'}
[19.517843] (-) TimerEvent: {}
[19.619189] (-) TimerEvent: {}
[19.656825] (dobot_msgs_v3) StdoutLine: {'line': b'[ 19%] \x1b[32mBuilding CXX object CMakeFiles/dobot_msgs_v3__rosidl_typesupport_fastrtps_cpp.dir/rosidl_typesupport_fastrtps_cpp/dobot_msgs_v3/srv/detail/dds_fastrtps/ao__type_support.cpp.o\x1b[0m\n'}
[19.666528] (dobot_msgs_v3) StdoutLine: {'line': b'[ 19%] \x1b[32mBuilding CXX object CMakeFiles/dobot_msgs_v3__rosidl_typesupport_cpp.dir/rosidl_typesupport_cpp/dobot_msgs_v3/srv/mov_j_ext__type_support.cpp.o\x1b[0m\n'}
[19.720839] (-) TimerEvent: {}
[19.821125] (-) TimerEvent: {}
[19.828521] (dobot_msgs_v3) StdoutLine: {'line': b'[ 19%] \x1b[32mBuilding CXX object CMakeFiles/dobot_msgs_v3__rosidl_typesupport_cpp.dir/rosidl_typesupport_cpp/dobot_msgs_v3/srv/mov_jio__type_support.cpp.o\x1b[0m\n'}
[19.897028] (dobot_msgs_v3) StdoutLine: {'line': b'[ 19%] \x1b[32mBuilding CXX object CMakeFiles/dobot_msgs_v3__rosidl_typesupport_fastrtps_cpp.dir/rosidl_typesupport_fastrtps_cpp/dobot_msgs_v3/srv/detail/dds_fastrtps/ao_execute__type_support.cpp.o\x1b[0m\n'}
[19.921256] (-) TimerEvent: {}
[19.987988] (dobot_msgs_v3) StdoutLine: {'line': b'[ 19%] \x1b[32mBuilding CXX object CMakeFiles/dobot_msgs_v3__rosidl_typesupport_cpp.dir/rosidl_typesupport_cpp/dobot_msgs_v3/srv/mov_l__type_support.cpp.o\x1b[0m\n'}
[20.021357] (-) TimerEvent: {}
[20.121999] (-) TimerEvent: {}
[20.137048] (dobot_msgs_v3) StdoutLine: {'line': b'[ 19%] \x1b[32mBuilding CXX object CMakeFiles/dobot_msgs_v3__rosidl_typesupport_fastrtps_cpp.dir/rosidl_typesupport_fastrtps_cpp/dobot_msgs_v3/srv/detail/dds_fastrtps/arc__type_support.cpp.o\x1b[0m\n'}
[20.151161] (dobot_msgs_v3) StdoutLine: {'line': b'[ 19%] \x1b[32mBuilding CXX object CMakeFiles/dobot_msgs_v3__rosidl_typesupport_cpp.dir/rosidl_typesupport_cpp/dobot_msgs_v3/srv/mov_lio__type_support.cpp.o\x1b[0m\n'}
[20.222831] (-) TimerEvent: {}
[20.308577] (dobot_msgs_v3) StdoutLine: {'line': b'[ 19%] \x1b[32mBuilding CXX object CMakeFiles/dobot_msgs_v3__rosidl_typesupport_cpp.dir/rosidl_typesupport_cpp/dobot_msgs_v3/srv/pause__type_support.cpp.o\x1b[0m\n'}
[20.322943] (-) TimerEvent: {}
[20.418185] (dobot_msgs_v3) StdoutLine: {'line': b'[ 19%] \x1b[32mBuilding CXX object CMakeFiles/dobot_msgs_v3__rosidl_typesupport_fastrtps_cpp.dir/rosidl_typesupport_fastrtps_cpp/dobot_msgs_v3/srv/detail/dds_fastrtps/arch__type_support.cpp.o\x1b[0m\n'}
[20.423323] (-) TimerEvent: {}
[20.472655] (dobot_msgs_v3) StdoutLine: {'line': b'[ 20%] \x1b[32mBuilding CXX object CMakeFiles/dobot_msgs_v3__rosidl_typesupport_cpp.dir/rosidl_typesupport_cpp/dobot_msgs_v3/srv/pause_script__type_support.cpp.o\x1b[0m\n'}
[20.523443] (-) TimerEvent: {}
[20.625962] (-) TimerEvent: {}
[20.637176] (dobot_msgs_v3) StdoutLine: {'line': b'[ 20%] \x1b[32mBuilding CXX object CMakeFiles/dobot_msgs_v3__rosidl_typesupport_cpp.dir/rosidl_typesupport_cpp/dobot_msgs_v3/srv/pay_load__type_support.cpp.o\x1b[0m\n'}
[20.661248] (dobot_msgs_v3) StdoutLine: {'line': b'[ 21%] \x1b[32mBuilding CXX object CMakeFiles/dobot_msgs_v3__rosidl_typesupport_fastrtps_cpp.dir/rosidl_typesupport_fastrtps_cpp/dobot_msgs_v3/srv/detail/dds_fastrtps/brake_control__type_support.cpp.o\x1b[0m\n'}
[20.726073] (-) TimerEvent: {}
[20.799865] (dobot_msgs_v3) StdoutLine: {'line': b'[ 21%] \x1b[32mBuilding CXX object CMakeFiles/dobot_msgs_v3__rosidl_typesupport_cpp.dir/rosidl_typesupport_cpp/dobot_msgs_v3/srv/positive_solution__type_support.cpp.o\x1b[0m\n'}
[20.826182] (-) TimerEvent: {}
[20.911822] (dobot_msgs_v3) StdoutLine: {'line': b'[ 21%] \x1b[32mBuilding CXX object CMakeFiles/dobot_msgs_v3__rosidl_typesupport_fastrtps_cpp.dir/rosidl_typesupport_fastrtps_cpp/dobot_msgs_v3/srv/detail/dds_fastrtps/circle__type_support.cpp.o\x1b[0m\n'}
[20.926286] (-) TimerEvent: {}
[20.969350] (dobot_msgs_v3) StdoutLine: {'line': b'[ 21%] \x1b[32mBuilding CXX object CMakeFiles/dobot_msgs_v3__rosidl_typesupport_cpp.dir/rosidl_typesupport_cpp/dobot_msgs_v3/srv/power_on__type_support.cpp.o\x1b[0m\n'}
[21.026400] (-) TimerEvent: {}
[21.127258] (-) TimerEvent: {}
[21.136853] (dobot_msgs_v3) StdoutLine: {'line': b'[ 21%] \x1b[32mBuilding CXX object CMakeFiles/dobot_msgs_v3__rosidl_typesupport_cpp.dir/rosidl_typesupport_cpp/dobot_msgs_v3/srv/rel_joint_mov_j__type_support.cpp.o\x1b[0m\n'}
[21.192320] (dobot_msgs_v3) StdoutLine: {'line': b'[ 21%] \x1b[32mBuilding CXX object CMakeFiles/dobot_msgs_v3__rosidl_typesupport_fastrtps_cpp.dir/rosidl_typesupport_fastrtps_cpp/dobot_msgs_v3/srv/detail/dds_fastrtps/clear_error__type_support.cpp.o\x1b[0m\n'}
[21.227381] (-) TimerEvent: {}
[21.294373] (dobot_msgs_v3) StdoutLine: {'line': b'[ 21%] \x1b[32mBuilding CXX object CMakeFiles/dobot_msgs_v3__rosidl_typesupport_cpp.dir/rosidl_typesupport_cpp/dobot_msgs_v3/srv/rel_mov_j__type_support.cpp.o\x1b[0m\n'}
[21.327849] (-) TimerEvent: {}
[21.428685] (-) TimerEvent: {}
[21.442836] (dobot_msgs_v3) StdoutLine: {'line': b'[ 21%] \x1b[32mBuilding CXX object CMakeFiles/dobot_msgs_v3__rosidl_typesupport_fastrtps_cpp.dir/rosidl_typesupport_fastrtps_cpp/dobot_msgs_v3/srv/detail/dds_fastrtps/continues__type_support.cpp.o\x1b[0m\n'}
[21.468614] (dobot_msgs_v3) StdoutLine: {'line': b'[ 21%] \x1b[32mBuilding CXX object CMakeFiles/dobot_msgs_v3__rosidl_typesupport_cpp.dir/rosidl_typesupport_cpp/dobot_msgs_v3/srv/rel_mov_j_user__type_support.cpp.o\x1b[0m\n'}
[21.528798] (-) TimerEvent: {}
[21.629540] (-) TimerEvent: {}
[21.639977] (dobot_msgs_v3) StdoutLine: {'line': b'[ 22%] \x1b[32mBuilding CXX object CMakeFiles/dobot_msgs_v3__rosidl_typesupport_cpp.dir/rosidl_typesupport_cpp/dobot_msgs_v3/srv/rel_mov_j_tool__type_support.cpp.o\x1b[0m\n'}
[21.690837] (dobot_msgs_v3) StdoutLine: {'line': b'[ 22%] \x1b[32mBuilding CXX object CMakeFiles/dobot_msgs_v3__rosidl_typesupport_fastrtps_cpp.dir/rosidl_typesupport_fastrtps_cpp/dobot_msgs_v3/srv/detail/dds_fastrtps/continue_script__type_support.cpp.o\x1b[0m\n'}
[21.731836] (-) TimerEvent: {}
[21.812521] (dobot_msgs_v3) StdoutLine: {'line': b'[ 22%] \x1b[32mBuilding CXX object CMakeFiles/dobot_msgs_v3__rosidl_typesupport_cpp.dir/rosidl_typesupport_cpp/dobot_msgs_v3/srv/rel_mov_l__type_support.cpp.o\x1b[0m\n'}
[21.831947] (-) TimerEvent: {}
[21.932519] (-) TimerEvent: {}
[21.946863] (dobot_msgs_v3) StdoutLine: {'line': b'[ 22%] \x1b[32mBuilding CXX object CMakeFiles/dobot_msgs_v3__rosidl_typesupport_fastrtps_cpp.dir/rosidl_typesupport_fastrtps_cpp/dobot_msgs_v3/srv/detail/dds_fastrtps/cp__type_support.cpp.o\x1b[0m\n'}
[21.983960] (dobot_msgs_v3) StdoutLine: {'line': b'[ 22%] \x1b[32mBuilding CXX object CMakeFiles/dobot_msgs_v3__rosidl_typesupport_cpp.dir/rosidl_typesupport_cpp/dobot_msgs_v3/srv/rel_mov_l_user__type_support.cpp.o\x1b[0m\n'}
[22.032637] (-) TimerEvent: {}
[22.133397] (-) TimerEvent: {}
[22.152244] (dobot_msgs_v3) StdoutLine: {'line': b'[ 22%] \x1b[32mBuilding CXX object CMakeFiles/dobot_msgs_v3__rosidl_typesupport_cpp.dir/rosidl_typesupport_cpp/dobot_msgs_v3/srv/rel_mov_l_tool__type_support.cpp.o\x1b[0m\n'}
[22.196906] (dobot_msgs_v3) StdoutLine: {'line': b'[ 22%] \x1b[32mBuilding CXX object CMakeFiles/dobot_msgs_v3__rosidl_typesupport_fastrtps_cpp.dir/rosidl_typesupport_fastrtps_cpp/dobot_msgs_v3/srv/detail/dds_fastrtps/di__type_support.cpp.o\x1b[0m\n'}
[22.233533] (-) TimerEvent: {}
[22.319744] (dobot_msgs_v3) StdoutLine: {'line': b'[ 22%] \x1b[32mBuilding CXX object CMakeFiles/dobot_msgs_v3__rosidl_typesupport_cpp.dir/rosidl_typesupport_cpp/dobot_msgs_v3/srv/reset_robot__type_support.cpp.o\x1b[0m\n'}
[22.333631] (-) TimerEvent: {}
[22.434565] (-) TimerEvent: {}
[22.448138] (dobot_msgs_v3) StdoutLine: {'line': b'[ 23%] \x1b[32mBuilding CXX object CMakeFiles/dobot_msgs_v3__rosidl_typesupport_fastrtps_cpp.dir/rosidl_typesupport_fastrtps_cpp/dobot_msgs_v3/srv/detail/dds_fastrtps/digital_outputs__type_support.cpp.o\x1b[0m\n'}
[22.489062] (dobot_msgs_v3) StdoutLine: {'line': b'[ 23%] \x1b[32mBuilding CXX object CMakeFiles/dobot_msgs_v3__rosidl_typesupport_cpp.dir/rosidl_typesupport_cpp/dobot_msgs_v3/srv/robot_mode__type_support.cpp.o\x1b[0m\n'}
[22.536866] (-) TimerEvent: {}
[22.638309] (-) TimerEvent: {}
[22.647290] (dobot_msgs_v3) StdoutLine: {'line': b'[ 23%] \x1b[32mBuilding CXX object CMakeFiles/dobot_msgs_v3__rosidl_typesupport_cpp.dir/rosidl_typesupport_cpp/dobot_msgs_v3/srv/run_script__type_support.cpp.o\x1b[0m\n'}
[22.685813] (dobot_msgs_v3) StdoutLine: {'line': b'[ 23%] \x1b[32mBuilding CXX object CMakeFiles/dobot_msgs_v3__rosidl_typesupport_fastrtps_cpp.dir/rosidl_typesupport_fastrtps_cpp/dobot_msgs_v3/srv/detail/dds_fastrtps/disable_robot__type_support.cpp.o\x1b[0m\n'}
[22.738422] (-) TimerEvent: {}
[22.805476] (dobot_msgs_v3) StdoutLine: {'line': b'[ 24%] \x1b[32mBuilding CXX object CMakeFiles/dobot_msgs_v3__rosidl_typesupport_cpp.dir/rosidl_typesupport_cpp/dobot_msgs_v3/srv/servo_j__type_support.cpp.o\x1b[0m\n'}
[22.838529] (-) TimerEvent: {}
[22.921824] (dobot_msgs_v3) StdoutLine: {'line': b'[ 24%] \x1b[32mBuilding CXX object CMakeFiles/dobot_msgs_v3__rosidl_typesupport_fastrtps_cpp.dir/rosidl_typesupport_fastrtps_cpp/dobot_msgs_v3/srv/detail/dds_fastrtps/do__type_support.cpp.o\x1b[0m\n'}
[22.938654] (-) TimerEvent: {}
[22.968881] (dobot_msgs_v3) StdoutLine: {'line': b'[ 24%] \x1b[32mBuilding CXX object CMakeFiles/dobot_msgs_v3__rosidl_typesupport_cpp.dir/rosidl_typesupport_cpp/dobot_msgs_v3/srv/servo_p__type_support.cpp.o\x1b[0m\n'}
[23.038760] (-) TimerEvent: {}
[23.127714] (dobot_msgs_v3) StdoutLine: {'line': b'[ 24%] \x1b[32mBuilding CXX object CMakeFiles/dobot_msgs_v3__rosidl_typesupport_cpp.dir/rosidl_typesupport_cpp/dobot_msgs_v3/srv/set_arm_orientation__type_support.cpp.o\x1b[0m\n'}
[23.138886] (-) TimerEvent: {}
[23.155856] (dobot_msgs_v3) StdoutLine: {'line': b'[ 24%] \x1b[32mBuilding CXX object CMakeFiles/dobot_msgs_v3__rosidl_typesupport_fastrtps_cpp.dir/rosidl_typesupport_fastrtps_cpp/dobot_msgs_v3/srv/detail/dds_fastrtps/do_execute__type_support.cpp.o\x1b[0m\n'}
[23.238986] (-) TimerEvent: {}
[23.290162] (dobot_msgs_v3) StdoutLine: {'line': b'[ 24%] \x1b[32mBuilding CXX object CMakeFiles/dobot_msgs_v3__rosidl_typesupport_cpp.dir/rosidl_typesupport_cpp/dobot_msgs_v3/srv/set_coils__type_support.cpp.o\x1b[0m\n'}
[23.340834] (-) TimerEvent: {}
[23.397826] (dobot_msgs_v3) StdoutLine: {'line': b'[ 24%] \x1b[32mBuilding CXX object CMakeFiles/dobot_msgs_v3__rosidl_typesupport_fastrtps_cpp.dir/rosidl_typesupport_fastrtps_cpp/dobot_msgs_v3/srv/detail/dds_fastrtps/do_group__type_support.cpp.o\x1b[0m\n'}
[23.440942] (-) TimerEvent: {}
[23.454168] (dobot_msgs_v3) StdoutLine: {'line': b'[ 24%] \x1b[32mBuilding CXX object CMakeFiles/dobot_msgs_v3__rosidl_typesupport_cpp.dir/rosidl_typesupport_cpp/dobot_msgs_v3/srv/set_collision_level__type_support.cpp.o\x1b[0m\n'}
[23.541053] (-) TimerEvent: {}
[23.613838] (dobot_msgs_v3) StdoutLine: {'line': b'[ 24%] \x1b[32mBuilding CXX object CMakeFiles/dobot_msgs_v3__rosidl_typesupport_cpp.dir/rosidl_typesupport_cpp/dobot_msgs_v3/srv/set_hold_regs__type_support.cpp.o\x1b[0m\n'}
[23.641160] (-) TimerEvent: {}
[23.666301] (dobot_msgs_v3) StdoutLine: {'line': b'[ 24%] \x1b[32mBuilding CXX object CMakeFiles/dobot_msgs_v3__rosidl_typesupport_fastrtps_cpp.dir/rosidl_typesupport_fastrtps_cpp/dobot_msgs_v3/srv/detail/dds_fastrtps/emergency_stop__type_support.cpp.o\x1b[0m\n'}
[23.742837] (-) TimerEvent: {}
[23.786889] (dobot_msgs_v3) StdoutLine: {'line': b'[ 24%] \x1b[32mBuilding CXX object CMakeFiles/dobot_msgs_v3__rosidl_typesupport_cpp.dir/rosidl_typesupport_cpp/dobot_msgs_v3/srv/set_obstacle_avoid__type_support.cpp.o\x1b[0m\n'}
[23.842962] (-) TimerEvent: {}
[23.918415] (dobot_msgs_v3) StdoutLine: {'line': b'[ 24%] \x1b[32mBuilding CXX object CMakeFiles/dobot_msgs_v3__rosidl_typesupport_fastrtps_cpp.dir/rosidl_typesupport_fastrtps_cpp/dobot_msgs_v3/srv/detail/dds_fastrtps/enable_robot__type_support.cpp.o\x1b[0m\n'}
[23.943072] (-) TimerEvent: {}
[23.957864] (dobot_msgs_v3) StdoutLine: {'line': b'[ 25%] \x1b[32mBuilding CXX object CMakeFiles/dobot_msgs_v3__rosidl_typesupport_cpp.dir/rosidl_typesupport_cpp/dobot_msgs_v3/srv/set_payload__type_support.cpp.o\x1b[0m\n'}
[24.043188] (-) TimerEvent: {}
[24.119063] (dobot_msgs_v3) StdoutLine: {'line': b'[ 25%] \x1b[32mBuilding CXX object CMakeFiles/dobot_msgs_v3__rosidl_typesupport_cpp.dir/rosidl_typesupport_cpp/dobot_msgs_v3/srv/set_safe_skin__type_support.cpp.o\x1b[0m\n'}
[24.143294] (-) TimerEvent: {}
[24.164514] (dobot_msgs_v3) StdoutLine: {'line': b'[ 26%] \x1b[32mBuilding CXX object CMakeFiles/dobot_msgs_v3__rosidl_typesupport_fastrtps_cpp.dir/rosidl_typesupport_fastrtps_cpp/dobot_msgs_v3/srv/detail/dds_fastrtps/get_angle__type_support.cpp.o\x1b[0m\n'}
[24.243410] (-) TimerEvent: {}
[24.285862] (dobot_msgs_v3) StdoutLine: {'line': b'[ 26%] \x1b[32mBuilding CXX object CMakeFiles/dobot_msgs_v3__rosidl_typesupport_cpp.dir/rosidl_typesupport_cpp/dobot_msgs_v3/srv/speed_factor__type_support.cpp.o\x1b[0m\n'}
[24.343858] (-) TimerEvent: {}
[24.409947] (dobot_msgs_v3) StdoutLine: {'line': b'[ 26%] \x1b[32mBuilding CXX object CMakeFiles/dobot_msgs_v3__rosidl_typesupport_fastrtps_cpp.dir/rosidl_typesupport_fastrtps_cpp/dobot_msgs_v3/srv/detail/dds_fastrtps/get_coils__type_support.cpp.o\x1b[0m\n'}
[24.443968] (-) TimerEvent: {}
[24.447943] (dobot_msgs_v3) StdoutLine: {'line': b'[ 26%] \x1b[32mBuilding CXX object CMakeFiles/dobot_msgs_v3__rosidl_typesupport_cpp.dir/rosidl_typesupport_cpp/dobot_msgs_v3/srv/speed_j__type_support.cpp.o\x1b[0m\n'}
[24.545830] (-) TimerEvent: {}
[24.612262] (dobot_msgs_v3) StdoutLine: {'line': b'[ 26%] \x1b[32mBuilding CXX object CMakeFiles/dobot_msgs_v3__rosidl_typesupport_cpp.dir/rosidl_typesupport_cpp/dobot_msgs_v3/srv/speed_l__type_support.cpp.o\x1b[0m\n'}
[24.645938] (-) TimerEvent: {}
[24.662932] (dobot_msgs_v3) StdoutLine: {'line': b'[ 26%] \x1b[32mBuilding CXX object CMakeFiles/dobot_msgs_v3__rosidl_typesupport_fastrtps_cpp.dir/rosidl_typesupport_fastrtps_cpp/dobot_msgs_v3/srv/detail/dds_fastrtps/get_error_id__type_support.cpp.o\x1b[0m\n'}
[24.746052] (-) TimerEvent: {}
[24.776407] (dobot_msgs_v3) StdoutLine: {'line': b'[ 26%] \x1b[32mBuilding CXX object CMakeFiles/dobot_msgs_v3__rosidl_typesupport_cpp.dir/rosidl_typesupport_cpp/dobot_msgs_v3/srv/start_drag__type_support.cpp.o\x1b[0m\n'}
[24.846159] (-) TimerEvent: {}
[24.911824] (dobot_msgs_v3) StdoutLine: {'line': b'[ 26%] \x1b[32mBuilding CXX object CMakeFiles/dobot_msgs_v3__rosidl_typesupport_fastrtps_cpp.dir/rosidl_typesupport_fastrtps_cpp/dobot_msgs_v3/srv/detail/dds_fastrtps/get_hold_regs__type_support.cpp.o\x1b[0m\n'}
[24.943173] (dobot_msgs_v3) StdoutLine: {'line': b'[ 26%] \x1b[32mBuilding CXX object CMakeFiles/dobot_msgs_v3__rosidl_typesupport_cpp.dir/rosidl_typesupport_cpp/dobot_msgs_v3/srv/start_fc_trace__type_support.cpp.o\x1b[0m\n'}
[24.946250] (-) TimerEvent: {}
[25.046981] (-) TimerEvent: {}
[25.103097] (dobot_msgs_v3) StdoutLine: {'line': b'[ 27%] \x1b[32mBuilding CXX object CMakeFiles/dobot_msgs_v3__rosidl_typesupport_cpp.dir/rosidl_typesupport_cpp/dobot_msgs_v3/srv/start_path__type_support.cpp.o\x1b[0m\n'}
[25.147089] (-) TimerEvent: {}
[25.150734] (dobot_msgs_v3) StdoutLine: {'line': b'[ 27%] \x1b[32mBuilding CXX object CMakeFiles/dobot_msgs_v3__rosidl_typesupport_fastrtps_cpp.dir/rosidl_typesupport_fastrtps_cpp/dobot_msgs_v3/srv/detail/dds_fastrtps/get_in_bits__type_support.cpp.o\x1b[0m\n'}
[25.247201] (-) TimerEvent: {}
[25.265131] (dobot_msgs_v3) StdoutLine: {'line': b'[ 27%] \x1b[32mBuilding CXX object CMakeFiles/dobot_msgs_v3__rosidl_typesupport_cpp.dir/rosidl_typesupport_cpp/dobot_msgs_v3/srv/start_trace__type_support.cpp.o\x1b[0m\n'}
[25.348833] (-) TimerEvent: {}
[25.405864] (dobot_msgs_v3) StdoutLine: {'line': b'[ 27%] \x1b[32mBuilding CXX object CMakeFiles/dobot_msgs_v3__rosidl_typesupport_fastrtps_cpp.dir/rosidl_typesupport_fastrtps_cpp/dobot_msgs_v3/srv/detail/dds_fastrtps/get_in_regs__type_support.cpp.o\x1b[0m\n'}
[25.432824] (dobot_msgs_v3) StdoutLine: {'line': b'[ 27%] \x1b[32mBuilding CXX object CMakeFiles/dobot_msgs_v3__rosidl_typesupport_cpp.dir/rosidl_typesupport_cpp/dobot_msgs_v3/srv/stop_drag__type_support.cpp.o\x1b[0m\n'}
[25.448937] (-) TimerEvent: {}
[25.549977] (-) TimerEvent: {}
[25.600656] (dobot_msgs_v3) StdoutLine: {'line': b'[ 27%] \x1b[32mBuilding CXX object CMakeFiles/dobot_msgs_v3__rosidl_typesupport_cpp.dir/rosidl_typesupport_cpp/dobot_msgs_v3/srv/stopmove_jog__type_support.cpp.o\x1b[0m\n'}
[25.650102] (-) TimerEvent: {}
[25.691837] (dobot_msgs_v3) StdoutLine: {'line': b'[ 27%] \x1b[32mBuilding CXX object CMakeFiles/dobot_msgs_v3__rosidl_typesupport_fastrtps_cpp.dir/rosidl_typesupport_fastrtps_cpp/dobot_msgs_v3/srv/detail/dds_fastrtps/get_pose__type_support.cpp.o\x1b[0m\n'}
[25.750353] (-) TimerEvent: {}
[25.763113] (dobot_msgs_v3) StdoutLine: {'line': b'[ 27%] \x1b[32mBuilding CXX object CMakeFiles/dobot_msgs_v3__rosidl_typesupport_cpp.dir/rosidl_typesupport_cpp/dobot_msgs_v3/srv/stop_script__type_support.cpp.o\x1b[0m\n'}
[25.850352] (-) TimerEvent: {}
[25.927360] (dobot_msgs_v3) StdoutLine: {'line': b'[ 27%] \x1b[32mBuilding CXX object CMakeFiles/dobot_msgs_v3__rosidl_typesupport_cpp.dir/rosidl_typesupport_cpp/dobot_msgs_v3/srv/sync__type_support.cpp.o\x1b[0m\n'}
[25.943031] (dobot_msgs_v3) StdoutLine: {'line': b'[ 28%] \x1b[32mBuilding CXX object CMakeFiles/dobot_msgs_v3__rosidl_typesupport_fastrtps_cpp.dir/rosidl_typesupport_fastrtps_cpp/dobot_msgs_v3/srv/detail/dds_fastrtps/inverse_solution__type_support.cpp.o\x1b[0m\n'}
[25.950471] (-) TimerEvent: {}
[26.051999] (-) TimerEvent: {}
[26.094885] (dobot_msgs_v3) StdoutLine: {'line': b'[ 28%] \x1b[32mBuilding CXX object CMakeFiles/dobot_msgs_v3__rosidl_typesupport_cpp.dir/rosidl_typesupport_cpp/dobot_msgs_v3/srv/sync_all__type_support.cpp.o\x1b[0m\n'}
[26.152153] (-) TimerEvent: {}
[26.200607] (dobot_msgs_v3) StdoutLine: {'line': b'[ 28%] \x1b[32mBuilding CXX object CMakeFiles/dobot_msgs_v3__rosidl_typesupport_fastrtps_cpp.dir/rosidl_typesupport_fastrtps_cpp/dobot_msgs_v3/srv/detail/dds_fastrtps/joint_mov_j__type_support.cpp.o\x1b[0m\n'}
[26.252225] (-) TimerEvent: {}
[26.257833] (dobot_msgs_v3) StdoutLine: {'line': b'[ 29%] \x1b[32mBuilding CXX object CMakeFiles/dobot_msgs_v3__rosidl_typesupport_cpp.dir/rosidl_typesupport_cpp/dobot_msgs_v3/srv/tool__type_support.cpp.o\x1b[0m\n'}
[26.353840] (-) TimerEvent: {}
[26.424097] (dobot_msgs_v3) StdoutLine: {'line': b'[ 29%] \x1b[32mBuilding CXX object CMakeFiles/dobot_msgs_v3__rosidl_typesupport_cpp.dir/rosidl_typesupport_cpp/dobot_msgs_v3/srv/tool_di__type_support.cpp.o\x1b[0m\n'}
[26.454012] (-) TimerEvent: {}
[26.488901] (dobot_msgs_v3) StdoutLine: {'line': b'[ 29%] \x1b[32mBuilding CXX object CMakeFiles/dobot_msgs_v3__rosidl_typesupport_fastrtps_cpp.dir/rosidl_typesupport_fastrtps_cpp/dobot_msgs_v3/srv/detail/dds_fastrtps/jump__type_support.cpp.o\x1b[0m\n'}
[26.554124] (-) TimerEvent: {}
[26.588232] (dobot_msgs_v3) StdoutLine: {'line': b'[ 29%] \x1b[32mBuilding CXX object CMakeFiles/dobot_msgs_v3__rosidl_typesupport_cpp.dir/rosidl_typesupport_cpp/dobot_msgs_v3/srv/tool_do__type_support.cpp.o\x1b[0m\n'}
[26.654230] (-) TimerEvent: {}
[26.733957] (dobot_msgs_v3) StdoutLine: {'line': b'[ 29%] \x1b[32mBuilding CXX object CMakeFiles/dobot_msgs_v3__rosidl_typesupport_fastrtps_cpp.dir/rosidl_typesupport_fastrtps_cpp/dobot_msgs_v3/srv/detail/dds_fastrtps/lim_z__type_support.cpp.o\x1b[0m\n'}
[26.749032] (dobot_msgs_v3) StdoutLine: {'line': b'[ 29%] \x1b[32mBuilding CXX object CMakeFiles/dobot_msgs_v3__rosidl_typesupport_cpp.dir/rosidl_typesupport_cpp/dobot_msgs_v3/srv/tool_do_execute__type_support.cpp.o\x1b[0m\n'}
[26.754324] (-) TimerEvent: {}
[26.854929] (-) TimerEvent: {}
[26.909203] (dobot_msgs_v3) StdoutLine: {'line': b'[ 29%] \x1b[32mBuilding CXX object CMakeFiles/dobot_msgs_v3__rosidl_typesupport_cpp.dir/rosidl_typesupport_cpp/dobot_msgs_v3/srv/user__type_support.cpp.o\x1b[0m\n'}
[26.955046] (-) TimerEvent: {}
[26.979033] (dobot_msgs_v3) StdoutLine: {'line': b'[ 29%] \x1b[32mBuilding CXX object CMakeFiles/dobot_msgs_v3__rosidl_typesupport_fastrtps_cpp.dir/rosidl_typesupport_fastrtps_cpp/dobot_msgs_v3/srv/detail/dds_fastrtps/load_switch__type_support.cpp.o\x1b[0m\n'}
[27.055155] (-) TimerEvent: {}
[27.077916] (dobot_msgs_v3) StdoutLine: {'line': b'[ 29%] \x1b[32mBuilding CXX object CMakeFiles/dobot_msgs_v3__rosidl_typesupport_cpp.dir/rosidl_typesupport_cpp/dobot_msgs_v3/srv/wait__type_support.cpp.o\x1b[0m\n'}
[27.155265] (-) TimerEvent: {}
[27.225843] (dobot_msgs_v3) StdoutLine: {'line': b'[ 29%] \x1b[32mBuilding CXX object CMakeFiles/dobot_msgs_v3__rosidl_typesupport_fastrtps_cpp.dir/rosidl_typesupport_fastrtps_cpp/dobot_msgs_v3/srv/detail/dds_fastrtps/modbus_close__type_support.cpp.o\x1b[0m\n'}
[27.243943] (dobot_msgs_v3) StdoutLine: {'line': b'[ 29%] \x1b[32m\x1b[1mLinking CXX shared library libdobot_msgs_v3__rosidl_typesupport_cpp.so\x1b[0m\n'}
[27.255374] (-) TimerEvent: {}
[27.296675] (dobot_msgs_v3) StdoutLine: {'line': b'[ 29%] Built target dobot_msgs_v3__rosidl_typesupport_cpp\n'}
[27.318830] (dobot_msgs_v3) StdoutLine: {'line': b'[ 30%] \x1b[34m\x1b[1mGenerating C introspection for ROS interfaces\x1b[0m\n'}
[27.355832] (-) TimerEvent: {}
[27.456739] (-) TimerEvent: {}
[27.504017] (dobot_msgs_v3) StdoutLine: {'line': b'[ 30%] \x1b[32mBuilding CXX object CMakeFiles/dobot_msgs_v3__rosidl_typesupport_fastrtps_cpp.dir/rosidl_typesupport_fastrtps_cpp/dobot_msgs_v3/srv/detail/dds_fastrtps/modbus_create__type_support.cpp.o\x1b[0m\n'}
[27.556829] (-) TimerEvent: {}
[27.657600] (-) TimerEvent: {}
[27.745303] (dobot_msgs_v3) StdoutLine: {'line': b'[ 31%] \x1b[32mBuilding CXX object CMakeFiles/dobot_msgs_v3__rosidl_typesupport_fastrtps_cpp.dir/rosidl_typesupport_fastrtps_cpp/dobot_msgs_v3/srv/detail/dds_fastrtps/move_jog__type_support.cpp.o\x1b[0m\n'}
[27.757693] (-) TimerEvent: {}
[27.857944] (-) TimerEvent: {}
[27.958767] (-) TimerEvent: {}
[28.023551] (dobot_msgs_v3) StdoutLine: {'line': b'[ 31%] \x1b[32mBuilding CXX object CMakeFiles/dobot_msgs_v3__rosidl_typesupport_fastrtps_cpp.dir/rosidl_typesupport_fastrtps_cpp/dobot_msgs_v3/srv/detail/dds_fastrtps/mov_j__type_support.cpp.o\x1b[0m\n'}
[28.058822] (-) TimerEvent: {}
[28.160149] (-) TimerEvent: {}
[28.260925] (-) TimerEvent: {}
[28.309803] (dobot_msgs_v3) StdoutLine: {'line': b'[ 31%] \x1b[32mBuilding CXX object CMakeFiles/dobot_msgs_v3__rosidl_typesupport_fastrtps_cpp.dir/rosidl_typesupport_fastrtps_cpp/dobot_msgs_v3/srv/detail/dds_fastrtps/mov_j_ext__type_support.cpp.o\x1b[0m\n'}
[28.361023] (-) TimerEvent: {}
[28.461816] (-) TimerEvent: {}
[28.562049] (-) TimerEvent: {}
[28.576867] (dobot_msgs_v3) StdoutLine: {'line': b'[ 31%] \x1b[32mBuilding CXX object CMakeFiles/dobot_msgs_v3__rosidl_typesupport_fastrtps_cpp.dir/rosidl_typesupport_fastrtps_cpp/dobot_msgs_v3/srv/detail/dds_fastrtps/mov_jio__type_support.cpp.o\x1b[0m\n'}
[28.662154] (-) TimerEvent: {}
[28.762780] (-) TimerEvent: {}
[28.856719] (dobot_msgs_v3) StdoutLine: {'line': b'[ 31%] \x1b[32mBuilding CXX object CMakeFiles/dobot_msgs_v3__rosidl_typesupport_fastrtps_cpp.dir/rosidl_typesupport_fastrtps_cpp/dobot_msgs_v3/srv/detail/dds_fastrtps/mov_l__type_support.cpp.o\x1b[0m\n'}
[28.862918] (-) TimerEvent: {}
[28.963613] (-) TimerEvent: {}
[29.065319] (-) TimerEvent: {}
[29.139851] (dobot_msgs_v3) StdoutLine: {'line': b'[ 31%] \x1b[32mBuilding CXX object CMakeFiles/dobot_msgs_v3__rosidl_typesupport_fastrtps_cpp.dir/rosidl_typesupport_fastrtps_cpp/dobot_msgs_v3/srv/detail/dds_fastrtps/mov_lio__type_support.cpp.o\x1b[0m\n'}
[29.165420] (-) TimerEvent: {}
[29.267823] (-) TimerEvent: {}
[29.368443] (-) TimerEvent: {}
[29.419552] (dobot_msgs_v3) StdoutLine: {'line': b'[ 31%] \x1b[32mBuilding CXX object CMakeFiles/dobot_msgs_v3__rosidl_typesupport_fastrtps_cpp.dir/rosidl_typesupport_fastrtps_cpp/dobot_msgs_v3/srv/detail/dds_fastrtps/pause__type_support.cpp.o\x1b[0m\n'}
[29.468563] (-) TimerEvent: {}
[29.569370] (-) TimerEvent: {}
[29.652726] (dobot_msgs_v3) StdoutLine: {'line': b'[ 32%] \x1b[32mBuilding CXX object CMakeFiles/dobot_msgs_v3__rosidl_typesupport_fastrtps_cpp.dir/rosidl_typesupport_fastrtps_cpp/dobot_msgs_v3/srv/detail/dds_fastrtps/pause_script__type_support.cpp.o\x1b[0m\n'}
[29.669637] (-) TimerEvent: {}
[29.770965] (-) TimerEvent: {}
[29.871692] (-) TimerEvent: {}
[29.898591] (dobot_msgs_v3) StdoutLine: {'line': b'[ 32%] \x1b[32mBuilding CXX object CMakeFiles/dobot_msgs_v3__rosidl_typesupport_fastrtps_cpp.dir/rosidl_typesupport_fastrtps_cpp/dobot_msgs_v3/srv/detail/dds_fastrtps/pay_load__type_support.cpp.o\x1b[0m\n'}
[29.972846] (-) TimerEvent: {}
[30.073547] (-) TimerEvent: {}
[30.161888] (dobot_msgs_v3) StdoutLine: {'line': b'[ 32%] \x1b[32mBuilding CXX object CMakeFiles/dobot_msgs_v3__rosidl_typesupport_fastrtps_cpp.dir/rosidl_typesupport_fastrtps_cpp/dobot_msgs_v3/srv/detail/dds_fastrtps/positive_solution__type_support.cpp.o\x1b[0m\n'}
[30.173657] (-) TimerEvent: {}
[30.275873] (-) TimerEvent: {}
[30.376645] (-) TimerEvent: {}
[30.410934] (dobot_msgs_v3) StdoutLine: {'line': b'[ 32%] \x1b[32mBuilding CXX object CMakeFiles/dobot_msgs_v3__rosidl_typesupport_fastrtps_cpp.dir/rosidl_typesupport_fastrtps_cpp/dobot_msgs_v3/srv/detail/dds_fastrtps/power_on__type_support.cpp.o\x1b[0m\n'}
[30.476764] (-) TimerEvent: {}
[30.577360] (-) TimerEvent: {}
[30.655901] (dobot_msgs_v3) StdoutLine: {'line': b'[ 32%] \x1b[32mBuilding CXX object CMakeFiles/dobot_msgs_v3__rosidl_typesupport_fastrtps_cpp.dir/rosidl_typesupport_fastrtps_cpp/dobot_msgs_v3/srv/detail/dds_fastrtps/rel_joint_mov_j__type_support.cpp.o\x1b[0m\n'}
[30.677458] (-) TimerEvent: {}
[30.707460] (dobot_msgs_v3) StdoutLine: {'line': b'[ 32%] \x1b[32mBuilding C object CMakeFiles/dobot_msgs_v3__rosidl_typesupport_introspection_c.dir/rosidl_typesupport_introspection_c/dobot_msgs_v3/msg/detail/robot_status__type_support.c.o\x1b[0m\n'}
[30.737861] (dobot_msgs_v3) StdoutLine: {'line': b'[ 32%] \x1b[32mBuilding C object CMakeFiles/dobot_msgs_v3__rosidl_typesupport_introspection_c.dir/rosidl_typesupport_introspection_c/dobot_msgs_v3/msg/detail/tool_vector_actual__type_support.c.o\x1b[0m\n'}
[30.763932] (dobot_msgs_v3) StdoutLine: {'line': b'[ 32%] \x1b[32mBuilding C object CMakeFiles/dobot_msgs_v3__rosidl_typesupport_introspection_c.dir/rosidl_typesupport_introspection_c/dobot_msgs_v3/srv/detail/acc_j__type_support.c.o\x1b[0m\n'}
[30.777569] (-) TimerEvent: {}
[30.794941] (dobot_msgs_v3) StdoutLine: {'line': b'[ 32%] \x1b[32mBuilding C object CMakeFiles/dobot_msgs_v3__rosidl_typesupport_introspection_c.dir/rosidl_typesupport_introspection_c/dobot_msgs_v3/srv/detail/acc_l__type_support.c.o\x1b[0m\n'}
[30.822948] (dobot_msgs_v3) StdoutLine: {'line': b'[ 32%] \x1b[32mBuilding C object CMakeFiles/dobot_msgs_v3__rosidl_typesupport_introspection_c.dir/rosidl_typesupport_introspection_c/dobot_msgs_v3/srv/detail/ao__type_support.c.o\x1b[0m\n'}
[30.853007] (dobot_msgs_v3) StdoutLine: {'line': b'[ 32%] \x1b[32mBuilding C object CMakeFiles/dobot_msgs_v3__rosidl_typesupport_introspection_c.dir/rosidl_typesupport_introspection_c/dobot_msgs_v3/srv/detail/ao_execute__type_support.c.o\x1b[0m\n'}
[30.877686] (-) TimerEvent: {}
[30.883868] (dobot_msgs_v3) StdoutLine: {'line': b'[ 33%] \x1b[32mBuilding C object CMakeFiles/dobot_msgs_v3__rosidl_typesupport_introspection_c.dir/rosidl_typesupport_introspection_c/dobot_msgs_v3/srv/detail/arc__type_support.c.o\x1b[0m\n'}
[30.913733] (dobot_msgs_v3) StdoutLine: {'line': b'[ 33%] \x1b[32mBuilding C object CMakeFiles/dobot_msgs_v3__rosidl_typesupport_introspection_c.dir/rosidl_typesupport_introspection_c/dobot_msgs_v3/srv/detail/arch__type_support.c.o\x1b[0m\n'}
[30.941901] (dobot_msgs_v3) StdoutLine: {'line': b'[ 33%] \x1b[32mBuilding C object CMakeFiles/dobot_msgs_v3__rosidl_typesupport_introspection_c.dir/rosidl_typesupport_introspection_c/dobot_msgs_v3/srv/detail/brake_control__type_support.c.o\x1b[0m\n'}
[30.956966] (dobot_msgs_v3) StdoutLine: {'line': b'[ 33%] \x1b[32mBuilding CXX object CMakeFiles/dobot_msgs_v3__rosidl_typesupport_fastrtps_cpp.dir/rosidl_typesupport_fastrtps_cpp/dobot_msgs_v3/srv/detail/dds_fastrtps/rel_mov_j__type_support.cpp.o\x1b[0m\n'}
[30.969605] (dobot_msgs_v3) StdoutLine: {'line': b'[ 33%] \x1b[32mBuilding C object CMakeFiles/dobot_msgs_v3__rosidl_typesupport_introspection_c.dir/rosidl_typesupport_introspection_c/dobot_msgs_v3/srv/detail/circle__type_support.c.o\x1b[0m\n'}
[30.977769] (-) TimerEvent: {}
[30.999854] (dobot_msgs_v3) StdoutLine: {'line': b'[ 33%] \x1b[32mBuilding C object CMakeFiles/dobot_msgs_v3__rosidl_typesupport_introspection_c.dir/rosidl_typesupport_introspection_c/dobot_msgs_v3/srv/detail/clear_error__type_support.c.o\x1b[0m\n'}
[31.025731] (dobot_msgs_v3) StdoutLine: {'line': b'[ 33%] \x1b[32mBuilding C object CMakeFiles/dobot_msgs_v3__rosidl_typesupport_introspection_c.dir/rosidl_typesupport_introspection_c/dobot_msgs_v3/srv/detail/continues__type_support.c.o\x1b[0m\n'}
[31.052923] (dobot_msgs_v3) StdoutLine: {'line': b'[ 33%] \x1b[32mBuilding C object CMakeFiles/dobot_msgs_v3__rosidl_typesupport_introspection_c.dir/rosidl_typesupport_introspection_c/dobot_msgs_v3/srv/detail/continue_script__type_support.c.o\x1b[0m\n'}
[31.077925] (-) TimerEvent: {}
[31.082088] (dobot_msgs_v3) StdoutLine: {'line': b'[ 34%] \x1b[32mBuilding C object CMakeFiles/dobot_msgs_v3__rosidl_typesupport_introspection_c.dir/rosidl_typesupport_introspection_c/dobot_msgs_v3/srv/detail/cp__type_support.c.o\x1b[0m\n'}
[31.106928] (dobot_msgs_v3) StdoutLine: {'line': b'[ 34%] \x1b[32mBuilding C object CMakeFiles/dobot_msgs_v3__rosidl_typesupport_introspection_c.dir/rosidl_typesupport_introspection_c/dobot_msgs_v3/srv/detail/di__type_support.c.o\x1b[0m\n'}
[31.133433] (dobot_msgs_v3) StdoutLine: {'line': b'[ 34%] \x1b[32mBuilding C object CMakeFiles/dobot_msgs_v3__rosidl_typesupport_introspection_c.dir/rosidl_typesupport_introspection_c/dobot_msgs_v3/srv/detail/digital_outputs__type_support.c.o\x1b[0m\n'}
[31.160005] (dobot_msgs_v3) StdoutLine: {'line': b'[ 34%] \x1b[32mBuilding C object CMakeFiles/dobot_msgs_v3__rosidl_typesupport_introspection_c.dir/rosidl_typesupport_introspection_c/dobot_msgs_v3/srv/detail/disable_robot__type_support.c.o\x1b[0m\n'}
[31.178029] (-) TimerEvent: {}
[31.187528] (dobot_msgs_v3) StdoutLine: {'line': b'[ 34%] \x1b[32mBuilding C object CMakeFiles/dobot_msgs_v3__rosidl_typesupport_introspection_c.dir/rosidl_typesupport_introspection_c/dobot_msgs_v3/srv/detail/do__type_support.c.o\x1b[0m\n'}
[31.214856] (dobot_msgs_v3) StdoutLine: {'line': b'[ 34%] \x1b[32mBuilding C object CMakeFiles/dobot_msgs_v3__rosidl_typesupport_introspection_c.dir/rosidl_typesupport_introspection_c/dobot_msgs_v3/srv/detail/do_execute__type_support.c.o\x1b[0m\n'}
[31.239591] (dobot_msgs_v3) StdoutLine: {'line': b'[ 34%] \x1b[32mBuilding CXX object CMakeFiles/dobot_msgs_v3__rosidl_typesupport_fastrtps_cpp.dir/rosidl_typesupport_fastrtps_cpp/dobot_msgs_v3/srv/detail/dds_fastrtps/rel_mov_j_user__type_support.cpp.o\x1b[0m\n'}
[31.240808] (dobot_msgs_v3) StdoutLine: {'line': b'[ 34%] \x1b[32mBuilding C object CMakeFiles/dobot_msgs_v3__rosidl_typesupport_introspection_c.dir/rosidl_typesupport_introspection_c/dobot_msgs_v3/srv/detail/do_group__type_support.c.o\x1b[0m\n'}
[31.267673] (dobot_msgs_v3) StdoutLine: {'line': b'[ 35%] \x1b[32mBuilding C object CMakeFiles/dobot_msgs_v3__rosidl_typesupport_introspection_c.dir/rosidl_typesupport_introspection_c/dobot_msgs_v3/srv/detail/emergency_stop__type_support.c.o\x1b[0m\n'}
[31.278133] (-) TimerEvent: {}
[31.294253] (dobot_msgs_v3) StdoutLine: {'line': b'[ 35%] \x1b[32mBuilding C object CMakeFiles/dobot_msgs_v3__rosidl_typesupport_introspection_c.dir/rosidl_typesupport_introspection_c/dobot_msgs_v3/srv/detail/enable_robot__type_support.c.o\x1b[0m\n'}
[31.320101] (dobot_msgs_v3) StdoutLine: {'line': b'[ 35%] \x1b[32mBuilding C object CMakeFiles/dobot_msgs_v3__rosidl_typesupport_introspection_c.dir/rosidl_typesupport_introspection_c/dobot_msgs_v3/srv/detail/get_angle__type_support.c.o\x1b[0m\n'}
[31.346087] (dobot_msgs_v3) StdoutLine: {'line': b'[ 35%] \x1b[32mBuilding C object CMakeFiles/dobot_msgs_v3__rosidl_typesupport_introspection_c.dir/rosidl_typesupport_introspection_c/dobot_msgs_v3/srv/detail/get_coils__type_support.c.o\x1b[0m\n'}
[31.376915] (dobot_msgs_v3) StdoutLine: {'line': b'[ 35%] \x1b[32mBuilding C object CMakeFiles/dobot_msgs_v3__rosidl_typesupport_introspection_c.dir/rosidl_typesupport_introspection_c/dobot_msgs_v3/srv/detail/get_error_id__type_support.c.o\x1b[0m\n'}
[31.378220] (-) TimerEvent: {}
[31.403748] (dobot_msgs_v3) StdoutLine: {'line': b'[ 35%] \x1b[32mBuilding C object CMakeFiles/dobot_msgs_v3__rosidl_typesupport_introspection_c.dir/rosidl_typesupport_introspection_c/dobot_msgs_v3/srv/detail/get_hold_regs__type_support.c.o\x1b[0m\n'}
[31.429549] (dobot_msgs_v3) StdoutLine: {'line': b'[ 35%] \x1b[32mBuilding C object CMakeFiles/dobot_msgs_v3__rosidl_typesupport_introspection_c.dir/rosidl_typesupport_introspection_c/dobot_msgs_v3/srv/detail/get_in_bits__type_support.c.o\x1b[0m\n'}
[31.455656] (dobot_msgs_v3) StdoutLine: {'line': b'[ 36%] \x1b[32mBuilding C object CMakeFiles/dobot_msgs_v3__rosidl_typesupport_introspection_c.dir/rosidl_typesupport_introspection_c/dobot_msgs_v3/srv/detail/get_in_regs__type_support.c.o\x1b[0m\n'}
[31.478329] (-) TimerEvent: {}
[31.483533] (dobot_msgs_v3) StdoutLine: {'line': b'[ 36%] \x1b[32mBuilding C object CMakeFiles/dobot_msgs_v3__rosidl_typesupport_introspection_c.dir/rosidl_typesupport_introspection_c/dobot_msgs_v3/srv/detail/get_pose__type_support.c.o\x1b[0m\n'}
[31.509894] (dobot_msgs_v3) StdoutLine: {'line': b'[ 36%] \x1b[32mBuilding C object CMakeFiles/dobot_msgs_v3__rosidl_typesupport_introspection_c.dir/rosidl_typesupport_introspection_c/dobot_msgs_v3/srv/detail/inverse_solution__type_support.c.o\x1b[0m\n'}
[31.519809] (dobot_msgs_v3) StdoutLine: {'line': b'[ 37%] \x1b[32mBuilding CXX object CMakeFiles/dobot_msgs_v3__rosidl_typesupport_fastrtps_cpp.dir/rosidl_typesupport_fastrtps_cpp/dobot_msgs_v3/srv/detail/dds_fastrtps/rel_mov_j_tool__type_support.cpp.o\x1b[0m\n'}
[31.536809] (dobot_msgs_v3) StdoutLine: {'line': b'[ 37%] \x1b[32mBuilding C object CMakeFiles/dobot_msgs_v3__rosidl_typesupport_introspection_c.dir/rosidl_typesupport_introspection_c/dobot_msgs_v3/srv/detail/joint_mov_j__type_support.c.o\x1b[0m\n'}
[31.562828] (dobot_msgs_v3) StdoutLine: {'line': b'[ 37%] \x1b[32mBuilding C object CMakeFiles/dobot_msgs_v3__rosidl_typesupport_introspection_c.dir/rosidl_typesupport_introspection_c/dobot_msgs_v3/srv/detail/jump__type_support.c.o\x1b[0m\n'}
[31.578436] (-) TimerEvent: {}
[31.588399] (dobot_msgs_v3) StdoutLine: {'line': b'[ 37%] \x1b[32mBuilding C object CMakeFiles/dobot_msgs_v3__rosidl_typesupport_introspection_c.dir/rosidl_typesupport_introspection_c/dobot_msgs_v3/srv/detail/lim_z__type_support.c.o\x1b[0m\n'}
[31.614881] (dobot_msgs_v3) StdoutLine: {'line': b'[ 38%] \x1b[32mBuilding C object CMakeFiles/dobot_msgs_v3__rosidl_typesupport_introspection_c.dir/rosidl_typesupport_introspection_c/dobot_msgs_v3/srv/detail/load_switch__type_support.c.o\x1b[0m\n'}
[31.640966] (dobot_msgs_v3) StdoutLine: {'line': b'[ 38%] \x1b[32mBuilding C object CMakeFiles/dobot_msgs_v3__rosidl_typesupport_introspection_c.dir/rosidl_typesupport_introspection_c/dobot_msgs_v3/srv/detail/modbus_close__type_support.c.o\x1b[0m\n'}
[31.669816] (dobot_msgs_v3) StdoutLine: {'line': b'[ 38%] \x1b[32mBuilding C object CMakeFiles/dobot_msgs_v3__rosidl_typesupport_introspection_c.dir/rosidl_typesupport_introspection_c/dobot_msgs_v3/srv/detail/modbus_create__type_support.c.o\x1b[0m\n'}
[31.678558] (-) TimerEvent: {}
[31.699023] (dobot_msgs_v3) StdoutLine: {'line': b'[ 38%] \x1b[32mBuilding C object CMakeFiles/dobot_msgs_v3__rosidl_typesupport_introspection_c.dir/rosidl_typesupport_introspection_c/dobot_msgs_v3/srv/detail/move_jog__type_support.c.o\x1b[0m\n'}
[31.739216] (dobot_msgs_v3) StdoutLine: {'line': b'[ 38%] \x1b[32mBuilding C object CMakeFiles/dobot_msgs_v3__rosidl_typesupport_introspection_c.dir/rosidl_typesupport_introspection_c/dobot_msgs_v3/srv/detail/mov_j__type_support.c.o\x1b[0m\n'}
[31.768727] (dobot_msgs_v3) StdoutLine: {'line': b'[ 38%] \x1b[32mBuilding C object CMakeFiles/dobot_msgs_v3__rosidl_typesupport_introspection_c.dir/rosidl_typesupport_introspection_c/dobot_msgs_v3/srv/detail/mov_j_ext__type_support.c.o\x1b[0m\n'}
[31.778663] (-) TimerEvent: {}
[31.799130] (dobot_msgs_v3) StdoutLine: {'line': b'[ 38%] \x1b[32mBuilding C object CMakeFiles/dobot_msgs_v3__rosidl_typesupport_introspection_c.dir/rosidl_typesupport_introspection_c/dobot_msgs_v3/srv/detail/mov_jio__type_support.c.o\x1b[0m\n'}
[31.821091] (dobot_msgs_v3) StdoutLine: {'line': b'[ 38%] \x1b[32mBuilding CXX object CMakeFiles/dobot_msgs_v3__rosidl_typesupport_fastrtps_cpp.dir/rosidl_typesupport_fastrtps_cpp/dobot_msgs_v3/srv/detail/dds_fastrtps/rel_mov_l__type_support.cpp.o\x1b[0m\n'}
[31.829747] (dobot_msgs_v3) StdoutLine: {'line': b'[ 39%] \x1b[32mBuilding C object CMakeFiles/dobot_msgs_v3__rosidl_typesupport_introspection_c.dir/rosidl_typesupport_introspection_c/dobot_msgs_v3/srv/detail/mov_l__type_support.c.o\x1b[0m\n'}
[31.860406] (dobot_msgs_v3) StdoutLine: {'line': b'[ 39%] \x1b[32mBuilding C object CMakeFiles/dobot_msgs_v3__rosidl_typesupport_introspection_c.dir/rosidl_typesupport_introspection_c/dobot_msgs_v3/srv/detail/mov_lio__type_support.c.o\x1b[0m\n'}
[31.880840] (-) TimerEvent: {}
[31.891733] (dobot_msgs_v3) StdoutLine: {'line': b'[ 39%] \x1b[32mBuilding C object CMakeFiles/dobot_msgs_v3__rosidl_typesupport_introspection_c.dir/rosidl_typesupport_introspection_c/dobot_msgs_v3/srv/detail/pause__type_support.c.o\x1b[0m\n'}
[31.915859] (dobot_msgs_v3) StdoutLine: {'line': b'[ 39%] \x1b[32mBuilding C object CMakeFiles/dobot_msgs_v3__rosidl_typesupport_introspection_c.dir/rosidl_typesupport_introspection_c/dobot_msgs_v3/srv/detail/pause_script__type_support.c.o\x1b[0m\n'}
[31.942644] (dobot_msgs_v3) StdoutLine: {'line': b'[ 39%] \x1b[32mBuilding C object CMakeFiles/dobot_msgs_v3__rosidl_typesupport_introspection_c.dir/rosidl_typesupport_introspection_c/dobot_msgs_v3/srv/detail/pay_load__type_support.c.o\x1b[0m\n'}
[31.968958] (dobot_msgs_v3) StdoutLine: {'line': b'[ 39%] \x1b[32mBuilding C object CMakeFiles/dobot_msgs_v3__rosidl_typesupport_introspection_c.dir/rosidl_typesupport_introspection_c/dobot_msgs_v3/srv/detail/positive_solution__type_support.c.o\x1b[0m\n'}
[31.980951] (-) TimerEvent: {}
[31.998855] (dobot_msgs_v3) StdoutLine: {'line': b'[ 39%] \x1b[32mBuilding C object CMakeFiles/dobot_msgs_v3__rosidl_typesupport_introspection_c.dir/rosidl_typesupport_introspection_c/dobot_msgs_v3/srv/detail/power_on__type_support.c.o\x1b[0m\n'}
[32.023243] (dobot_msgs_v3) StdoutLine: {'line': b'[ 40%] \x1b[32mBuilding C object CMakeFiles/dobot_msgs_v3__rosidl_typesupport_introspection_c.dir/rosidl_typesupport_introspection_c/dobot_msgs_v3/srv/detail/rel_joint_mov_j__type_support.c.o\x1b[0m\n'}
[32.050796] (dobot_msgs_v3) StdoutLine: {'line': b'[ 40%] \x1b[32mBuilding C object CMakeFiles/dobot_msgs_v3__rosidl_typesupport_introspection_c.dir/rosidl_typesupport_introspection_c/dobot_msgs_v3/srv/detail/rel_mov_j__type_support.c.o\x1b[0m\n'}
[32.080239] (dobot_msgs_v3) StdoutLine: {'line': b'[ 40%] \x1b[32mBuilding C object CMakeFiles/dobot_msgs_v3__rosidl_typesupport_introspection_c.dir/rosidl_typesupport_introspection_c/dobot_msgs_v3/srv/detail/rel_mov_j_user__type_support.c.o\x1b[0m\n'}
[32.082466] (-) TimerEvent: {}
[32.104882] (dobot_msgs_v3) StdoutLine: {'line': b'[ 40%] \x1b[32mBuilding CXX object CMakeFiles/dobot_msgs_v3__rosidl_typesupport_fastrtps_cpp.dir/rosidl_typesupport_fastrtps_cpp/dobot_msgs_v3/srv/detail/dds_fastrtps/rel_mov_l_user__type_support.cpp.o\x1b[0m\n'}
[32.110035] (dobot_msgs_v3) StdoutLine: {'line': b'[ 40%] \x1b[32mBuilding C object CMakeFiles/dobot_msgs_v3__rosidl_typesupport_introspection_c.dir/rosidl_typesupport_introspection_c/dobot_msgs_v3/srv/detail/rel_mov_j_tool__type_support.c.o\x1b[0m\n'}
[32.138357] (dobot_msgs_v3) StdoutLine: {'line': b'[ 40%] \x1b[32mBuilding C object CMakeFiles/dobot_msgs_v3__rosidl_typesupport_introspection_c.dir/rosidl_typesupport_introspection_c/dobot_msgs_v3/srv/detail/rel_mov_l__type_support.c.o\x1b[0m\n'}
[32.165999] (dobot_msgs_v3) StdoutLine: {'line': b'[ 40%] \x1b[32mBuilding C object CMakeFiles/dobot_msgs_v3__rosidl_typesupport_introspection_c.dir/rosidl_typesupport_introspection_c/dobot_msgs_v3/srv/detail/rel_mov_l_user__type_support.c.o\x1b[0m\n'}
[32.182863] (-) TimerEvent: {}
[32.195238] (dobot_msgs_v3) StdoutLine: {'line': b'[ 40%] \x1b[32mBuilding C object CMakeFiles/dobot_msgs_v3__rosidl_typesupport_introspection_c.dir/rosidl_typesupport_introspection_c/dobot_msgs_v3/srv/detail/rel_mov_l_tool__type_support.c.o\x1b[0m\n'}
[32.223965] (dobot_msgs_v3) StdoutLine: {'line': b'[ 41%] \x1b[32mBuilding C object CMakeFiles/dobot_msgs_v3__rosidl_typesupport_introspection_c.dir/rosidl_typesupport_introspection_c/dobot_msgs_v3/srv/detail/reset_robot__type_support.c.o\x1b[0m\n'}
[32.249372] (dobot_msgs_v3) StdoutLine: {'line': b'[ 41%] \x1b[32mBuilding C object CMakeFiles/dobot_msgs_v3__rosidl_typesupport_introspection_c.dir/rosidl_typesupport_introspection_c/dobot_msgs_v3/srv/detail/robot_mode__type_support.c.o\x1b[0m\n'}
[32.275984] (dobot_msgs_v3) StdoutLine: {'line': b'[ 41%] \x1b[32mBuilding C object CMakeFiles/dobot_msgs_v3__rosidl_typesupport_introspection_c.dir/rosidl_typesupport_introspection_c/dobot_msgs_v3/srv/detail/run_script__type_support.c.o\x1b[0m\n'}
[32.282955] (-) TimerEvent: {}
[32.304909] (dobot_msgs_v3) StdoutLine: {'line': b'[ 41%] \x1b[32mBuilding C object CMakeFiles/dobot_msgs_v3__rosidl_typesupport_introspection_c.dir/rosidl_typesupport_introspection_c/dobot_msgs_v3/srv/detail/servo_j__type_support.c.o\x1b[0m\n'}
[32.333937] (dobot_msgs_v3) StdoutLine: {'line': b'[ 41%] \x1b[32mBuilding C object CMakeFiles/dobot_msgs_v3__rosidl_typesupport_introspection_c.dir/rosidl_typesupport_introspection_c/dobot_msgs_v3/srv/detail/servo_p__type_support.c.o\x1b[0m\n'}
[32.360486] (dobot_msgs_v3) StdoutLine: {'line': b'[ 41%] \x1b[32mBuilding C object CMakeFiles/dobot_msgs_v3__rosidl_typesupport_introspection_c.dir/rosidl_typesupport_introspection_c/dobot_msgs_v3/srv/detail/set_arm_orientation__type_support.c.o\x1b[0m\n'}
[32.381247] (dobot_msgs_v3) StdoutLine: {'line': b'[ 41%] \x1b[32mBuilding CXX object CMakeFiles/dobot_msgs_v3__rosidl_typesupport_fastrtps_cpp.dir/rosidl_typesupport_fastrtps_cpp/dobot_msgs_v3/srv/detail/dds_fastrtps/rel_mov_l_tool__type_support.cpp.o\x1b[0m\n'}
[32.384804] (-) TimerEvent: {}
[32.389177] (dobot_msgs_v3) StdoutLine: {'line': b'[ 41%] \x1b[32mBuilding C object CMakeFiles/dobot_msgs_v3__rosidl_typesupport_introspection_c.dir/rosidl_typesupport_introspection_c/dobot_msgs_v3/srv/detail/set_coils__type_support.c.o\x1b[0m\n'}
[32.417180] (dobot_msgs_v3) StdoutLine: {'line': b'[ 42%] \x1b[32mBuilding C object CMakeFiles/dobot_msgs_v3__rosidl_typesupport_introspection_c.dir/rosidl_typesupport_introspection_c/dobot_msgs_v3/srv/detail/set_collision_level__type_support.c.o\x1b[0m\n'}
[32.448416] (dobot_msgs_v3) StdoutLine: {'line': b'[ 42%] \x1b[32mBuilding C object CMakeFiles/dobot_msgs_v3__rosidl_typesupport_introspection_c.dir/rosidl_typesupport_introspection_c/dobot_msgs_v3/srv/detail/set_hold_regs__type_support.c.o\x1b[0m\n'}
[32.474944] (dobot_msgs_v3) StdoutLine: {'line': b'[ 42%] \x1b[32mBuilding C object CMakeFiles/dobot_msgs_v3__rosidl_typesupport_introspection_c.dir/rosidl_typesupport_introspection_c/dobot_msgs_v3/srv/detail/set_obstacle_avoid__type_support.c.o\x1b[0m\n'}
[32.484933] (-) TimerEvent: {}
[32.503477] (dobot_msgs_v3) StdoutLine: {'line': b'[ 42%] \x1b[32mBuilding C object CMakeFiles/dobot_msgs_v3__rosidl_typesupport_introspection_c.dir/rosidl_typesupport_introspection_c/dobot_msgs_v3/srv/detail/set_payload__type_support.c.o\x1b[0m\n'}
[32.532093] (dobot_msgs_v3) StdoutLine: {'line': b'[ 42%] \x1b[32mBuilding C object CMakeFiles/dobot_msgs_v3__rosidl_typesupport_introspection_c.dir/rosidl_typesupport_introspection_c/dobot_msgs_v3/srv/detail/set_safe_skin__type_support.c.o\x1b[0m\n'}
[32.556975] (dobot_msgs_v3) StdoutLine: {'line': b'[ 42%] \x1b[32mBuilding C object CMakeFiles/dobot_msgs_v3__rosidl_typesupport_introspection_c.dir/rosidl_typesupport_introspection_c/dobot_msgs_v3/srv/detail/speed_factor__type_support.c.o\x1b[0m\n'}
[32.583603] (dobot_msgs_v3) StdoutLine: {'line': b'[ 42%] \x1b[32mBuilding C object CMakeFiles/dobot_msgs_v3__rosidl_typesupport_introspection_c.dir/rosidl_typesupport_introspection_c/dobot_msgs_v3/srv/detail/speed_j__type_support.c.o\x1b[0m\n'}
[32.585010] (-) TimerEvent: {}
[32.613387] (dobot_msgs_v3) StdoutLine: {'line': b'[ 43%] \x1b[32mBuilding C object CMakeFiles/dobot_msgs_v3__rosidl_typesupport_introspection_c.dir/rosidl_typesupport_introspection_c/dobot_msgs_v3/srv/detail/speed_l__type_support.c.o\x1b[0m\n'}
[32.637258] (dobot_msgs_v3) StdoutLine: {'line': b'[ 43%] \x1b[32mBuilding C object CMakeFiles/dobot_msgs_v3__rosidl_typesupport_introspection_c.dir/rosidl_typesupport_introspection_c/dobot_msgs_v3/srv/detail/start_drag__type_support.c.o\x1b[0m\n'}
[32.665368] (dobot_msgs_v3) StdoutLine: {'line': b'[ 43%] \x1b[32mBuilding C object CMakeFiles/dobot_msgs_v3__rosidl_typesupport_introspection_c.dir/rosidl_typesupport_introspection_c/dobot_msgs_v3/srv/detail/start_fc_trace__type_support.c.o\x1b[0m\n'}
[32.670927] (dobot_msgs_v3) StdoutLine: {'line': b'[ 43%] \x1b[32mBuilding CXX object CMakeFiles/dobot_msgs_v3__rosidl_typesupport_fastrtps_cpp.dir/rosidl_typesupport_fastrtps_cpp/dobot_msgs_v3/srv/detail/dds_fastrtps/reset_robot__type_support.cpp.o\x1b[0m\n'}
[32.685129] (-) TimerEvent: {}
[32.694653] (dobot_msgs_v3) StdoutLine: {'line': b'[ 43%] \x1b[32mBuilding C object CMakeFiles/dobot_msgs_v3__rosidl_typesupport_introspection_c.dir/rosidl_typesupport_introspection_c/dobot_msgs_v3/srv/detail/start_path__type_support.c.o\x1b[0m\n'}
[32.723878] (dobot_msgs_v3) StdoutLine: {'line': b'[ 43%] \x1b[32mBuilding C object CMakeFiles/dobot_msgs_v3__rosidl_typesupport_introspection_c.dir/rosidl_typesupport_introspection_c/dobot_msgs_v3/srv/detail/start_trace__type_support.c.o\x1b[0m\n'}
[32.749161] (dobot_msgs_v3) StdoutLine: {'line': b'[ 43%] \x1b[32mBuilding C object CMakeFiles/dobot_msgs_v3__rosidl_typesupport_introspection_c.dir/rosidl_typesupport_introspection_c/dobot_msgs_v3/srv/detail/stop_drag__type_support.c.o\x1b[0m\n'}
[32.775833] (dobot_msgs_v3) StdoutLine: {'line': b'[ 43%] \x1b[32mBuilding C object CMakeFiles/dobot_msgs_v3__rosidl_typesupport_introspection_c.dir/rosidl_typesupport_introspection_c/dobot_msgs_v3/srv/detail/stopmove_jog__type_support.c.o\x1b[0m\n'}
[32.785247] (-) TimerEvent: {}
[32.802946] (dobot_msgs_v3) StdoutLine: {'line': b'[ 44%] \x1b[32mBuilding C object CMakeFiles/dobot_msgs_v3__rosidl_typesupport_introspection_c.dir/rosidl_typesupport_introspection_c/dobot_msgs_v3/srv/detail/stop_script__type_support.c.o\x1b[0m\n'}
[32.829745] (dobot_msgs_v3) StdoutLine: {'line': b'[ 44%] \x1b[32mBuilding C object CMakeFiles/dobot_msgs_v3__rosidl_typesupport_introspection_c.dir/rosidl_typesupport_introspection_c/dobot_msgs_v3/srv/detail/sync__type_support.c.o\x1b[0m\n'}
[32.857827] (dobot_msgs_v3) StdoutLine: {'line': b'[ 44%] \x1b[32mBuilding C object CMakeFiles/dobot_msgs_v3__rosidl_typesupport_introspection_c.dir/rosidl_typesupport_introspection_c/dobot_msgs_v3/srv/detail/sync_all__type_support.c.o\x1b[0m\n'}
[32.884858] (dobot_msgs_v3) StdoutLine: {'line': b'[ 44%] \x1b[32mBuilding C object CMakeFiles/dobot_msgs_v3__rosidl_typesupport_introspection_c.dir/rosidl_typesupport_introspection_c/dobot_msgs_v3/srv/detail/tool__type_support.c.o\x1b[0m\n'}
[32.885323] (-) TimerEvent: {}
[32.912635] (dobot_msgs_v3) StdoutLine: {'line': b'[ 44%] \x1b[32mBuilding C object CMakeFiles/dobot_msgs_v3__rosidl_typesupport_introspection_c.dir/rosidl_typesupport_introspection_c/dobot_msgs_v3/srv/detail/tool_di__type_support.c.o\x1b[0m\n'}
[32.933922] (dobot_msgs_v3) StdoutLine: {'line': b'[ 44%] \x1b[32mBuilding CXX object CMakeFiles/dobot_msgs_v3__rosidl_typesupport_fastrtps_cpp.dir/rosidl_typesupport_fastrtps_cpp/dobot_msgs_v3/srv/detail/dds_fastrtps/robot_mode__type_support.cpp.o\x1b[0m\n'}
[32.939283] (dobot_msgs_v3) StdoutLine: {'line': b'[ 44%] \x1b[32mBuilding C object CMakeFiles/dobot_msgs_v3__rosidl_typesupport_introspection_c.dir/rosidl_typesupport_introspection_c/dobot_msgs_v3/srv/detail/tool_do__type_support.c.o\x1b[0m\n'}
[32.969457] (dobot_msgs_v3) StdoutLine: {'line': b'[ 44%] \x1b[32mBuilding C object CMakeFiles/dobot_msgs_v3__rosidl_typesupport_introspection_c.dir/rosidl_typesupport_introspection_c/dobot_msgs_v3/srv/detail/tool_do_execute__type_support.c.o\x1b[0m\n'}
[32.985442] (-) TimerEvent: {}
[32.996320] (dobot_msgs_v3) StdoutLine: {'line': b'[ 45%] \x1b[32mBuilding C object CMakeFiles/dobot_msgs_v3__rosidl_typesupport_introspection_c.dir/rosidl_typesupport_introspection_c/dobot_msgs_v3/srv/detail/user__type_support.c.o\x1b[0m\n'}
[33.023089] (dobot_msgs_v3) StdoutLine: {'line': b'[ 45%] \x1b[32mBuilding C object CMakeFiles/dobot_msgs_v3__rosidl_typesupport_introspection_c.dir/rosidl_typesupport_introspection_c/dobot_msgs_v3/srv/detail/wait__type_support.c.o\x1b[0m\n'}
[33.050833] (dobot_msgs_v3) StdoutLine: {'line': b'[ 45%] \x1b[32m\x1b[1mLinking C shared library libdobot_msgs_v3__rosidl_typesupport_introspection_c.so\x1b[0m\n'}
[33.085553] (-) TimerEvent: {}
[33.098312] (dobot_msgs_v3) StdoutLine: {'line': b'[ 45%] Built target dobot_msgs_v3__rosidl_typesupport_introspection_c\n'}
[33.107206] (dobot_msgs_v3) StdoutLine: {'line': b'[ 45%] \x1b[32mBuilding CXX object CMakeFiles/dobot_msgs_v3__rosidl_typesupport_fastrtps_cpp.dir/rosidl_typesupport_fastrtps_cpp/dobot_msgs_v3/srv/detail/dds_fastrtps/run_script__type_support.cpp.o\x1b[0m\n'}
[33.185663] (-) TimerEvent: {}
[33.192868] (dobot_msgs_v3) StdoutLine: {'line': b'[ 46%] \x1b[32mBuilding CXX object CMakeFiles/dobot_msgs_v3__rosidl_typesupport_fastrtps_cpp.dir/rosidl_typesupport_fastrtps_cpp/dobot_msgs_v3/srv/detail/dds_fastrtps/servo_j__type_support.cpp.o\x1b[0m\n'}
[33.285859] (-) TimerEvent: {}
[33.363073] (dobot_msgs_v3) StdoutLine: {'line': b'[ 46%] \x1b[32mBuilding CXX object CMakeFiles/dobot_msgs_v3__rosidl_typesupport_fastrtps_cpp.dir/rosidl_typesupport_fastrtps_cpp/dobot_msgs_v3/srv/detail/dds_fastrtps/servo_p__type_support.cpp.o\x1b[0m\n'}
[33.385967] (-) TimerEvent: {}
[33.480529] (dobot_msgs_v3) StdoutLine: {'line': b'[ 46%] \x1b[32mBuilding CXX object CMakeFiles/dobot_msgs_v3__rosidl_typesupport_fastrtps_cpp.dir/rosidl_typesupport_fastrtps_cpp/dobot_msgs_v3/srv/detail/dds_fastrtps/set_arm_orientation__type_support.cpp.o\x1b[0m\n'}
[33.486074] (-) TimerEvent: {}
[33.586798] (-) TimerEvent: {}
[33.617481] (dobot_msgs_v3) StdoutLine: {'line': b'[ 46%] \x1b[32mBuilding CXX object CMakeFiles/dobot_msgs_v3__rosidl_typesupport_fastrtps_cpp.dir/rosidl_typesupport_fastrtps_cpp/dobot_msgs_v3/srv/detail/dds_fastrtps/set_coils__type_support.cpp.o\x1b[0m\n'}
[33.686951] (-) TimerEvent: {}
[33.739031] (dobot_msgs_v3) StdoutLine: {'line': b'[ 46%] \x1b[32mBuilding CXX object CMakeFiles/dobot_msgs_v3__rosidl_typesupport_fastrtps_cpp.dir/rosidl_typesupport_fastrtps_cpp/dobot_msgs_v3/srv/detail/dds_fastrtps/set_collision_level__type_support.cpp.o\x1b[0m\n'}
[33.787067] (-) TimerEvent: {}
[33.870096] (dobot_msgs_v3) StdoutLine: {'line': b'[ 46%] \x1b[32mBuilding CXX object CMakeFiles/dobot_msgs_v3__rosidl_typesupport_fastrtps_cpp.dir/rosidl_typesupport_fastrtps_cpp/dobot_msgs_v3/srv/detail/dds_fastrtps/set_hold_regs__type_support.cpp.o\x1b[0m\n'}
[33.887178] (-) TimerEvent: {}
[33.989263] (-) TimerEvent: {}
[33.991746] (dobot_msgs_v3) StdoutLine: {'line': b'[ 46%] \x1b[32mBuilding CXX object CMakeFiles/dobot_msgs_v3__rosidl_typesupport_fastrtps_cpp.dir/rosidl_typesupport_fastrtps_cpp/dobot_msgs_v3/srv/detail/dds_fastrtps/set_obstacle_avoid__type_support.cpp.o\x1b[0m\n'}
[34.089378] (-) TimerEvent: {}
[34.121840] (dobot_msgs_v3) StdoutLine: {'line': b'[ 47%] \x1b[32mBuilding CXX object CMakeFiles/dobot_msgs_v3__rosidl_typesupport_fastrtps_cpp.dir/rosidl_typesupport_fastrtps_cpp/dobot_msgs_v3/srv/detail/dds_fastrtps/set_payload__type_support.cpp.o\x1b[0m\n'}
[34.189497] (-) TimerEvent: {}
[34.239257] (dobot_msgs_v3) StdoutLine: {'line': b'[ 47%] \x1b[32mBuilding CXX object CMakeFiles/dobot_msgs_v3__rosidl_typesupport_fastrtps_cpp.dir/rosidl_typesupport_fastrtps_cpp/dobot_msgs_v3/srv/detail/dds_fastrtps/set_safe_skin__type_support.cpp.o\x1b[0m\n'}
[34.290830] (-) TimerEvent: {}
[34.371879] (dobot_msgs_v3) StdoutLine: {'line': b'[ 48%] \x1b[34m\x1b[1mGenerating C type support dispatch for ROS interfaces\x1b[0m\n'}
[34.390929] (-) TimerEvent: {}
[34.478500] (dobot_msgs_v3) StdoutLine: {'line': b'[ 48%] \x1b[32mBuilding CXX object CMakeFiles/dobot_msgs_v3__rosidl_typesupport_fastrtps_cpp.dir/rosidl_typesupport_fastrtps_cpp/dobot_msgs_v3/srv/detail/dds_fastrtps/speed_factor__type_support.cpp.o\x1b[0m\n'}
[34.491034] (-) TimerEvent: {}
[34.592828] (-) TimerEvent: {}
[34.693639] (-) TimerEvent: {}
[34.724307] (dobot_msgs_v3) StdoutLine: {'line': b'[ 48%] \x1b[32mBuilding CXX object CMakeFiles/dobot_msgs_v3__rosidl_typesupport_fastrtps_cpp.dir/rosidl_typesupport_fastrtps_cpp/dobot_msgs_v3/srv/detail/dds_fastrtps/speed_j__type_support.cpp.o\x1b[0m\n'}
[34.794074] (-) TimerEvent: {}
[34.896921] (-) TimerEvent: {}
[34.963835] (dobot_msgs_v3) StdoutLine: {'line': b'[ 48%] \x1b[32mBuilding CXX object CMakeFiles/dobot_msgs_v3__rosidl_typesupport_fastrtps_cpp.dir/rosidl_typesupport_fastrtps_cpp/dobot_msgs_v3/srv/detail/dds_fastrtps/speed_l__type_support.cpp.o\x1b[0m\n'}
[34.997024] (-) TimerEvent: {}
[35.097795] (-) TimerEvent: {}
[35.198472] (-) TimerEvent: {}
[35.200828] (dobot_msgs_v3) StdoutLine: {'line': b'[ 48%] \x1b[32mBuilding CXX object CMakeFiles/dobot_msgs_v3__rosidl_typesupport_fastrtps_cpp.dir/rosidl_typesupport_fastrtps_cpp/dobot_msgs_v3/srv/detail/dds_fastrtps/start_drag__type_support.cpp.o\x1b[0m\n'}
[35.298565] (-) TimerEvent: {}
[35.399440] (-) TimerEvent: {}
[35.448545] (dobot_msgs_v3) StdoutLine: {'line': b'[ 48%] \x1b[32mBuilding CXX object CMakeFiles/dobot_msgs_v3__rosidl_typesupport_fastrtps_cpp.dir/rosidl_typesupport_fastrtps_cpp/dobot_msgs_v3/srv/detail/dds_fastrtps/start_fc_trace__type_support.cpp.o\x1b[0m\n'}
[35.499543] (-) TimerEvent: {}
[35.600955] (-) TimerEvent: {}
[35.701209] (-) TimerEvent: {}
[35.702044] (dobot_msgs_v3) StdoutLine: {'line': b'[ 49%] \x1b[32mBuilding CXX object CMakeFiles/dobot_msgs_v3__rosidl_typesupport_fastrtps_cpp.dir/rosidl_typesupport_fastrtps_cpp/dobot_msgs_v3/srv/detail/dds_fastrtps/start_path__type_support.cpp.o\x1b[0m\n'}
[35.802833] (-) TimerEvent: {}
[35.903542] (-) TimerEvent: {}
[35.944904] (dobot_msgs_v3) StdoutLine: {'line': b'[ 49%] \x1b[32mBuilding CXX object CMakeFiles/dobot_msgs_v3__rosidl_typesupport_fastrtps_cpp.dir/rosidl_typesupport_fastrtps_cpp/dobot_msgs_v3/srv/detail/dds_fastrtps/start_trace__type_support.cpp.o\x1b[0m\n'}
[36.003648] (-) TimerEvent: {}
[36.104273] (-) TimerEvent: {}
[36.183395] (dobot_msgs_v3) StdoutLine: {'line': b'[ 49%] \x1b[32mBuilding CXX object CMakeFiles/dobot_msgs_v3__rosidl_typesupport_fastrtps_cpp.dir/rosidl_typesupport_fastrtps_cpp/dobot_msgs_v3/srv/detail/dds_fastrtps/stop_drag__type_support.cpp.o\x1b[0m\n'}
[36.204384] (-) TimerEvent: {}
[36.305114] (-) TimerEvent: {}
[36.361275] (dobot_msgs_v3) StdoutLine: {'line': b'[ 49%] \x1b[32mBuilding CXX object CMakeFiles/dobot_msgs_v3__rosidl_typesupport_c.dir/rosidl_typesupport_c/dobot_msgs_v3/msg/robot_status__type_support.cpp.o\x1b[0m\n'}
[36.386226] (dobot_msgs_v3) StdoutLine: {'line': b'[ 49%] \x1b[32mBuilding CXX object CMakeFiles/dobot_msgs_v3__rosidl_typesupport_c.dir/rosidl_typesupport_c/dobot_msgs_v3/msg/tool_vector_actual__type_support.cpp.o\x1b[0m\n'}
[36.406943] (-) TimerEvent: {}
[36.409975] (dobot_msgs_v3) StdoutLine: {'line': b'[ 49%] \x1b[32mBuilding CXX object CMakeFiles/dobot_msgs_v3__rosidl_typesupport_c.dir/rosidl_typesupport_c/dobot_msgs_v3/srv/acc_j__type_support.cpp.o\x1b[0m\n'}
[36.428434] (dobot_msgs_v3) StdoutLine: {'line': b'[ 49%] \x1b[32mBuilding CXX object CMakeFiles/dobot_msgs_v3__rosidl_typesupport_fastrtps_cpp.dir/rosidl_typesupport_fastrtps_cpp/dobot_msgs_v3/srv/detail/dds_fastrtps/stopmove_jog__type_support.cpp.o\x1b[0m\n'}
[36.434195] (dobot_msgs_v3) StdoutLine: {'line': b'[ 49%] \x1b[32mBuilding CXX object CMakeFiles/dobot_msgs_v3__rosidl_typesupport_c.dir/rosidl_typesupport_c/dobot_msgs_v3/srv/acc_l__type_support.cpp.o\x1b[0m\n'}
[36.456867] (dobot_msgs_v3) StdoutLine: {'line': b'[ 49%] \x1b[32mBuilding CXX object CMakeFiles/dobot_msgs_v3__rosidl_typesupport_c.dir/rosidl_typesupport_c/dobot_msgs_v3/srv/ao__type_support.cpp.o\x1b[0m\n'}
[36.479030] (dobot_msgs_v3) StdoutLine: {'line': b'[ 49%] \x1b[32mBuilding CXX object CMakeFiles/dobot_msgs_v3__rosidl_typesupport_c.dir/rosidl_typesupport_c/dobot_msgs_v3/srv/ao_execute__type_support.cpp.o\x1b[0m\n'}
[36.502855] (dobot_msgs_v3) StdoutLine: {'line': b'[ 50%] \x1b[32mBuilding CXX object CMakeFiles/dobot_msgs_v3__rosidl_typesupport_c.dir/rosidl_typesupport_c/dobot_msgs_v3/srv/arc__type_support.cpp.o\x1b[0m\n'}
[36.507045] (-) TimerEvent: {}
[36.526164] (dobot_msgs_v3) StdoutLine: {'line': b'[ 50%] \x1b[32mBuilding CXX object CMakeFiles/dobot_msgs_v3__rosidl_typesupport_c.dir/rosidl_typesupport_c/dobot_msgs_v3/srv/arch__type_support.cpp.o\x1b[0m\n'}
[36.549310] (dobot_msgs_v3) StdoutLine: {'line': b'[ 50%] \x1b[32mBuilding CXX object CMakeFiles/dobot_msgs_v3__rosidl_typesupport_c.dir/rosidl_typesupport_c/dobot_msgs_v3/srv/brake_control__type_support.cpp.o\x1b[0m\n'}
[36.572525] (dobot_msgs_v3) StdoutLine: {'line': b'[ 50%] \x1b[32mBuilding CXX object CMakeFiles/dobot_msgs_v3__rosidl_typesupport_c.dir/rosidl_typesupport_c/dobot_msgs_v3/srv/circle__type_support.cpp.o\x1b[0m\n'}
[36.596481] (dobot_msgs_v3) StdoutLine: {'line': b'[ 50%] \x1b[32mBuilding CXX object CMakeFiles/dobot_msgs_v3__rosidl_typesupport_c.dir/rosidl_typesupport_c/dobot_msgs_v3/srv/clear_error__type_support.cpp.o\x1b[0m\n'}
[36.607154] (-) TimerEvent: {}
[36.620408] (dobot_msgs_v3) StdoutLine: {'line': b'[ 50%] \x1b[32mBuilding CXX object CMakeFiles/dobot_msgs_v3__rosidl_typesupport_c.dir/rosidl_typesupport_c/dobot_msgs_v3/srv/continues__type_support.cpp.o\x1b[0m\n'}
[36.646821] (dobot_msgs_v3) StdoutLine: {'line': b'[ 50%] \x1b[32mBuilding CXX object CMakeFiles/dobot_msgs_v3__rosidl_typesupport_c.dir/rosidl_typesupport_c/dobot_msgs_v3/srv/continue_script__type_support.cpp.o\x1b[0m\n'}
[36.671746] (dobot_msgs_v3) StdoutLine: {'line': b'[ 51%] \x1b[32mBuilding CXX object CMakeFiles/dobot_msgs_v3__rosidl_typesupport_c.dir/rosidl_typesupport_c/dobot_msgs_v3/srv/cp__type_support.cpp.o\x1b[0m\n'}
[36.679976] (dobot_msgs_v3) StdoutLine: {'line': b'[ 51%] \x1b[32mBuilding CXX object CMakeFiles/dobot_msgs_v3__rosidl_typesupport_fastrtps_cpp.dir/rosidl_typesupport_fastrtps_cpp/dobot_msgs_v3/srv/detail/dds_fastrtps/stop_script__type_support.cpp.o\x1b[0m\n'}
[36.696850] (dobot_msgs_v3) StdoutLine: {'line': b'[ 51%] \x1b[32mBuilding CXX object CMakeFiles/dobot_msgs_v3__rosidl_typesupport_c.dir/rosidl_typesupport_c/dobot_msgs_v3/srv/di__type_support.cpp.o\x1b[0m\n'}
[36.707275] (-) TimerEvent: {}
[36.720459] (dobot_msgs_v3) StdoutLine: {'line': b'[ 51%] \x1b[32mBuilding CXX object CMakeFiles/dobot_msgs_v3__rosidl_typesupport_c.dir/rosidl_typesupport_c/dobot_msgs_v3/srv/digital_outputs__type_support.cpp.o\x1b[0m\n'}
[36.744590] (dobot_msgs_v3) StdoutLine: {'line': b'[ 51%] \x1b[32mBuilding CXX object CMakeFiles/dobot_msgs_v3__rosidl_typesupport_c.dir/rosidl_typesupport_c/dobot_msgs_v3/srv/disable_robot__type_support.cpp.o\x1b[0m\n'}
[36.768335] (dobot_msgs_v3) StdoutLine: {'line': b'[ 51%] \x1b[32mBuilding CXX object CMakeFiles/dobot_msgs_v3__rosidl_typesupport_c.dir/rosidl_typesupport_c/dobot_msgs_v3/srv/do__type_support.cpp.o\x1b[0m\n'}
[36.793180] (dobot_msgs_v3) StdoutLine: {'line': b'[ 51%] \x1b[32mBuilding CXX object CMakeFiles/dobot_msgs_v3__rosidl_typesupport_c.dir/rosidl_typesupport_c/dobot_msgs_v3/srv/do_execute__type_support.cpp.o\x1b[0m\n'}
[36.807389] (-) TimerEvent: {}
[36.817292] (dobot_msgs_v3) StdoutLine: {'line': b'[ 51%] \x1b[32mBuilding CXX object CMakeFiles/dobot_msgs_v3__rosidl_typesupport_c.dir/rosidl_typesupport_c/dobot_msgs_v3/srv/do_group__type_support.cpp.o\x1b[0m\n'}
[36.841997] (dobot_msgs_v3) StdoutLine: {'line': b'[ 52%] \x1b[32mBuilding CXX object CMakeFiles/dobot_msgs_v3__rosidl_typesupport_c.dir/rosidl_typesupport_c/dobot_msgs_v3/srv/emergency_stop__type_support.cpp.o\x1b[0m\n'}
[36.866649] (dobot_msgs_v3) StdoutLine: {'line': b'[ 52%] \x1b[32mBuilding CXX object CMakeFiles/dobot_msgs_v3__rosidl_typesupport_c.dir/rosidl_typesupport_c/dobot_msgs_v3/srv/enable_robot__type_support.cpp.o\x1b[0m\n'}
[36.891828] (dobot_msgs_v3) StdoutLine: {'line': b'[ 52%] \x1b[32mBuilding CXX object CMakeFiles/dobot_msgs_v3__rosidl_typesupport_c.dir/rosidl_typesupport_c/dobot_msgs_v3/srv/get_angle__type_support.cpp.o\x1b[0m\n'}
[36.907500] (-) TimerEvent: {}
[36.914893] (dobot_msgs_v3) StdoutLine: {'line': b'[ 52%] \x1b[32mBuilding CXX object CMakeFiles/dobot_msgs_v3__rosidl_typesupport_c.dir/rosidl_typesupport_c/dobot_msgs_v3/srv/get_coils__type_support.cpp.o\x1b[0m\n'}
[36.938550] (dobot_msgs_v3) StdoutLine: {'line': b'[ 52%] \x1b[32mBuilding CXX object CMakeFiles/dobot_msgs_v3__rosidl_typesupport_c.dir/rosidl_typesupport_c/dobot_msgs_v3/srv/get_error_id__type_support.cpp.o\x1b[0m\n'}
[36.938724] (dobot_msgs_v3) StdoutLine: {'line': b'[ 52%] \x1b[32mBuilding CXX object CMakeFiles/dobot_msgs_v3__rosidl_typesupport_fastrtps_cpp.dir/rosidl_typesupport_fastrtps_cpp/dobot_msgs_v3/srv/detail/dds_fastrtps/sync__type_support.cpp.o\x1b[0m\n'}
[36.961084] (dobot_msgs_v3) StdoutLine: {'line': b'[ 52%] \x1b[32mBuilding CXX object CMakeFiles/dobot_msgs_v3__rosidl_typesupport_c.dir/rosidl_typesupport_c/dobot_msgs_v3/srv/get_hold_regs__type_support.cpp.o\x1b[0m\n'}
[36.986819] (dobot_msgs_v3) StdoutLine: {'line': b'[ 52%] \x1b[32mBuilding CXX object CMakeFiles/dobot_msgs_v3__rosidl_typesupport_c.dir/rosidl_typesupport_c/dobot_msgs_v3/srv/get_in_bits__type_support.cpp.o\x1b[0m\n'}
[37.007875] (-) TimerEvent: {}
[37.009727] (dobot_msgs_v3) StdoutLine: {'line': b'[ 53%] \x1b[32mBuilding CXX object CMakeFiles/dobot_msgs_v3__rosidl_typesupport_c.dir/rosidl_typesupport_c/dobot_msgs_v3/srv/get_in_regs__type_support.cpp.o\x1b[0m\n'}
[37.035898] (dobot_msgs_v3) StdoutLine: {'line': b'[ 53%] \x1b[32mBuilding CXX object CMakeFiles/dobot_msgs_v3__rosidl_typesupport_c.dir/rosidl_typesupport_c/dobot_msgs_v3/srv/get_pose__type_support.cpp.o\x1b[0m\n'}
[37.061817] (dobot_msgs_v3) StdoutLine: {'line': b'[ 53%] \x1b[32mBuilding CXX object CMakeFiles/dobot_msgs_v3__rosidl_typesupport_c.dir/rosidl_typesupport_c/dobot_msgs_v3/srv/inverse_solution__type_support.cpp.o\x1b[0m\n'}
[37.087892] (dobot_msgs_v3) StdoutLine: {'line': b'[ 53%] \x1b[32mBuilding CXX object CMakeFiles/dobot_msgs_v3__rosidl_typesupport_c.dir/rosidl_typesupport_c/dobot_msgs_v3/srv/joint_mov_j__type_support.cpp.o\x1b[0m\n'}
[37.107987] (-) TimerEvent: {}
[37.111885] (dobot_msgs_v3) StdoutLine: {'line': b'[ 53%] \x1b[32mBuilding CXX object CMakeFiles/dobot_msgs_v3__rosidl_typesupport_c.dir/rosidl_typesupport_c/dobot_msgs_v3/srv/jump__type_support.cpp.o\x1b[0m\n'}
[37.137844] (dobot_msgs_v3) StdoutLine: {'line': b'[ 53%] \x1b[32mBuilding CXX object CMakeFiles/dobot_msgs_v3__rosidl_typesupport_c.dir/rosidl_typesupport_c/dobot_msgs_v3/srv/lim_z__type_support.cpp.o\x1b[0m\n'}
[37.162161] (dobot_msgs_v3) StdoutLine: {'line': b'[ 53%] \x1b[32mBuilding CXX object CMakeFiles/dobot_msgs_v3__rosidl_typesupport_c.dir/rosidl_typesupport_c/dobot_msgs_v3/srv/load_switch__type_support.cpp.o\x1b[0m\n'}
[37.185931] (dobot_msgs_v3) StdoutLine: {'line': b'[ 54%] \x1b[32mBuilding CXX object CMakeFiles/dobot_msgs_v3__rosidl_typesupport_c.dir/rosidl_typesupport_c/dobot_msgs_v3/srv/modbus_close__type_support.cpp.o\x1b[0m\n'}
[37.208112] (-) TimerEvent: {}
[37.214191] (dobot_msgs_v3) StdoutLine: {'line': b'[ 54%] \x1b[32mBuilding CXX object CMakeFiles/dobot_msgs_v3__rosidl_typesupport_c.dir/rosidl_typesupport_c/dobot_msgs_v3/srv/modbus_create__type_support.cpp.o\x1b[0m\n'}
[37.227549] (dobot_msgs_v3) StdoutLine: {'line': b'[ 54%] \x1b[32mBuilding CXX object CMakeFiles/dobot_msgs_v3__rosidl_typesupport_fastrtps_cpp.dir/rosidl_typesupport_fastrtps_cpp/dobot_msgs_v3/srv/detail/dds_fastrtps/sync_all__type_support.cpp.o\x1b[0m\n'}
[37.239491] (dobot_msgs_v3) StdoutLine: {'line': b'[ 54%] \x1b[32mBuilding CXX object CMakeFiles/dobot_msgs_v3__rosidl_typesupport_c.dir/rosidl_typesupport_c/dobot_msgs_v3/srv/move_jog__type_support.cpp.o\x1b[0m\n'}
[37.264757] (dobot_msgs_v3) StdoutLine: {'line': b'[ 54%] \x1b[32mBuilding CXX object CMakeFiles/dobot_msgs_v3__rosidl_typesupport_c.dir/rosidl_typesupport_c/dobot_msgs_v3/srv/mov_j__type_support.cpp.o\x1b[0m\n'}
[37.289987] (dobot_msgs_v3) StdoutLine: {'line': b'[ 54%] \x1b[32mBuilding CXX object CMakeFiles/dobot_msgs_v3__rosidl_typesupport_c.dir/rosidl_typesupport_c/dobot_msgs_v3/srv/mov_j_ext__type_support.cpp.o\x1b[0m\n'}
[37.309832] (-) TimerEvent: {}
[37.314121] (dobot_msgs_v3) StdoutLine: {'line': b'[ 54%] \x1b[32mBuilding CXX object CMakeFiles/dobot_msgs_v3__rosidl_typesupport_c.dir/rosidl_typesupport_c/dobot_msgs_v3/srv/mov_jio__type_support.cpp.o\x1b[0m\n'}
[37.340928] (dobot_msgs_v3) StdoutLine: {'line': b'[ 54%] \x1b[32mBuilding CXX object CMakeFiles/dobot_msgs_v3__rosidl_typesupport_c.dir/rosidl_typesupport_c/dobot_msgs_v3/srv/mov_l__type_support.cpp.o\x1b[0m\n'}
[37.365287] (dobot_msgs_v3) StdoutLine: {'line': b'[ 55%] \x1b[32mBuilding CXX object CMakeFiles/dobot_msgs_v3__rosidl_typesupport_c.dir/rosidl_typesupport_c/dobot_msgs_v3/srv/mov_lio__type_support.cpp.o\x1b[0m\n'}
[37.393265] (dobot_msgs_v3) StdoutLine: {'line': b'[ 55%] \x1b[32mBuilding CXX object CMakeFiles/dobot_msgs_v3__rosidl_typesupport_c.dir/rosidl_typesupport_c/dobot_msgs_v3/srv/pause__type_support.cpp.o\x1b[0m\n'}
[37.412453] (-) TimerEvent: {}
[37.419018] (dobot_msgs_v3) StdoutLine: {'line': b'[ 55%] \x1b[32mBuilding CXX object CMakeFiles/dobot_msgs_v3__rosidl_typesupport_c.dir/rosidl_typesupport_c/dobot_msgs_v3/srv/pause_script__type_support.cpp.o\x1b[0m\n'}
[37.442698] (dobot_msgs_v3) StdoutLine: {'line': b'[ 55%] \x1b[32mBuilding CXX object CMakeFiles/dobot_msgs_v3__rosidl_typesupport_c.dir/rosidl_typesupport_c/dobot_msgs_v3/srv/pay_load__type_support.cpp.o\x1b[0m\n'}
[37.467997] (dobot_msgs_v3) StdoutLine: {'line': b'[ 55%] \x1b[32mBuilding CXX object CMakeFiles/dobot_msgs_v3__rosidl_typesupport_c.dir/rosidl_typesupport_c/dobot_msgs_v3/srv/positive_solution__type_support.cpp.o\x1b[0m\n'}
[37.480464] (dobot_msgs_v3) StdoutLine: {'line': b'[ 56%] \x1b[32mBuilding CXX object CMakeFiles/dobot_msgs_v3__rosidl_typesupport_fastrtps_cpp.dir/rosidl_typesupport_fastrtps_cpp/dobot_msgs_v3/srv/detail/dds_fastrtps/tool__type_support.cpp.o\x1b[0m\n'}
[37.491124] (dobot_msgs_v3) StdoutLine: {'line': b'[ 56%] \x1b[32mBuilding CXX object CMakeFiles/dobot_msgs_v3__rosidl_typesupport_c.dir/rosidl_typesupport_c/dobot_msgs_v3/srv/power_on__type_support.cpp.o\x1b[0m\n'}
[37.512561] (-) TimerEvent: {}
[37.515142] (dobot_msgs_v3) StdoutLine: {'line': b'[ 56%] \x1b[32mBuilding CXX object CMakeFiles/dobot_msgs_v3__rosidl_typesupport_c.dir/rosidl_typesupport_c/dobot_msgs_v3/srv/rel_joint_mov_j__type_support.cpp.o\x1b[0m\n'}
[37.540850] (dobot_msgs_v3) StdoutLine: {'line': b'[ 57%] \x1b[32mBuilding CXX object CMakeFiles/dobot_msgs_v3__rosidl_typesupport_c.dir/rosidl_typesupport_c/dobot_msgs_v3/srv/rel_mov_j__type_support.cpp.o\x1b[0m\n'}
[37.563869] (dobot_msgs_v3) StdoutLine: {'line': b'[ 57%] \x1b[32mBuilding CXX object CMakeFiles/dobot_msgs_v3__rosidl_typesupport_c.dir/rosidl_typesupport_c/dobot_msgs_v3/srv/rel_mov_j_user__type_support.cpp.o\x1b[0m\n'}
[37.588467] (dobot_msgs_v3) StdoutLine: {'line': b'[ 57%] \x1b[32mBuilding CXX object CMakeFiles/dobot_msgs_v3__rosidl_typesupport_c.dir/rosidl_typesupport_c/dobot_msgs_v3/srv/rel_mov_j_tool__type_support.cpp.o\x1b[0m\n'}
[37.612712] (dobot_msgs_v3) StdoutLine: {'line': b'[ 57%] \x1b[32mBuilding CXX object CMakeFiles/dobot_msgs_v3__rosidl_typesupport_c.dir/rosidl_typesupport_c/dobot_msgs_v3/srv/rel_mov_l__type_support.cpp.o\x1b[0m\n'}
[37.612868] (-) TimerEvent: {}
[37.638876] (dobot_msgs_v3) StdoutLine: {'line': b'[ 57%] \x1b[32mBuilding CXX object CMakeFiles/dobot_msgs_v3__rosidl_typesupport_c.dir/rosidl_typesupport_c/dobot_msgs_v3/srv/rel_mov_l_user__type_support.cpp.o\x1b[0m\n'}
[37.660412] (dobot_msgs_v3) StdoutLine: {'line': b'[ 57%] \x1b[32mBuilding CXX object CMakeFiles/dobot_msgs_v3__rosidl_typesupport_c.dir/rosidl_typesupport_c/dobot_msgs_v3/srv/rel_mov_l_tool__type_support.cpp.o\x1b[0m\n'}
[37.684261] (dobot_msgs_v3) StdoutLine: {'line': b'[ 57%] \x1b[32mBuilding CXX object CMakeFiles/dobot_msgs_v3__rosidl_typesupport_c.dir/rosidl_typesupport_c/dobot_msgs_v3/srv/reset_robot__type_support.cpp.o\x1b[0m\n'}
[37.707764] (dobot_msgs_v3) StdoutLine: {'line': b'[ 58%] \x1b[32mBuilding CXX object CMakeFiles/dobot_msgs_v3__rosidl_typesupport_c.dir/rosidl_typesupport_c/dobot_msgs_v3/srv/robot_mode__type_support.cpp.o\x1b[0m\n'}
[37.712983] (-) TimerEvent: {}
[37.729227] (dobot_msgs_v3) StdoutLine: {'line': b'[ 58%] \x1b[32mBuilding CXX object CMakeFiles/dobot_msgs_v3__rosidl_typesupport_fastrtps_cpp.dir/rosidl_typesupport_fastrtps_cpp/dobot_msgs_v3/srv/detail/dds_fastrtps/tool_di__type_support.cpp.o\x1b[0m\n'}
[37.731615] (dobot_msgs_v3) StdoutLine: {'line': b'[ 58%] \x1b[32mBuilding CXX object CMakeFiles/dobot_msgs_v3__rosidl_typesupport_c.dir/rosidl_typesupport_c/dobot_msgs_v3/srv/run_script__type_support.cpp.o\x1b[0m\n'}
[37.755842] (dobot_msgs_v3) StdoutLine: {'line': b'[ 58%] \x1b[32mBuilding CXX object CMakeFiles/dobot_msgs_v3__rosidl_typesupport_c.dir/rosidl_typesupport_c/dobot_msgs_v3/srv/servo_j__type_support.cpp.o\x1b[0m\n'}
[37.778032] (dobot_msgs_v3) StdoutLine: {'line': b'[ 58%] \x1b[32mBuilding CXX object CMakeFiles/dobot_msgs_v3__rosidl_typesupport_c.dir/rosidl_typesupport_c/dobot_msgs_v3/srv/servo_p__type_support.cpp.o\x1b[0m\n'}
[37.801294] (dobot_msgs_v3) StdoutLine: {'line': b'[ 58%] \x1b[32mBuilding CXX object CMakeFiles/dobot_msgs_v3__rosidl_typesupport_c.dir/rosidl_typesupport_c/dobot_msgs_v3/srv/set_arm_orientation__type_support.cpp.o\x1b[0m\n'}
[37.813094] (-) TimerEvent: {}
[37.827842] (dobot_msgs_v3) StdoutLine: {'line': b'[ 58%] \x1b[32mBuilding CXX object CMakeFiles/dobot_msgs_v3__rosidl_typesupport_c.dir/rosidl_typesupport_c/dobot_msgs_v3/srv/set_coils__type_support.cpp.o\x1b[0m\n'}
[37.849061] (dobot_msgs_v3) StdoutLine: {'line': b'[ 58%] \x1b[32mBuilding CXX object CMakeFiles/dobot_msgs_v3__rosidl_typesupport_c.dir/rosidl_typesupport_c/dobot_msgs_v3/srv/set_collision_level__type_support.cpp.o\x1b[0m\n'}
[37.873312] (dobot_msgs_v3) StdoutLine: {'line': b'[ 59%] \x1b[32mBuilding CXX object CMakeFiles/dobot_msgs_v3__rosidl_typesupport_c.dir/rosidl_typesupport_c/dobot_msgs_v3/srv/set_hold_regs__type_support.cpp.o\x1b[0m\n'}
[37.896560] (dobot_msgs_v3) StdoutLine: {'line': b'[ 59%] \x1b[32mBuilding CXX object CMakeFiles/dobot_msgs_v3__rosidl_typesupport_c.dir/rosidl_typesupport_c/dobot_msgs_v3/srv/set_obstacle_avoid__type_support.cpp.o\x1b[0m\n'}
[37.913240] (-) TimerEvent: {}
[37.920094] (dobot_msgs_v3) StdoutLine: {'line': b'[ 59%] \x1b[32mBuilding CXX object CMakeFiles/dobot_msgs_v3__rosidl_typesupport_c.dir/rosidl_typesupport_c/dobot_msgs_v3/srv/set_payload__type_support.cpp.o\x1b[0m\n'}
[37.943319] (dobot_msgs_v3) StdoutLine: {'line': b'[ 59%] \x1b[32mBuilding CXX object CMakeFiles/dobot_msgs_v3__rosidl_typesupport_c.dir/rosidl_typesupport_c/dobot_msgs_v3/srv/set_safe_skin__type_support.cpp.o\x1b[0m\n'}
[37.966883] (dobot_msgs_v3) StdoutLine: {'line': b'[ 59%] \x1b[32mBuilding CXX object CMakeFiles/dobot_msgs_v3__rosidl_typesupport_c.dir/rosidl_typesupport_c/dobot_msgs_v3/srv/speed_factor__type_support.cpp.o\x1b[0m\n'}
[37.974564] (dobot_msgs_v3) StdoutLine: {'line': b'[ 59%] \x1b[32mBuilding CXX object CMakeFiles/dobot_msgs_v3__rosidl_typesupport_fastrtps_cpp.dir/rosidl_typesupport_fastrtps_cpp/dobot_msgs_v3/srv/detail/dds_fastrtps/tool_do__type_support.cpp.o\x1b[0m\n'}
[37.988599] (dobot_msgs_v3) StdoutLine: {'line': b'[ 59%] \x1b[32mBuilding CXX object CMakeFiles/dobot_msgs_v3__rosidl_typesupport_c.dir/rosidl_typesupport_c/dobot_msgs_v3/srv/speed_j__type_support.cpp.o\x1b[0m\n'}
[38.011413] (dobot_msgs_v3) StdoutLine: {'line': b'[ 59%] \x1b[32mBuilding CXX object CMakeFiles/dobot_msgs_v3__rosidl_typesupport_c.dir/rosidl_typesupport_c/dobot_msgs_v3/srv/speed_l__type_support.cpp.o\x1b[0m\n'}
[38.013319] (-) TimerEvent: {}
[38.036850] (dobot_msgs_v3) StdoutLine: {'line': b'[ 60%] \x1b[32mBuilding CXX object CMakeFiles/dobot_msgs_v3__rosidl_typesupport_c.dir/rosidl_typesupport_c/dobot_msgs_v3/srv/start_drag__type_support.cpp.o\x1b[0m\n'}
[38.058919] (dobot_msgs_v3) StdoutLine: {'line': b'[ 60%] \x1b[32mBuilding CXX object CMakeFiles/dobot_msgs_v3__rosidl_typesupport_c.dir/rosidl_typesupport_c/dobot_msgs_v3/srv/start_fc_trace__type_support.cpp.o\x1b[0m\n'}
[38.083346] (dobot_msgs_v3) StdoutLine: {'line': b'[ 60%] \x1b[32mBuilding CXX object CMakeFiles/dobot_msgs_v3__rosidl_typesupport_c.dir/rosidl_typesupport_c/dobot_msgs_v3/srv/start_path__type_support.cpp.o\x1b[0m\n'}
[38.106719] (dobot_msgs_v3) StdoutLine: {'line': b'[ 60%] \x1b[32mBuilding CXX object CMakeFiles/dobot_msgs_v3__rosidl_typesupport_c.dir/rosidl_typesupport_c/dobot_msgs_v3/srv/start_trace__type_support.cpp.o\x1b[0m\n'}
[38.113431] (-) TimerEvent: {}
[38.131151] (dobot_msgs_v3) StdoutLine: {'line': b'[ 60%] \x1b[32mBuilding CXX object CMakeFiles/dobot_msgs_v3__rosidl_typesupport_c.dir/rosidl_typesupport_c/dobot_msgs_v3/srv/stop_drag__type_support.cpp.o\x1b[0m\n'}
[38.153592] (dobot_msgs_v3) StdoutLine: {'line': b'[ 60%] \x1b[32mBuilding CXX object CMakeFiles/dobot_msgs_v3__rosidl_typesupport_c.dir/rosidl_typesupport_c/dobot_msgs_v3/srv/stopmove_jog__type_support.cpp.o\x1b[0m\n'}
[38.177850] (dobot_msgs_v3) StdoutLine: {'line': b'[ 60%] \x1b[32mBuilding CXX object CMakeFiles/dobot_msgs_v3__rosidl_typesupport_c.dir/rosidl_typesupport_c/dobot_msgs_v3/srv/stop_script__type_support.cpp.o\x1b[0m\n'}
[38.200026] (dobot_msgs_v3) StdoutLine: {'line': b'[ 61%] \x1b[32mBuilding CXX object CMakeFiles/dobot_msgs_v3__rosidl_typesupport_c.dir/rosidl_typesupport_c/dobot_msgs_v3/srv/sync__type_support.cpp.o\x1b[0m\n'}
[38.213540] (-) TimerEvent: {}
[38.221218] (dobot_msgs_v3) StdoutLine: {'line': b'[ 61%] \x1b[32mBuilding CXX object CMakeFiles/dobot_msgs_v3__rosidl_typesupport_fastrtps_cpp.dir/rosidl_typesupport_fastrtps_cpp/dobot_msgs_v3/srv/detail/dds_fastrtps/tool_do_execute__type_support.cpp.o\x1b[0m\n'}
[38.225698] (dobot_msgs_v3) StdoutLine: {'line': b'[ 61%] \x1b[32mBuilding CXX object CMakeFiles/dobot_msgs_v3__rosidl_typesupport_c.dir/rosidl_typesupport_c/dobot_msgs_v3/srv/sync_all__type_support.cpp.o\x1b[0m\n'}
[38.249574] (dobot_msgs_v3) StdoutLine: {'line': b'[ 61%] \x1b[32mBuilding CXX object CMakeFiles/dobot_msgs_v3__rosidl_typesupport_c.dir/rosidl_typesupport_c/dobot_msgs_v3/srv/tool__type_support.cpp.o\x1b[0m\n'}
[38.273554] (dobot_msgs_v3) StdoutLine: {'line': b'[ 61%] \x1b[32mBuilding CXX object CMakeFiles/dobot_msgs_v3__rosidl_typesupport_c.dir/rosidl_typesupport_c/dobot_msgs_v3/srv/tool_di__type_support.cpp.o\x1b[0m\n'}
[38.296746] (dobot_msgs_v3) StdoutLine: {'line': b'[ 61%] \x1b[32mBuilding CXX object CMakeFiles/dobot_msgs_v3__rosidl_typesupport_c.dir/rosidl_typesupport_c/dobot_msgs_v3/srv/tool_do__type_support.cpp.o\x1b[0m\n'}
[38.313665] (-) TimerEvent: {}
[38.321841] (dobot_msgs_v3) StdoutLine: {'line': b'[ 61%] \x1b[32mBuilding CXX object CMakeFiles/dobot_msgs_v3__rosidl_typesupport_c.dir/rosidl_typesupport_c/dobot_msgs_v3/srv/tool_do_execute__type_support.cpp.o\x1b[0m\n'}
[38.342264] (dobot_msgs_v3) StdoutLine: {'line': b'[ 61%] \x1b[32mBuilding CXX object CMakeFiles/dobot_msgs_v3__rosidl_typesupport_c.dir/rosidl_typesupport_c/dobot_msgs_v3/srv/user__type_support.cpp.o\x1b[0m\n'}
[38.365264] (dobot_msgs_v3) StdoutLine: {'line': b'[ 62%] \x1b[32mBuilding CXX object CMakeFiles/dobot_msgs_v3__rosidl_typesupport_c.dir/rosidl_typesupport_c/dobot_msgs_v3/srv/wait__type_support.cpp.o\x1b[0m\n'}
[38.387641] (dobot_msgs_v3) StdoutLine: {'line': b'[ 62%] \x1b[32m\x1b[1mLinking CXX shared library libdobot_msgs_v3__rosidl_typesupport_c.so\x1b[0m\n'}
[38.413774] (-) TimerEvent: {}
[38.436424] (dobot_msgs_v3) StdoutLine: {'line': b'[ 62%] Built target dobot_msgs_v3__rosidl_typesupport_c\n'}
[38.446703] (dobot_msgs_v3) StdoutLine: {'line': b'[ 62%] \x1b[34m\x1b[1mGenerating C++ introspection for ROS interfaces\x1b[0m\n'}
[38.466947] (dobot_msgs_v3) StdoutLine: {'line': b'[ 62%] \x1b[32mBuilding CXX object CMakeFiles/dobot_msgs_v3__rosidl_typesupport_fastrtps_cpp.dir/rosidl_typesupport_fastrtps_cpp/dobot_msgs_v3/srv/detail/dds_fastrtps/user__type_support.cpp.o\x1b[0m\n'}
[38.513916] (-) TimerEvent: {}
[38.614488] (-) TimerEvent: {}
[38.714733] (dobot_msgs_v3) StdoutLine: {'line': b'[ 62%] \x1b[32mBuilding CXX object CMakeFiles/dobot_msgs_v3__rosidl_typesupport_fastrtps_cpp.dir/rosidl_typesupport_fastrtps_cpp/dobot_msgs_v3/srv/detail/dds_fastrtps/wait__type_support.cpp.o\x1b[0m\n'}
[38.714911] (-) TimerEvent: {}
[38.817928] (-) TimerEvent: {}
[38.918566] (-) TimerEvent: {}
[38.961733] (dobot_msgs_v3) StdoutLine: {'line': b'[ 62%] \x1b[32m\x1b[1mLinking CXX shared library libdobot_msgs_v3__rosidl_typesupport_fastrtps_cpp.so\x1b[0m\n'}
[39.018670] (-) TimerEvent: {}
[39.060057] (dobot_msgs_v3) StdoutLine: {'line': b'[ 62%] Built target dobot_msgs_v3__rosidl_typesupport_fastrtps_cpp\n'}
[39.118845] (-) TimerEvent: {}
[39.212857] (dobot_msgs_v3) StdoutLine: {'line': b'running egg_info\n'}
[39.212980] (dobot_msgs_v3) StdoutLine: {'line': b'creating dobot_msgs_v3.egg-info\n'}
[39.213021] (dobot_msgs_v3) StdoutLine: {'line': b'writing dobot_msgs_v3.egg-info/PKG-INFO\n'}
[39.213052] (dobot_msgs_v3) StdoutLine: {'line': b'writing dependency_links to dobot_msgs_v3.egg-info/dependency_links.txt\n'}
[39.213083] (dobot_msgs_v3) StdoutLine: {'line': b'writing top-level names to dobot_msgs_v3.egg-info/top_level.txt\n'}
[39.213112] (dobot_msgs_v3) StdoutLine: {'line': b"writing manifest file 'dobot_msgs_v3.egg-info/SOURCES.txt'\n"}
[39.213332] (dobot_msgs_v3) StdoutLine: {'line': b"reading manifest file 'dobot_msgs_v3.egg-info/SOURCES.txt'\n"}
[39.213605] (dobot_msgs_v3) StdoutLine: {'line': b"writing manifest file 'dobot_msgs_v3.egg-info/SOURCES.txt'\n"}
[39.218904] (-) TimerEvent: {}
[39.232562] (dobot_msgs_v3) StdoutLine: {'line': b'[ 62%] Built target ament_cmake_python_build_dobot_msgs_v3_egg\n'}
[39.242940] (dobot_msgs_v3) StdoutLine: {'line': b'[ 63%] \x1b[34m\x1b[1mGenerating C type support for eProsima Fast-RTPS\x1b[0m\n'}
[39.319003] (-) TimerEvent: {}
[39.419592] (-) TimerEvent: {}
[39.519835] (-) TimerEvent: {}
[39.621805] (-) TimerEvent: {}
[39.722191] (-) TimerEvent: {}
[39.822792] (-) TimerEvent: {}
[39.923566] (-) TimerEvent: {}
[40.023827] (-) TimerEvent: {}
[40.124452] (-) TimerEvent: {}
[40.225053] (-) TimerEvent: {}
[40.326920] (-) TimerEvent: {}
[40.427501] (-) TimerEvent: {}
[40.527994] (-) TimerEvent: {}
[40.628217] (-) TimerEvent: {}
[40.728752] (-) TimerEvent: {}
[40.829580] (-) TimerEvent: {}
[40.930832] (-) TimerEvent: {}
[41.031100] (-) TimerEvent: {}
[41.131657] (-) TimerEvent: {}
[41.232343] (-) TimerEvent: {}
[41.332945] (-) TimerEvent: {}
[41.434191] (-) TimerEvent: {}
[41.534767] (-) TimerEvent: {}
[41.562885] (dobot_msgs_v3) StdoutLine: {'line': b'[ 63%] \x1b[32mBuilding CXX object CMakeFiles/dobot_msgs_v3__rosidl_typesupport_introspection_cpp.dir/rosidl_typesupport_introspection_cpp/dobot_msgs_v3/msg/detail/robot_status__type_support.cpp.o\x1b[0m\n'}
[41.635825] (-) TimerEvent: {}
[41.736416] (-) TimerEvent: {}
[41.795314] (dobot_msgs_v3) StdoutLine: {'line': b'[ 64%] \x1b[32mBuilding CXX object CMakeFiles/dobot_msgs_v3__rosidl_typesupport_introspection_cpp.dir/rosidl_typesupport_introspection_cpp/dobot_msgs_v3/msg/detail/tool_vector_actual__type_support.cpp.o\x1b[0m\n'}
[41.836559] (-) TimerEvent: {}
[41.938836] (-) TimerEvent: {}
[42.032481] (dobot_msgs_v3) StdoutLine: {'line': b'[ 64%] \x1b[32mBuilding CXX object CMakeFiles/dobot_msgs_v3__rosidl_typesupport_introspection_cpp.dir/rosidl_typesupport_introspection_cpp/dobot_msgs_v3/srv/detail/acc_j__type_support.cpp.o\x1b[0m\n'}
[42.038944] (-) TimerEvent: {}
[42.139590] (-) TimerEvent: {}
[42.240262] (-) TimerEvent: {}
[42.262875] (dobot_msgs_v3) StdoutLine: {'line': b'[ 64%] \x1b[32mBuilding CXX object CMakeFiles/dobot_msgs_v3__rosidl_typesupport_introspection_cpp.dir/rosidl_typesupport_introspection_cpp/dobot_msgs_v3/srv/detail/acc_l__type_support.cpp.o\x1b[0m\n'}
[42.340376] (-) TimerEvent: {}
[42.441027] (-) TimerEvent: {}
[42.492295] (dobot_msgs_v3) StdoutLine: {'line': b'[ 64%] \x1b[32mBuilding CXX object CMakeFiles/dobot_msgs_v3__rosidl_typesupport_introspection_cpp.dir/rosidl_typesupport_introspection_cpp/dobot_msgs_v3/srv/detail/ao__type_support.cpp.o\x1b[0m\n'}
[42.541134] (-) TimerEvent: {}
[42.641730] (-) TimerEvent: {}
[42.717920] (dobot_msgs_v3) StdoutLine: {'line': b'[ 64%] \x1b[32mBuilding CXX object CMakeFiles/dobot_msgs_v3__rosidl_typesupport_introspection_cpp.dir/rosidl_typesupport_introspection_cpp/dobot_msgs_v3/srv/detail/ao_execute__type_support.cpp.o\x1b[0m\n'}
[42.741847] (-) TimerEvent: {}
[42.789048] (dobot_msgs_v3) StdoutLine: {'line': b'[ 64%] \x1b[32mBuilding CXX object CMakeFiles/dobot_msgs_v3__rosidl_typesupport_fastrtps_c.dir/rosidl_typesupport_fastrtps_c/dobot_msgs_v3/msg/detail/robot_status__type_support_c.cpp.o\x1b[0m\n'}
[42.841961] (-) TimerEvent: {}
[42.943365] (-) TimerEvent: {}
[42.947534] (dobot_msgs_v3) StdoutLine: {'line': b'[ 64%] \x1b[32mBuilding CXX object CMakeFiles/dobot_msgs_v3__rosidl_typesupport_introspection_cpp.dir/rosidl_typesupport_introspection_cpp/dobot_msgs_v3/srv/detail/arc__type_support.cpp.o\x1b[0m\n'}
[42.988247] (dobot_msgs_v3) StdoutLine: {'line': b'[ 64%] \x1b[32mBuilding CXX object CMakeFiles/dobot_msgs_v3__rosidl_typesupport_fastrtps_c.dir/rosidl_typesupport_fastrtps_c/dobot_msgs_v3/msg/detail/tool_vector_actual__type_support_c.cpp.o\x1b[0m\n'}
[43.043477] (-) TimerEvent: {}
[43.146140] (-) TimerEvent: {}
[43.182543] (dobot_msgs_v3) StdoutLine: {'line': b'[ 64%] \x1b[32mBuilding CXX object CMakeFiles/dobot_msgs_v3__rosidl_typesupport_fastrtps_c.dir/rosidl_typesupport_fastrtps_c/dobot_msgs_v3/srv/detail/acc_j__type_support_c.cpp.o\x1b[0m\n'}
[43.190312] (dobot_msgs_v3) StdoutLine: {'line': b'[ 64%] \x1b[32mBuilding CXX object CMakeFiles/dobot_msgs_v3__rosidl_typesupport_introspection_cpp.dir/rosidl_typesupport_introspection_cpp/dobot_msgs_v3/srv/detail/arch__type_support.cpp.o\x1b[0m\n'}
[43.246254] (-) TimerEvent: {}
[43.346948] (-) TimerEvent: {}
[43.388122] (dobot_msgs_v3) StdoutLine: {'line': b'[ 64%] \x1b[32mBuilding CXX object CMakeFiles/dobot_msgs_v3__rosidl_typesupport_fastrtps_c.dir/rosidl_typesupport_fastrtps_c/dobot_msgs_v3/srv/detail/acc_l__type_support_c.cpp.o\x1b[0m\n'}
[43.422620] (dobot_msgs_v3) StdoutLine: {'line': b'[ 65%] \x1b[32mBuilding CXX object CMakeFiles/dobot_msgs_v3__rosidl_typesupport_introspection_cpp.dir/rosidl_typesupport_introspection_cpp/dobot_msgs_v3/srv/detail/brake_control__type_support.cpp.o\x1b[0m\n'}
[43.447061] (-) TimerEvent: {}
[43.547785] (-) TimerEvent: {}
[43.590018] (dobot_msgs_v3) StdoutLine: {'line': b'[ 65%] \x1b[32mBuilding CXX object CMakeFiles/dobot_msgs_v3__rosidl_typesupport_fastrtps_c.dir/rosidl_typesupport_fastrtps_c/dobot_msgs_v3/srv/detail/ao__type_support_c.cpp.o\x1b[0m\n'}
[43.647931] (-) TimerEvent: {}
[43.654724] (dobot_msgs_v3) StdoutLine: {'line': b'[ 65%] \x1b[32mBuilding CXX object CMakeFiles/dobot_msgs_v3__rosidl_typesupport_introspection_cpp.dir/rosidl_typesupport_introspection_cpp/dobot_msgs_v3/srv/detail/circle__type_support.cpp.o\x1b[0m\n'}
[43.748059] (-) TimerEvent: {}
[43.807114] (dobot_msgs_v3) StdoutLine: {'line': b'[ 65%] \x1b[32mBuilding CXX object CMakeFiles/dobot_msgs_v3__rosidl_typesupport_fastrtps_c.dir/rosidl_typesupport_fastrtps_c/dobot_msgs_v3/srv/detail/ao_execute__type_support_c.cpp.o\x1b[0m\n'}
[43.848169] (-) TimerEvent: {}
[43.938747] (dobot_msgs_v3) StdoutLine: {'line': b'[ 65%] \x1b[32mBuilding CXX object CMakeFiles/dobot_msgs_v3__rosidl_typesupport_introspection_cpp.dir/rosidl_typesupport_introspection_cpp/dobot_msgs_v3/srv/detail/clear_error__type_support.cpp.o\x1b[0m\n'}
[43.948448] (-) TimerEvent: {}
[44.039305] (dobot_msgs_v3) StdoutLine: {'line': b'[ 66%] \x1b[32mBuilding CXX object CMakeFiles/dobot_msgs_v3__rosidl_typesupport_fastrtps_c.dir/rosidl_typesupport_fastrtps_c/dobot_msgs_v3/srv/detail/arc__type_support_c.cpp.o\x1b[0m\n'}
[44.048555] (-) TimerEvent: {}
[44.149231] (-) TimerEvent: {}
[44.182983] (dobot_msgs_v3) StdoutLine: {'line': b'[ 66%] \x1b[32mBuilding CXX object CMakeFiles/dobot_msgs_v3__rosidl_typesupport_introspection_cpp.dir/rosidl_typesupport_introspection_cpp/dobot_msgs_v3/srv/detail/continues__type_support.cpp.o\x1b[0m\n'}
[44.249339] (-) TimerEvent: {}
[44.261601] (dobot_msgs_v3) StdoutLine: {'line': b'[ 66%] \x1b[32mBuilding CXX object CMakeFiles/dobot_msgs_v3__rosidl_typesupport_fastrtps_c.dir/rosidl_typesupport_fastrtps_c/dobot_msgs_v3/srv/detail/arch__type_support_c.cpp.o\x1b[0m\n'}
[44.349451] (-) TimerEvent: {}
[44.419745] (dobot_msgs_v3) StdoutLine: {'line': b'[ 66%] \x1b[32mBuilding CXX object CMakeFiles/dobot_msgs_v3__rosidl_typesupport_introspection_cpp.dir/rosidl_typesupport_introspection_cpp/dobot_msgs_v3/srv/detail/continue_script__type_support.cpp.o\x1b[0m\n'}
[44.451845] (-) TimerEvent: {}
[44.469715] (dobot_msgs_v3) StdoutLine: {'line': b'[ 66%] \x1b[32mBuilding CXX object CMakeFiles/dobot_msgs_v3__rosidl_typesupport_fastrtps_c.dir/rosidl_typesupport_fastrtps_c/dobot_msgs_v3/srv/detail/brake_control__type_support_c.cpp.o\x1b[0m\n'}
[44.551949] (-) TimerEvent: {}
[44.646239] (dobot_msgs_v3) StdoutLine: {'line': b'[ 66%] \x1b[32mBuilding CXX object CMakeFiles/dobot_msgs_v3__rosidl_typesupport_introspection_cpp.dir/rosidl_typesupport_introspection_cpp/dobot_msgs_v3/srv/detail/cp__type_support.cpp.o\x1b[0m\n'}
[44.652071] (-) TimerEvent: {}
[44.670429] (dobot_msgs_v3) StdoutLine: {'line': b'[ 66%] \x1b[32mBuilding CXX object CMakeFiles/dobot_msgs_v3__rosidl_typesupport_fastrtps_c.dir/rosidl_typesupport_fastrtps_c/dobot_msgs_v3/srv/detail/circle__type_support_c.cpp.o\x1b[0m\n'}
[44.752177] (-) TimerEvent: {}
[44.852817] (-) TimerEvent: {}
[44.865926] (dobot_msgs_v3) StdoutLine: {'line': b'[ 66%] \x1b[32mBuilding CXX object CMakeFiles/dobot_msgs_v3__rosidl_typesupport_introspection_cpp.dir/rosidl_typesupport_introspection_cpp/dobot_msgs_v3/srv/detail/di__type_support.cpp.o\x1b[0m\n'}
[44.875086] (dobot_msgs_v3) StdoutLine: {'line': b'[ 66%] \x1b[32mBuilding CXX object CMakeFiles/dobot_msgs_v3__rosidl_typesupport_fastrtps_c.dir/rosidl_typesupport_fastrtps_c/dobot_msgs_v3/srv/detail/clear_error__type_support_c.cpp.o\x1b[0m\n'}
[44.954828] (-) TimerEvent: {}
[45.055341] (-) TimerEvent: {}
[45.073477] (dobot_msgs_v3) StdoutLine: {'line': b'[ 66%] \x1b[32mBuilding CXX object CMakeFiles/dobot_msgs_v3__rosidl_typesupport_fastrtps_c.dir/rosidl_typesupport_fastrtps_c/dobot_msgs_v3/srv/detail/continues__type_support_c.cpp.o\x1b[0m\n'}
[45.094838] (dobot_msgs_v3) StdoutLine: {'line': b'[ 67%] \x1b[32mBuilding CXX object CMakeFiles/dobot_msgs_v3__rosidl_typesupport_introspection_cpp.dir/rosidl_typesupport_introspection_cpp/dobot_msgs_v3/srv/detail/digital_outputs__type_support.cpp.o\x1b[0m\n'}
[45.155451] (-) TimerEvent: {}
[45.256096] (-) TimerEvent: {}
[45.274841] (dobot_msgs_v3) StdoutLine: {'line': b'[ 67%] \x1b[32mBuilding CXX object CMakeFiles/dobot_msgs_v3__rosidl_typesupport_fastrtps_c.dir/rosidl_typesupport_fastrtps_c/dobot_msgs_v3/srv/detail/continue_script__type_support_c.cpp.o\x1b[0m\n'}
[45.314242] (dobot_msgs_v3) StdoutLine: {'line': b'[ 67%] \x1b[32mBuilding CXX object CMakeFiles/dobot_msgs_v3__rosidl_typesupport_introspection_cpp.dir/rosidl_typesupport_introspection_cpp/dobot_msgs_v3/srv/detail/disable_robot__type_support.cpp.o\x1b[0m\n'}
[45.356206] (-) TimerEvent: {}
[45.456830] (-) TimerEvent: {}
[45.473193] (dobot_msgs_v3) StdoutLine: {'line': b'[ 68%] \x1b[32mBuilding CXX object CMakeFiles/dobot_msgs_v3__rosidl_typesupport_fastrtps_c.dir/rosidl_typesupport_fastrtps_c/dobot_msgs_v3/srv/detail/cp__type_support_c.cpp.o\x1b[0m\n'}
[45.542487] (dobot_msgs_v3) StdoutLine: {'line': b'[ 68%] \x1b[32mBuilding CXX object CMakeFiles/dobot_msgs_v3__rosidl_typesupport_introspection_cpp.dir/rosidl_typesupport_introspection_cpp/dobot_msgs_v3/srv/detail/do__type_support.cpp.o\x1b[0m\n'}
[45.556983] (-) TimerEvent: {}
[45.657585] (-) TimerEvent: {}
[45.686680] (dobot_msgs_v3) StdoutLine: {'line': b'[ 68%] \x1b[32mBuilding CXX object CMakeFiles/dobot_msgs_v3__rosidl_typesupport_fastrtps_c.dir/rosidl_typesupport_fastrtps_c/dobot_msgs_v3/srv/detail/di__type_support_c.cpp.o\x1b[0m\n'}
[45.757713] (-) TimerEvent: {}
[45.778124] (dobot_msgs_v3) StdoutLine: {'line': b'[ 68%] \x1b[32mBuilding CXX object CMakeFiles/dobot_msgs_v3__rosidl_typesupport_introspection_cpp.dir/rosidl_typesupport_introspection_cpp/dobot_msgs_v3/srv/detail/do_execute__type_support.cpp.o\x1b[0m\n'}
[45.857820] (-) TimerEvent: {}
[45.889828] (dobot_msgs_v3) StdoutLine: {'line': b'[ 68%] \x1b[32mBuilding CXX object CMakeFiles/dobot_msgs_v3__rosidl_typesupport_fastrtps_c.dir/rosidl_typesupport_fastrtps_c/dobot_msgs_v3/srv/detail/digital_outputs__type_support_c.cpp.o\x1b[0m\n'}
[45.957962] (-) TimerEvent: {}
[46.007359] (dobot_msgs_v3) StdoutLine: {'line': b'[ 68%] \x1b[32mBuilding CXX object CMakeFiles/dobot_msgs_v3__rosidl_typesupport_introspection_cpp.dir/rosidl_typesupport_introspection_cpp/dobot_msgs_v3/srv/detail/do_group__type_support.cpp.o\x1b[0m\n'}
[46.058071] (-) TimerEvent: {}
[46.093712] (dobot_msgs_v3) StdoutLine: {'line': b'[ 68%] \x1b[32mBuilding CXX object CMakeFiles/dobot_msgs_v3__rosidl_typesupport_fastrtps_c.dir/rosidl_typesupport_fastrtps_c/dobot_msgs_v3/srv/detail/disable_robot__type_support_c.cpp.o\x1b[0m\n'}
[46.158183] (-) TimerEvent: {}
[46.258793] (dobot_msgs_v3) StdoutLine: {'line': b'[ 68%] \x1b[32mBuilding CXX object CMakeFiles/dobot_msgs_v3__rosidl_typesupport_introspection_cpp.dir/rosidl_typesupport_introspection_cpp/dobot_msgs_v3/srv/detail/emergency_stop__type_support.cpp.o\x1b[0m\n'}
[46.258936] (-) TimerEvent: {}
[46.299600] (dobot_msgs_v3) StdoutLine: {'line': b'[ 68%] \x1b[32mBuilding CXX object CMakeFiles/dobot_msgs_v3__rosidl_typesupport_fastrtps_c.dir/rosidl_typesupport_fastrtps_c/dobot_msgs_v3/srv/detail/do__type_support_c.cpp.o\x1b[0m\n'}
[46.359080] (-) TimerEvent: {}
[46.459960] (-) TimerEvent: {}
[46.486519] (dobot_msgs_v3) StdoutLine: {'line': b'[ 68%] \x1b[32mBuilding CXX object CMakeFiles/dobot_msgs_v3__rosidl_typesupport_introspection_cpp.dir/rosidl_typesupport_introspection_cpp/dobot_msgs_v3/srv/detail/enable_robot__type_support.cpp.o\x1b[0m\n'}
[46.504928] (dobot_msgs_v3) StdoutLine: {'line': b'[ 68%] \x1b[32mBuilding CXX object CMakeFiles/dobot_msgs_v3__rosidl_typesupport_fastrtps_c.dir/rosidl_typesupport_fastrtps_c/dobot_msgs_v3/srv/detail/do_execute__type_support_c.cpp.o\x1b[0m\n'}
[46.560833] (-) TimerEvent: {}
[46.661475] (-) TimerEvent: {}
[46.707643] (dobot_msgs_v3) StdoutLine: {'line': b'[ 68%] \x1b[32mBuilding CXX object CMakeFiles/dobot_msgs_v3__rosidl_typesupport_fastrtps_c.dir/rosidl_typesupport_fastrtps_c/dobot_msgs_v3/srv/detail/do_group__type_support_c.cpp.o\x1b[0m\n'}
[46.713896] (dobot_msgs_v3) StdoutLine: {'line': b'[ 69%] \x1b[32mBuilding CXX object CMakeFiles/dobot_msgs_v3__rosidl_typesupport_introspection_cpp.dir/rosidl_typesupport_introspection_cpp/dobot_msgs_v3/srv/detail/get_angle__type_support.cpp.o\x1b[0m\n'}
[46.761656] (-) TimerEvent: {}
[46.862277] (-) TimerEvent: {}
[46.911810] (dobot_msgs_v3) StdoutLine: {'line': b'[ 70%] \x1b[32mBuilding CXX object CMakeFiles/dobot_msgs_v3__rosidl_typesupport_fastrtps_c.dir/rosidl_typesupport_fastrtps_c/dobot_msgs_v3/srv/detail/emergency_stop__type_support_c.cpp.o\x1b[0m\n'}
[46.942722] (dobot_msgs_v3) StdoutLine: {'line': b'[ 70%] \x1b[32mBuilding CXX object CMakeFiles/dobot_msgs_v3__rosidl_typesupport_introspection_cpp.dir/rosidl_typesupport_introspection_cpp/dobot_msgs_v3/srv/detail/get_coils__type_support.cpp.o\x1b[0m\n'}
[46.962455] (-) TimerEvent: {}
[47.064946] (-) TimerEvent: {}
[47.113293] (dobot_msgs_v3) StdoutLine: {'line': b'[ 70%] \x1b[32mBuilding CXX object CMakeFiles/dobot_msgs_v3__rosidl_typesupport_fastrtps_c.dir/rosidl_typesupport_fastrtps_c/dobot_msgs_v3/srv/detail/enable_robot__type_support_c.cpp.o\x1b[0m\n'}
[47.165049] (-) TimerEvent: {}
[47.169656] (dobot_msgs_v3) StdoutLine: {'line': b'[ 70%] \x1b[32mBuilding CXX object CMakeFiles/dobot_msgs_v3__rosidl_typesupport_introspection_cpp.dir/rosidl_typesupport_introspection_cpp/dobot_msgs_v3/srv/detail/get_error_id__type_support.cpp.o\x1b[0m\n'}
[47.265167] (-) TimerEvent: {}
[47.320835] (dobot_msgs_v3) StdoutLine: {'line': b'[ 70%] \x1b[32mBuilding CXX object CMakeFiles/dobot_msgs_v3__rosidl_typesupport_fastrtps_c.dir/rosidl_typesupport_fastrtps_c/dobot_msgs_v3/srv/detail/get_angle__type_support_c.cpp.o\x1b[0m\n'}
[47.365279] (-) TimerEvent: {}
[47.401827] (dobot_msgs_v3) StdoutLine: {'line': b'[ 70%] \x1b[32mBuilding CXX object CMakeFiles/dobot_msgs_v3__rosidl_typesupport_introspection_cpp.dir/rosidl_typesupport_introspection_cpp/dobot_msgs_v3/srv/detail/get_hold_regs__type_support.cpp.o\x1b[0m\n'}
[47.465398] (-) TimerEvent: {}
[47.527842] (dobot_msgs_v3) StdoutLine: {'line': b'[ 70%] \x1b[32mBuilding CXX object CMakeFiles/dobot_msgs_v3__rosidl_typesupport_fastrtps_c.dir/rosidl_typesupport_fastrtps_c/dobot_msgs_v3/srv/detail/get_coils__type_support_c.cpp.o\x1b[0m\n'}
[47.565506] (-) TimerEvent: {}
[47.633994] (dobot_msgs_v3) StdoutLine: {'line': b'[ 70%] \x1b[32mBuilding CXX object CMakeFiles/dobot_msgs_v3__rosidl_typesupport_introspection_cpp.dir/rosidl_typesupport_introspection_cpp/dobot_msgs_v3/srv/detail/get_in_bits__type_support.cpp.o\x1b[0m\n'}
[47.665617] (-) TimerEvent: {}
[47.733618] (dobot_msgs_v3) StdoutLine: {'line': b'[ 70%] \x1b[32mBuilding CXX object CMakeFiles/dobot_msgs_v3__rosidl_typesupport_fastrtps_c.dir/rosidl_typesupport_fastrtps_c/dobot_msgs_v3/srv/detail/get_error_id__type_support_c.cpp.o\x1b[0m\n'}
[47.765736] (-) TimerEvent: {}
[47.865135] (dobot_msgs_v3) StdoutLine: {'line': b'[ 70%] \x1b[32mBuilding CXX object CMakeFiles/dobot_msgs_v3__rosidl_typesupport_introspection_cpp.dir/rosidl_typesupport_introspection_cpp/dobot_msgs_v3/srv/detail/get_in_regs__type_support.cpp.o\x1b[0m\n'}
[47.865811] (-) TimerEvent: {}
[47.939686] (dobot_msgs_v3) StdoutLine: {'line': b'[ 70%] \x1b[32mBuilding CXX object CMakeFiles/dobot_msgs_v3__rosidl_typesupport_fastrtps_c.dir/rosidl_typesupport_fastrtps_c/dobot_msgs_v3/srv/detail/get_hold_regs__type_support_c.cpp.o\x1b[0m\n'}
[47.965941] (-) TimerEvent: {}
[48.066578] (-) TimerEvent: {}
[48.113421] (dobot_msgs_v3) StdoutLine: {'line': b'[ 70%] \x1b[32mBuilding CXX object CMakeFiles/dobot_msgs_v3__rosidl_typesupport_introspection_cpp.dir/rosidl_typesupport_introspection_cpp/dobot_msgs_v3/srv/detail/get_pose__type_support.cpp.o\x1b[0m\n'}
[48.142393] (dobot_msgs_v3) StdoutLine: {'line': b'[ 70%] \x1b[32mBuilding CXX object CMakeFiles/dobot_msgs_v3__rosidl_typesupport_fastrtps_c.dir/rosidl_typesupport_fastrtps_c/dobot_msgs_v3/srv/detail/get_in_bits__type_support_c.cpp.o\x1b[0m\n'}
[48.168018] (-) TimerEvent: {}
[48.268620] (-) TimerEvent: {}
[48.341473] (dobot_msgs_v3) StdoutLine: {'line': b'[ 71%] \x1b[32mBuilding CXX object CMakeFiles/dobot_msgs_v3__rosidl_typesupport_introspection_cpp.dir/rosidl_typesupport_introspection_cpp/dobot_msgs_v3/srv/detail/inverse_solution__type_support.cpp.o\x1b[0m\n'}
[48.347008] (dobot_msgs_v3) StdoutLine: {'line': b'[ 72%] \x1b[32mBuilding CXX object CMakeFiles/dobot_msgs_v3__rosidl_typesupport_fastrtps_c.dir/rosidl_typesupport_fastrtps_c/dobot_msgs_v3/srv/detail/get_in_regs__type_support_c.cpp.o\x1b[0m\n'}
[48.368724] (-) TimerEvent: {}
[48.469009] (-) TimerEvent: {}
[48.558924] (dobot_msgs_v3) StdoutLine: {'line': b'[ 72%] \x1b[32mBuilding CXX object CMakeFiles/dobot_msgs_v3__rosidl_typesupport_fastrtps_c.dir/rosidl_typesupport_fastrtps_c/dobot_msgs_v3/srv/detail/get_pose__type_support_c.cpp.o\x1b[0m\n'}
[48.565733] (dobot_msgs_v3) StdoutLine: {'line': b'[ 72%] \x1b[32mBuilding CXX object CMakeFiles/dobot_msgs_v3__rosidl_typesupport_introspection_cpp.dir/rosidl_typesupport_introspection_cpp/dobot_msgs_v3/srv/detail/joint_mov_j__type_support.cpp.o\x1b[0m\n'}
[48.569085] (-) TimerEvent: {}
[48.669611] (-) TimerEvent: {}
[48.763706] (dobot_msgs_v3) StdoutLine: {'line': b'[ 72%] \x1b[32mBuilding CXX object CMakeFiles/dobot_msgs_v3__rosidl_typesupport_fastrtps_c.dir/rosidl_typesupport_fastrtps_c/dobot_msgs_v3/srv/detail/inverse_solution__type_support_c.cpp.o\x1b[0m\n'}
[48.769753] (-) TimerEvent: {}
[48.818125] (dobot_msgs_v3) StdoutLine: {'line': b'[ 72%] \x1b[32mBuilding CXX object CMakeFiles/dobot_msgs_v3__rosidl_typesupport_introspection_cpp.dir/rosidl_typesupport_introspection_cpp/dobot_msgs_v3/srv/detail/jump__type_support.cpp.o\x1b[0m\n'}
[48.869837] (-) TimerEvent: {}
[48.972130] (-) TimerEvent: {}
[48.974576] (dobot_msgs_v3) StdoutLine: {'line': b'[ 72%] \x1b[32mBuilding CXX object CMakeFiles/dobot_msgs_v3__rosidl_typesupport_fastrtps_c.dir/rosidl_typesupport_fastrtps_c/dobot_msgs_v3/srv/detail/joint_mov_j__type_support_c.cpp.o\x1b[0m\n'}
[49.040077] (dobot_msgs_v3) StdoutLine: {'line': b'[ 72%] \x1b[32mBuilding CXX object CMakeFiles/dobot_msgs_v3__rosidl_typesupport_introspection_cpp.dir/rosidl_typesupport_introspection_cpp/dobot_msgs_v3/srv/detail/lim_z__type_support.cpp.o\x1b[0m\n'}
[49.072234] (-) TimerEvent: {}
[49.172834] (-) TimerEvent: {}
[49.183905] (dobot_msgs_v3) StdoutLine: {'line': b'[ 72%] \x1b[32mBuilding CXX object CMakeFiles/dobot_msgs_v3__rosidl_typesupport_fastrtps_c.dir/rosidl_typesupport_fastrtps_c/dobot_msgs_v3/srv/detail/jump__type_support_c.cpp.o\x1b[0m\n'}
[49.268442] (dobot_msgs_v3) StdoutLine: {'line': b'[ 72%] \x1b[32mBuilding CXX object CMakeFiles/dobot_msgs_v3__rosidl_typesupport_introspection_cpp.dir/rosidl_typesupport_introspection_cpp/dobot_msgs_v3/srv/detail/load_switch__type_support.cpp.o\x1b[0m\n'}
[49.272914] (-) TimerEvent: {}
[49.373465] (-) TimerEvent: {}
[49.383155] (dobot_msgs_v3) StdoutLine: {'line': b'[ 72%] \x1b[32mBuilding CXX object CMakeFiles/dobot_msgs_v3__rosidl_typesupport_fastrtps_c.dir/rosidl_typesupport_fastrtps_c/dobot_msgs_v3/srv/detail/lim_z__type_support_c.cpp.o\x1b[0m\n'}
[49.473577] (-) TimerEvent: {}
[49.487699] (dobot_msgs_v3) StdoutLine: {'line': b'[ 72%] \x1b[32mBuilding CXX object CMakeFiles/dobot_msgs_v3__rosidl_typesupport_introspection_cpp.dir/rosidl_typesupport_introspection_cpp/dobot_msgs_v3/srv/detail/modbus_close__type_support.cpp.o\x1b[0m\n'}
[49.575834] (-) TimerEvent: {}
[49.582821] (dobot_msgs_v3) StdoutLine: {'line': b'[ 72%] \x1b[32mBuilding CXX object CMakeFiles/dobot_msgs_v3__rosidl_typesupport_fastrtps_c.dir/rosidl_typesupport_fastrtps_c/dobot_msgs_v3/srv/detail/load_switch__type_support_c.cpp.o\x1b[0m\n'}
[49.675946] (-) TimerEvent: {}
[49.708168] (dobot_msgs_v3) StdoutLine: {'line': b'[ 72%] \x1b[32mBuilding CXX object CMakeFiles/dobot_msgs_v3__rosidl_typesupport_introspection_cpp.dir/rosidl_typesupport_introspection_cpp/dobot_msgs_v3/srv/detail/modbus_create__type_support.cpp.o\x1b[0m\n'}
[49.776056] (-) TimerEvent: {}
[49.780058] (dobot_msgs_v3) StdoutLine: {'line': b'[ 73%] \x1b[32mBuilding CXX object CMakeFiles/dobot_msgs_v3__rosidl_typesupport_fastrtps_c.dir/rosidl_typesupport_fastrtps_c/dobot_msgs_v3/srv/detail/modbus_close__type_support_c.cpp.o\x1b[0m\n'}
[49.876168] (-) TimerEvent: {}
[49.935714] (dobot_msgs_v3) StdoutLine: {'line': b'[ 74%] \x1b[32mBuilding CXX object CMakeFiles/dobot_msgs_v3__rosidl_typesupport_introspection_cpp.dir/rosidl_typesupport_introspection_cpp/dobot_msgs_v3/srv/detail/move_jog__type_support.cpp.o\x1b[0m\n'}
[49.976846] (-) TimerEvent: {}
[49.983825] (dobot_msgs_v3) StdoutLine: {'line': b'[ 74%] \x1b[32mBuilding CXX object CMakeFiles/dobot_msgs_v3__rosidl_typesupport_fastrtps_c.dir/rosidl_typesupport_fastrtps_c/dobot_msgs_v3/srv/detail/modbus_create__type_support_c.cpp.o\x1b[0m\n'}
[50.076956] (-) TimerEvent: {}
[50.178344] (-) TimerEvent: {}
[50.185951] (dobot_msgs_v3) StdoutLine: {'line': b'[ 74%] \x1b[32mBuilding CXX object CMakeFiles/dobot_msgs_v3__rosidl_typesupport_introspection_cpp.dir/rosidl_typesupport_introspection_cpp/dobot_msgs_v3/srv/detail/mov_j__type_support.cpp.o\x1b[0m\n'}
[50.188630] (dobot_msgs_v3) StdoutLine: {'line': b'[ 74%] \x1b[32mBuilding CXX object CMakeFiles/dobot_msgs_v3__rosidl_typesupport_fastrtps_c.dir/rosidl_typesupport_fastrtps_c/dobot_msgs_v3/srv/detail/move_jog__type_support_c.cpp.o\x1b[0m\n'}
[50.278453] (-) TimerEvent: {}
[50.380016] (-) TimerEvent: {}
[50.397493] (dobot_msgs_v3) StdoutLine: {'line': b'[ 74%] \x1b[32mBuilding CXX object CMakeFiles/dobot_msgs_v3__rosidl_typesupport_fastrtps_c.dir/rosidl_typesupport_fastrtps_c/dobot_msgs_v3/srv/detail/mov_j__type_support_c.cpp.o\x1b[0m\n'}
[50.437859] (dobot_msgs_v3) StdoutLine: {'line': b'[ 74%] \x1b[32mBuilding CXX object CMakeFiles/dobot_msgs_v3__rosidl_typesupport_introspection_cpp.dir/rosidl_typesupport_introspection_cpp/dobot_msgs_v3/srv/detail/mov_j_ext__type_support.cpp.o\x1b[0m\n'}
[50.480194] (-) TimerEvent: {}
[50.582180] (-) TimerEvent: {}
[50.610840] (dobot_msgs_v3) StdoutLine: {'line': b'[ 74%] \x1b[32mBuilding CXX object CMakeFiles/dobot_msgs_v3__rosidl_typesupport_fastrtps_c.dir/rosidl_typesupport_fastrtps_c/dobot_msgs_v3/srv/detail/mov_j_ext__type_support_c.cpp.o\x1b[0m\n'}
[50.682292] (-) TimerEvent: {}
[50.686356] (dobot_msgs_v3) StdoutLine: {'line': b'[ 74%] \x1b[32mBuilding CXX object CMakeFiles/dobot_msgs_v3__rosidl_typesupport_introspection_cpp.dir/rosidl_typesupport_introspection_cpp/dobot_msgs_v3/srv/detail/mov_jio__type_support.cpp.o\x1b[0m\n'}
[50.782411] (-) TimerEvent: {}
[50.820784] (dobot_msgs_v3) StdoutLine: {'line': b'[ 74%] \x1b[32mBuilding CXX object CMakeFiles/dobot_msgs_v3__rosidl_typesupport_fastrtps_c.dir/rosidl_typesupport_fastrtps_c/dobot_msgs_v3/srv/detail/mov_jio__type_support_c.cpp.o\x1b[0m\n'}
[50.882524] (-) TimerEvent: {}
[50.942880] (dobot_msgs_v3) StdoutLine: {'line': b'[ 74%] \x1b[32mBuilding CXX object CMakeFiles/dobot_msgs_v3__rosidl_typesupport_introspection_cpp.dir/rosidl_typesupport_introspection_cpp/dobot_msgs_v3/srv/detail/mov_l__type_support.cpp.o\x1b[0m\n'}
[50.982632] (-) TimerEvent: {}
[51.033300] (dobot_msgs_v3) StdoutLine: {'line': b'[ 74%] \x1b[32mBuilding CXX object CMakeFiles/dobot_msgs_v3__rosidl_typesupport_fastrtps_c.dir/rosidl_typesupport_fastrtps_c/dobot_msgs_v3/srv/detail/mov_l__type_support_c.cpp.o\x1b[0m\n'}
[51.082746] (-) TimerEvent: {}
[51.183376] (-) TimerEvent: {}
[51.192961] (dobot_msgs_v3) StdoutLine: {'line': b'[ 74%] \x1b[32mBuilding CXX object CMakeFiles/dobot_msgs_v3__rosidl_typesupport_introspection_cpp.dir/rosidl_typesupport_introspection_cpp/dobot_msgs_v3/srv/detail/mov_lio__type_support.cpp.o\x1b[0m\n'}
[51.240882] (dobot_msgs_v3) StdoutLine: {'line': b'[ 75%] \x1b[32mBuilding CXX object CMakeFiles/dobot_msgs_v3__rosidl_typesupport_fastrtps_c.dir/rosidl_typesupport_fastrtps_c/dobot_msgs_v3/srv/detail/mov_lio__type_support_c.cpp.o\x1b[0m\n'}
[51.283583] (-) TimerEvent: {}
[51.384881] (-) TimerEvent: {}
[51.437878] (dobot_msgs_v3) StdoutLine: {'line': b'[ 75%] \x1b[32mBuilding CXX object CMakeFiles/dobot_msgs_v3__rosidl_typesupport_introspection_cpp.dir/rosidl_typesupport_introspection_cpp/dobot_msgs_v3/srv/detail/pause__type_support.cpp.o\x1b[0m\n'}
[51.445966] (dobot_msgs_v3) StdoutLine: {'line': b'[ 75%] \x1b[32mBuilding CXX object CMakeFiles/dobot_msgs_v3__rosidl_typesupport_fastrtps_c.dir/rosidl_typesupport_fastrtps_c/dobot_msgs_v3/srv/detail/pause__type_support_c.cpp.o\x1b[0m\n'}
[51.484982] (-) TimerEvent: {}
[51.585277] (-) TimerEvent: {}
[51.659046] (dobot_msgs_v3) StdoutLine: {'line': b'[ 75%] \x1b[32mBuilding CXX object CMakeFiles/dobot_msgs_v3__rosidl_typesupport_fastrtps_c.dir/rosidl_typesupport_fastrtps_c/dobot_msgs_v3/srv/detail/pause_script__type_support_c.cpp.o\x1b[0m\n'}
[51.670741] (dobot_msgs_v3) StdoutLine: {'line': b'[ 76%] \x1b[32mBuilding CXX object CMakeFiles/dobot_msgs_v3__rosidl_typesupport_introspection_cpp.dir/rosidl_typesupport_introspection_cpp/dobot_msgs_v3/srv/detail/pause_script__type_support.cpp.o\x1b[0m\n'}
[51.685392] (-) TimerEvent: {}
[51.786075] (-) TimerEvent: {}
[51.862135] (dobot_msgs_v3) StdoutLine: {'line': b'[ 76%] \x1b[32mBuilding CXX object CMakeFiles/dobot_msgs_v3__rosidl_typesupport_fastrtps_c.dir/rosidl_typesupport_fastrtps_c/dobot_msgs_v3/srv/detail/pay_load__type_support_c.cpp.o\x1b[0m\n'}
[51.886183] (-) TimerEvent: {}
[51.894231] (dobot_msgs_v3) StdoutLine: {'line': b'[ 76%] \x1b[32mBuilding CXX object CMakeFiles/dobot_msgs_v3__rosidl_typesupport_introspection_cpp.dir/rosidl_typesupport_introspection_cpp/dobot_msgs_v3/srv/detail/pay_load__type_support.cpp.o\x1b[0m\n'}
[51.987835] (-) TimerEvent: {}
[52.067884] (dobot_msgs_v3) StdoutLine: {'line': b'[ 76%] \x1b[32mBuilding CXX object CMakeFiles/dobot_msgs_v3__rosidl_typesupport_fastrtps_c.dir/rosidl_typesupport_fastrtps_c/dobot_msgs_v3/srv/detail/positive_solution__type_support_c.cpp.o\x1b[0m\n'}
[52.087956] (-) TimerEvent: {}
[52.119559] (dobot_msgs_v3) StdoutLine: {'line': b'[ 76%] \x1b[32mBuilding CXX object CMakeFiles/dobot_msgs_v3__rosidl_typesupport_introspection_cpp.dir/rosidl_typesupport_introspection_cpp/dobot_msgs_v3/srv/detail/positive_solution__type_support.cpp.o\x1b[0m\n'}
[52.188079] (-) TimerEvent: {}
[52.280046] (dobot_msgs_v3) StdoutLine: {'line': b'[ 76%] \x1b[32mBuilding CXX object CMakeFiles/dobot_msgs_v3__rosidl_typesupport_fastrtps_c.dir/rosidl_typesupport_fastrtps_c/dobot_msgs_v3/srv/detail/power_on__type_support_c.cpp.o\x1b[0m\n'}
[52.288844] (-) TimerEvent: {}
[52.345882] (dobot_msgs_v3) StdoutLine: {'line': b'[ 76%] \x1b[32mBuilding CXX object CMakeFiles/dobot_msgs_v3__rosidl_typesupport_introspection_cpp.dir/rosidl_typesupport_introspection_cpp/dobot_msgs_v3/srv/detail/power_on__type_support.cpp.o\x1b[0m\n'}
[52.389832] (-) TimerEvent: {}
[52.484602] (dobot_msgs_v3) StdoutLine: {'line': b'[ 76%] \x1b[32mBuilding CXX object CMakeFiles/dobot_msgs_v3__rosidl_typesupport_fastrtps_c.dir/rosidl_typesupport_fastrtps_c/dobot_msgs_v3/srv/detail/rel_joint_mov_j__type_support_c.cpp.o\x1b[0m\n'}
[52.489923] (-) TimerEvent: {}
[52.570436] (dobot_msgs_v3) StdoutLine: {'line': b'[ 76%] \x1b[32mBuilding CXX object CMakeFiles/dobot_msgs_v3__rosidl_typesupport_introspection_cpp.dir/rosidl_typesupport_introspection_cpp/dobot_msgs_v3/srv/detail/rel_joint_mov_j__type_support.cpp.o\x1b[0m\n'}
[52.590033] (-) TimerEvent: {}
[52.691837] (-) TimerEvent: {}
[52.695885] (dobot_msgs_v3) StdoutLine: {'line': b'[ 77%] \x1b[32mBuilding CXX object CMakeFiles/dobot_msgs_v3__rosidl_typesupport_fastrtps_c.dir/rosidl_typesupport_fastrtps_c/dobot_msgs_v3/srv/detail/rel_mov_j__type_support_c.cpp.o\x1b[0m\n'}
[52.791958] (-) TimerEvent: {}
[52.820711] (dobot_msgs_v3) StdoutLine: {'line': b'[ 77%] \x1b[32mBuilding CXX object CMakeFiles/dobot_msgs_v3__rosidl_typesupport_introspection_cpp.dir/rosidl_typesupport_introspection_cpp/dobot_msgs_v3/srv/detail/rel_mov_j__type_support.cpp.o\x1b[0m\n'}
[52.892068] (-) TimerEvent: {}
[52.910135] (dobot_msgs_v3) StdoutLine: {'line': b'[ 77%] \x1b[32mBuilding CXX object CMakeFiles/dobot_msgs_v3__rosidl_typesupport_fastrtps_c.dir/rosidl_typesupport_fastrtps_c/dobot_msgs_v3/srv/detail/rel_mov_j_user__type_support_c.cpp.o\x1b[0m\n'}
[52.992184] (-) TimerEvent: {}
[53.067888] (dobot_msgs_v3) StdoutLine: {'line': b'[ 77%] \x1b[32mBuilding CXX object CMakeFiles/dobot_msgs_v3__rosidl_typesupport_introspection_cpp.dir/rosidl_typesupport_introspection_cpp/dobot_msgs_v3/srv/detail/rel_mov_j_user__type_support.cpp.o\x1b[0m\n'}
[53.092283] (-) TimerEvent: {}
[53.121422] (dobot_msgs_v3) StdoutLine: {'line': b'[ 77%] \x1b[32mBuilding CXX object CMakeFiles/dobot_msgs_v3__rosidl_typesupport_fastrtps_c.dir/rosidl_typesupport_fastrtps_c/dobot_msgs_v3/srv/detail/rel_mov_j_tool__type_support_c.cpp.o\x1b[0m\n'}
[53.192557] (-) TimerEvent: {}
[53.295301] (-) TimerEvent: {}
[53.315152] (dobot_msgs_v3) StdoutLine: {'line': b'[ 78%] \x1b[32mBuilding CXX object CMakeFiles/dobot_msgs_v3__rosidl_typesupport_introspection_cpp.dir/rosidl_typesupport_introspection_cpp/dobot_msgs_v3/srv/detail/rel_mov_j_tool__type_support.cpp.o\x1b[0m\n'}
[53.335843] (dobot_msgs_v3) StdoutLine: {'line': b'[ 78%] \x1b[32mBuilding CXX object CMakeFiles/dobot_msgs_v3__rosidl_typesupport_fastrtps_c.dir/rosidl_typesupport_fastrtps_c/dobot_msgs_v3/srv/detail/rel_mov_l__type_support_c.cpp.o\x1b[0m\n'}
[53.395409] (-) TimerEvent: {}
[53.496249] (-) TimerEvent: {}
[53.543883] (dobot_msgs_v3) StdoutLine: {'line': b'[ 78%] \x1b[32mBuilding CXX object CMakeFiles/dobot_msgs_v3__rosidl_typesupport_fastrtps_c.dir/rosidl_typesupport_fastrtps_c/dobot_msgs_v3/srv/detail/rel_mov_l_user__type_support_c.cpp.o\x1b[0m\n'}
[53.560893] (dobot_msgs_v3) StdoutLine: {'line': b'[ 78%] \x1b[32mBuilding CXX object CMakeFiles/dobot_msgs_v3__rosidl_typesupport_introspection_cpp.dir/rosidl_typesupport_introspection_cpp/dobot_msgs_v3/srv/detail/rel_mov_l__type_support.cpp.o\x1b[0m\n'}
[53.597952] (-) TimerEvent: {}
[53.698548] (-) TimerEvent: {}
[53.756597] (dobot_msgs_v3) StdoutLine: {'line': b'[ 78%] \x1b[32mBuilding CXX object CMakeFiles/dobot_msgs_v3__rosidl_typesupport_fastrtps_c.dir/rosidl_typesupport_fastrtps_c/dobot_msgs_v3/srv/detail/rel_mov_l_tool__type_support_c.cpp.o\x1b[0m\n'}
[53.798656] (-) TimerEvent: {}
[53.808972] (dobot_msgs_v3) StdoutLine: {'line': b'[ 78%] \x1b[32mBuilding CXX object CMakeFiles/dobot_msgs_v3__rosidl_typesupport_introspection_cpp.dir/rosidl_typesupport_introspection_cpp/dobot_msgs_v3/srv/detail/rel_mov_l_user__type_support.cpp.o\x1b[0m\n'}
[53.898845] (-) TimerEvent: {}
[53.970925] (dobot_msgs_v3) StdoutLine: {'line': b'[ 78%] \x1b[32mBuilding CXX object CMakeFiles/dobot_msgs_v3__rosidl_typesupport_fastrtps_c.dir/rosidl_typesupport_fastrtps_c/dobot_msgs_v3/srv/detail/reset_robot__type_support_c.cpp.o\x1b[0m\n'}
[53.998953] (-) TimerEvent: {}
[54.057169] (dobot_msgs_v3) StdoutLine: {'line': b'[ 78%] \x1b[32mBuilding CXX object CMakeFiles/dobot_msgs_v3__rosidl_typesupport_introspection_cpp.dir/rosidl_typesupport_introspection_cpp/dobot_msgs_v3/srv/detail/rel_mov_l_tool__type_support.cpp.o\x1b[0m\n'}
[54.099070] (-) TimerEvent: {}
[54.178105] (dobot_msgs_v3) StdoutLine: {'line': b'[ 79%] \x1b[32mBuilding CXX object CMakeFiles/dobot_msgs_v3__rosidl_typesupport_fastrtps_c.dir/rosidl_typesupport_fastrtps_c/dobot_msgs_v3/srv/detail/robot_mode__type_support_c.cpp.o\x1b[0m\n'}
[54.199176] (-) TimerEvent: {}
[54.299750] (-) TimerEvent: {}
[54.317781] (dobot_msgs_v3) StdoutLine: {'line': b'[ 79%] \x1b[32mBuilding CXX object CMakeFiles/dobot_msgs_v3__rosidl_typesupport_introspection_cpp.dir/rosidl_typesupport_introspection_cpp/dobot_msgs_v3/srv/detail/reset_robot__type_support.cpp.o\x1b[0m\n'}
[54.395958] (dobot_msgs_v3) StdoutLine: {'line': b'[ 79%] \x1b[32mBuilding CXX object CMakeFiles/dobot_msgs_v3__rosidl_typesupport_fastrtps_c.dir/rosidl_typesupport_fastrtps_c/dobot_msgs_v3/srv/detail/run_script__type_support_c.cpp.o\x1b[0m\n'}
[54.399859] (-) TimerEvent: {}
[54.500493] (-) TimerEvent: {}
[54.539483] (dobot_msgs_v3) StdoutLine: {'line': b'[ 79%] \x1b[32mBuilding CXX object CMakeFiles/dobot_msgs_v3__rosidl_typesupport_introspection_cpp.dir/rosidl_typesupport_introspection_cpp/dobot_msgs_v3/srv/detail/robot_mode__type_support.cpp.o\x1b[0m\n'}
[54.597654] (dobot_msgs_v3) StdoutLine: {'line': b'[ 79%] \x1b[32mBuilding CXX object CMakeFiles/dobot_msgs_v3__rosidl_typesupport_fastrtps_c.dir/rosidl_typesupport_fastrtps_c/dobot_msgs_v3/srv/detail/servo_j__type_support_c.cpp.o\x1b[0m\n'}
[54.600596] (-) TimerEvent: {}
[54.701467] (-) TimerEvent: {}
[54.760853] (dobot_msgs_v3) StdoutLine: {'line': b'[ 79%] \x1b[32mBuilding CXX object CMakeFiles/dobot_msgs_v3__rosidl_typesupport_introspection_cpp.dir/rosidl_typesupport_introspection_cpp/dobot_msgs_v3/srv/detail/run_script__type_support.cpp.o\x1b[0m\n'}
[54.801606] (-) TimerEvent: {}
[54.807522] (dobot_msgs_v3) StdoutLine: {'line': b'[ 79%] \x1b[32mBuilding CXX object CMakeFiles/dobot_msgs_v3__rosidl_typesupport_fastrtps_c.dir/rosidl_typesupport_fastrtps_c/dobot_msgs_v3/srv/detail/servo_p__type_support_c.cpp.o\x1b[0m\n'}
[54.901708] (-) TimerEvent: {}
[54.984446] (dobot_msgs_v3) StdoutLine: {'line': b'[ 80%] \x1b[32mBuilding CXX object CMakeFiles/dobot_msgs_v3__rosidl_typesupport_introspection_cpp.dir/rosidl_typesupport_introspection_cpp/dobot_msgs_v3/srv/detail/servo_j__type_support.cpp.o\x1b[0m\n'}
[55.001826] (-) TimerEvent: {}
[55.015789] (dobot_msgs_v3) StdoutLine: {'line': b'[ 80%] \x1b[32mBuilding CXX object CMakeFiles/dobot_msgs_v3__rosidl_typesupport_fastrtps_c.dir/rosidl_typesupport_fastrtps_c/dobot_msgs_v3/srv/detail/set_arm_orientation__type_support_c.cpp.o\x1b[0m\n'}
[55.101944] (-) TimerEvent: {}
[55.204435] (-) TimerEvent: {}
[55.218612] (dobot_msgs_v3) StdoutLine: {'line': b'[ 80%] \x1b[32mBuilding CXX object CMakeFiles/dobot_msgs_v3__rosidl_typesupport_fastrtps_c.dir/rosidl_typesupport_fastrtps_c/dobot_msgs_v3/srv/detail/set_coils__type_support_c.cpp.o\x1b[0m\n'}
[55.237971] (dobot_msgs_v3) StdoutLine: {'line': b'[ 80%] \x1b[32mBuilding CXX object CMakeFiles/dobot_msgs_v3__rosidl_typesupport_introspection_cpp.dir/rosidl_typesupport_introspection_cpp/dobot_msgs_v3/srv/detail/servo_p__type_support.cpp.o\x1b[0m\n'}
[55.304545] (-) TimerEvent: {}
[55.405392] (-) TimerEvent: {}
[55.427424] (dobot_msgs_v3) StdoutLine: {'line': b'[ 80%] \x1b[32mBuilding CXX object CMakeFiles/dobot_msgs_v3__rosidl_typesupport_fastrtps_c.dir/rosidl_typesupport_fastrtps_c/dobot_msgs_v3/srv/detail/set_collision_level__type_support_c.cpp.o\x1b[0m\n'}
[55.462827] (dobot_msgs_v3) StdoutLine: {'line': b'[ 80%] \x1b[32mBuilding CXX object CMakeFiles/dobot_msgs_v3__rosidl_typesupport_introspection_cpp.dir/rosidl_typesupport_introspection_cpp/dobot_msgs_v3/srv/detail/set_arm_orientation__type_support.cpp.o\x1b[0m\n'}
[55.505504] (-) TimerEvent: {}
[55.606972] (-) TimerEvent: {}
[55.628855] (dobot_msgs_v3) StdoutLine: {'line': b'[ 81%] \x1b[32mBuilding CXX object CMakeFiles/dobot_msgs_v3__rosidl_typesupport_fastrtps_c.dir/rosidl_typesupport_fastrtps_c/dobot_msgs_v3/srv/detail/set_hold_regs__type_support_c.cpp.o\x1b[0m\n'}
[55.684906] (dobot_msgs_v3) StdoutLine: {'line': b'[ 81%] \x1b[32mBuilding CXX object CMakeFiles/dobot_msgs_v3__rosidl_typesupport_introspection_cpp.dir/rosidl_typesupport_introspection_cpp/dobot_msgs_v3/srv/detail/set_coils__type_support.cpp.o\x1b[0m\n'}
[55.707075] (-) TimerEvent: {}
[55.807345] (-) TimerEvent: {}
[55.834073] (dobot_msgs_v3) StdoutLine: {'line': b'[ 81%] \x1b[32mBuilding CXX object CMakeFiles/dobot_msgs_v3__rosidl_typesupport_fastrtps_c.dir/rosidl_typesupport_fastrtps_c/dobot_msgs_v3/srv/detail/set_obstacle_avoid__type_support_c.cpp.o\x1b[0m\n'}
[55.907454] (-) TimerEvent: {}
[55.915624] (dobot_msgs_v3) StdoutLine: {'line': b'[ 81%] \x1b[32mBuilding CXX object CMakeFiles/dobot_msgs_v3__rosidl_typesupport_introspection_cpp.dir/rosidl_typesupport_introspection_cpp/dobot_msgs_v3/srv/detail/set_collision_level__type_support.cpp.o\x1b[0m\n'}
[56.009831] (-) TimerEvent: {}
[56.035881] (dobot_msgs_v3) StdoutLine: {'line': b'[ 81%] \x1b[32mBuilding CXX object CMakeFiles/dobot_msgs_v3__rosidl_typesupport_fastrtps_c.dir/rosidl_typesupport_fastrtps_c/dobot_msgs_v3/srv/detail/set_payload__type_support_c.cpp.o\x1b[0m\n'}
[56.109958] (-) TimerEvent: {}
[56.134908] (dobot_msgs_v3) StdoutLine: {'line': b'[ 81%] \x1b[32mBuilding CXX object CMakeFiles/dobot_msgs_v3__rosidl_typesupport_introspection_cpp.dir/rosidl_typesupport_introspection_cpp/dobot_msgs_v3/srv/detail/set_hold_regs__type_support.cpp.o\x1b[0m\n'}
[56.210067] (-) TimerEvent: {}
[56.232723] (dobot_msgs_v3) StdoutLine: {'line': b'[ 81%] \x1b[32mBuilding CXX object CMakeFiles/dobot_msgs_v3__rosidl_typesupport_fastrtps_c.dir/rosidl_typesupport_fastrtps_c/dobot_msgs_v3/srv/detail/set_safe_skin__type_support_c.cpp.o\x1b[0m\n'}
[56.310175] (-) TimerEvent: {}
[56.359983] (dobot_msgs_v3) StdoutLine: {'line': b'[ 81%] \x1b[32mBuilding CXX object CMakeFiles/dobot_msgs_v3__rosidl_typesupport_introspection_cpp.dir/rosidl_typesupport_introspection_cpp/dobot_msgs_v3/srv/detail/set_obstacle_avoid__type_support.cpp.o\x1b[0m\n'}
[56.410290] (-) TimerEvent: {}
[56.437547] (dobot_msgs_v3) StdoutLine: {'line': b'[ 81%] \x1b[32mBuilding CXX object CMakeFiles/dobot_msgs_v3__rosidl_typesupport_fastrtps_c.dir/rosidl_typesupport_fastrtps_c/dobot_msgs_v3/srv/detail/speed_factor__type_support_c.cpp.o\x1b[0m\n'}
[56.510405] (-) TimerEvent: {}
[56.587941] (dobot_msgs_v3) StdoutLine: {'line': b'[ 82%] \x1b[32mBuilding CXX object CMakeFiles/dobot_msgs_v3__rosidl_typesupport_introspection_cpp.dir/rosidl_typesupport_introspection_cpp/dobot_msgs_v3/srv/detail/set_payload__type_support.cpp.o\x1b[0m\n'}
[56.610513] (-) TimerEvent: {}
[56.642366] (dobot_msgs_v3) StdoutLine: {'line': b'[ 82%] \x1b[32mBuilding CXX object CMakeFiles/dobot_msgs_v3__rosidl_typesupport_fastrtps_c.dir/rosidl_typesupport_fastrtps_c/dobot_msgs_v3/srv/detail/speed_j__type_support_c.cpp.o\x1b[0m\n'}
[56.710646] (-) TimerEvent: {}
[56.810701] (dobot_msgs_v3) StdoutLine: {'line': b'[ 82%] \x1b[32mBuilding CXX object CMakeFiles/dobot_msgs_v3__rosidl_typesupport_introspection_cpp.dir/rosidl_typesupport_introspection_cpp/dobot_msgs_v3/srv/detail/set_safe_skin__type_support.cpp.o\x1b[0m\n'}
[56.810894] (-) TimerEvent: {}
[56.849837] (dobot_msgs_v3) StdoutLine: {'line': b'[ 83%] \x1b[32mBuilding CXX object CMakeFiles/dobot_msgs_v3__rosidl_typesupport_fastrtps_c.dir/rosidl_typesupport_fastrtps_c/dobot_msgs_v3/srv/detail/speed_l__type_support_c.cpp.o\x1b[0m\n'}
[56.911022] (-) TimerEvent: {}
[57.011839] (-) TimerEvent: {}
[57.038868] (dobot_msgs_v3) StdoutLine: {'line': b'[ 83%] \x1b[32mBuilding CXX object CMakeFiles/dobot_msgs_v3__rosidl_typesupport_introspection_cpp.dir/rosidl_typesupport_introspection_cpp/dobot_msgs_v3/srv/detail/speed_factor__type_support.cpp.o\x1b[0m\n'}
[57.052616] (dobot_msgs_v3) StdoutLine: {'line': b'[ 83%] \x1b[32mBuilding CXX object CMakeFiles/dobot_msgs_v3__rosidl_typesupport_fastrtps_c.dir/rosidl_typesupport_fastrtps_c/dobot_msgs_v3/srv/detail/start_drag__type_support_c.cpp.o\x1b[0m\n'}
[57.111959] (-) TimerEvent: {}
[57.212226] (-) TimerEvent: {}
[57.256020] (dobot_msgs_v3) StdoutLine: {'line': b'[ 83%] \x1b[32mBuilding CXX object CMakeFiles/dobot_msgs_v3__rosidl_typesupport_fastrtps_c.dir/rosidl_typesupport_fastrtps_c/dobot_msgs_v3/srv/detail/start_fc_trace__type_support_c.cpp.o\x1b[0m\n'}
[57.257024] (dobot_msgs_v3) StdoutLine: {'line': b'[ 83%] \x1b[32mBuilding CXX object CMakeFiles/dobot_msgs_v3__rosidl_typesupport_introspection_cpp.dir/rosidl_typesupport_introspection_cpp/dobot_msgs_v3/srv/detail/speed_j__type_support.cpp.o\x1b[0m\n'}
[57.312352] (-) TimerEvent: {}
[57.412639] (-) TimerEvent: {}
[57.466099] (dobot_msgs_v3) StdoutLine: {'line': b'[ 83%] \x1b[32mBuilding CXX object CMakeFiles/dobot_msgs_v3__rosidl_typesupport_fastrtps_c.dir/rosidl_typesupport_fastrtps_c/dobot_msgs_v3/srv/detail/start_path__type_support_c.cpp.o\x1b[0m\n'}
[57.482308] (dobot_msgs_v3) StdoutLine: {'line': b'[ 83%] \x1b[32mBuilding CXX object CMakeFiles/dobot_msgs_v3__rosidl_typesupport_introspection_cpp.dir/rosidl_typesupport_introspection_cpp/dobot_msgs_v3/srv/detail/speed_l__type_support.cpp.o\x1b[0m\n'}
[57.512751] (-) TimerEvent: {}
[57.613411] (-) TimerEvent: {}
[57.674228] (dobot_msgs_v3) StdoutLine: {'line': b'[ 83%] \x1b[32mBuilding CXX object CMakeFiles/dobot_msgs_v3__rosidl_typesupport_fastrtps_c.dir/rosidl_typesupport_fastrtps_c/dobot_msgs_v3/srv/detail/start_trace__type_support_c.cpp.o\x1b[0m\n'}
[57.702310] (dobot_msgs_v3) StdoutLine: {'line': b'[ 83%] \x1b[32mBuilding CXX object CMakeFiles/dobot_msgs_v3__rosidl_typesupport_introspection_cpp.dir/rosidl_typesupport_introspection_cpp/dobot_msgs_v3/srv/detail/start_drag__type_support.cpp.o\x1b[0m\n'}
[57.713510] (-) TimerEvent: {}
[57.814314] (-) TimerEvent: {}
[57.873632] (dobot_msgs_v3) StdoutLine: {'line': b'[ 83%] \x1b[32mBuilding CXX object CMakeFiles/dobot_msgs_v3__rosidl_typesupport_fastrtps_c.dir/rosidl_typesupport_fastrtps_c/dobot_msgs_v3/srv/detail/stop_drag__type_support_c.cpp.o\x1b[0m\n'}
[57.914439] (-) TimerEvent: {}
[57.927195] (dobot_msgs_v3) StdoutLine: {'line': b'[ 83%] \x1b[32mBuilding CXX object CMakeFiles/dobot_msgs_v3__rosidl_typesupport_introspection_cpp.dir/rosidl_typesupport_introspection_cpp/dobot_msgs_v3/srv/detail/start_fc_trace__type_support.cpp.o\x1b[0m\n'}
[58.014558] (-) TimerEvent: {}
[58.077009] (dobot_msgs_v3) StdoutLine: {'line': b'[ 83%] \x1b[32mBuilding CXX object CMakeFiles/dobot_msgs_v3__rosidl_typesupport_fastrtps_c.dir/rosidl_typesupport_fastrtps_c/dobot_msgs_v3/srv/detail/stopmove_jog__type_support_c.cpp.o\x1b[0m\n'}
[58.116830] (-) TimerEvent: {}
[58.155528] (dobot_msgs_v3) StdoutLine: {'line': b'[ 84%] \x1b[32mBuilding CXX object CMakeFiles/dobot_msgs_v3__rosidl_typesupport_introspection_cpp.dir/rosidl_typesupport_introspection_cpp/dobot_msgs_v3/srv/detail/start_path__type_support.cpp.o\x1b[0m\n'}
[58.216941] (-) TimerEvent: {}
[58.278866] (dobot_msgs_v3) StdoutLine: {'line': b'[ 85%] \x1b[32mBuilding CXX object CMakeFiles/dobot_msgs_v3__rosidl_typesupport_fastrtps_c.dir/rosidl_typesupport_fastrtps_c/dobot_msgs_v3/srv/detail/stop_script__type_support_c.cpp.o\x1b[0m\n'}
[58.317049] (-) TimerEvent: {}
[58.380568] (dobot_msgs_v3) StdoutLine: {'line': b'[ 85%] \x1b[32mBuilding CXX object CMakeFiles/dobot_msgs_v3__rosidl_typesupport_introspection_cpp.dir/rosidl_typesupport_introspection_cpp/dobot_msgs_v3/srv/detail/start_trace__type_support.cpp.o\x1b[0m\n'}
[58.417156] (-) TimerEvent: {}
[58.481830] (dobot_msgs_v3) StdoutLine: {'line': b'[ 85%] \x1b[32mBuilding CXX object CMakeFiles/dobot_msgs_v3__rosidl_typesupport_fastrtps_c.dir/rosidl_typesupport_fastrtps_c/dobot_msgs_v3/srv/detail/sync__type_support_c.cpp.o\x1b[0m\n'}
[58.517276] (-) TimerEvent: {}
[58.611293] (dobot_msgs_v3) StdoutLine: {'line': b'[ 85%] \x1b[32mBuilding CXX object CMakeFiles/dobot_msgs_v3__rosidl_typesupport_introspection_cpp.dir/rosidl_typesupport_introspection_cpp/dobot_msgs_v3/srv/detail/stop_drag__type_support.cpp.o\x1b[0m\n'}
[58.617386] (-) TimerEvent: {}
[58.701146] (dobot_msgs_v3) StdoutLine: {'line': b'[ 85%] \x1b[32mBuilding CXX object CMakeFiles/dobot_msgs_v3__rosidl_typesupport_fastrtps_c.dir/rosidl_typesupport_fastrtps_c/dobot_msgs_v3/srv/detail/sync_all__type_support_c.cpp.o\x1b[0m\n'}
[58.717493] (-) TimerEvent: {}
[58.818269] (-) TimerEvent: {}
[58.849853] (dobot_msgs_v3) StdoutLine: {'line': b'[ 85%] \x1b[32mBuilding CXX object CMakeFiles/dobot_msgs_v3__rosidl_typesupport_introspection_cpp.dir/rosidl_typesupport_introspection_cpp/dobot_msgs_v3/srv/detail/stopmove_jog__type_support.cpp.o\x1b[0m\n'}
[58.912796] (dobot_msgs_v3) StdoutLine: {'line': b'[ 85%] \x1b[32mBuilding CXX object CMakeFiles/dobot_msgs_v3__rosidl_typesupport_fastrtps_c.dir/rosidl_typesupport_fastrtps_c/dobot_msgs_v3/srv/detail/tool__type_support_c.cpp.o\x1b[0m\n'}
[58.918374] (-) TimerEvent: {}
[59.019092] (-) TimerEvent: {}
[59.079288] (dobot_msgs_v3) StdoutLine: {'line': b'[ 85%] \x1b[32mBuilding CXX object CMakeFiles/dobot_msgs_v3__rosidl_typesupport_introspection_cpp.dir/rosidl_typesupport_introspection_cpp/dobot_msgs_v3/srv/detail/stop_script__type_support.cpp.o\x1b[0m\n'}
[59.116890] (dobot_msgs_v3) StdoutLine: {'line': b'[ 85%] \x1b[32mBuilding CXX object CMakeFiles/dobot_msgs_v3__rosidl_typesupport_fastrtps_c.dir/rosidl_typesupport_fastrtps_c/dobot_msgs_v3/srv/detail/tool_di__type_support_c.cpp.o\x1b[0m\n'}
[59.119171] (-) TimerEvent: {}
[59.219671] (-) TimerEvent: {}
[59.308115] (dobot_msgs_v3) StdoutLine: {'line': b'[ 85%] \x1b[32mBuilding CXX object CMakeFiles/dobot_msgs_v3__rosidl_typesupport_introspection_cpp.dir/rosidl_typesupport_introspection_cpp/dobot_msgs_v3/srv/detail/sync__type_support.cpp.o\x1b[0m\n'}
[59.319781] (-) TimerEvent: {}
[59.325831] (dobot_msgs_v3) StdoutLine: {'line': b'[ 85%] \x1b[32mBuilding CXX object CMakeFiles/dobot_msgs_v3__rosidl_typesupport_fastrtps_c.dir/rosidl_typesupport_fastrtps_c/dobot_msgs_v3/srv/detail/tool_do__type_support_c.cpp.o\x1b[0m\n'}
[59.419944] (-) TimerEvent: {}
[59.522276] (-) TimerEvent: {}
[59.541036] (dobot_msgs_v3) StdoutLine: {'line': b'[ 85%] \x1b[32mBuilding CXX object CMakeFiles/dobot_msgs_v3__rosidl_typesupport_fastrtps_c.dir/rosidl_typesupport_fastrtps_c/dobot_msgs_v3/srv/detail/tool_do_execute__type_support_c.cpp.o\x1b[0m\n'}
[59.543890] (dobot_msgs_v3) StdoutLine: {'line': b'[ 85%] \x1b[32mBuilding CXX object CMakeFiles/dobot_msgs_v3__rosidl_typesupport_introspection_cpp.dir/rosidl_typesupport_introspection_cpp/dobot_msgs_v3/srv/detail/sync_all__type_support.cpp.o\x1b[0m\n'}
[59.622382] (-) TimerEvent: {}
[59.722987] (-) TimerEvent: {}
[59.753844] (dobot_msgs_v3) StdoutLine: {'line': b'[ 86%] \x1b[32mBuilding CXX object CMakeFiles/dobot_msgs_v3__rosidl_typesupport_fastrtps_c.dir/rosidl_typesupport_fastrtps_c/dobot_msgs_v3/srv/detail/user__type_support_c.cpp.o\x1b[0m\n'}
[59.773284] (dobot_msgs_v3) StdoutLine: {'line': b'[ 87%] \x1b[32mBuilding CXX object CMakeFiles/dobot_msgs_v3__rosidl_typesupport_introspection_cpp.dir/rosidl_typesupport_introspection_cpp/dobot_msgs_v3/srv/detail/tool__type_support.cpp.o\x1b[0m\n'}
[59.823088] (-) TimerEvent: {}
[59.923843] (-) TimerEvent: {}
[59.966856] (dobot_msgs_v3) StdoutLine: {'line': b'[ 87%] \x1b[32mBuilding CXX object CMakeFiles/dobot_msgs_v3__rosidl_typesupport_fastrtps_c.dir/rosidl_typesupport_fastrtps_c/dobot_msgs_v3/srv/detail/wait__type_support_c.cpp.o\x1b[0m\n'}
[60.005110] (dobot_msgs_v3) StdoutLine: {'line': b'[ 87%] \x1b[32mBuilding CXX object CMakeFiles/dobot_msgs_v3__rosidl_typesupport_introspection_cpp.dir/rosidl_typesupport_introspection_cpp/dobot_msgs_v3/srv/detail/tool_di__type_support.cpp.o\x1b[0m\n'}
[60.023954] (-) TimerEvent: {}
[60.124696] (-) TimerEvent: {}
[60.181923] (dobot_msgs_v3) StdoutLine: {'line': b'[ 87%] \x1b[32m\x1b[1mLinking CXX shared library libdobot_msgs_v3__rosidl_typesupport_fastrtps_c.so\x1b[0m\n'}
[60.224810] (-) TimerEvent: {}
[60.250071] (dobot_msgs_v3) StdoutLine: {'line': b'[ 87%] \x1b[32mBuilding CXX object CMakeFiles/dobot_msgs_v3__rosidl_typesupport_introspection_cpp.dir/rosidl_typesupport_introspection_cpp/dobot_msgs_v3/srv/detail/tool_do__type_support.cpp.o\x1b[0m\n'}
[60.262051] (dobot_msgs_v3) StdoutLine: {'line': b'[ 87%] Built target dobot_msgs_v3__rosidl_typesupport_fastrtps_c\n'}
[60.269804] (dobot_msgs_v3) StdoutLine: {'line': b'[ 87%] \x1b[32mBuilding CXX object CMakeFiles/dobot_msgs_v3__rosidl_typesupport_introspection_cpp.dir/rosidl_typesupport_introspection_cpp/dobot_msgs_v3/srv/detail/tool_do_execute__type_support.cpp.o\x1b[0m\n'}
[60.324943] (-) TimerEvent: {}
[60.425231] (-) TimerEvent: {}
[60.485554] (dobot_msgs_v3) StdoutLine: {'line': b'[ 87%] \x1b[32mBuilding CXX object CMakeFiles/dobot_msgs_v3__rosidl_typesupport_introspection_cpp.dir/rosidl_typesupport_introspection_cpp/dobot_msgs_v3/srv/detail/user__type_support.cpp.o\x1b[0m\n'}
[60.509818] (dobot_msgs_v3) StdoutLine: {'line': b'[ 87%] \x1b[32mBuilding CXX object CMakeFiles/dobot_msgs_v3__rosidl_typesupport_introspection_cpp.dir/rosidl_typesupport_introspection_cpp/dobot_msgs_v3/srv/detail/wait__type_support.cpp.o\x1b[0m\n'}
[60.525340] (-) TimerEvent: {}
[60.626004] (-) TimerEvent: {}
[60.726921] (-) TimerEvent: {}
[60.741094] (dobot_msgs_v3) StdoutLine: {'line': b'[ 88%] \x1b[32m\x1b[1mLinking CXX shared library libdobot_msgs_v3__rosidl_typesupport_introspection_cpp.so\x1b[0m\n'}
[60.827665] (-) TimerEvent: {}
[60.836867] (dobot_msgs_v3) StdoutLine: {'line': b'[ 88%] Built target dobot_msgs_v3__rosidl_typesupport_introspection_cpp\n'}
[60.856226] (dobot_msgs_v3) StdoutLine: {'line': b'[ 88%] Built target dobot_msgs_v3\n'}
[60.877301] (dobot_msgs_v3) StdoutLine: {'line': b'[ 88%] \x1b[34m\x1b[1mGenerating Python code for ROS interfaces\x1b[0m\n'}
[60.927796] (-) TimerEvent: {}
[61.028530] (-) TimerEvent: {}
[61.129419] (-) TimerEvent: {}
[61.229830] (-) TimerEvent: {}
[61.330863] (-) TimerEvent: {}
[61.431670] (-) TimerEvent: {}
[61.532628] (-) TimerEvent: {}
[61.633474] (-) TimerEvent: {}
[61.734434] (-) TimerEvent: {}
[61.835264] (-) TimerEvent: {}
[61.935617] (-) TimerEvent: {}
[62.035942] (-) TimerEvent: {}
[62.136750] (-) TimerEvent: {}
[62.237582] (-) TimerEvent: {}
[62.338531] (-) TimerEvent: {}
[62.439505] (-) TimerEvent: {}
[62.540507] (-) TimerEvent: {}
[62.641436] (-) TimerEvent: {}
[62.742143] (-) TimerEvent: {}
[62.842860] (-) TimerEvent: {}
[62.943662] (-) TimerEvent: {}
[63.044382] (-) TimerEvent: {}
[63.144824] (-) TimerEvent: {}
[63.245631] (-) TimerEvent: {}
[63.346433] (-) TimerEvent: {}
[63.447228] (-) TimerEvent: {}
[63.548025] (-) TimerEvent: {}
[63.648782] (-) TimerEvent: {}
[63.749862] (-) TimerEvent: {}
[63.850643] (-) TimerEvent: {}
[63.950949] (-) TimerEvent: {}
[64.051757] (-) TimerEvent: {}
[64.152614] (-) TimerEvent: {}
[64.253482] (-) TimerEvent: {}
[64.354283] (-) TimerEvent: {}
[64.455083] (-) TimerEvent: {}
[64.555880] (-) TimerEvent: {}
[64.656665] (-) TimerEvent: {}
[64.757254] (-) TimerEvent: {}
[64.858029] (-) TimerEvent: {}
[64.958861] (-) TimerEvent: {}
[65.059693] (-) TimerEvent: {}
[65.160442] (-) TimerEvent: {}
[65.261351] (-) TimerEvent: {}
[65.362223] (-) TimerEvent: {}
[65.462611] (-) TimerEvent: {}
[65.563528] (-) TimerEvent: {}
[65.664323] (-) TimerEvent: {}
[65.765050] (-) TimerEvent: {}
[65.865867] (-) TimerEvent: {}
[65.966176] (-) TimerEvent: {}
[66.066544] (-) TimerEvent: {}
[66.167348] (-) TimerEvent: {}
[66.269823] (-) TimerEvent: {}
[66.370333] (-) TimerEvent: {}
[66.471028] (-) TimerEvent: {}
[66.571809] (-) TimerEvent: {}
[66.672348] (-) TimerEvent: {}
[66.772820] (-) TimerEvent: {}
[66.873069] (-) TimerEvent: {}
[66.973532] (-) TimerEvent: {}
[67.074536] (-) TimerEvent: {}
[67.174903] (-) TimerEvent: {}
[67.275222] (-) TimerEvent: {}
[67.377054] (-) TimerEvent: {}
[67.477361] (-) TimerEvent: {}
[67.578216] (-) TimerEvent: {}
[67.674648] (dobot_msgs_v3) StdoutLine: {'line': b'[ 88%] Built target dobot_msgs_v3__py\n'}
[67.678331] (-) TimerEvent: {}
[67.695883] (dobot_msgs_v3) StdoutLine: {'line': b'[ 88%] \x1b[32mBuilding C object CMakeFiles/dobot_msgs_v3__rosidl_generator_py.dir/rosidl_generator_py/dobot_msgs_v3/msg/_robot_status_s.c.o\x1b[0m\n'}
[67.696062] (dobot_msgs_v3) StdoutLine: {'line': b'[ 88%] \x1b[32mBuilding C object CMakeFiles/dobot_msgs_v3__rosidl_generator_py.dir/rosidl_generator_py/dobot_msgs_v3/msg/_tool_vector_actual_s.c.o\x1b[0m\n'}
[67.778834] (-) TimerEvent: {}
[67.816886] (dobot_msgs_v3) StdoutLine: {'line': b'[ 89%] \x1b[32mBuilding C object CMakeFiles/dobot_msgs_v3__rosidl_generator_py.dir/rosidl_generator_py/dobot_msgs_v3/srv/_acc_j_s.c.o\x1b[0m\n'}
[67.817442] (dobot_msgs_v3) StdoutLine: {'line': b'[ 89%] \x1b[32mBuilding C object CMakeFiles/dobot_msgs_v3__rosidl_generator_py.dir/rosidl_generator_py/dobot_msgs_v3/srv/_acc_l_s.c.o\x1b[0m\n'}
[67.878959] (-) TimerEvent: {}
[67.886828] (dobot_msgs_v3) StdoutLine: {'line': b'[ 89%] \x1b[32mBuilding C object CMakeFiles/dobot_msgs_v3__rosidl_generator_py.dir/rosidl_generator_py/dobot_msgs_v3/srv/_ao_s.c.o\x1b[0m\n'}
[67.886983] (dobot_msgs_v3) StdoutLine: {'line': b'[ 89%] \x1b[32mBuilding C object CMakeFiles/dobot_msgs_v3__rosidl_generator_py.dir/rosidl_generator_py/dobot_msgs_v3/srv/_ao_execute_s.c.o\x1b[0m\n'}
[67.959580] (dobot_msgs_v3) StdoutLine: {'line': b'[ 89%] \x1b[32mBuilding C object CMakeFiles/dobot_msgs_v3__rosidl_generator_py.dir/rosidl_generator_py/dobot_msgs_v3/srv/_arc_s.c.o\x1b[0m\n'}
[67.961496] (dobot_msgs_v3) StdoutLine: {'line': b'[ 89%] \x1b[32mBuilding C object CMakeFiles/dobot_msgs_v3__rosidl_generator_py.dir/rosidl_generator_py/dobot_msgs_v3/srv/_arch_s.c.o\x1b[0m\n'}
[67.979067] (-) TimerEvent: {}
[68.028939] (dobot_msgs_v3) StdoutLine: {'line': b'[ 89%] \x1b[32mBuilding C object CMakeFiles/dobot_msgs_v3__rosidl_generator_py.dir/rosidl_generator_py/dobot_msgs_v3/srv/_brake_control_s.c.o\x1b[0m\n'}
[68.035986] (dobot_msgs_v3) StdoutLine: {'line': b'[ 90%] \x1b[32mBuilding C object CMakeFiles/dobot_msgs_v3__rosidl_generator_py.dir/rosidl_generator_py/dobot_msgs_v3/srv/_circle_s.c.o\x1b[0m\n'}
[68.080837] (-) TimerEvent: {}
[68.102321] (dobot_msgs_v3) StdoutLine: {'line': b'[ 90%] \x1b[32mBuilding C object CMakeFiles/dobot_msgs_v3__rosidl_generator_py.dir/rosidl_generator_py/dobot_msgs_v3/srv/_clear_error_s.c.o\x1b[0m\n'}
[68.114815] (dobot_msgs_v3) StdoutLine: {'line': b'[ 90%] \x1b[32mBuilding C object CMakeFiles/dobot_msgs_v3__rosidl_generator_py.dir/rosidl_generator_py/dobot_msgs_v3/srv/_continues_s.c.o\x1b[0m\n'}
[68.171812] (dobot_msgs_v3) StdoutLine: {'line': b'[ 90%] \x1b[32mBuilding C object CMakeFiles/dobot_msgs_v3__rosidl_generator_py.dir/rosidl_generator_py/dobot_msgs_v3/srv/_continue_script_s.c.o\x1b[0m\n'}
[68.180945] (-) TimerEvent: {}
[68.184514] (dobot_msgs_v3) StdoutLine: {'line': b'[ 90%] \x1b[32mBuilding C object CMakeFiles/dobot_msgs_v3__rosidl_generator_py.dir/rosidl_generator_py/dobot_msgs_v3/srv/_cp_s.c.o\x1b[0m\n'}
[68.239431] (dobot_msgs_v3) StdoutLine: {'line': b'[ 90%] \x1b[32mBuilding C object CMakeFiles/dobot_msgs_v3__rosidl_generator_py.dir/rosidl_generator_py/dobot_msgs_v3/srv/_di_s.c.o\x1b[0m\n'}
[68.252118] (dobot_msgs_v3) StdoutLine: {'line': b'[ 90%] \x1b[32mBuilding C object CMakeFiles/dobot_msgs_v3__rosidl_generator_py.dir/rosidl_generator_py/dobot_msgs_v3/srv/_digital_outputs_s.c.o\x1b[0m\n'}
[68.281049] (-) TimerEvent: {}
[68.310871] (dobot_msgs_v3) StdoutLine: {'line': b'[ 91%] \x1b[32mBuilding C object CMakeFiles/dobot_msgs_v3__rosidl_generator_py.dir/rosidl_generator_py/dobot_msgs_v3/srv/_disable_robot_s.c.o\x1b[0m\n'}
[68.325386] (dobot_msgs_v3) StdoutLine: {'line': b'[ 91%] \x1b[32mBuilding C object CMakeFiles/dobot_msgs_v3__rosidl_generator_py.dir/rosidl_generator_py/dobot_msgs_v3/srv/_do_s.c.o\x1b[0m\n'}
[68.380585] (dobot_msgs_v3) StdoutLine: {'line': b'[ 91%] \x1b[32mBuilding C object CMakeFiles/dobot_msgs_v3__rosidl_generator_py.dir/rosidl_generator_py/dobot_msgs_v3/srv/_do_execute_s.c.o\x1b[0m\n'}
[68.381136] (-) TimerEvent: {}
[68.395364] (dobot_msgs_v3) StdoutLine: {'line': b'[ 91%] \x1b[32mBuilding C object CMakeFiles/dobot_msgs_v3__rosidl_generator_py.dir/rosidl_generator_py/dobot_msgs_v3/srv/_do_group_s.c.o\x1b[0m\n'}
[68.450924] (dobot_msgs_v3) StdoutLine: {'line': b'[ 91%] \x1b[32mBuilding C object CMakeFiles/dobot_msgs_v3__rosidl_generator_py.dir/rosidl_generator_py/dobot_msgs_v3/srv/_emergency_stop_s.c.o\x1b[0m\n'}
[68.469788] (dobot_msgs_v3) StdoutLine: {'line': b'[ 91%] \x1b[32mBuilding C object CMakeFiles/dobot_msgs_v3__rosidl_generator_py.dir/rosidl_generator_py/dobot_msgs_v3/srv/_enable_robot_s.c.o\x1b[0m\n'}
[68.481252] (-) TimerEvent: {}
[68.520119] (dobot_msgs_v3) StdoutLine: {'line': b'[ 91%] \x1b[32mBuilding C object CMakeFiles/dobot_msgs_v3__rosidl_generator_py.dir/rosidl_generator_py/dobot_msgs_v3/srv/_get_angle_s.c.o\x1b[0m\n'}
[68.540189] (dobot_msgs_v3) StdoutLine: {'line': b'[ 92%] \x1b[32mBuilding C object CMakeFiles/dobot_msgs_v3__rosidl_generator_py.dir/rosidl_generator_py/dobot_msgs_v3/srv/_get_coils_s.c.o\x1b[0m\n'}
[68.581357] (-) TimerEvent: {}
[68.588851] (dobot_msgs_v3) StdoutLine: {'line': b'[ 92%] \x1b[32mBuilding C object CMakeFiles/dobot_msgs_v3__rosidl_generator_py.dir/rosidl_generator_py/dobot_msgs_v3/srv/_get_error_id_s.c.o\x1b[0m\n'}
[68.610294] (dobot_msgs_v3) StdoutLine: {'line': b'[ 92%] \x1b[32mBuilding C object CMakeFiles/dobot_msgs_v3__rosidl_generator_py.dir/rosidl_generator_py/dobot_msgs_v3/srv/_get_hold_regs_s.c.o\x1b[0m\n'}
[68.656180] (dobot_msgs_v3) StdoutLine: {'line': b'[ 92%] \x1b[32mBuilding C object CMakeFiles/dobot_msgs_v3__rosidl_generator_py.dir/rosidl_generator_py/dobot_msgs_v3/srv/_get_in_bits_s.c.o\x1b[0m\n'}
[68.679847] (dobot_msgs_v3) StdoutLine: {'line': b'[ 92%] \x1b[32mBuilding C object CMakeFiles/dobot_msgs_v3__rosidl_generator_py.dir/rosidl_generator_py/dobot_msgs_v3/srv/_get_in_regs_s.c.o\x1b[0m\n'}
[68.681434] (-) TimerEvent: {}
[68.725832] (dobot_msgs_v3) StdoutLine: {'line': b'[ 92%] \x1b[32mBuilding C object CMakeFiles/dobot_msgs_v3__rosidl_generator_py.dir/rosidl_generator_py/dobot_msgs_v3/srv/_get_pose_s.c.o\x1b[0m\n'}
[68.750399] (dobot_msgs_v3) StdoutLine: {'line': b'[ 92%] \x1b[32mBuilding C object CMakeFiles/dobot_msgs_v3__rosidl_generator_py.dir/rosidl_generator_py/dobot_msgs_v3/srv/_inverse_solution_s.c.o\x1b[0m\n'}
[68.781547] (-) TimerEvent: {}
[68.793876] (dobot_msgs_v3) StdoutLine: {'line': b'[ 93%] \x1b[32mBuilding C object CMakeFiles/dobot_msgs_v3__rosidl_generator_py.dir/rosidl_generator_py/dobot_msgs_v3/srv/_joint_mov_j_s.c.o\x1b[0m\n'}
[68.821610] (dobot_msgs_v3) StdoutLine: {'line': b'[ 93%] \x1b[32mBuilding C object CMakeFiles/dobot_msgs_v3__rosidl_generator_py.dir/rosidl_generator_py/dobot_msgs_v3/srv/_jump_s.c.o\x1b[0m\n'}
[68.865116] (dobot_msgs_v3) StdoutLine: {'line': b'[ 93%] \x1b[32mBuilding C object CMakeFiles/dobot_msgs_v3__rosidl_generator_py.dir/rosidl_generator_py/dobot_msgs_v3/srv/_lim_z_s.c.o\x1b[0m\n'}
[68.881670] (-) TimerEvent: {}
[68.890610] (dobot_msgs_v3) StdoutLine: {'line': b'[ 93%] \x1b[32mBuilding C object CMakeFiles/dobot_msgs_v3__rosidl_generator_py.dir/rosidl_generator_py/dobot_msgs_v3/srv/_load_switch_s.c.o\x1b[0m\n'}
[68.932378] (dobot_msgs_v3) StdoutLine: {'line': b'[ 93%] \x1b[32mBuilding C object CMakeFiles/dobot_msgs_v3__rosidl_generator_py.dir/rosidl_generator_py/dobot_msgs_v3/srv/_modbus_close_s.c.o\x1b[0m\n'}
[68.957700] (dobot_msgs_v3) StdoutLine: {'line': b'[ 93%] \x1b[32mBuilding C object CMakeFiles/dobot_msgs_v3__rosidl_generator_py.dir/rosidl_generator_py/dobot_msgs_v3/srv/_modbus_create_s.c.o\x1b[0m\n'}
[68.981786] (-) TimerEvent: {}
[69.001568] (dobot_msgs_v3) StdoutLine: {'line': b'[ 93%] \x1b[32mBuilding C object CMakeFiles/dobot_msgs_v3__rosidl_generator_py.dir/rosidl_generator_py/dobot_msgs_v3/srv/_move_jog_s.c.o\x1b[0m\n'}
[69.027168] (dobot_msgs_v3) StdoutLine: {'line': b'[ 94%] \x1b[32mBuilding C object CMakeFiles/dobot_msgs_v3__rosidl_generator_py.dir/rosidl_generator_py/dobot_msgs_v3/srv/_mov_j_s.c.o\x1b[0m\n'}
[69.073888] (dobot_msgs_v3) StdoutLine: {'line': b'[ 94%] \x1b[32mBuilding C object CMakeFiles/dobot_msgs_v3__rosidl_generator_py.dir/rosidl_generator_py/dobot_msgs_v3/srv/_mov_j_ext_s.c.o\x1b[0m\n'}
[69.081939] (-) TimerEvent: {}
[69.100191] (dobot_msgs_v3) StdoutLine: {'line': b'[ 94%] \x1b[32mBuilding C object CMakeFiles/dobot_msgs_v3__rosidl_generator_py.dir/rosidl_generator_py/dobot_msgs_v3/srv/_mov_jio_s.c.o\x1b[0m\n'}
[69.143498] (dobot_msgs_v3) StdoutLine: {'line': b'[ 94%] \x1b[32mBuilding C object CMakeFiles/dobot_msgs_v3__rosidl_generator_py.dir/rosidl_generator_py/dobot_msgs_v3/srv/_mov_l_s.c.o\x1b[0m\n'}
[69.170879] (dobot_msgs_v3) StdoutLine: {'line': b'[ 94%] \x1b[32mBuilding C object CMakeFiles/dobot_msgs_v3__rosidl_generator_py.dir/rosidl_generator_py/dobot_msgs_v3/srv/_mov_lio_s.c.o\x1b[0m\n'}
[69.182065] (-) TimerEvent: {}
[69.218891] (dobot_msgs_v3) StdoutLine: {'line': b'[ 94%] \x1b[32mBuilding C object CMakeFiles/dobot_msgs_v3__rosidl_generator_py.dir/rosidl_generator_py/dobot_msgs_v3/srv/_pause_s.c.o\x1b[0m\n'}
[69.248098] (dobot_msgs_v3) StdoutLine: {'line': b'[ 94%] \x1b[32mBuilding C object CMakeFiles/dobot_msgs_v3__rosidl_generator_py.dir/rosidl_generator_py/dobot_msgs_v3/srv/_pause_script_s.c.o\x1b[0m\n'}
[69.282176] (-) TimerEvent: {}
[69.287100] (dobot_msgs_v3) StdoutLine: {'line': b'[ 95%] \x1b[32mBuilding C object CMakeFiles/dobot_msgs_v3__rosidl_generator_py.dir/rosidl_generator_py/dobot_msgs_v3/srv/_pay_load_s.c.o\x1b[0m\n'}
[69.318921] (dobot_msgs_v3) StdoutLine: {'line': b'[ 95%] \x1b[32mBuilding C object CMakeFiles/dobot_msgs_v3__rosidl_generator_py.dir/rosidl_generator_py/dobot_msgs_v3/srv/_positive_solution_s.c.o\x1b[0m\n'}
[69.355098] (dobot_msgs_v3) StdoutLine: {'line': b'[ 95%] \x1b[32mBuilding C object CMakeFiles/dobot_msgs_v3__rosidl_generator_py.dir/rosidl_generator_py/dobot_msgs_v3/srv/_power_on_s.c.o\x1b[0m\n'}
[69.382849] (-) TimerEvent: {}
[69.391880] (dobot_msgs_v3) StdoutLine: {'line': b'[ 95%] \x1b[32mBuilding C object CMakeFiles/dobot_msgs_v3__rosidl_generator_py.dir/rosidl_generator_py/dobot_msgs_v3/srv/_rel_joint_mov_j_s.c.o\x1b[0m\n'}
[69.424503] (dobot_msgs_v3) StdoutLine: {'line': b'[ 95%] \x1b[32mBuilding C object CMakeFiles/dobot_msgs_v3__rosidl_generator_py.dir/rosidl_generator_py/dobot_msgs_v3/srv/_rel_mov_j_s.c.o\x1b[0m\n'}
[69.466361] (dobot_msgs_v3) StdoutLine: {'line': b'[ 95%] \x1b[32mBuilding C object CMakeFiles/dobot_msgs_v3__rosidl_generator_py.dir/rosidl_generator_py/dobot_msgs_v3/srv/_rel_mov_j_user_s.c.o\x1b[0m\n'}
[69.484839] (-) TimerEvent: {}
[69.502846] (dobot_msgs_v3) StdoutLine: {'line': b'[ 96%] \x1b[32mBuilding C object CMakeFiles/dobot_msgs_v3__rosidl_generator_py.dir/rosidl_generator_py/dobot_msgs_v3/srv/_rel_mov_j_tool_s.c.o\x1b[0m\n'}
[69.544891] (dobot_msgs_v3) StdoutLine: {'line': b'[ 96%] \x1b[32mBuilding C object CMakeFiles/dobot_msgs_v3__rosidl_generator_py.dir/rosidl_generator_py/dobot_msgs_v3/srv/_rel_mov_l_s.c.o\x1b[0m\n'}
[69.576922] (dobot_msgs_v3) StdoutLine: {'line': b'[ 96%] \x1b[32mBuilding C object CMakeFiles/dobot_msgs_v3__rosidl_generator_py.dir/rosidl_generator_py/dobot_msgs_v3/srv/_rel_mov_l_user_s.c.o\x1b[0m\n'}
[69.584944] (-) TimerEvent: {}
[69.621750] (dobot_msgs_v3) StdoutLine: {'line': b'[ 96%] \x1b[32mBuilding C object CMakeFiles/dobot_msgs_v3__rosidl_generator_py.dir/rosidl_generator_py/dobot_msgs_v3/srv/_rel_mov_l_tool_s.c.o\x1b[0m\n'}
[69.653710] (dobot_msgs_v3) StdoutLine: {'line': b'[ 96%] \x1b[32mBuilding C object CMakeFiles/dobot_msgs_v3__rosidl_generator_py.dir/rosidl_generator_py/dobot_msgs_v3/srv/_reset_robot_s.c.o\x1b[0m\n'}
[69.685156] (-) TimerEvent: {}
[69.699876] (dobot_msgs_v3) StdoutLine: {'line': b'[ 96%] \x1b[32mBuilding C object CMakeFiles/dobot_msgs_v3__rosidl_generator_py.dir/rosidl_generator_py/dobot_msgs_v3/srv/_robot_mode_s.c.o\x1b[0m\n'}
[69.723010] (dobot_msgs_v3) StdoutLine: {'line': b'[ 96%] \x1b[32mBuilding C object CMakeFiles/dobot_msgs_v3__rosidl_generator_py.dir/rosidl_generator_py/dobot_msgs_v3/srv/_run_script_s.c.o\x1b[0m\n'}
[69.768048] (dobot_msgs_v3) StdoutLine: {'line': b'[ 97%] \x1b[32mBuilding C object CMakeFiles/dobot_msgs_v3__rosidl_generator_py.dir/rosidl_generator_py/dobot_msgs_v3/srv/_servo_j_s.c.o\x1b[0m\n'}
[69.785264] (-) TimerEvent: {}
[69.791675] (dobot_msgs_v3) StdoutLine: {'line': b'[ 97%] \x1b[32mBuilding C object CMakeFiles/dobot_msgs_v3__rosidl_generator_py.dir/rosidl_generator_py/dobot_msgs_v3/srv/_servo_p_s.c.o\x1b[0m\n'}
[69.842277] (dobot_msgs_v3) StdoutLine: {'line': b'[ 97%] \x1b[32mBuilding C object CMakeFiles/dobot_msgs_v3__rosidl_generator_py.dir/rosidl_generator_py/dobot_msgs_v3/srv/_set_arm_orientation_s.c.o\x1b[0m\n'}
[69.863205] (dobot_msgs_v3) StdoutLine: {'line': b'[ 97%] \x1b[32mBuilding C object CMakeFiles/dobot_msgs_v3__rosidl_generator_py.dir/rosidl_generator_py/dobot_msgs_v3/srv/_set_coils_s.c.o\x1b[0m\n'}
[69.885373] (-) TimerEvent: {}
[69.911671] (dobot_msgs_v3) StdoutLine: {'line': b'[ 97%] \x1b[32mBuilding C object CMakeFiles/dobot_msgs_v3__rosidl_generator_py.dir/rosidl_generator_py/dobot_msgs_v3/srv/_set_collision_level_s.c.o\x1b[0m\n'}
[69.933573] (dobot_msgs_v3) StdoutLine: {'line': b'[ 97%] \x1b[32mBuilding C object CMakeFiles/dobot_msgs_v3__rosidl_generator_py.dir/rosidl_generator_py/dobot_msgs_v3/srv/_set_hold_regs_s.c.o\x1b[0m\n'}
[69.984716] (dobot_msgs_v3) StdoutLine: {'line': b'[ 97%] \x1b[32mBuilding C object CMakeFiles/dobot_msgs_v3__rosidl_generator_py.dir/rosidl_generator_py/dobot_msgs_v3/srv/_set_obstacle_avoid_s.c.o\x1b[0m\n'}
[69.985489] (-) TimerEvent: {}
[70.007826] (dobot_msgs_v3) StdoutLine: {'line': b'[ 98%] \x1b[32mBuilding C object CMakeFiles/dobot_msgs_v3__rosidl_generator_py.dir/rosidl_generator_py/dobot_msgs_v3/srv/_set_payload_s.c.o\x1b[0m\n'}
[70.056874] (dobot_msgs_v3) StdoutLine: {'line': b'[ 98%] \x1b[32mBuilding C object CMakeFiles/dobot_msgs_v3__rosidl_generator_py.dir/rosidl_generator_py/dobot_msgs_v3/srv/_set_safe_skin_s.c.o\x1b[0m\n'}
[70.078215] (dobot_msgs_v3) StdoutLine: {'line': b'[ 98%] \x1b[32mBuilding C object CMakeFiles/dobot_msgs_v3__rosidl_generator_py.dir/rosidl_generator_py/dobot_msgs_v3/srv/_speed_factor_s.c.o\x1b[0m\n'}
[70.085586] (-) TimerEvent: {}
[70.126856] (dobot_msgs_v3) StdoutLine: {'line': b'[ 98%] \x1b[32mBuilding C object CMakeFiles/dobot_msgs_v3__rosidl_generator_py.dir/rosidl_generator_py/dobot_msgs_v3/srv/_speed_j_s.c.o\x1b[0m\n'}
[70.149697] (dobot_msgs_v3) StdoutLine: {'line': b'[ 98%] \x1b[32mBuilding C object CMakeFiles/dobot_msgs_v3__rosidl_generator_py.dir/rosidl_generator_py/dobot_msgs_v3/srv/_speed_l_s.c.o\x1b[0m\n'}
[70.185697] (-) TimerEvent: {}
[70.198362] (dobot_msgs_v3) StdoutLine: {'line': b'[ 98%] \x1b[32mBuilding C object CMakeFiles/dobot_msgs_v3__rosidl_generator_py.dir/rosidl_generator_py/dobot_msgs_v3/srv/_start_drag_s.c.o\x1b[0m\n'}
[70.220821] (dobot_msgs_v3) StdoutLine: {'line': b'[ 98%] \x1b[32mBuilding C object CMakeFiles/dobot_msgs_v3__rosidl_generator_py.dir/rosidl_generator_py/dobot_msgs_v3/srv/_start_fc_trace_s.c.o\x1b[0m\n'}
[70.264557] (dobot_msgs_v3) StdoutLine: {'line': b'[ 99%] \x1b[32mBuilding C object CMakeFiles/dobot_msgs_v3__rosidl_generator_py.dir/rosidl_generator_py/dobot_msgs_v3/srv/_start_path_s.c.o\x1b[0m\n'}
[70.285876] (-) TimerEvent: {}
[70.289540] (dobot_msgs_v3) StdoutLine: {'line': b'[ 99%] \x1b[32mBuilding C object CMakeFiles/dobot_msgs_v3__rosidl_generator_py.dir/rosidl_generator_py/dobot_msgs_v3/srv/_start_trace_s.c.o\x1b[0m\n'}
[70.334853] (dobot_msgs_v3) StdoutLine: {'line': b'[ 99%] \x1b[32mBuilding C object CMakeFiles/dobot_msgs_v3__rosidl_generator_py.dir/rosidl_generator_py/dobot_msgs_v3/srv/_stop_drag_s.c.o\x1b[0m\n'}
[70.357516] (dobot_msgs_v3) StdoutLine: {'line': b'[ 99%] \x1b[32mBuilding C object CMakeFiles/dobot_msgs_v3__rosidl_generator_py.dir/rosidl_generator_py/dobot_msgs_v3/srv/_stopmove_jog_s.c.o\x1b[0m\n'}
[70.386828] (-) TimerEvent: {}
[70.403871] (dobot_msgs_v3) StdoutLine: {'line': b'[ 99%] \x1b[32mBuilding C object CMakeFiles/dobot_msgs_v3__rosidl_generator_py.dir/rosidl_generator_py/dobot_msgs_v3/srv/_stop_script_s.c.o\x1b[0m\n'}
[70.427613] (dobot_msgs_v3) StdoutLine: {'line': b'[ 99%] \x1b[32mBuilding C object CMakeFiles/dobot_msgs_v3__rosidl_generator_py.dir/rosidl_generator_py/dobot_msgs_v3/srv/_sync_s.c.o\x1b[0m\n'}
[70.474828] (dobot_msgs_v3) StdoutLine: {'line': b'[ 99%] \x1b[32mBuilding C object CMakeFiles/dobot_msgs_v3__rosidl_generator_py.dir/rosidl_generator_py/dobot_msgs_v3/srv/_sync_all_s.c.o\x1b[0m\n'}
[70.486939] (-) TimerEvent: {}
[70.496371] (dobot_msgs_v3) StdoutLine: {'line': b'[100%] \x1b[32mBuilding C object CMakeFiles/dobot_msgs_v3__rosidl_generator_py.dir/rosidl_generator_py/dobot_msgs_v3/srv/_tool_s.c.o\x1b[0m\n'}
[70.545821] (dobot_msgs_v3) StdoutLine: {'line': b'[100%] \x1b[32mBuilding C object CMakeFiles/dobot_msgs_v3__rosidl_generator_py.dir/rosidl_generator_py/dobot_msgs_v3/srv/_tool_di_s.c.o\x1b[0m\n'}
[70.564512] (dobot_msgs_v3) StdoutLine: {'line': b'[100%] \x1b[32mBuilding C object CMakeFiles/dobot_msgs_v3__rosidl_generator_py.dir/rosidl_generator_py/dobot_msgs_v3/srv/_tool_do_s.c.o\x1b[0m\n'}
[70.587828] (-) TimerEvent: {}
[70.616843] (dobot_msgs_v3) StdoutLine: {'line': b'[100%] \x1b[32mBuilding C object CMakeFiles/dobot_msgs_v3__rosidl_generator_py.dir/rosidl_generator_py/dobot_msgs_v3/srv/_tool_do_execute_s.c.o\x1b[0m\n'}
[70.633577] (dobot_msgs_v3) StdoutLine: {'line': b'[100%] \x1b[32mBuilding C object CMakeFiles/dobot_msgs_v3__rosidl_generator_py.dir/rosidl_generator_py/dobot_msgs_v3/srv/_user_s.c.o\x1b[0m\n'}
[70.683842] (dobot_msgs_v3) StdoutLine: {'line': b'[100%] \x1b[32mBuilding C object CMakeFiles/dobot_msgs_v3__rosidl_generator_py.dir/rosidl_generator_py/dobot_msgs_v3/srv/_wait_s.c.o\x1b[0m\n'}
[70.688815] (-) TimerEvent: {}
[70.750698] (dobot_msgs_v3) StdoutLine: {'line': b'[100%] \x1b[32m\x1b[1mLinking C shared library rosidl_generator_py/dobot_msgs_v3/libdobot_msgs_v3__rosidl_generator_py.so\x1b[0m\n'}
[70.788948] (-) TimerEvent: {}
[70.799897] (dobot_msgs_v3) StdoutLine: {'line': b'[100%] Built target dobot_msgs_v3__rosidl_generator_py\n'}
[70.815225] (dobot_msgs_v3) StdoutLine: {'line': b'[100%] \x1b[32mBuilding C object CMakeFiles/dobot_msgs_v3__rosidl_typesupport_fastrtps_c__pyext.dir/rosidl_generator_py/dobot_msgs_v3/_dobot_msgs_v3_s.ep.rosidl_typesupport_fastrtps_c.c.o\x1b[0m\n'}
[70.816963] (dobot_msgs_v3) StdoutLine: {'line': b'[100%] \x1b[32mBuilding C object CMakeFiles/dobot_msgs_v3__rosidl_typesupport_introspection_c__pyext.dir/rosidl_generator_py/dobot_msgs_v3/_dobot_msgs_v3_s.ep.rosidl_typesupport_introspection_c.c.o\x1b[0m\n'}
[70.889245] (-) TimerEvent: {}
[70.991830] (-) TimerEvent: {}
[71.092102] (-) TimerEvent: {}
[71.192366] (-) TimerEvent: {}
[71.204870] (dobot_msgs_v3) StdoutLine: {'line': b'[100%] \x1b[32m\x1b[1mLinking C shared library rosidl_generator_py/dobot_msgs_v3/dobot_msgs_v3_s__rosidl_typesupport_fastrtps_c.cpython-310-x86_64-linux-gnu.so\x1b[0m\n'}
[71.208475] (dobot_msgs_v3) StdoutLine: {'line': b'[100%] \x1b[32m\x1b[1mLinking C shared library rosidl_generator_py/dobot_msgs_v3/dobot_msgs_v3_s__rosidl_typesupport_introspection_c.cpython-310-x86_64-linux-gnu.so\x1b[0m\n'}
[71.241007] (dobot_msgs_v3) StdoutLine: {'line': b'[100%] Built target dobot_msgs_v3__rosidl_typesupport_fastrtps_c__pyext\n'}
[71.246218] (dobot_msgs_v3) StdoutLine: {'line': b'[100%] Built target dobot_msgs_v3__rosidl_typesupport_introspection_c__pyext\n'}
[71.256122] (dobot_msgs_v3) StdoutLine: {'line': b'[100%] \x1b[32mBuilding C object CMakeFiles/dobot_msgs_v3__rosidl_typesupport_c__pyext.dir/rosidl_generator_py/dobot_msgs_v3/_dobot_msgs_v3_s.ep.rosidl_typesupport_c.c.o\x1b[0m\n'}
[71.292520] (-) TimerEvent: {}
[71.392905] (-) TimerEvent: {}
[71.493412] (-) TimerEvent: {}
[71.594045] (-) TimerEvent: {}
[71.634104] (dobot_msgs_v3) StdoutLine: {'line': b'[100%] \x1b[32m\x1b[1mLinking C shared library rosidl_generator_py/dobot_msgs_v3/dobot_msgs_v3_s__rosidl_typesupport_c.cpython-310-x86_64-linux-gnu.so\x1b[0m\n'}
[71.674042] (dobot_msgs_v3) StdoutLine: {'line': b'[100%] Built target dobot_msgs_v3__rosidl_typesupport_c__pyext\n'}
[71.684891] (dobot_msgs_v3) CommandEnded: {'returncode': 0}
[71.685122] (dobot_msgs_v3) JobProgress: {'identifier': 'dobot_msgs_v3', 'progress': 'install'}
[71.685139] (dobot_msgs_v3) Command: {'cmd': ['/usr/bin/cmake', '--install', '/home/huahai/dobot_ws/build/dobot_msgs_v3'], 'cwd': '/home/huahai/dobot_ws/build/dobot_msgs_v3', 'env': OrderedDict([('LESSOPEN', '| /usr/bin/lesspipe %s'), ('LANGUAGE', 'zh_CN:en_US:en'), ('USER', 'huahai'), ('SSH_CLIENT', '192.168.112.1 11931 22'), ('LC_TIME', 'zh_CN.UTF-8'), ('XDG_SESSION_TYPE', 'tty'), ('SHLVL', '1'), ('LD_LIBRARY_PATH', '/opt/ros/humble/opt/rviz_ogre_vendor/lib:/opt/ros/humble/lib/x86_64-linux-gnu:/opt/ros/humble/lib'), ('MOTD_SHOWN', 'pam'), ('HOME', '/home/huahai'), ('OLDPWD', '/home/huahai/dobot_ws/src'), ('SSH_TTY', '/dev/pts/2'), ('ROS_PYTHON_VERSION', '3'), ('LC_MONETARY', 'zh_CN.UTF-8'), ('DBUS_SESSION_BUS_ADDRESS', 'unix:path=/run/user/1000/bus'), ('ROS_DISTRO', 'humble'), ('LOGNAME', 'huahai'), ('_', '/usr/bin/colcon'), ('ROS_VERSION', '2'), ('XDG_SESSION_CLASS', 'user'), ('TERM', 'xterm-256color'), ('XDG_SESSION_ID', '8'), ('ROS_LOCALHOST_ONLY', '0'), ('PATH', '/opt/ros/humble/bin:/usr/local/sbin:/usr/local/bin:/usr/sbin:/usr/bin:/sbin:/bin:/usr/games:/usr/local/games:/snap/bin'), ('PAPERSIZE', 'a4'), ('LC_ADDRESS', 'zh_CN.UTF-8'), ('XDG_RUNTIME_DIR', '/run/user/1000'), ('LANG', 'zh_CN.UTF-8'), ('LC_TELEPHONE', 'zh_CN.UTF-8'), ('LS_COLORS', 'rs=0:di=01;34:ln=01;36:mh=00:pi=40;33:so=01;35:do=01;35:bd=40;33;01:cd=40;33;01:or=40;31;01:mi=00:su=37;41:sg=30;43:ca=30;41:tw=30;42:ow=34;42:st=37;44:ex=01;32:*.tar=01;31:*.tgz=01;31:*.arc=01;31:*.arj=01;31:*.taz=01;31:*.lha=01;31:*.lz4=01;31:*.lzh=01;31:*.lzma=01;31:*.tlz=01;31:*.txz=01;31:*.tzo=01;31:*.t7z=01;31:*.zip=01;31:*.z=01;31:*.dz=01;31:*.gz=01;31:*.lrz=01;31:*.lz=01;31:*.lzo=01;31:*.xz=01;31:*.zst=01;31:*.tzst=01;31:*.bz2=01;31:*.bz=01;31:*.tbz=01;31:*.tbz2=01;31:*.tz=01;31:*.deb=01;31:*.rpm=01;31:*.jar=01;31:*.war=01;31:*.ear=01;31:*.sar=01;31:*.rar=01;31:*.alz=01;31:*.ace=01;31:*.zoo=01;31:*.cpio=01;31:*.7z=01;31:*.rz=01;31:*.cab=01;31:*.wim=01;31:*.swm=01;31:*.dwm=01;31:*.esd=01;31:*.jpg=01;35:*.jpeg=01;35:*.mjpg=01;35:*.mjpeg=01;35:*.gif=01;35:*.bmp=01;35:*.pbm=01;35:*.pgm=01;35:*.ppm=01;35:*.tga=01;35:*.xbm=01;35:*.xpm=01;35:*.tif=01;35:*.tiff=01;35:*.png=01;35:*.svg=01;35:*.svgz=01;35:*.mng=01;35:*.pcx=01;35:*.mov=01;35:*.mpg=01;35:*.mpeg=01;35:*.m2v=01;35:*.mkv=01;35:*.webm=01;35:*.webp=01;35:*.ogm=01;35:*.mp4=01;35:*.m4v=01;35:*.mp4v=01;35:*.vob=01;35:*.qt=01;35:*.nuv=01;35:*.wmv=01;35:*.asf=01;35:*.rm=01;35:*.rmvb=01;35:*.flc=01;35:*.avi=01;35:*.fli=01;35:*.flv=01;35:*.gl=01;35:*.dl=01;35:*.xcf=01;35:*.xwd=01;35:*.yuv=01;35:*.cgm=01;35:*.emf=01;35:*.ogv=01;35:*.ogx=01;35:*.aac=00;36:*.au=00;36:*.flac=00;36:*.m4a=00;36:*.mid=00;36:*.midi=00;36:*.mka=00;36:*.mp3=00;36:*.mpc=00;36:*.ogg=00;36:*.ra=00;36:*.wav=00;36:*.oga=00;36:*.opus=00;36:*.spx=00;36:*.xspf=00;36:'), ('AMENT_PREFIX_PATH', '/opt/ros/humble'), ('SHELL', '/bin/bash'), ('LC_NAME', 'zh_CN.UTF-8'), ('LESSCLOSE', '/usr/bin/lesspipe %s %s'), ('LC_MEASUREMENT', 'zh_CN.UTF-8'), ('LC_IDENTIFICATION', 'zh_CN.UTF-8'), ('PWD', '/home/huahai/dobot_ws/build/dobot_msgs_v3'), ('SSH_CONNECTION', '192.168.112.1 11931 192.168.124.127 22'), ('XDG_DATA_DIRS', '/usr/share/gnome:/usr/local/share:/usr/share:/var/lib/snapd/desktop'), ('PYTHONPATH', '/opt/ros/humble/lib/python3.10/site-packages:/opt/ros/humble/local/lib/python3.10/dist-packages'), ('LC_NUMERIC', 'zh_CN.UTF-8'), ('LC_PAPER', 'zh_CN.UTF-8'), ('COLCON', '1'), ('CMAKE_PREFIX_PATH', '/opt/ros/humble')]), 'shell': False}
[71.694164] (-) TimerEvent: {}
[71.694867] (dobot_msgs_v3) StdoutLine: {'line': b'-- Install configuration: ""\n'}
[71.695030] (dobot_msgs_v3) StdoutLine: {'line': b'-- Installing: /home/huahai/dobot_ws/install/dobot_msgs_v3/share/ament_index/resource_index/rosidl_interfaces/dobot_msgs_v3\n'}
[71.695086] (dobot_msgs_v3) StdoutLine: {'line': b'-- Installing: /home/huahai/dobot_ws/install/dobot_msgs_v3/include/dobot_msgs_v3/dobot_msgs_v3\n'}
[71.695240] (dobot_msgs_v3) StdoutLine: {'line': b'-- Installing: /home/huahai/dobot_ws/install/dobot_msgs_v3/include/dobot_msgs_v3/dobot_msgs_v3/msg\n'}
[71.695321] (dobot_msgs_v3) StdoutLine: {'line': b'-- Installing: /home/huahai/dobot_ws/install/dobot_msgs_v3/include/dobot_msgs_v3/dobot_msgs_v3/msg/detail\n'}
[71.695357] (dobot_msgs_v3) StdoutLine: {'line': b'-- Installing: /home/huahai/dobot_ws/install/dobot_msgs_v3/include/dobot_msgs_v3/dobot_msgs_v3/msg/detail/tool_vector_actual__functions.h\n'}
[71.695430] (dobot_msgs_v3) StdoutLine: {'line': b'-- Installing: /home/huahai/dobot_ws/install/dobot_msgs_v3/include/dobot_msgs_v3/dobot_msgs_v3/msg/detail/robot_status__type_support.h\n'}
[71.695667] (dobot_msgs_v3) StdoutLine: {'line': b'-- Installing: /home/huahai/dobot_ws/install/dobot_msgs_v3/include/dobot_msgs_v3/dobot_msgs_v3/msg/detail/robot_status__functions.c\n'}
[71.695753] (dobot_msgs_v3) StdoutLine: {'line': b'-- Installing: /home/huahai/dobot_ws/install/dobot_msgs_v3/include/dobot_msgs_v3/dobot_msgs_v3/msg/detail/tool_vector_actual__struct.h\n'}
[71.695824] (dobot_msgs_v3) StdoutLine: {'line': b'-- Installing: /home/huahai/dobot_ws/install/dobot_msgs_v3/include/dobot_msgs_v3/dobot_msgs_v3/msg/detail/tool_vector_actual__functions.c\n'}
[71.695893] (dobot_msgs_v3) StdoutLine: {'line': b'-- Installing: /home/huahai/dobot_ws/install/dobot_msgs_v3/include/dobot_msgs_v3/dobot_msgs_v3/msg/detail/robot_status__functions.h\n'}
[71.695949] (dobot_msgs_v3) StdoutLine: {'line': b'-- Installing: /home/huahai/dobot_ws/install/dobot_msgs_v3/include/dobot_msgs_v3/dobot_msgs_v3/msg/detail/tool_vector_actual__type_support.h\n'}
[71.695991] (dobot_msgs_v3) StdoutLine: {'line': b'-- Installing: /home/huahai/dobot_ws/install/dobot_msgs_v3/include/dobot_msgs_v3/dobot_msgs_v3/msg/detail/robot_status__struct.h\n'}
[71.696051] (dobot_msgs_v3) StdoutLine: {'line': b'-- Installing: /home/huahai/dobot_ws/install/dobot_msgs_v3/include/dobot_msgs_v3/dobot_msgs_v3/msg/tool_vector_actual.h\n'}
[71.696096] (dobot_msgs_v3) StdoutLine: {'line': b'-- Installing: /home/huahai/dobot_ws/install/dobot_msgs_v3/include/dobot_msgs_v3/dobot_msgs_v3/msg/robot_status.h\n'}
[71.696141] (dobot_msgs_v3) StdoutLine: {'line': b'-- Installing: /home/huahai/dobot_ws/install/dobot_msgs_v3/include/dobot_msgs_v3/dobot_msgs_v3/msg/rosidl_generator_c__visibility_control.h\n'}
[71.696186] (dobot_msgs_v3) StdoutLine: {'line': b'-- Installing: /home/huahai/dobot_ws/install/dobot_msgs_v3/include/dobot_msgs_v3/dobot_msgs_v3/srv\n'}
[71.696375] (dobot_msgs_v3) StdoutLine: {'line': b'-- Installing: /home/huahai/dobot_ws/install/dobot_msgs_v3/include/dobot_msgs_v3/dobot_msgs_v3/srv/detail\n'}
[71.696463] (dobot_msgs_v3) StdoutLine: {'line': b'-- Installing: /home/huahai/dobot_ws/install/dobot_msgs_v3/include/dobot_msgs_v3/dobot_msgs_v3/srv/detail/arc__struct.h\n'}
[71.696498] (dobot_msgs_v3) StdoutLine: {'line': b'-- Installing: /home/huahai/dobot_ws/install/dobot_msgs_v3/include/dobot_msgs_v3/dobot_msgs_v3/srv/detail/acc_j__type_support.h\n'}
[71.696538] (dobot_msgs_v3) StdoutLine: {'line': b'-- Installing: /home/huahai/dobot_ws/install/dobot_msgs_v3/include/dobot_msgs_v3/dobot_msgs_v3/srv/detail/stop_script__functions.c\n'}
[71.696598] (dobot_msgs_v3) StdoutLine: {'line': b'-- Installing: /home/huahai/dobot_ws/install/dobot_msgs_v3/include/dobot_msgs_v3/dobot_msgs_v3/srv/detail/do_execute__functions.c\n'}
[71.696858] (dobot_msgs_v3) StdoutLine: {'line': b'-- Installing: /home/huahai/dobot_ws/install/dobot_msgs_v3/include/dobot_msgs_v3/dobot_msgs_v3/srv/detail/arch__struct.h\n'}
[71.696925] (dobot_msgs_v3) StdoutLine: {'line': b'-- Installing: /home/huahai/dobot_ws/install/dobot_msgs_v3/include/dobot_msgs_v3/dobot_msgs_v3/srv/detail/tool_do_execute__type_support.h\n'}
[71.696963] (dobot_msgs_v3) StdoutLine: {'line': b'-- Installing: /home/huahai/dobot_ws/install/dobot_msgs_v3/include/dobot_msgs_v3/dobot_msgs_v3/srv/detail/start_drag__functions.c\n'}
[71.697010] (dobot_msgs_v3) StdoutLine: {'line': b'-- Installing: /home/huahai/dobot_ws/install/dobot_msgs_v3/include/dobot_msgs_v3/dobot_msgs_v3/srv/detail/wait__functions.c\n'}
[71.697044] (dobot_msgs_v3) StdoutLine: {'line': b'-- Installing: /home/huahai/dobot_ws/install/dobot_msgs_v3/include/dobot_msgs_v3/dobot_msgs_v3/srv/detail/speed_j__struct.h\n'}
[71.697094] (dobot_msgs_v3) StdoutLine: {'line': b'-- Installing: /home/huahai/dobot_ws/install/dobot_msgs_v3/include/dobot_msgs_v3/dobot_msgs_v3/srv/detail/power_on__functions.c\n'}
[71.697145] (dobot_msgs_v3) StdoutLine: {'line': b'-- Installing: /home/huahai/dobot_ws/install/dobot_msgs_v3/include/dobot_msgs_v3/dobot_msgs_v3/srv/detail/stop_drag__struct.h\n'}
[71.697247] (dobot_msgs_v3) StdoutLine: {'line': b'-- Installing: /home/huahai/dobot_ws/install/dobot_msgs_v3/include/dobot_msgs_v3/dobot_msgs_v3/srv/detail/emergency_stop__struct.h\n'}
[71.697313] (dobot_msgs_v3) StdoutLine: {'line': b'-- Installing: /home/huahai/dobot_ws/install/dobot_msgs_v3/include/dobot_msgs_v3/dobot_msgs_v3/srv/detail/wait__struct.h\n'}
[71.697362] (dobot_msgs_v3) StdoutLine: {'line': b'-- Installing: /home/huahai/dobot_ws/install/dobot_msgs_v3/include/dobot_msgs_v3/dobot_msgs_v3/srv/detail/servo_p__functions.h\n'}
[71.697420] (dobot_msgs_v3) StdoutLine: {'line': b'-- Installing: /home/huahai/dobot_ws/install/dobot_msgs_v3/include/dobot_msgs_v3/dobot_msgs_v3/srv/detail/pause__type_support.h\n'}
[71.697516] (dobot_msgs_v3) StdoutLine: {'line': b'-- Installing: /home/huahai/dobot_ws/install/dobot_msgs_v3/include/dobot_msgs_v3/dobot_msgs_v3/srv/detail/set_collision_level__functions.c\n'}
[71.697588] (dobot_msgs_v3) StdoutLine: {'line': b'-- Installing: /home/huahai/dobot_ws/install/dobot_msgs_v3/include/dobot_msgs_v3/dobot_msgs_v3/srv/detail/set_safe_skin__functions.c\n'}
[71.697702] (dobot_msgs_v3) StdoutLine: {'line': b'-- Installing: /home/huahai/dobot_ws/install/dobot_msgs_v3/include/dobot_msgs_v3/dobot_msgs_v3/srv/detail/tool__struct.h\n'}
[71.697803] (dobot_msgs_v3) StdoutLine: {'line': b'-- Installing: /home/huahai/dobot_ws/install/dobot_msgs_v3/include/dobot_msgs_v3/dobot_msgs_v3/srv/detail/start_fc_trace__functions.c\n'}
[71.697853] (dobot_msgs_v3) StdoutLine: {'line': b'-- Installing: /home/huahai/dobot_ws/install/dobot_msgs_v3/include/dobot_msgs_v3/dobot_msgs_v3/srv/detail/do__functions.c\n'}
[71.697892] (dobot_msgs_v3) StdoutLine: {'line': b'-- Installing: /home/huahai/dobot_ws/install/dobot_msgs_v3/include/dobot_msgs_v3/dobot_msgs_v3/srv/detail/get_in_regs__struct.h\n'}
[71.697937] (dobot_msgs_v3) StdoutLine: {'line': b'-- Installing: /home/huahai/dobot_ws/install/dobot_msgs_v3/include/dobot_msgs_v3/dobot_msgs_v3/srv/detail/enable_robot__struct.h\n'}
[71.698013] (dobot_msgs_v3) StdoutLine: {'line': b'-- Installing: /home/huahai/dobot_ws/install/dobot_msgs_v3/include/dobot_msgs_v3/dobot_msgs_v3/srv/detail/lim_z__type_support.h\n'}
[71.698197] (dobot_msgs_v3) StdoutLine: {'line': b'-- Installing: /home/huahai/dobot_ws/install/dobot_msgs_v3/include/dobot_msgs_v3/dobot_msgs_v3/srv/detail/speed_l__functions.h\n'}
[71.698266] (dobot_msgs_v3) StdoutLine: {'line': b'-- Installing: /home/huahai/dobot_ws/install/dobot_msgs_v3/include/dobot_msgs_v3/dobot_msgs_v3/srv/detail/rel_mov_l_user__struct.h\n'}
[71.698335] (dobot_msgs_v3) StdoutLine: {'line': b'-- Installing: /home/huahai/dobot_ws/install/dobot_msgs_v3/include/dobot_msgs_v3/dobot_msgs_v3/srv/detail/jump__functions.c\n'}
[71.698388] (dobot_msgs_v3) StdoutLine: {'line': b'-- Installing: /home/huahai/dobot_ws/install/dobot_msgs_v3/include/dobot_msgs_v3/dobot_msgs_v3/srv/detail/get_coils__type_support.h\n'}
[71.698420] (dobot_msgs_v3) StdoutLine: {'line': b'-- Installing: /home/huahai/dobot_ws/install/dobot_msgs_v3/include/dobot_msgs_v3/dobot_msgs_v3/srv/detail/arch__functions.h\n'}
[71.698706] (dobot_msgs_v3) StdoutLine: {'line': b'-- Installing: /home/huahai/dobot_ws/install/dobot_msgs_v3/include/dobot_msgs_v3/dobot_msgs_v3/srv/detail/ao__type_support.h\n'}
[71.698778] (dobot_msgs_v3) StdoutLine: {'line': b'-- Installing: /home/huahai/dobot_ws/install/dobot_msgs_v3/include/dobot_msgs_v3/dobot_msgs_v3/srv/detail/wait__type_support.h\n'}
[71.698823] (dobot_msgs_v3) StdoutLine: {'line': b'-- Installing: /home/huahai/dobot_ws/install/dobot_msgs_v3/include/dobot_msgs_v3/dobot_msgs_v3/srv/detail/positive_solution__type_support.h\n'}
[71.698857] (dobot_msgs_v3) StdoutLine: {'line': b'-- Installing: /home/huahai/dobot_ws/install/dobot_msgs_v3/include/dobot_msgs_v3/dobot_msgs_v3/srv/detail/rel_mov_j_tool__functions.c\n'}
[71.698886] (dobot_msgs_v3) StdoutLine: {'line': b'-- Installing: /home/huahai/dobot_ws/install/dobot_msgs_v3/include/dobot_msgs_v3/dobot_msgs_v3/srv/detail/emergency_stop__functions.h\n'}
[71.698916] (dobot_msgs_v3) StdoutLine: {'line': b'-- Installing: /home/huahai/dobot_ws/install/dobot_msgs_v3/include/dobot_msgs_v3/dobot_msgs_v3/srv/detail/rel_mov_j_tool__functions.h\n'}
[71.698966] (dobot_msgs_v3) StdoutLine: {'line': b'-- Installing: /home/huahai/dobot_ws/install/dobot_msgs_v3/include/dobot_msgs_v3/dobot_msgs_v3/srv/detail/disable_robot__functions.c\n'}
[71.699013] (dobot_msgs_v3) StdoutLine: {'line': b'-- Installing: /home/huahai/dobot_ws/install/dobot_msgs_v3/include/dobot_msgs_v3/dobot_msgs_v3/srv/detail/modbus_create__functions.h\n'}
[71.699043] (dobot_msgs_v3) StdoutLine: {'line': b'-- Installing: /home/huahai/dobot_ws/install/dobot_msgs_v3/include/dobot_msgs_v3/dobot_msgs_v3/srv/detail/pause__functions.c\n'}
[71.699090] (dobot_msgs_v3) StdoutLine: {'line': b'-- Installing: /home/huahai/dobot_ws/install/dobot_msgs_v3/include/dobot_msgs_v3/dobot_msgs_v3/srv/detail/lim_z__functions.h\n'}
[71.699132] (dobot_msgs_v3) StdoutLine: {'line': b'-- Installing: /home/huahai/dobot_ws/install/dobot_msgs_v3/include/dobot_msgs_v3/dobot_msgs_v3/srv/detail/ao_execute__functions.h\n'}
[71.699216] (dobot_msgs_v3) StdoutLine: {'line': b'-- Installing: /home/huahai/dobot_ws/install/dobot_msgs_v3/include/dobot_msgs_v3/dobot_msgs_v3/srv/detail/continue_script__functions.h\n'}
[71.699279] (dobot_msgs_v3) StdoutLine: {'line': b'-- Installing: /home/huahai/dobot_ws/install/dobot_msgs_v3/include/dobot_msgs_v3/dobot_msgs_v3/srv/detail/pay_load__functions.h\n'}
[71.699360] (dobot_msgs_v3) StdoutLine: {'line': b'-- Installing: /home/huahai/dobot_ws/install/dobot_msgs_v3/include/dobot_msgs_v3/dobot_msgs_v3/srv/detail/get_angle__struct.h\n'}
[71.699408] (dobot_msgs_v3) StdoutLine: {'line': b'-- Installing: /home/huahai/dobot_ws/install/dobot_msgs_v3/include/dobot_msgs_v3/dobot_msgs_v3/srv/detail/set_arm_orientation__type_support.h\n'}
[71.699455] (dobot_msgs_v3) StdoutLine: {'line': b'-- Installing: /home/huahai/dobot_ws/install/dobot_msgs_v3/include/dobot_msgs_v3/dobot_msgs_v3/srv/detail/tool__functions.c\n'}
[71.699575] (dobot_msgs_v3) StdoutLine: {'line': b'-- Installing: /home/huahai/dobot_ws/install/dobot_msgs_v3/include/dobot_msgs_v3/dobot_msgs_v3/srv/detail/ao__functions.h\n'}
[71.699669] (dobot_msgs_v3) StdoutLine: {'line': b'-- Installing: /home/huahai/dobot_ws/install/dobot_msgs_v3/include/dobot_msgs_v3/dobot_msgs_v3/srv/detail/clear_error__functions.h\n'}
[71.699705] (dobot_msgs_v3) StdoutLine: {'line': b'-- Installing: /home/huahai/dobot_ws/install/dobot_msgs_v3/include/dobot_msgs_v3/dobot_msgs_v3/srv/detail/mov_lio__type_support.h\n'}
[71.699745] (dobot_msgs_v3) StdoutLine: {'line': b'-- Installing: /home/huahai/dobot_ws/install/dobot_msgs_v3/include/dobot_msgs_v3/dobot_msgs_v3/srv/detail/rel_mov_j_user__struct.h\n'}
[71.699803] (dobot_msgs_v3) StdoutLine: {'line': b'-- Installing: /home/huahai/dobot_ws/install/dobot_msgs_v3/include/dobot_msgs_v3/dobot_msgs_v3/srv/detail/get_in_regs__functions.c\n'}
[71.699893] (dobot_msgs_v3) StdoutLine: {'line': b'-- Installing: /home/huahai/dobot_ws/install/dobot_msgs_v3/include/dobot_msgs_v3/dobot_msgs_v3/srv/detail/stop_drag__functions.c\n'}
[71.699955] (dobot_msgs_v3) StdoutLine: {'line': b'-- Installing: /home/huahai/dobot_ws/install/dobot_msgs_v3/include/dobot_msgs_v3/dobot_msgs_v3/srv/detail/user__functions.c\n'}
[71.700030] (dobot_msgs_v3) StdoutLine: {'line': b'-- Installing: /home/huahai/dobot_ws/install/dobot_msgs_v3/include/dobot_msgs_v3/dobot_msgs_v3/srv/detail/load_switch__functions.h\n'}
[71.700107] (dobot_msgs_v3) StdoutLine: {'line': b'-- Installing: /home/huahai/dobot_ws/install/dobot_msgs_v3/include/dobot_msgs_v3/dobot_msgs_v3/srv/detail/stopmove_jog__type_support.h\n'}
[71.700175] (dobot_msgs_v3) StdoutLine: {'line': b'-- Installing: /home/huahai/dobot_ws/install/dobot_msgs_v3/include/dobot_msgs_v3/dobot_msgs_v3/srv/detail/get_angle__functions.h\n'}
[71.700280] (dobot_msgs_v3) StdoutLine: {'line': b'-- Installing: /home/huahai/dobot_ws/install/dobot_msgs_v3/include/dobot_msgs_v3/dobot_msgs_v3/srv/detail/rel_joint_mov_j__functions.h\n'}
[71.700356] (dobot_msgs_v3) StdoutLine: {'line': b'-- Installing: /home/huahai/dobot_ws/install/dobot_msgs_v3/include/dobot_msgs_v3/dobot_msgs_v3/srv/detail/set_arm_orientation__functions.h\n'}
[71.700430] (dobot_msgs_v3) StdoutLine: {'line': b'-- Installing: /home/huahai/dobot_ws/install/dobot_msgs_v3/include/dobot_msgs_v3/dobot_msgs_v3/srv/detail/user__struct.h\n'}
[71.700485] (dobot_msgs_v3) StdoutLine: {'line': b'-- Installing: /home/huahai/dobot_ws/install/dobot_msgs_v3/include/dobot_msgs_v3/dobot_msgs_v3/srv/detail/mov_j__type_support.h\n'}
[71.700556] (dobot_msgs_v3) StdoutLine: {'line': b'-- Installing: /home/huahai/dobot_ws/install/dobot_msgs_v3/include/dobot_msgs_v3/dobot_msgs_v3/srv/detail/servo_p__type_support.h\n'}
[71.700612] (dobot_msgs_v3) StdoutLine: {'line': b'-- Installing: /home/huahai/dobot_ws/install/dobot_msgs_v3/include/dobot_msgs_v3/dobot_msgs_v3/srv/detail/modbus_close__type_support.h\n'}
[71.700657] (dobot_msgs_v3) StdoutLine: {'line': b'-- Installing: /home/huahai/dobot_ws/install/dobot_msgs_v3/include/dobot_msgs_v3/dobot_msgs_v3/srv/detail/mov_j_ext__functions.c\n'}
[71.700733] (dobot_msgs_v3) StdoutLine: {'line': b'-- Installing: /home/huahai/dobot_ws/install/dobot_msgs_v3/include/dobot_msgs_v3/dobot_msgs_v3/srv/detail/joint_mov_j__struct.h\n'}
[71.701008] (dobot_msgs_v3) StdoutLine: {'line': b'-- Installing: /home/huahai/dobot_ws/install/dobot_msgs_v3/include/dobot_msgs_v3/dobot_msgs_v3/srv/detail/rel_mov_j_user__functions.h\n'}
[71.701089] (dobot_msgs_v3) StdoutLine: {'line': b'-- Installing: /home/huahai/dobot_ws/install/dobot_msgs_v3/include/dobot_msgs_v3/dobot_msgs_v3/srv/detail/load_switch__functions.c\n'}
[71.701137] (dobot_msgs_v3) StdoutLine: {'line': b'-- Installing: /home/huahai/dobot_ws/install/dobot_msgs_v3/include/dobot_msgs_v3/dobot_msgs_v3/srv/detail/acc_j__functions.c\n'}
[71.701171] (dobot_msgs_v3) StdoutLine: {'line': b'-- Installing: /home/huahai/dobot_ws/install/dobot_msgs_v3/include/dobot_msgs_v3/dobot_msgs_v3/srv/detail/cp__functions.h\n'}
[71.701216] (dobot_msgs_v3) StdoutLine: {'line': b'-- Installing: /home/huahai/dobot_ws/install/dobot_msgs_v3/include/dobot_msgs_v3/dobot_msgs_v3/srv/detail/user__functions.h\n'}
[71.701248] (dobot_msgs_v3) StdoutLine: {'line': b'-- Installing: /home/huahai/dobot_ws/install/dobot_msgs_v3/include/dobot_msgs_v3/dobot_msgs_v3/srv/detail/tool__functions.h\n'}
[71.701294] (dobot_msgs_v3) StdoutLine: {'line': b'-- Installing: /home/huahai/dobot_ws/install/dobot_msgs_v3/include/dobot_msgs_v3/dobot_msgs_v3/srv/detail/do_execute__struct.h\n'}
[71.701342] (dobot_msgs_v3) StdoutLine: {'line': b'-- Installing: /home/huahai/dobot_ws/install/dobot_msgs_v3/include/dobot_msgs_v3/dobot_msgs_v3/srv/detail/run_script__struct.h\n'}
[71.701405] (dobot_msgs_v3) StdoutLine: {'line': b'-- Installing: /home/huahai/dobot_ws/install/dobot_msgs_v3/include/dobot_msgs_v3/dobot_msgs_v3/srv/detail/pause_script__functions.h\n'}
[71.701464] (dobot_msgs_v3) StdoutLine: {'line': b'-- Installing: /home/huahai/dobot_ws/install/dobot_msgs_v3/include/dobot_msgs_v3/dobot_msgs_v3/srv/detail/set_obstacle_avoid__functions.c\n'}
[71.701698] (dobot_msgs_v3) StdoutLine: {'line': b'-- Installing: /home/huahai/dobot_ws/install/dobot_msgs_v3/include/dobot_msgs_v3/dobot_msgs_v3/srv/detail/joint_mov_j__type_support.h\n'}
[71.701775] (dobot_msgs_v3) StdoutLine: {'line': b'-- Installing: /home/huahai/dobot_ws/install/dobot_msgs_v3/include/dobot_msgs_v3/dobot_msgs_v3/srv/detail/do__functions.h\n'}
[71.701821] (dobot_msgs_v3) StdoutLine: {'line': b'-- Installing: /home/huahai/dobot_ws/install/dobot_msgs_v3/include/dobot_msgs_v3/dobot_msgs_v3/srv/detail/continues__functions.h\n'}
[71.701875] (dobot_msgs_v3) StdoutLine: {'line': b'-- Installing: /home/huahai/dobot_ws/install/dobot_msgs_v3/include/dobot_msgs_v3/dobot_msgs_v3/srv/detail/get_pose__functions.h\n'}
[71.701923] (dobot_msgs_v3) StdoutLine: {'line': b'-- Installing: /home/huahai/dobot_ws/install/dobot_msgs_v3/include/dobot_msgs_v3/dobot_msgs_v3/srv/detail/get_hold_regs__functions.h\n'}
[71.701968] (dobot_msgs_v3) StdoutLine: {'line': b'-- Installing: /home/huahai/dobot_ws/install/dobot_msgs_v3/include/dobot_msgs_v3/dobot_msgs_v3/srv/detail/get_in_regs__type_support.h\n'}
[71.702012] (dobot_msgs_v3) StdoutLine: {'line': b'-- Installing: /home/huahai/dobot_ws/install/dobot_msgs_v3/include/dobot_msgs_v3/dobot_msgs_v3/srv/detail/rel_mov_j_tool__type_support.h\n'}
[71.702041] (dobot_msgs_v3) StdoutLine: {'line': b'-- Installing: /home/huahai/dobot_ws/install/dobot_msgs_v3/include/dobot_msgs_v3/dobot_msgs_v3/srv/detail/move_jog__functions.h\n'}
[71.702085] (dobot_msgs_v3) StdoutLine: {'line': b'-- Installing: /home/huahai/dobot_ws/install/dobot_msgs_v3/include/dobot_msgs_v3/dobot_msgs_v3/srv/detail/continues__type_support.h\n'}
[71.702131] (dobot_msgs_v3) StdoutLine: {'line': b'-- Installing: /home/huahai/dobot_ws/install/dobot_msgs_v3/include/dobot_msgs_v3/dobot_msgs_v3/srv/detail/sync__struct.h\n'}
[71.702276] (dobot_msgs_v3) StdoutLine: {'line': b'-- Installing: /home/huahai/dobot_ws/install/dobot_msgs_v3/include/dobot_msgs_v3/dobot_msgs_v3/srv/detail/mov_lio__functions.c\n'}
[71.702354] (dobot_msgs_v3) StdoutLine: {'line': b'-- Installing: /home/huahai/dobot_ws/install/dobot_msgs_v3/include/dobot_msgs_v3/dobot_msgs_v3/srv/detail/cp__type_support.h\n'}
[71.702419] (dobot_msgs_v3) StdoutLine: {'line': b'-- Installing: /home/huahai/dobot_ws/install/dobot_msgs_v3/include/dobot_msgs_v3/dobot_msgs_v3/srv/detail/tool_do__functions.h\n'}
[71.702462] (dobot_msgs_v3) StdoutLine: {'line': b'-- Installing: /home/huahai/dobot_ws/install/dobot_msgs_v3/include/dobot_msgs_v3/dobot_msgs_v3/srv/detail/set_payload__functions.c\n'}
[71.702531] (dobot_msgs_v3) StdoutLine: {'line': b'-- Installing: /home/huahai/dobot_ws/install/dobot_msgs_v3/include/dobot_msgs_v3/dobot_msgs_v3/srv/detail/digital_outputs__functions.c\n'}
[71.702596] (dobot_msgs_v3) StdoutLine: {'line': b'-- Installing: /home/huahai/dobot_ws/install/dobot_msgs_v3/include/dobot_msgs_v3/dobot_msgs_v3/srv/detail/start_path__functions.h\n'}
[71.702644] (dobot_msgs_v3) StdoutLine: {'line': b'-- Installing: /home/huahai/dobot_ws/install/dobot_msgs_v3/include/dobot_msgs_v3/dobot_msgs_v3/srv/detail/start_path__struct.h\n'}
[71.702819] (dobot_msgs_v3) StdoutLine: {'line': b'-- Installing: /home/huahai/dobot_ws/install/dobot_msgs_v3/include/dobot_msgs_v3/dobot_msgs_v3/srv/detail/rel_mov_l_tool__type_support.h\n'}
[71.702892] (dobot_msgs_v3) StdoutLine: {'line': b'-- Installing: /home/huahai/dobot_ws/install/dobot_msgs_v3/include/dobot_msgs_v3/dobot_msgs_v3/srv/detail/mov_l__functions.c\n'}
[71.702945] (dobot_msgs_v3) StdoutLine: {'line': b'-- Installing: /home/huahai/dobot_ws/install/dobot_msgs_v3/include/dobot_msgs_v3/dobot_msgs_v3/srv/detail/start_drag__functions.h\n'}
[71.702978] (dobot_msgs_v3) StdoutLine: {'line': b'-- Installing: /home/huahai/dobot_ws/install/dobot_msgs_v3/include/dobot_msgs_v3/dobot_msgs_v3/srv/detail/robot_mode__type_support.h\n'}
[71.703027] (dobot_msgs_v3) StdoutLine: {'line': b'-- Installing: /home/huahai/dobot_ws/install/dobot_msgs_v3/include/dobot_msgs_v3/dobot_msgs_v3/srv/detail/positive_solution__struct.h\n'}
[71.703076] (dobot_msgs_v3) StdoutLine: {'line': b'-- Installing: /home/huahai/dobot_ws/install/dobot_msgs_v3/include/dobot_msgs_v3/dobot_msgs_v3/srv/detail/set_payload__struct.h\n'}
[71.703127] (dobot_msgs_v3) StdoutLine: {'line': b'-- Installing: /home/huahai/dobot_ws/install/dobot_msgs_v3/include/dobot_msgs_v3/dobot_msgs_v3/srv/detail/start_path__type_support.h\n'}
[71.703250] (dobot_msgs_v3) StdoutLine: {'line': b'-- Installing: /home/huahai/dobot_ws/install/dobot_msgs_v3/include/dobot_msgs_v3/dobot_msgs_v3/srv/detail/set_coils__functions.c\n'}
[71.703334] (dobot_msgs_v3) StdoutLine: {'line': b'-- Installing: /home/huahai/dobot_ws/install/dobot_msgs_v3/include/dobot_msgs_v3/dobot_msgs_v3/srv/detail/tool_di__functions.h\n'}
[71.703389] (dobot_msgs_v3) StdoutLine: {'line': b'-- Installing: /home/huahai/dobot_ws/install/dobot_msgs_v3/include/dobot_msgs_v3/dobot_msgs_v3/srv/detail/get_error_id__functions.c\n'}
[71.703492] (dobot_msgs_v3) StdoutLine: {'line': b'-- Installing: /home/huahai/dobot_ws/install/dobot_msgs_v3/include/dobot_msgs_v3/dobot_msgs_v3/srv/detail/get_coils__functions.h\n'}
[71.703554] (dobot_msgs_v3) StdoutLine: {'line': b'-- Installing: /home/huahai/dobot_ws/install/dobot_msgs_v3/include/dobot_msgs_v3/dobot_msgs_v3/srv/detail/acc_j__functions.h\n'}
[71.703653] (dobot_msgs_v3) StdoutLine: {'line': b'-- Installing: /home/huahai/dobot_ws/install/dobot_msgs_v3/include/dobot_msgs_v3/dobot_msgs_v3/srv/detail/pause__functions.h\n'}
[71.703726] (dobot_msgs_v3) StdoutLine: {'line': b'-- Installing: /home/huahai/dobot_ws/install/dobot_msgs_v3/include/dobot_msgs_v3/dobot_msgs_v3/srv/detail/rel_mov_l_user__functions.c\n'}
[71.703775] (dobot_msgs_v3) StdoutLine: {'line': b'-- Installing: /home/huahai/dobot_ws/install/dobot_msgs_v3/include/dobot_msgs_v3/dobot_msgs_v3/srv/detail/speed_j__type_support.h\n'}
[71.703865] (dobot_msgs_v3) StdoutLine: {'line': b'-- Installing: /home/huahai/dobot_ws/install/dobot_msgs_v3/include/dobot_msgs_v3/dobot_msgs_v3/srv/detail/set_hold_regs__struct.h\n'}
[71.703980] (dobot_msgs_v3) StdoutLine: {'line': b'-- Installing: /home/huahai/dobot_ws/install/dobot_msgs_v3/include/dobot_msgs_v3/dobot_msgs_v3/srv/detail/stopmove_jog__struct.h\n'}
[71.704077] (dobot_msgs_v3) StdoutLine: {'line': b'-- Installing: /home/huahai/dobot_ws/install/dobot_msgs_v3/include/dobot_msgs_v3/dobot_msgs_v3/srv/detail/joint_mov_j__functions.h\n'}
[71.704155] (dobot_msgs_v3) StdoutLine: {'line': b'-- Installing: /home/huahai/dobot_ws/install/dobot_msgs_v3/include/dobot_msgs_v3/dobot_msgs_v3/srv/detail/continue_script__type_support.h\n'}
[71.704217] (dobot_msgs_v3) StdoutLine: {'line': b'-- Installing: /home/huahai/dobot_ws/install/dobot_msgs_v3/include/dobot_msgs_v3/dobot_msgs_v3/srv/detail/speed_factor__struct.h\n'}
[71.704332] (dobot_msgs_v3) StdoutLine: {'line': b'-- Installing: /home/huahai/dobot_ws/install/dobot_msgs_v3/include/dobot_msgs_v3/dobot_msgs_v3/srv/detail/rel_mov_l_user__type_support.h\n'}
[71.704391] (dobot_msgs_v3) StdoutLine: {'line': b'-- Installing: /home/huahai/dobot_ws/install/dobot_msgs_v3/include/dobot_msgs_v3/dobot_msgs_v3/srv/detail/continue_script__struct.h\n'}
[71.704463] (dobot_msgs_v3) StdoutLine: {'line': b'-- Installing: /home/huahai/dobot_ws/install/dobot_msgs_v3/include/dobot_msgs_v3/dobot_msgs_v3/srv/detail/continue_script__functions.c\n'}
[71.704542] (dobot_msgs_v3) StdoutLine: {'line': b'-- Installing: /home/huahai/dobot_ws/install/dobot_msgs_v3/include/dobot_msgs_v3/dobot_msgs_v3/srv/detail/enable_robot__functions.c\n'}
[71.704620] (dobot_msgs_v3) StdoutLine: {'line': b'-- Installing: /home/huahai/dobot_ws/install/dobot_msgs_v3/include/dobot_msgs_v3/dobot_msgs_v3/srv/detail/acc_l__functions.h\n'}
[71.704699] (dobot_msgs_v3) StdoutLine: {'line': b'-- Installing: /home/huahai/dobot_ws/install/dobot_msgs_v3/include/dobot_msgs_v3/dobot_msgs_v3/srv/detail/do_group__type_support.h\n'}
[71.704758] (dobot_msgs_v3) StdoutLine: {'line': b'-- Installing: /home/huahai/dobot_ws/install/dobot_msgs_v3/include/dobot_msgs_v3/dobot_msgs_v3/srv/detail/clear_error__struct.h\n'}
[71.704819] (dobot_msgs_v3) StdoutLine: {'line': b'-- Installing: /home/huahai/dobot_ws/install/dobot_msgs_v3/include/dobot_msgs_v3/dobot_msgs_v3/srv/detail/set_obstacle_avoid__functions.h\n'}
[71.704903] (dobot_msgs_v3) StdoutLine: {'line': b'-- Installing: /home/huahai/dobot_ws/install/dobot_msgs_v3/include/dobot_msgs_v3/dobot_msgs_v3/srv/detail/power_on__functions.h\n'}
[71.705170] (dobot_msgs_v3) StdoutLine: {'line': b'-- Installing: /home/huahai/dobot_ws/install/dobot_msgs_v3/include/dobot_msgs_v3/dobot_msgs_v3/srv/detail/inverse_solution__struct.h\n'}
[71.705243] (dobot_msgs_v3) StdoutLine: {'line': b'-- Installing: /home/huahai/dobot_ws/install/dobot_msgs_v3/include/dobot_msgs_v3/dobot_msgs_v3/srv/detail/do_group__functions.h\n'}
[71.705276] (dobot_msgs_v3) StdoutLine: {'line': b'-- Installing: /home/huahai/dobot_ws/install/dobot_msgs_v3/include/dobot_msgs_v3/dobot_msgs_v3/srv/detail/start_drag__struct.h\n'}
[71.705323] (dobot_msgs_v3) StdoutLine: {'line': b'-- Installing: /home/huahai/dobot_ws/install/dobot_msgs_v3/include/dobot_msgs_v3/dobot_msgs_v3/srv/detail/get_angle__functions.c\n'}
[71.705356] (dobot_msgs_v3) StdoutLine: {'line': b'-- Installing: /home/huahai/dobot_ws/install/dobot_msgs_v3/include/dobot_msgs_v3/dobot_msgs_v3/srv/detail/disable_robot__functions.h\n'}
[71.705401] (dobot_msgs_v3) StdoutLine: {'line': b'-- Installing: /home/huahai/dobot_ws/install/dobot_msgs_v3/include/dobot_msgs_v3/dobot_msgs_v3/srv/detail/ao__functions.c\n'}
[71.705514] (dobot_msgs_v3) StdoutLine: {'line': b'-- Installing: /home/huahai/dobot_ws/install/dobot_msgs_v3/include/dobot_msgs_v3/dobot_msgs_v3/srv/detail/set_hold_regs__functions.c\n'}
[71.705580] (dobot_msgs_v3) StdoutLine: {'line': b'-- Installing: /home/huahai/dobot_ws/install/dobot_msgs_v3/include/dobot_msgs_v3/dobot_msgs_v3/srv/detail/cp__functions.c\n'}
[71.705625] (dobot_msgs_v3) StdoutLine: {'line': b'-- Installing: /home/huahai/dobot_ws/install/dobot_msgs_v3/include/dobot_msgs_v3/dobot_msgs_v3/srv/detail/speed_factor__functions.h\n'}
[71.705739] (dobot_msgs_v3) StdoutLine: {'line': b'-- Installing: /home/huahai/dobot_ws/install/dobot_msgs_v3/include/dobot_msgs_v3/dobot_msgs_v3/srv/detail/tool_do__type_support.h\n'}
[71.705815] (dobot_msgs_v3) StdoutLine: {'line': b'-- Installing: /home/huahai/dobot_ws/install/dobot_msgs_v3/include/dobot_msgs_v3/dobot_msgs_v3/srv/detail/get_pose__struct.h\n'}
[71.705862] (dobot_msgs_v3) StdoutLine: {'line': b'-- Installing: /home/huahai/dobot_ws/install/dobot_msgs_v3/include/dobot_msgs_v3/dobot_msgs_v3/srv/detail/acc_l__functions.c\n'}
[71.705943] (dobot_msgs_v3) StdoutLine: {'line': b'-- Installing: /home/huahai/dobot_ws/install/dobot_msgs_v3/include/dobot_msgs_v3/dobot_msgs_v3/srv/detail/rel_mov_l__struct.h\n'}
[71.706000] (dobot_msgs_v3) StdoutLine: {'line': b'-- Installing: /home/huahai/dobot_ws/install/dobot_msgs_v3/include/dobot_msgs_v3/dobot_msgs_v3/srv/detail/pause_script__type_support.h\n'}
[71.706063] (dobot_msgs_v3) StdoutLine: {'line': b'-- Installing: /home/huahai/dobot_ws/install/dobot_msgs_v3/include/dobot_msgs_v3/dobot_msgs_v3/srv/detail/stop_script__struct.h\n'}
[71.706122] (dobot_msgs_v3) StdoutLine: {'line': b'-- Installing: /home/huahai/dobot_ws/install/dobot_msgs_v3/include/dobot_msgs_v3/dobot_msgs_v3/srv/detail/rel_mov_j_user__type_support.h\n'}
[71.706168] (dobot_msgs_v3) StdoutLine: {'line': b'-- Installing: /home/huahai/dobot_ws/install/dobot_msgs_v3/include/dobot_msgs_v3/dobot_msgs_v3/srv/detail/start_trace__type_support.h\n'}
[71.706237] (dobot_msgs_v3) StdoutLine: {'line': b'-- Installing: /home/huahai/dobot_ws/install/dobot_msgs_v3/include/dobot_msgs_v3/dobot_msgs_v3/srv/detail/di__functions.c\n'}
[71.706309] (dobot_msgs_v3) StdoutLine: {'line': b'-- Installing: /home/huahai/dobot_ws/install/dobot_msgs_v3/include/dobot_msgs_v3/dobot_msgs_v3/srv/detail/set_collision_level__type_support.h\n'}
[71.706366] (dobot_msgs_v3) StdoutLine: {'line': b'-- Installing: /home/huahai/dobot_ws/install/dobot_msgs_v3/include/dobot_msgs_v3/dobot_msgs_v3/srv/detail/digital_outputs__functions.h\n'}
[71.706442] (dobot_msgs_v3) StdoutLine: {'line': b'-- Installing: /home/huahai/dobot_ws/install/dobot_msgs_v3/include/dobot_msgs_v3/dobot_msgs_v3/srv/detail/get_error_id__functions.h\n'}
[71.706516] (dobot_msgs_v3) StdoutLine: {'line': b'-- Installing: /home/huahai/dobot_ws/install/dobot_msgs_v3/include/dobot_msgs_v3/dobot_msgs_v3/srv/detail/sync_all__functions.c\n'}
[71.706588] (dobot_msgs_v3) StdoutLine: {'line': b'-- Installing: /home/huahai/dobot_ws/install/dobot_msgs_v3/include/dobot_msgs_v3/dobot_msgs_v3/srv/detail/tool_do_execute__struct.h\n'}
[71.706644] (dobot_msgs_v3) StdoutLine: {'line': b'-- Installing: /home/huahai/dobot_ws/install/dobot_msgs_v3/include/dobot_msgs_v3/dobot_msgs_v3/srv/detail/clear_error__type_support.h\n'}
[71.706713] (dobot_msgs_v3) StdoutLine: {'line': b'-- Installing: /home/huahai/dobot_ws/install/dobot_msgs_v3/include/dobot_msgs_v3/dobot_msgs_v3/srv/detail/reset_robot__functions.c\n'}
[71.706759] (dobot_msgs_v3) StdoutLine: {'line': b'-- Installing: /home/huahai/dobot_ws/install/dobot_msgs_v3/include/dobot_msgs_v3/dobot_msgs_v3/srv/detail/di__struct.h\n'}
[71.706837] (dobot_msgs_v3) StdoutLine: {'line': b'-- Installing: /home/huahai/dobot_ws/install/dobot_msgs_v3/include/dobot_msgs_v3/dobot_msgs_v3/srv/detail/get_error_id__struct.h\n'}
[71.706891] (dobot_msgs_v3) StdoutLine: {'line': b'-- Installing: /home/huahai/dobot_ws/install/dobot_msgs_v3/include/dobot_msgs_v3/dobot_msgs_v3/srv/detail/pay_load__struct.h\n'}
[71.706958] (dobot_msgs_v3) StdoutLine: {'line': b'-- Installing: /home/huahai/dobot_ws/install/dobot_msgs_v3/include/dobot_msgs_v3/dobot_msgs_v3/srv/detail/mov_j__functions.c\n'}
[71.707032] (dobot_msgs_v3) StdoutLine: {'line': b'-- Installing: /home/huahai/dobot_ws/install/dobot_msgs_v3/include/dobot_msgs_v3/dobot_msgs_v3/srv/detail/arch__type_support.h\n'}
[71.707090] (dobot_msgs_v3) StdoutLine: {'line': b'-- Installing: /home/huahai/dobot_ws/install/dobot_msgs_v3/include/dobot_msgs_v3/dobot_msgs_v3/srv/detail/disable_robot__type_support.h\n'}
[71.707843] (dobot_msgs_v3) StdoutLine: {'line': b'-- Installing: /home/huahai/dobot_ws/install/dobot_msgs_v3/include/dobot_msgs_v3/dobot_msgs_v3/srv/detail/rel_mov_l__functions.c\n'}
[71.707893] (dobot_msgs_v3) StdoutLine: {'line': b'-- Installing: /home/huahai/dobot_ws/install/dobot_msgs_v3/include/dobot_msgs_v3/dobot_msgs_v3/srv/detail/start_trace__functions.h\n'}
[71.707924] (dobot_msgs_v3) StdoutLine: {'line': b'-- Installing: /home/huahai/dobot_ws/install/dobot_msgs_v3/include/dobot_msgs_v3/dobot_msgs_v3/srv/detail/get_in_regs__functions.h\n'}
[71.707956] (dobot_msgs_v3) StdoutLine: {'line': b'-- Installing: /home/huahai/dobot_ws/install/dobot_msgs_v3/include/dobot_msgs_v3/dobot_msgs_v3/srv/detail/brake_control__functions.c\n'}
[71.707985] (dobot_msgs_v3) StdoutLine: {'line': b'-- Installing: /home/huahai/dobot_ws/install/dobot_msgs_v3/include/dobot_msgs_v3/dobot_msgs_v3/srv/detail/do__type_support.h\n'}
[71.708015] (dobot_msgs_v3) StdoutLine: {'line': b'-- Installing: /home/huahai/dobot_ws/install/dobot_msgs_v3/include/dobot_msgs_v3/dobot_msgs_v3/srv/detail/power_on__type_support.h\n'}
[71.708045] (dobot_msgs_v3) StdoutLine: {'line': b'-- Installing: /home/huahai/dobot_ws/install/dobot_msgs_v3/include/dobot_msgs_v3/dobot_msgs_v3/srv/detail/load_switch__type_support.h\n'}
[71.708075] (dobot_msgs_v3) StdoutLine: {'line': b'-- Installing: /home/huahai/dobot_ws/install/dobot_msgs_v3/include/dobot_msgs_v3/dobot_msgs_v3/srv/detail/rel_joint_mov_j__functions.c\n'}
[71.708104] (dobot_msgs_v3) StdoutLine: {'line': b'-- Installing: /home/huahai/dobot_ws/install/dobot_msgs_v3/include/dobot_msgs_v3/dobot_msgs_v3/srv/detail/circle__struct.h\n'}
[71.708133] (dobot_msgs_v3) StdoutLine: {'line': b'-- Installing: /home/huahai/dobot_ws/install/dobot_msgs_v3/include/dobot_msgs_v3/dobot_msgs_v3/srv/detail/load_switch__struct.h\n'}
[71.708163] (dobot_msgs_v3) StdoutLine: {'line': b'-- Installing: /home/huahai/dobot_ws/install/dobot_msgs_v3/include/dobot_msgs_v3/dobot_msgs_v3/srv/detail/sync__functions.c\n'}
[71.708192] (dobot_msgs_v3) StdoutLine: {'line': b'-- Installing: /home/huahai/dobot_ws/install/dobot_msgs_v3/include/dobot_msgs_v3/dobot_msgs_v3/srv/detail/get_in_bits__type_support.h\n'}
[71.708251] (dobot_msgs_v3) StdoutLine: {'line': b'-- Installing: /home/huahai/dobot_ws/install/dobot_msgs_v3/include/dobot_msgs_v3/dobot_msgs_v3/srv/detail/servo_p__struct.h\n'}
[71.708288] (dobot_msgs_v3) StdoutLine: {'line': b'-- Installing: /home/huahai/dobot_ws/install/dobot_msgs_v3/include/dobot_msgs_v3/dobot_msgs_v3/srv/detail/servo_j__struct.h\n'}
[71.708337] (dobot_msgs_v3) StdoutLine: {'line': b'-- Installing: /home/huahai/dobot_ws/install/dobot_msgs_v3/include/dobot_msgs_v3/dobot_msgs_v3/srv/detail/digital_outputs__type_support.h\n'}
[71.708370] (dobot_msgs_v3) StdoutLine: {'line': b'-- Installing: /home/huahai/dobot_ws/install/dobot_msgs_v3/include/dobot_msgs_v3/dobot_msgs_v3/srv/detail/get_coils__functions.c\n'}
[71.708409] (dobot_msgs_v3) StdoutLine: {'line': b'-- Installing: /home/huahai/dobot_ws/install/dobot_msgs_v3/include/dobot_msgs_v3/dobot_msgs_v3/srv/detail/set_arm_orientation__functions.c\n'}
[71.708441] (dobot_msgs_v3) StdoutLine: {'line': b'-- Installing: /home/huahai/dobot_ws/install/dobot_msgs_v3/include/dobot_msgs_v3/dobot_msgs_v3/srv/detail/start_drag__type_support.h\n'}
[71.708480] (dobot_msgs_v3) StdoutLine: {'line': b'-- Installing: /home/huahai/dobot_ws/install/dobot_msgs_v3/include/dobot_msgs_v3/dobot_msgs_v3/srv/detail/tool_do_execute__functions.c\n'}
[71.708523] (dobot_msgs_v3) StdoutLine: {'line': b'-- Installing: /home/huahai/dobot_ws/install/dobot_msgs_v3/include/dobot_msgs_v3/dobot_msgs_v3/srv/detail/circle__type_support.h\n'}
[71.708564] (dobot_msgs_v3) StdoutLine: {'line': b'-- Installing: /home/huahai/dobot_ws/install/dobot_msgs_v3/include/dobot_msgs_v3/dobot_msgs_v3/srv/detail/get_in_bits__functions.c\n'}
[71.708594] (dobot_msgs_v3) StdoutLine: {'line': b'-- Installing: /home/huahai/dobot_ws/install/dobot_msgs_v3/include/dobot_msgs_v3/dobot_msgs_v3/srv/detail/set_obstacle_avoid__struct.h\n'}
[71.708636] (dobot_msgs_v3) StdoutLine: {'line': b'-- Installing: /home/huahai/dobot_ws/install/dobot_msgs_v3/include/dobot_msgs_v3/dobot_msgs_v3/srv/detail/rel_mov_l__type_support.h\n'}
[71.708694] (dobot_msgs_v3) StdoutLine: {'line': b'-- Installing: /home/huahai/dobot_ws/install/dobot_msgs_v3/include/dobot_msgs_v3/dobot_msgs_v3/srv/detail/start_trace__functions.c\n'}
[71.708733] (dobot_msgs_v3) StdoutLine: {'line': b'-- Installing: /home/huahai/dobot_ws/install/dobot_msgs_v3/include/dobot_msgs_v3/dobot_msgs_v3/srv/detail/set_payload__type_support.h\n'}
[71.708860] (dobot_msgs_v3) StdoutLine: {'line': b'-- Installing: /home/huahai/dobot_ws/install/dobot_msgs_v3/include/dobot_msgs_v3/dobot_msgs_v3/srv/detail/tool_di__functions.c\n'}
[71.708912] (dobot_msgs_v3) StdoutLine: {'line': b'-- Installing: /home/huahai/dobot_ws/install/dobot_msgs_v3/include/dobot_msgs_v3/dobot_msgs_v3/srv/detail/rel_mov_j__functions.h\n'}
[71.708965] (dobot_msgs_v3) StdoutLine: {'line': b'-- Installing: /home/huahai/dobot_ws/install/dobot_msgs_v3/include/dobot_msgs_v3/dobot_msgs_v3/srv/detail/get_hold_regs__type_support.h\n'}
[71.708999] (dobot_msgs_v3) StdoutLine: {'line': b'-- Installing: /home/huahai/dobot_ws/install/dobot_msgs_v3/include/dobot_msgs_v3/dobot_msgs_v3/srv/detail/start_fc_trace__struct.h\n'}
[71.709041] (dobot_msgs_v3) StdoutLine: {'line': b'-- Installing: /home/huahai/dobot_ws/install/dobot_msgs_v3/include/dobot_msgs_v3/dobot_msgs_v3/srv/detail/rel_mov_l_tool__functions.h\n'}
[71.709103] (dobot_msgs_v3) StdoutLine: {'line': b'-- Installing: /home/huahai/dobot_ws/install/dobot_msgs_v3/include/dobot_msgs_v3/dobot_msgs_v3/srv/detail/reset_robot__type_support.h\n'}
[71.709134] (dobot_msgs_v3) StdoutLine: {'line': b'-- Installing: /home/huahai/dobot_ws/install/dobot_msgs_v3/include/dobot_msgs_v3/dobot_msgs_v3/srv/detail/ao_execute__type_support.h\n'}
[71.709186] (dobot_msgs_v3) StdoutLine: {'line': b'-- Installing: /home/huahai/dobot_ws/install/dobot_msgs_v3/include/dobot_msgs_v3/dobot_msgs_v3/srv/detail/do_group__struct.h\n'}
[71.709261] (dobot_msgs_v3) StdoutLine: {'line': b'-- Installing: /home/huahai/dobot_ws/install/dobot_msgs_v3/include/dobot_msgs_v3/dobot_msgs_v3/srv/detail/get_pose__functions.c\n'}
[71.709329] (dobot_msgs_v3) StdoutLine: {'line': b'-- Installing: /home/huahai/dobot_ws/install/dobot_msgs_v3/include/dobot_msgs_v3/dobot_msgs_v3/srv/detail/start_fc_trace__functions.h\n'}
[71.709417] (dobot_msgs_v3) StdoutLine: {'line': b'-- Installing: /home/huahai/dobot_ws/install/dobot_msgs_v3/include/dobot_msgs_v3/dobot_msgs_v3/srv/detail/start_fc_trace__type_support.h\n'}
[71.709477] (dobot_msgs_v3) StdoutLine: {'line': b'-- Installing: /home/huahai/dobot_ws/install/dobot_msgs_v3/include/dobot_msgs_v3/dobot_msgs_v3/srv/detail/mov_lio__struct.h\n'}
[71.709566] (dobot_msgs_v3) StdoutLine: {'line': b'-- Installing: /home/huahai/dobot_ws/install/dobot_msgs_v3/include/dobot_msgs_v3/dobot_msgs_v3/srv/detail/tool__type_support.h\n'}
[71.709634] (dobot_msgs_v3) StdoutLine: {'line': b'-- Installing: /home/huahai/dobot_ws/install/dobot_msgs_v3/include/dobot_msgs_v3/dobot_msgs_v3/srv/detail/reset_robot__struct.h\n'}
[71.709698] (dobot_msgs_v3) StdoutLine: {'line': b'-- Installing: /home/huahai/dobot_ws/install/dobot_msgs_v3/include/dobot_msgs_v3/dobot_msgs_v3/srv/detail/rel_mov_j__type_support.h\n'}
[71.709797] (dobot_msgs_v3) StdoutLine: {'line': b'-- Installing: /home/huahai/dobot_ws/install/dobot_msgs_v3/include/dobot_msgs_v3/dobot_msgs_v3/srv/detail/modbus_create__struct.h\n'}
[71.709893] (dobot_msgs_v3) StdoutLine: {'line': b'-- Installing: /home/huahai/dobot_ws/install/dobot_msgs_v3/include/dobot_msgs_v3/dobot_msgs_v3/srv/detail/modbus_create__type_support.h\n'}
[71.710124] (dobot_msgs_v3) StdoutLine: {'line': b'-- Installing: /home/huahai/dobot_ws/install/dobot_msgs_v3/include/dobot_msgs_v3/dobot_msgs_v3/srv/detail/modbus_close__functions.c\n'}
[71.710162] (dobot_msgs_v3) StdoutLine: {'line': b'-- Installing: /home/huahai/dobot_ws/install/dobot_msgs_v3/include/dobot_msgs_v3/dobot_msgs_v3/srv/detail/acc_j__struct.h\n'}
[71.710312] (dobot_msgs_v3) StdoutLine: {'line': b'-- Installing: /home/huahai/dobot_ws/install/dobot_msgs_v3/include/dobot_msgs_v3/dobot_msgs_v3/srv/detail/lim_z__functions.c\n'}
[71.710410] (dobot_msgs_v3) StdoutLine: {'line': b'-- Installing: /home/huahai/dobot_ws/install/dobot_msgs_v3/include/dobot_msgs_v3/dobot_msgs_v3/srv/detail/tool_do__struct.h\n'}
[71.710450] (dobot_msgs_v3) StdoutLine: {'line': b'-- Installing: /home/huahai/dobot_ws/install/dobot_msgs_v3/include/dobot_msgs_v3/dobot_msgs_v3/srv/detail/set_collision_level__struct.h\n'}
[71.710567] (dobot_msgs_v3) StdoutLine: {'line': b'-- Installing: /home/huahai/dobot_ws/install/dobot_msgs_v3/include/dobot_msgs_v3/dobot_msgs_v3/srv/detail/mov_jio__type_support.h\n'}
[71.710647] (dobot_msgs_v3) StdoutLine: {'line': b'-- Installing: /home/huahai/dobot_ws/install/dobot_msgs_v3/include/dobot_msgs_v3/dobot_msgs_v3/srv/detail/do__struct.h\n'}
[71.710921] (dobot_msgs_v3) StdoutLine: {'line': b'-- Installing: /home/huahai/dobot_ws/install/dobot_msgs_v3/include/dobot_msgs_v3/dobot_msgs_v3/srv/detail/sync_all__functions.h\n'}
[71.710965] (dobot_msgs_v3) StdoutLine: {'line': b'-- Installing: /home/huahai/dobot_ws/install/dobot_msgs_v3/include/dobot_msgs_v3/dobot_msgs_v3/srv/detail/emergency_stop__type_support.h\n'}
[71.710997] (dobot_msgs_v3) StdoutLine: {'line': b'-- Installing: /home/huahai/dobot_ws/install/dobot_msgs_v3/include/dobot_msgs_v3/dobot_msgs_v3/srv/detail/modbus_create__functions.c\n'}
[71.711062] (dobot_msgs_v3) StdoutLine: {'line': b'-- Installing: /home/huahai/dobot_ws/install/dobot_msgs_v3/include/dobot_msgs_v3/dobot_msgs_v3/srv/detail/set_hold_regs__functions.h\n'}
[71.711196] (dobot_msgs_v3) StdoutLine: {'line': b'-- Installing: /home/huahai/dobot_ws/install/dobot_msgs_v3/include/dobot_msgs_v3/dobot_msgs_v3/srv/detail/mov_l__functions.h\n'}
[71.711252] (dobot_msgs_v3) StdoutLine: {'line': b'-- Installing: /home/huahai/dobot_ws/install/dobot_msgs_v3/include/dobot_msgs_v3/dobot_msgs_v3/srv/detail/stopmove_jog__functions.c\n'}
[71.711298] (dobot_msgs_v3) StdoutLine: {'line': b'-- Installing: /home/huahai/dobot_ws/install/dobot_msgs_v3/include/dobot_msgs_v3/dobot_msgs_v3/srv/detail/sync_all__type_support.h\n'}
[71.711346] (dobot_msgs_v3) StdoutLine: {'line': b'-- Installing: /home/huahai/dobot_ws/install/dobot_msgs_v3/include/dobot_msgs_v3/dobot_msgs_v3/srv/detail/pay_load__functions.c\n'}
[71.711381] (dobot_msgs_v3) StdoutLine: {'line': b'-- Installing: /home/huahai/dobot_ws/install/dobot_msgs_v3/include/dobot_msgs_v3/dobot_msgs_v3/srv/detail/sync_all__struct.h\n'}
[71.711423] (dobot_msgs_v3) StdoutLine: {'line': b'-- Installing: /home/huahai/dobot_ws/install/dobot_msgs_v3/include/dobot_msgs_v3/dobot_msgs_v3/srv/detail/get_coils__struct.h\n'}
[71.711470] (dobot_msgs_v3) StdoutLine: {'line': b'-- Installing: /home/huahai/dobot_ws/install/dobot_msgs_v3/include/dobot_msgs_v3/dobot_msgs_v3/srv/detail/move_jog__functions.c\n'}
[71.711520] (dobot_msgs_v3) StdoutLine: {'line': b'-- Installing: /home/huahai/dobot_ws/install/dobot_msgs_v3/include/dobot_msgs_v3/dobot_msgs_v3/srv/detail/pause_script__functions.c\n'}
[71.711617] (dobot_msgs_v3) StdoutLine: {'line': b'-- Installing: /home/huahai/dobot_ws/install/dobot_msgs_v3/include/dobot_msgs_v3/dobot_msgs_v3/srv/detail/cp__struct.h\n'}
[71.711686] (dobot_msgs_v3) StdoutLine: {'line': b'-- Installing: /home/huahai/dobot_ws/install/dobot_msgs_v3/include/dobot_msgs_v3/dobot_msgs_v3/srv/detail/speed_factor__functions.c\n'}
[71.711759] (dobot_msgs_v3) StdoutLine: {'line': b'-- Installing: /home/huahai/dobot_ws/install/dobot_msgs_v3/include/dobot_msgs_v3/dobot_msgs_v3/srv/detail/speed_factor__type_support.h\n'}
[71.711848] (dobot_msgs_v3) StdoutLine: {'line': b'-- Installing: /home/huahai/dobot_ws/install/dobot_msgs_v3/include/dobot_msgs_v3/dobot_msgs_v3/srv/detail/enable_robot__type_support.h\n'}
[71.711911] (dobot_msgs_v3) StdoutLine: {'line': b'-- Installing: /home/huahai/dobot_ws/install/dobot_msgs_v3/include/dobot_msgs_v3/dobot_msgs_v3/srv/detail/rel_mov_j_tool__struct.h\n'}
[71.711991] (dobot_msgs_v3) StdoutLine: {'line': b'-- Installing: /home/huahai/dobot_ws/install/dobot_msgs_v3/include/dobot_msgs_v3/dobot_msgs_v3/srv/detail/modbus_close__struct.h\n'}
[71.712055] (dobot_msgs_v3) StdoutLine: {'line': b'-- Installing: /home/huahai/dobot_ws/install/dobot_msgs_v3/include/dobot_msgs_v3/dobot_msgs_v3/srv/detail/speed_l__struct.h\n'}
[71.712134] (dobot_msgs_v3) StdoutLine: {'line': b'-- Installing: /home/huahai/dobot_ws/install/dobot_msgs_v3/include/dobot_msgs_v3/dobot_msgs_v3/srv/detail/set_coils__type_support.h\n'}
[71.712196] (dobot_msgs_v3) StdoutLine: {'line': b'-- Installing: /home/huahai/dobot_ws/install/dobot_msgs_v3/include/dobot_msgs_v3/dobot_msgs_v3/srv/detail/servo_j__type_support.h\n'}
[71.712306] (dobot_msgs_v3) StdoutLine: {'line': b'-- Installing: /home/huahai/dobot_ws/install/dobot_msgs_v3/include/dobot_msgs_v3/dobot_msgs_v3/srv/detail/get_angle__type_support.h\n'}
[71.712395] (dobot_msgs_v3) StdoutLine: {'line': b'-- Installing: /home/huahai/dobot_ws/install/dobot_msgs_v3/include/dobot_msgs_v3/dobot_msgs_v3/srv/detail/mov_l__type_support.h\n'}
[71.712438] (dobot_msgs_v3) StdoutLine: {'line': b'-- Installing: /home/huahai/dobot_ws/install/dobot_msgs_v3/include/dobot_msgs_v3/dobot_msgs_v3/srv/detail/set_safe_skin__functions.h\n'}
[71.712487] (dobot_msgs_v3) StdoutLine: {'line': b'-- Installing: /home/huahai/dobot_ws/install/dobot_msgs_v3/include/dobot_msgs_v3/dobot_msgs_v3/srv/detail/power_on__struct.h\n'}
[71.712537] (dobot_msgs_v3) StdoutLine: {'line': b'-- Installing: /home/huahai/dobot_ws/install/dobot_msgs_v3/include/dobot_msgs_v3/dobot_msgs_v3/srv/detail/set_coils__struct.h\n'}
[71.712698] (dobot_msgs_v3) StdoutLine: {'line': b'-- Installing: /home/huahai/dobot_ws/install/dobot_msgs_v3/include/dobot_msgs_v3/dobot_msgs_v3/srv/detail/inverse_solution__functions.c\n'}
[71.712779] (dobot_msgs_v3) StdoutLine: {'line': b'-- Installing: /home/huahai/dobot_ws/install/dobot_msgs_v3/include/dobot_msgs_v3/dobot_msgs_v3/srv/detail/sync__type_support.h\n'}
[71.712891] (dobot_msgs_v3) StdoutLine: {'line': b'-- Installing: /home/huahai/dobot_ws/install/dobot_msgs_v3/include/dobot_msgs_v3/dobot_msgs_v3/srv/detail/stopmove_jog__functions.h\n'}
[71.712998] (dobot_msgs_v3) StdoutLine: {'line': b'-- Installing: /home/huahai/dobot_ws/install/dobot_msgs_v3/include/dobot_msgs_v3/dobot_msgs_v3/srv/detail/start_trace__struct.h\n'}
[71.713062] (dobot_msgs_v3) StdoutLine: {'line': b'-- Installing: /home/huahai/dobot_ws/install/dobot_msgs_v3/include/dobot_msgs_v3/dobot_msgs_v3/srv/detail/clear_error__functions.c\n'}
[71.713171] (dobot_msgs_v3) StdoutLine: {'line': b'-- Installing: /home/huahai/dobot_ws/install/dobot_msgs_v3/include/dobot_msgs_v3/dobot_msgs_v3/srv/detail/set_collision_level__functions.h\n'}
[71.713284] (dobot_msgs_v3) StdoutLine: {'line': b'-- Installing: /home/huahai/dobot_ws/install/dobot_msgs_v3/include/dobot_msgs_v3/dobot_msgs_v3/srv/detail/mov_j__struct.h\n'}
[71.713356] (dobot_msgs_v3) StdoutLine: {'line': b'-- Installing: /home/huahai/dobot_ws/install/dobot_msgs_v3/include/dobot_msgs_v3/dobot_msgs_v3/srv/detail/move_jog__type_support.h\n'}
[71.713405] (dobot_msgs_v3) StdoutLine: {'line': b'-- Installing: /home/huahai/dobot_ws/install/dobot_msgs_v3/include/dobot_msgs_v3/dobot_msgs_v3/srv/detail/mov_lio__functions.h\n'}
[71.713517] (dobot_msgs_v3) StdoutLine: {'line': b'-- Installing: /home/huahai/dobot_ws/install/dobot_msgs_v3/include/dobot_msgs_v3/dobot_msgs_v3/srv/detail/mov_j__functions.h\n'}
[71.713599] (dobot_msgs_v3) StdoutLine: {'line': b'-- Installing: /home/huahai/dobot_ws/install/dobot_msgs_v3/include/dobot_msgs_v3/dobot_msgs_v3/srv/detail/do_execute__functions.h\n'}
[71.713678] (dobot_msgs_v3) StdoutLine: {'line': b'-- Installing: /home/huahai/dobot_ws/install/dobot_msgs_v3/include/dobot_msgs_v3/dobot_msgs_v3/srv/detail/get_in_bits__struct.h\n'}
[71.713734] (dobot_msgs_v3) StdoutLine: {'line': b'-- Installing: /home/huahai/dobot_ws/install/dobot_msgs_v3/include/dobot_msgs_v3/dobot_msgs_v3/srv/detail/speed_j__functions.c\n'}
[71.713836] (dobot_msgs_v3) StdoutLine: {'line': b'-- Installing: /home/huahai/dobot_ws/install/dobot_msgs_v3/include/dobot_msgs_v3/dobot_msgs_v3/srv/detail/run_script__functions.h\n'}
[71.713900] (dobot_msgs_v3) StdoutLine: {'line': b'-- Installing: /home/huahai/dobot_ws/install/dobot_msgs_v3/include/dobot_msgs_v3/dobot_msgs_v3/srv/detail/lim_z__struct.h\n'}
[71.713979] (dobot_msgs_v3) StdoutLine: {'line': b'-- Installing: /home/huahai/dobot_ws/install/dobot_msgs_v3/include/dobot_msgs_v3/dobot_msgs_v3/srv/detail/enable_robot__functions.h\n'}
[71.714058] (dobot_msgs_v3) StdoutLine: {'line': b'-- Installing: /home/huahai/dobot_ws/install/dobot_msgs_v3/include/dobot_msgs_v3/dobot_msgs_v3/srv/detail/pause_script__struct.h\n'}
[71.714124] (dobot_msgs_v3) StdoutLine: {'line': b'-- Installing: /home/huahai/dobot_ws/install/dobot_msgs_v3/include/dobot_msgs_v3/dobot_msgs_v3/srv/detail/disable_robot__struct.h\n'}
[71.714459] (dobot_msgs_v3) StdoutLine: {'line': b'-- Installing: /home/huahai/dobot_ws/install/dobot_msgs_v3/include/dobot_msgs_v3/dobot_msgs_v3/srv/detail/digital_outputs__struct.h\n'}
[71.714548] (dobot_msgs_v3) StdoutLine: {'line': b'-- Installing: /home/huahai/dobot_ws/install/dobot_msgs_v3/include/dobot_msgs_v3/dobot_msgs_v3/srv/detail/arch__functions.c\n'}
[71.714601] (dobot_msgs_v3) StdoutLine: {'line': b'-- Installing: /home/huahai/dobot_ws/install/dobot_msgs_v3/include/dobot_msgs_v3/dobot_msgs_v3/srv/detail/rel_joint_mov_j__type_support.h\n'}
[71.714705] (dobot_msgs_v3) StdoutLine: {'line': b'-- Installing: /home/huahai/dobot_ws/install/dobot_msgs_v3/include/dobot_msgs_v3/dobot_msgs_v3/srv/detail/set_coils__functions.h\n'}
[71.714799] (dobot_msgs_v3) StdoutLine: {'line': b'-- Installing: /home/huahai/dobot_ws/install/dobot_msgs_v3/include/dobot_msgs_v3/dobot_msgs_v3/srv/detail/mov_l__struct.h\n'}
[71.714855] (dobot_msgs_v3) StdoutLine: {'line': b'-- Installing: /home/huahai/dobot_ws/install/dobot_msgs_v3/include/dobot_msgs_v3/dobot_msgs_v3/srv/detail/di__type_support.h\n'}
[71.714897] (dobot_msgs_v3) StdoutLine: {'line': b'-- Installing: /home/huahai/dobot_ws/install/dobot_msgs_v3/include/dobot_msgs_v3/dobot_msgs_v3/srv/detail/pay_load__type_support.h\n'}
[71.714981] (dobot_msgs_v3) StdoutLine: {'line': b'-- Installing: /home/huahai/dobot_ws/install/dobot_msgs_v3/include/dobot_msgs_v3/dobot_msgs_v3/srv/detail/do_execute__type_support.h\n'}
[71.715050] (dobot_msgs_v3) StdoutLine: {'line': b'-- Installing: /home/huahai/dobot_ws/install/dobot_msgs_v3/include/dobot_msgs_v3/dobot_msgs_v3/srv/detail/speed_j__functions.h\n'}
[71.715146] (dobot_msgs_v3) StdoutLine: {'line': b'-- Installing: /home/huahai/dobot_ws/install/dobot_msgs_v3/include/dobot_msgs_v3/dobot_msgs_v3/srv/detail/mov_jio__struct.h\n'}
[71.715220] (dobot_msgs_v3) StdoutLine: {'line': b'-- Installing: /home/huahai/dobot_ws/install/dobot_msgs_v3/include/dobot_msgs_v3/dobot_msgs_v3/srv/detail/rel_mov_l_tool__struct.h\n'}
[71.715271] (dobot_msgs_v3) StdoutLine: {'line': b'-- Installing: /home/huahai/dobot_ws/install/dobot_msgs_v3/include/dobot_msgs_v3/dobot_msgs_v3/srv/detail/circle__functions.c\n'}
[71.715393] (dobot_msgs_v3) StdoutLine: {'line': b'-- Installing: /home/huahai/dobot_ws/install/dobot_msgs_v3/include/dobot_msgs_v3/dobot_msgs_v3/srv/detail/emergency_stop__functions.c\n'}
[71.715598] (dobot_msgs_v3) StdoutLine: {'line': b'-- Installing: /home/huahai/dobot_ws/install/dobot_msgs_v3/include/dobot_msgs_v3/dobot_msgs_v3/srv/detail/move_jog__struct.h\n'}
[71.715756] (dobot_msgs_v3) StdoutLine: {'line': b'-- Installing: /home/huahai/dobot_ws/install/dobot_msgs_v3/include/dobot_msgs_v3/dobot_msgs_v3/srv/detail/servo_p__functions.c\n'}
[71.715864] (dobot_msgs_v3) StdoutLine: {'line': b'-- Installing: /home/huahai/dobot_ws/install/dobot_msgs_v3/include/dobot_msgs_v3/dobot_msgs_v3/srv/detail/mov_j_ext__functions.h\n'}
[71.715928] (dobot_msgs_v3) StdoutLine: {'line': b'-- Installing: /home/huahai/dobot_ws/install/dobot_msgs_v3/include/dobot_msgs_v3/dobot_msgs_v3/srv/detail/speed_l__type_support.h\n'}
[71.716040] (dobot_msgs_v3) StdoutLine: {'line': b'-- Installing: /home/huahai/dobot_ws/install/dobot_msgs_v3/include/dobot_msgs_v3/dobot_msgs_v3/srv/detail/rel_mov_l_user__functions.h\n'}
[71.716110] (dobot_msgs_v3) StdoutLine: {'line': b'-- Installing: /home/huahai/dobot_ws/install/dobot_msgs_v3/include/dobot_msgs_v3/dobot_msgs_v3/srv/detail/tool_di__type_support.h\n'}
[71.716164] (dobot_msgs_v3) StdoutLine: {'line': b'-- Installing: /home/huahai/dobot_ws/install/dobot_msgs_v3/include/dobot_msgs_v3/dobot_msgs_v3/srv/detail/arc__functions.h\n'}
[71.716212] (dobot_msgs_v3) StdoutLine: {'line': b'-- Installing: /home/huahai/dobot_ws/install/dobot_msgs_v3/include/dobot_msgs_v3/dobot_msgs_v3/srv/detail/joint_mov_j__functions.c\n'}
[71.716309] (dobot_msgs_v3) StdoutLine: {'line': b'-- Installing: /home/huahai/dobot_ws/install/dobot_msgs_v3/include/dobot_msgs_v3/dobot_msgs_v3/srv/detail/ao_execute__functions.c\n'}
[71.716380] (dobot_msgs_v3) StdoutLine: {'line': b'-- Installing: /home/huahai/dobot_ws/install/dobot_msgs_v3/include/dobot_msgs_v3/dobot_msgs_v3/srv/detail/set_obstacle_avoid__type_support.h\n'}
[71.716431] (dobot_msgs_v3) StdoutLine: {'line': b'-- Installing: /home/huahai/dobot_ws/install/dobot_msgs_v3/include/dobot_msgs_v3/dobot_msgs_v3/srv/detail/servo_j__functions.c\n'}
[71.716514] (dobot_msgs_v3) StdoutLine: {'line': b'-- Installing: /home/huahai/dobot_ws/install/dobot_msgs_v3/include/dobot_msgs_v3/dobot_msgs_v3/srv/detail/mov_jio__functions.h\n'}
[71.716574] (dobot_msgs_v3) StdoutLine: {'line': b'-- Installing: /home/huahai/dobot_ws/install/dobot_msgs_v3/include/dobot_msgs_v3/dobot_msgs_v3/srv/detail/rel_mov_j__struct.h\n'}
[71.716646] (dobot_msgs_v3) StdoutLine: {'line': b'-- Installing: /home/huahai/dobot_ws/install/dobot_msgs_v3/include/dobot_msgs_v3/dobot_msgs_v3/srv/detail/set_arm_orientation__struct.h\n'}
[71.716702] (dobot_msgs_v3) StdoutLine: {'line': b'-- Installing: /home/huahai/dobot_ws/install/dobot_msgs_v3/include/dobot_msgs_v3/dobot_msgs_v3/srv/detail/get_pose__type_support.h\n'}
[71.716768] (dobot_msgs_v3) StdoutLine: {'line': b'-- Installing: /home/huahai/dobot_ws/install/dobot_msgs_v3/include/dobot_msgs_v3/dobot_msgs_v3/srv/detail/rel_mov_j__functions.c\n'}
[71.716848] (dobot_msgs_v3) StdoutLine: {'line': b'-- Installing: /home/huahai/dobot_ws/install/dobot_msgs_v3/include/dobot_msgs_v3/dobot_msgs_v3/srv/detail/modbus_close__functions.h\n'}
[71.717020] (dobot_msgs_v3) StdoutLine: {'line': b'-- Installing: /home/huahai/dobot_ws/install/dobot_msgs_v3/include/dobot_msgs_v3/dobot_msgs_v3/srv/detail/rel_joint_mov_j__struct.h\n'}
[71.717088] (dobot_msgs_v3) StdoutLine: {'line': b'-- Installing: /home/huahai/dobot_ws/install/dobot_msgs_v3/include/dobot_msgs_v3/dobot_msgs_v3/srv/detail/mov_jio__functions.c\n'}
[71.717139] (dobot_msgs_v3) StdoutLine: {'line': b'-- Installing: /home/huahai/dobot_ws/install/dobot_msgs_v3/include/dobot_msgs_v3/dobot_msgs_v3/srv/detail/jump__struct.h\n'}
[71.717186] (dobot_msgs_v3) StdoutLine: {'line': b'-- Installing: /home/huahai/dobot_ws/install/dobot_msgs_v3/include/dobot_msgs_v3/dobot_msgs_v3/srv/detail/tool_di__struct.h\n'}
[71.717232] (dobot_msgs_v3) StdoutLine: {'line': b'-- Installing: /home/huahai/dobot_ws/install/dobot_msgs_v3/include/dobot_msgs_v3/dobot_msgs_v3/srv/detail/set_safe_skin__type_support.h\n'}
[71.717282] (dobot_msgs_v3) StdoutLine: {'line': b'-- Installing: /home/huahai/dobot_ws/install/dobot_msgs_v3/include/dobot_msgs_v3/dobot_msgs_v3/srv/detail/jump__functions.h\n'}
[71.717428] (dobot_msgs_v3) StdoutLine: {'line': b'-- Installing: /home/huahai/dobot_ws/install/dobot_msgs_v3/include/dobot_msgs_v3/dobot_msgs_v3/srv/detail/arc__functions.c\n'}
[71.717502] (dobot_msgs_v3) StdoutLine: {'line': b'-- Installing: /home/huahai/dobot_ws/install/dobot_msgs_v3/include/dobot_msgs_v3/dobot_msgs_v3/srv/detail/continues__struct.h\n'}
[71.717550] (dobot_msgs_v3) StdoutLine: {'line': b'-- Installing: /home/huahai/dobot_ws/install/dobot_msgs_v3/include/dobot_msgs_v3/dobot_msgs_v3/srv/detail/stop_script__functions.h\n'}
[71.717589] (dobot_msgs_v3) StdoutLine: {'line': b'-- Installing: /home/huahai/dobot_ws/install/dobot_msgs_v3/include/dobot_msgs_v3/dobot_msgs_v3/srv/detail/pause__struct.h\n'}
[71.717659] (dobot_msgs_v3) StdoutLine: {'line': b'-- Installing: /home/huahai/dobot_ws/install/dobot_msgs_v3/include/dobot_msgs_v3/dobot_msgs_v3/srv/detail/jump__type_support.h\n'}
[71.717714] (dobot_msgs_v3) StdoutLine: {'line': b'-- Installing: /home/huahai/dobot_ws/install/dobot_msgs_v3/include/dobot_msgs_v3/dobot_msgs_v3/srv/detail/ao_execute__struct.h\n'}
[71.717784] (dobot_msgs_v3) StdoutLine: {'line': b'-- Installing: /home/huahai/dobot_ws/install/dobot_msgs_v3/include/dobot_msgs_v3/dobot_msgs_v3/srv/detail/user__type_support.h\n'}
[71.717844] (dobot_msgs_v3) StdoutLine: {'line': b'-- Installing: /home/huahai/dobot_ws/install/dobot_msgs_v3/include/dobot_msgs_v3/dobot_msgs_v3/srv/detail/mov_j_ext__type_support.h\n'}
[71.717910] (dobot_msgs_v3) StdoutLine: {'line': b'-- Installing: /home/huahai/dobot_ws/install/dobot_msgs_v3/include/dobot_msgs_v3/dobot_msgs_v3/srv/detail/set_hold_regs__type_support.h\n'}
[71.717974] (dobot_msgs_v3) StdoutLine: {'line': b'-- Installing: /home/huahai/dobot_ws/install/dobot_msgs_v3/include/dobot_msgs_v3/dobot_msgs_v3/srv/detail/brake_control__type_support.h\n'}
[71.718046] (dobot_msgs_v3) StdoutLine: {'line': b'-- Installing: /home/huahai/dobot_ws/install/dobot_msgs_v3/include/dobot_msgs_v3/dobot_msgs_v3/srv/detail/reset_robot__functions.h\n'}
[71.718162] (dobot_msgs_v3) StdoutLine: {'line': b'-- Installing: /home/huahai/dobot_ws/install/dobot_msgs_v3/include/dobot_msgs_v3/dobot_msgs_v3/srv/detail/servo_j__functions.h\n'}
[71.718256] (dobot_msgs_v3) StdoutLine: {'line': b'-- Installing: /home/huahai/dobot_ws/install/dobot_msgs_v3/include/dobot_msgs_v3/dobot_msgs_v3/srv/detail/brake_control__struct.h\n'}
[71.718305] (dobot_msgs_v3) StdoutLine: {'line': b'-- Installing: /home/huahai/dobot_ws/install/dobot_msgs_v3/include/dobot_msgs_v3/dobot_msgs_v3/srv/detail/tool_do__functions.c\n'}
[71.718358] (dobot_msgs_v3) StdoutLine: {'line': b'-- Installing: /home/huahai/dobot_ws/install/dobot_msgs_v3/include/dobot_msgs_v3/dobot_msgs_v3/srv/detail/set_safe_skin__struct.h\n'}
[71.718447] (dobot_msgs_v3) StdoutLine: {'line': b'-- Installing: /home/huahai/dobot_ws/install/dobot_msgs_v3/include/dobot_msgs_v3/dobot_msgs_v3/srv/detail/tool_do_execute__functions.h\n'}
[71.718518] (dobot_msgs_v3) StdoutLine: {'line': b'-- Installing: /home/huahai/dobot_ws/install/dobot_msgs_v3/include/dobot_msgs_v3/dobot_msgs_v3/srv/detail/positive_solution__functions.c\n'}
[71.718564] (dobot_msgs_v3) StdoutLine: {'line': b'-- Installing: /home/huahai/dobot_ws/install/dobot_msgs_v3/include/dobot_msgs_v3/dobot_msgs_v3/srv/detail/stop_script__type_support.h\n'}
[71.718640] (dobot_msgs_v3) StdoutLine: {'line': b'-- Installing: /home/huahai/dobot_ws/install/dobot_msgs_v3/include/dobot_msgs_v3/dobot_msgs_v3/srv/detail/robot_mode__functions.c\n'}
[71.718720] (dobot_msgs_v3) StdoutLine: {'line': b'-- Installing: /home/huahai/dobot_ws/install/dobot_msgs_v3/include/dobot_msgs_v3/dobot_msgs_v3/srv/detail/mov_j_ext__struct.h\n'}
[71.718798] (dobot_msgs_v3) StdoutLine: {'line': b'-- Installing: /home/huahai/dobot_ws/install/dobot_msgs_v3/include/dobot_msgs_v3/dobot_msgs_v3/srv/detail/brake_control__functions.h\n'}
[71.718882] (dobot_msgs_v3) StdoutLine: {'line': b'-- Installing: /home/huahai/dobot_ws/install/dobot_msgs_v3/include/dobot_msgs_v3/dobot_msgs_v3/srv/detail/rel_mov_j_user__functions.c\n'}
[71.718967] (dobot_msgs_v3) StdoutLine: {'line': b'-- Installing: /home/huahai/dobot_ws/install/dobot_msgs_v3/include/dobot_msgs_v3/dobot_msgs_v3/srv/detail/get_error_id__type_support.h\n'}
[71.719028] (dobot_msgs_v3) StdoutLine: {'line': b'-- Installing: /home/huahai/dobot_ws/install/dobot_msgs_v3/include/dobot_msgs_v3/dobot_msgs_v3/srv/detail/acc_l__type_support.h\n'}
[71.719144] (dobot_msgs_v3) StdoutLine: {'line': b'-- Installing: /home/huahai/dobot_ws/install/dobot_msgs_v3/include/dobot_msgs_v3/dobot_msgs_v3/srv/detail/get_in_bits__functions.h\n'}
[71.719234] (dobot_msgs_v3) StdoutLine: {'line': b'-- Installing: /home/huahai/dobot_ws/install/dobot_msgs_v3/include/dobot_msgs_v3/dobot_msgs_v3/srv/detail/sync__functions.h\n'}
[71.719270] (dobot_msgs_v3) StdoutLine: {'line': b'-- Installing: /home/huahai/dobot_ws/install/dobot_msgs_v3/include/dobot_msgs_v3/dobot_msgs_v3/srv/detail/run_script__functions.c\n'}
[71.719319] (dobot_msgs_v3) StdoutLine: {'line': b'-- Installing: /home/huahai/dobot_ws/install/dobot_msgs_v3/include/dobot_msgs_v3/dobot_msgs_v3/srv/detail/rel_mov_l__functions.h\n'}
[71.719417] (dobot_msgs_v3) StdoutLine: {'line': b'-- Installing: /home/huahai/dobot_ws/install/dobot_msgs_v3/include/dobot_msgs_v3/dobot_msgs_v3/srv/detail/robot_mode__functions.h\n'}
[71.719486] (dobot_msgs_v3) StdoutLine: {'line': b'-- Installing: /home/huahai/dobot_ws/install/dobot_msgs_v3/include/dobot_msgs_v3/dobot_msgs_v3/srv/detail/wait__functions.h\n'}
[71.719561] (dobot_msgs_v3) StdoutLine: {'line': b'-- Installing: /home/huahai/dobot_ws/install/dobot_msgs_v3/include/dobot_msgs_v3/dobot_msgs_v3/srv/detail/speed_l__functions.c\n'}
[71.719639] (dobot_msgs_v3) StdoutLine: {'line': b'-- Installing: /home/huahai/dobot_ws/install/dobot_msgs_v3/include/dobot_msgs_v3/dobot_msgs_v3/srv/detail/robot_mode__struct.h\n'}
[71.719698] (dobot_msgs_v3) StdoutLine: {'line': b'-- Installing: /home/huahai/dobot_ws/install/dobot_msgs_v3/include/dobot_msgs_v3/dobot_msgs_v3/srv/detail/set_payload__functions.h\n'}
[71.719778] (dobot_msgs_v3) StdoutLine: {'line': b'-- Installing: /home/huahai/dobot_ws/install/dobot_msgs_v3/include/dobot_msgs_v3/dobot_msgs_v3/srv/detail/di__functions.h\n'}
[71.719867] (dobot_msgs_v3) StdoutLine: {'line': b'-- Installing: /home/huahai/dobot_ws/install/dobot_msgs_v3/include/dobot_msgs_v3/dobot_msgs_v3/srv/detail/circle__functions.h\n'}
[71.719945] (dobot_msgs_v3) StdoutLine: {'line': b'-- Installing: /home/huahai/dobot_ws/install/dobot_msgs_v3/include/dobot_msgs_v3/dobot_msgs_v3/srv/detail/get_hold_regs__functions.c\n'}
[71.720034] (dobot_msgs_v3) StdoutLine: {'line': b'-- Installing: /home/huahai/dobot_ws/install/dobot_msgs_v3/include/dobot_msgs_v3/dobot_msgs_v3/srv/detail/acc_l__struct.h\n'}
[71.720092] (dobot_msgs_v3) StdoutLine: {'line': b'-- Installing: /home/huahai/dobot_ws/install/dobot_msgs_v3/include/dobot_msgs_v3/dobot_msgs_v3/srv/detail/start_path__functions.c\n'}
[71.720180] (dobot_msgs_v3) StdoutLine: {'line': b'-- Installing: /home/huahai/dobot_ws/install/dobot_msgs_v3/include/dobot_msgs_v3/dobot_msgs_v3/srv/detail/get_hold_regs__struct.h\n'}
[71.720241] (dobot_msgs_v3) StdoutLine: {'line': b'-- Installing: /home/huahai/dobot_ws/install/dobot_msgs_v3/include/dobot_msgs_v3/dobot_msgs_v3/srv/detail/positive_solution__functions.h\n'}
[71.720357] (dobot_msgs_v3) StdoutLine: {'line': b'-- Installing: /home/huahai/dobot_ws/install/dobot_msgs_v3/include/dobot_msgs_v3/dobot_msgs_v3/srv/detail/arc__type_support.h\n'}
[71.720418] (dobot_msgs_v3) StdoutLine: {'line': b'-- Installing: /home/huahai/dobot_ws/install/dobot_msgs_v3/include/dobot_msgs_v3/dobot_msgs_v3/srv/detail/stop_drag__functions.h\n'}
[71.720494] (dobot_msgs_v3) StdoutLine: {'line': b'-- Installing: /home/huahai/dobot_ws/install/dobot_msgs_v3/include/dobot_msgs_v3/dobot_msgs_v3/srv/detail/run_script__type_support.h\n'}
[71.720550] (dobot_msgs_v3) StdoutLine: {'line': b'-- Installing: /home/huahai/dobot_ws/install/dobot_msgs_v3/include/dobot_msgs_v3/dobot_msgs_v3/srv/detail/continues__functions.c\n'}
[71.720634] (dobot_msgs_v3) StdoutLine: {'line': b'-- Installing: /home/huahai/dobot_ws/install/dobot_msgs_v3/include/dobot_msgs_v3/dobot_msgs_v3/srv/detail/stop_drag__type_support.h\n'}
[71.720693] (dobot_msgs_v3) StdoutLine: {'line': b'-- Installing: /home/huahai/dobot_ws/install/dobot_msgs_v3/include/dobot_msgs_v3/dobot_msgs_v3/srv/detail/inverse_solution__functions.h\n'}
[71.720770] (dobot_msgs_v3) StdoutLine: {'line': b'-- Installing: /home/huahai/dobot_ws/install/dobot_msgs_v3/include/dobot_msgs_v3/dobot_msgs_v3/srv/detail/inverse_solution__type_support.h\n'}
[71.720830] (dobot_msgs_v3) StdoutLine: {'line': b'-- Installing: /home/huahai/dobot_ws/install/dobot_msgs_v3/include/dobot_msgs_v3/dobot_msgs_v3/srv/detail/do_group__functions.c\n'}
[71.720911] (dobot_msgs_v3) StdoutLine: {'line': b'-- Installing: /home/huahai/dobot_ws/install/dobot_msgs_v3/include/dobot_msgs_v3/dobot_msgs_v3/srv/detail/rel_mov_l_tool__functions.c\n'}
[71.720993] (dobot_msgs_v3) StdoutLine: {'line': b'-- Installing: /home/huahai/dobot_ws/install/dobot_msgs_v3/include/dobot_msgs_v3/dobot_msgs_v3/srv/detail/ao__struct.h\n'}
[71.721057] (dobot_msgs_v3) StdoutLine: {'line': b'-- Installing: /home/huahai/dobot_ws/install/dobot_msgs_v3/include/dobot_msgs_v3/dobot_msgs_v3/srv/load_switch.h\n'}
[71.721167] (dobot_msgs_v3) StdoutLine: {'line': b'-- Installing: /home/huahai/dobot_ws/install/dobot_msgs_v3/include/dobot_msgs_v3/dobot_msgs_v3/srv/robot_mode.h\n'}
[71.721231] (dobot_msgs_v3) StdoutLine: {'line': b'-- Installing: /home/huahai/dobot_ws/install/dobot_msgs_v3/include/dobot_msgs_v3/dobot_msgs_v3/srv/do_execute.h\n'}
[71.721278] (dobot_msgs_v3) StdoutLine: {'line': b'-- Installing: /home/huahai/dobot_ws/install/dobot_msgs_v3/include/dobot_msgs_v3/dobot_msgs_v3/srv/stop_drag.h\n'}
[71.721399] (dobot_msgs_v3) StdoutLine: {'line': b'-- Installing: /home/huahai/dobot_ws/install/dobot_msgs_v3/include/dobot_msgs_v3/dobot_msgs_v3/srv/power_on.h\n'}
[71.721551] (dobot_msgs_v3) StdoutLine: {'line': b'-- Installing: /home/huahai/dobot_ws/install/dobot_msgs_v3/include/dobot_msgs_v3/dobot_msgs_v3/srv/get_pose.h\n'}
[71.721638] (dobot_msgs_v3) StdoutLine: {'line': b'-- Installing: /home/huahai/dobot_ws/install/dobot_msgs_v3/include/dobot_msgs_v3/dobot_msgs_v3/srv/rel_mov_l_tool.h\n'}
[71.721686] (dobot_msgs_v3) StdoutLine: {'line': b'-- Installing: /home/huahai/dobot_ws/install/dobot_msgs_v3/include/dobot_msgs_v3/dobot_msgs_v3/srv/get_coils.h\n'}
[71.721735] (dobot_msgs_v3) StdoutLine: {'line': b'-- Installing: /home/huahai/dobot_ws/install/dobot_msgs_v3/include/dobot_msgs_v3/dobot_msgs_v3/srv/start_fc_trace.h\n'}
[71.721854] (dobot_msgs_v3) StdoutLine: {'line': b'-- Installing: /home/huahai/dobot_ws/install/dobot_msgs_v3/include/dobot_msgs_v3/dobot_msgs_v3/srv/mov_lio.h\n'}
[71.721937] (dobot_msgs_v3) StdoutLine: {'line': b'-- Installing: /home/huahai/dobot_ws/install/dobot_msgs_v3/include/dobot_msgs_v3/dobot_msgs_v3/srv/do.h\n'}
[71.721981] (dobot_msgs_v3) StdoutLine: {'line': b'-- Installing: /home/huahai/dobot_ws/install/dobot_msgs_v3/include/dobot_msgs_v3/dobot_msgs_v3/srv/get_in_regs.h\n'}
[71.722031] (dobot_msgs_v3) StdoutLine: {'line': b'-- Installing: /home/huahai/dobot_ws/install/dobot_msgs_v3/include/dobot_msgs_v3/dobot_msgs_v3/srv/tool_do_execute.h\n'}
[71.722077] (dobot_msgs_v3) StdoutLine: {'line': b'-- Installing: /home/huahai/dobot_ws/install/dobot_msgs_v3/include/dobot_msgs_v3/dobot_msgs_v3/srv/pay_load.h\n'}
[71.722124] (dobot_msgs_v3) StdoutLine: {'line': b'-- Installing: /home/huahai/dobot_ws/install/dobot_msgs_v3/include/dobot_msgs_v3/dobot_msgs_v3/srv/tool_do.h\n'}
[71.722169] (dobot_msgs_v3) StdoutLine: {'line': b'-- Installing: /home/huahai/dobot_ws/install/dobot_msgs_v3/include/dobot_msgs_v3/dobot_msgs_v3/srv/cp.h\n'}
[71.722215] (dobot_msgs_v3) StdoutLine: {'line': b'-- Installing: /home/huahai/dobot_ws/install/dobot_msgs_v3/include/dobot_msgs_v3/dobot_msgs_v3/srv/get_in_bits.h\n'}
[71.722292] (dobot_msgs_v3) StdoutLine: {'line': b'-- Installing: /home/huahai/dobot_ws/install/dobot_msgs_v3/include/dobot_msgs_v3/dobot_msgs_v3/srv/continues.h\n'}
[71.722353] (dobot_msgs_v3) StdoutLine: {'line': b'-- Installing: /home/huahai/dobot_ws/install/dobot_msgs_v3/include/dobot_msgs_v3/dobot_msgs_v3/srv/tool.h\n'}
[71.722405] (dobot_msgs_v3) StdoutLine: {'line': b'-- Installing: /home/huahai/dobot_ws/install/dobot_msgs_v3/include/dobot_msgs_v3/dobot_msgs_v3/srv/set_collision_level.h\n'}
[71.722452] (dobot_msgs_v3) StdoutLine: {'line': b'-- Installing: /home/huahai/dobot_ws/install/dobot_msgs_v3/include/dobot_msgs_v3/dobot_msgs_v3/srv/speed_factor.h\n'}
[71.722524] (dobot_msgs_v3) StdoutLine: {'line': b'-- Installing: /home/huahai/dobot_ws/install/dobot_msgs_v3/include/dobot_msgs_v3/dobot_msgs_v3/srv/mov_l.h\n'}
[71.722585] (dobot_msgs_v3) StdoutLine: {'line': b'-- Installing: /home/huahai/dobot_ws/install/dobot_msgs_v3/include/dobot_msgs_v3/dobot_msgs_v3/srv/pause_script.h\n'}
[71.722636] (dobot_msgs_v3) StdoutLine: {'line': b'-- Installing: /home/huahai/dobot_ws/install/dobot_msgs_v3/include/dobot_msgs_v3/dobot_msgs_v3/srv/sync.h\n'}
[71.722688] (dobot_msgs_v3) StdoutLine: {'line': b'-- Installing: /home/huahai/dobot_ws/install/dobot_msgs_v3/include/dobot_msgs_v3/dobot_msgs_v3/srv/speed_l.h\n'}
[71.722756] (dobot_msgs_v3) StdoutLine: {'line': b'-- Installing: /home/huahai/dobot_ws/install/dobot_msgs_v3/include/dobot_msgs_v3/dobot_msgs_v3/srv/lim_z.h\n'}
[71.722817] (dobot_msgs_v3) StdoutLine: {'line': b'-- Installing: /home/huahai/dobot_ws/install/dobot_msgs_v3/include/dobot_msgs_v3/dobot_msgs_v3/srv/emergency_stop.h\n'}
[71.722882] (dobot_msgs_v3) StdoutLine: {'line': b'-- Installing: /home/huahai/dobot_ws/install/dobot_msgs_v3/include/dobot_msgs_v3/dobot_msgs_v3/srv/wait.h\n'}
[71.722930] (dobot_msgs_v3) StdoutLine: {'line': b'-- Installing: /home/huahai/dobot_ws/install/dobot_msgs_v3/include/dobot_msgs_v3/dobot_msgs_v3/srv/reset_robot.h\n'}
[71.722979] (dobot_msgs_v3) StdoutLine: {'line': b'-- Installing: /home/huahai/dobot_ws/install/dobot_msgs_v3/include/dobot_msgs_v3/dobot_msgs_v3/srv/inverse_solution.h\n'}
[71.723962] (dobot_msgs_v3) StdoutLine: {'line': b'-- Installing: /home/huahai/dobot_ws/install/dobot_msgs_v3/include/dobot_msgs_v3/dobot_msgs_v3/srv/pause.h\n'}
[71.724014] (dobot_msgs_v3) StdoutLine: {'line': b'-- Installing: /home/huahai/dobot_ws/install/dobot_msgs_v3/include/dobot_msgs_v3/dobot_msgs_v3/srv/continue_script.h\n'}
[71.724105] (dobot_msgs_v3) StdoutLine: {'line': b'-- Installing: /home/huahai/dobot_ws/install/dobot_msgs_v3/include/dobot_msgs_v3/dobot_msgs_v3/srv/user.h\n'}
[71.724142] (dobot_msgs_v3) StdoutLine: {'line': b'-- Installing: /home/huahai/dobot_ws/install/dobot_msgs_v3/include/dobot_msgs_v3/dobot_msgs_v3/srv/rel_mov_j_tool.h\n'}
[71.724174] (dobot_msgs_v3) StdoutLine: {'line': b'-- Installing: /home/huahai/dobot_ws/install/dobot_msgs_v3/include/dobot_msgs_v3/dobot_msgs_v3/srv/mov_j_ext.h\n'}
[71.724205] (dobot_msgs_v3) StdoutLine: {'line': b'-- Installing: /home/huahai/dobot_ws/install/dobot_msgs_v3/include/dobot_msgs_v3/dobot_msgs_v3/srv/rel_mov_j_user.h\n'}
[71.724236] (dobot_msgs_v3) StdoutLine: {'line': b'-- Installing: /home/huahai/dobot_ws/install/dobot_msgs_v3/include/dobot_msgs_v3/dobot_msgs_v3/srv/do_group.h\n'}
[71.724266] (dobot_msgs_v3) StdoutLine: {'line': b'-- Installing: /home/huahai/dobot_ws/install/dobot_msgs_v3/include/dobot_msgs_v3/dobot_msgs_v3/srv/set_arm_orientation.h\n'}
[71.724296] (dobot_msgs_v3) StdoutLine: {'line': b'-- Installing: /home/huahai/dobot_ws/install/dobot_msgs_v3/include/dobot_msgs_v3/dobot_msgs_v3/srv/arc.h\n'}
[71.724326] (dobot_msgs_v3) StdoutLine: {'line': b'-- Installing: /home/huahai/dobot_ws/install/dobot_msgs_v3/include/dobot_msgs_v3/dobot_msgs_v3/srv/servo_j.h\n'}
[71.724356] (dobot_msgs_v3) StdoutLine: {'line': b'-- Installing: /home/huahai/dobot_ws/install/dobot_msgs_v3/include/dobot_msgs_v3/dobot_msgs_v3/srv/set_payload.h\n'}
[71.724386] (dobot_msgs_v3) StdoutLine: {'line': b'-- Installing: /home/huahai/dobot_ws/install/dobot_msgs_v3/include/dobot_msgs_v3/dobot_msgs_v3/srv/mov_jio.h\n'}
[71.724415] (dobot_msgs_v3) StdoutLine: {'line': b'-- Installing: /home/huahai/dobot_ws/install/dobot_msgs_v3/include/dobot_msgs_v3/dobot_msgs_v3/srv/modbus_close.h\n'}
[71.724446] (dobot_msgs_v3) StdoutLine: {'line': b'-- Installing: /home/huahai/dobot_ws/install/dobot_msgs_v3/include/dobot_msgs_v3/dobot_msgs_v3/srv/stop_script.h\n'}
[71.724476] (dobot_msgs_v3) StdoutLine: {'line': b'-- Installing: /home/huahai/dobot_ws/install/dobot_msgs_v3/include/dobot_msgs_v3/dobot_msgs_v3/srv/clear_error.h\n'}
[71.724535] (dobot_msgs_v3) StdoutLine: {'line': b'-- Installing: /home/huahai/dobot_ws/install/dobot_msgs_v3/include/dobot_msgs_v3/dobot_msgs_v3/srv/run_script.h\n'}
[71.724574] (dobot_msgs_v3) StdoutLine: {'line': b'-- Installing: /home/huahai/dobot_ws/install/dobot_msgs_v3/include/dobot_msgs_v3/dobot_msgs_v3/srv/rel_mov_l.h\n'}
[71.724649] (dobot_msgs_v3) StdoutLine: {'line': b'-- Installing: /home/huahai/dobot_ws/install/dobot_msgs_v3/include/dobot_msgs_v3/dobot_msgs_v3/srv/ao.h\n'}
[71.724707] (dobot_msgs_v3) StdoutLine: {'line': b'-- Installing: /home/huahai/dobot_ws/install/dobot_msgs_v3/include/dobot_msgs_v3/dobot_msgs_v3/srv/rel_joint_mov_j.h\n'}
[71.724758] (dobot_msgs_v3) StdoutLine: {'line': b'-- Installing: /home/huahai/dobot_ws/install/dobot_msgs_v3/include/dobot_msgs_v3/dobot_msgs_v3/srv/get_error_id.h\n'}
[71.724810] (dobot_msgs_v3) StdoutLine: {'line': b'-- Installing: /home/huahai/dobot_ws/install/dobot_msgs_v3/include/dobot_msgs_v3/dobot_msgs_v3/srv/start_path.h\n'}
[71.724843] (dobot_msgs_v3) StdoutLine: {'line': b'-- Installing: /home/huahai/dobot_ws/install/dobot_msgs_v3/include/dobot_msgs_v3/dobot_msgs_v3/srv/di.h\n'}
[71.724890] (dobot_msgs_v3) StdoutLine: {'line': b'-- Installing: /home/huahai/dobot_ws/install/dobot_msgs_v3/include/dobot_msgs_v3/dobot_msgs_v3/srv/set_safe_skin.h\n'}
[71.725023] (dobot_msgs_v3) StdoutLine: {'line': b'-- Installing: /home/huahai/dobot_ws/install/dobot_msgs_v3/include/dobot_msgs_v3/dobot_msgs_v3/srv/rel_mov_j.h\n'}
[71.725088] (dobot_msgs_v3) StdoutLine: {'line': b'-- Installing: /home/huahai/dobot_ws/install/dobot_msgs_v3/include/dobot_msgs_v3/dobot_msgs_v3/srv/disable_robot.h\n'}
[71.725131] (dobot_msgs_v3) StdoutLine: {'line': b'-- Installing: /home/huahai/dobot_ws/install/dobot_msgs_v3/include/dobot_msgs_v3/dobot_msgs_v3/srv/enable_robot.h\n'}
[71.725178] (dobot_msgs_v3) StdoutLine: {'line': b'-- Installing: /home/huahai/dobot_ws/install/dobot_msgs_v3/include/dobot_msgs_v3/dobot_msgs_v3/srv/rel_mov_l_user.h\n'}
[71.725218] (dobot_msgs_v3) StdoutLine: {'line': b'-- Installing: /home/huahai/dobot_ws/install/dobot_msgs_v3/include/dobot_msgs_v3/dobot_msgs_v3/srv/acc_j.h\n'}
[71.725249] (dobot_msgs_v3) StdoutLine: {'line': b'-- Installing: /home/huahai/dobot_ws/install/dobot_msgs_v3/include/dobot_msgs_v3/dobot_msgs_v3/srv/ao_execute.h\n'}
[71.725295] (dobot_msgs_v3) StdoutLine: {'line': b'-- Installing: /home/huahai/dobot_ws/install/dobot_msgs_v3/include/dobot_msgs_v3/dobot_msgs_v3/srv/speed_j.h\n'}
[71.725344] (dobot_msgs_v3) StdoutLine: {'line': b'-- Installing: /home/huahai/dobot_ws/install/dobot_msgs_v3/include/dobot_msgs_v3/dobot_msgs_v3/srv/arch.h\n'}
[71.725378] (dobot_msgs_v3) StdoutLine: {'line': b'-- Installing: /home/huahai/dobot_ws/install/dobot_msgs_v3/include/dobot_msgs_v3/dobot_msgs_v3/srv/set_hold_regs.h\n'}
[71.725417] (dobot_msgs_v3) StdoutLine: {'line': b'-- Installing: /home/huahai/dobot_ws/install/dobot_msgs_v3/include/dobot_msgs_v3/dobot_msgs_v3/srv/get_angle.h\n'}
[71.725460] (dobot_msgs_v3) StdoutLine: {'line': b'-- Installing: /home/huahai/dobot_ws/install/dobot_msgs_v3/include/dobot_msgs_v3/dobot_msgs_v3/srv/mov_j.h\n'}
[71.725503] (dobot_msgs_v3) StdoutLine: {'line': b'-- Installing: /home/huahai/dobot_ws/install/dobot_msgs_v3/include/dobot_msgs_v3/dobot_msgs_v3/srv/start_drag.h\n'}
[71.725532] (dobot_msgs_v3) StdoutLine: {'line': b'-- Installing: /home/huahai/dobot_ws/install/dobot_msgs_v3/include/dobot_msgs_v3/dobot_msgs_v3/srv/circle.h\n'}
[71.725575] (dobot_msgs_v3) StdoutLine: {'line': b'-- Installing: /home/huahai/dobot_ws/install/dobot_msgs_v3/include/dobot_msgs_v3/dobot_msgs_v3/srv/joint_mov_j.h\n'}
[71.725619] (dobot_msgs_v3) StdoutLine: {'line': b'-- Installing: /home/huahai/dobot_ws/install/dobot_msgs_v3/include/dobot_msgs_v3/dobot_msgs_v3/srv/brake_control.h\n'}
[71.725653] (dobot_msgs_v3) StdoutLine: {'line': b'-- Installing: /home/huahai/dobot_ws/install/dobot_msgs_v3/include/dobot_msgs_v3/dobot_msgs_v3/srv/start_trace.h\n'}
[71.725692] (dobot_msgs_v3) StdoutLine: {'line': b'-- Installing: /home/huahai/dobot_ws/install/dobot_msgs_v3/include/dobot_msgs_v3/dobot_msgs_v3/srv/set_obstacle_avoid.h\n'}
[71.725736] (dobot_msgs_v3) StdoutLine: {'line': b'-- Installing: /home/huahai/dobot_ws/install/dobot_msgs_v3/include/dobot_msgs_v3/dobot_msgs_v3/srv/sync_all.h\n'}
[71.725796] (dobot_msgs_v3) StdoutLine: {'line': b'-- Installing: /home/huahai/dobot_ws/install/dobot_msgs_v3/include/dobot_msgs_v3/dobot_msgs_v3/srv/get_hold_regs.h\n'}
[71.725828] (dobot_msgs_v3) StdoutLine: {'line': b'-- Installing: /home/huahai/dobot_ws/install/dobot_msgs_v3/include/dobot_msgs_v3/dobot_msgs_v3/srv/acc_l.h\n'}
[71.725871] (dobot_msgs_v3) StdoutLine: {'line': b'-- Installing: /home/huahai/dobot_ws/install/dobot_msgs_v3/include/dobot_msgs_v3/dobot_msgs_v3/srv/move_jog.h\n'}
[71.725904] (dobot_msgs_v3) StdoutLine: {'line': b'-- Installing: /home/huahai/dobot_ws/install/dobot_msgs_v3/include/dobot_msgs_v3/dobot_msgs_v3/srv/modbus_create.h\n'}
[71.725943] (dobot_msgs_v3) StdoutLine: {'line': b'-- Installing: /home/huahai/dobot_ws/install/dobot_msgs_v3/include/dobot_msgs_v3/dobot_msgs_v3/srv/jump.h\n'}
[71.725989] (dobot_msgs_v3) StdoutLine: {'line': b'-- Installing: /home/huahai/dobot_ws/install/dobot_msgs_v3/include/dobot_msgs_v3/dobot_msgs_v3/srv/digital_outputs.h\n'}
[71.726035] (dobot_msgs_v3) StdoutLine: {'line': b'-- Installing: /home/huahai/dobot_ws/install/dobot_msgs_v3/include/dobot_msgs_v3/dobot_msgs_v3/srv/set_coils.h\n'}
[71.726066] (dobot_msgs_v3) StdoutLine: {'line': b'-- Installing: /home/huahai/dobot_ws/install/dobot_msgs_v3/include/dobot_msgs_v3/dobot_msgs_v3/srv/stopmove_jog.h\n'}
[71.726114] (dobot_msgs_v3) StdoutLine: {'line': b'-- Installing: /home/huahai/dobot_ws/install/dobot_msgs_v3/include/dobot_msgs_v3/dobot_msgs_v3/srv/positive_solution.h\n'}
[71.726159] (dobot_msgs_v3) StdoutLine: {'line': b'-- Installing: /home/huahai/dobot_ws/install/dobot_msgs_v3/include/dobot_msgs_v3/dobot_msgs_v3/srv/tool_di.h\n'}
[71.726190] (dobot_msgs_v3) StdoutLine: {'line': b'-- Installing: /home/huahai/dobot_ws/install/dobot_msgs_v3/include/dobot_msgs_v3/dobot_msgs_v3/srv/servo_p.h\n'}
[71.726374] (dobot_msgs_v3) StdoutLine: {'line': b'-- Installing: /home/huahai/dobot_ws/install/dobot_msgs_v3/share/dobot_msgs_v3/environment/library_path.sh\n'}
[71.726537] (dobot_msgs_v3) StdoutLine: {'line': b'-- Installing: /home/huahai/dobot_ws/install/dobot_msgs_v3/share/dobot_msgs_v3/environment/library_path.dsv\n'}
[71.726711] (dobot_msgs_v3) StdoutLine: {'line': b'-- Installing: /home/huahai/dobot_ws/install/dobot_msgs_v3/lib/libdobot_msgs_v3__rosidl_generator_c.so\n'}
[71.727694] (dobot_msgs_v3) StdoutLine: {'line': b'-- Set runtime path of "/home/huahai/dobot_ws/install/dobot_msgs_v3/lib/libdobot_msgs_v3__rosidl_generator_c.so" to ""\n'}
[71.727785] (dobot_msgs_v3) StdoutLine: {'line': b'-- Up-to-date: /home/huahai/dobot_ws/install/dobot_msgs_v3/include/dobot_msgs_v3/dobot_msgs_v3\n'}
[71.727837] (dobot_msgs_v3) StdoutLine: {'line': b'-- Up-to-date: /home/huahai/dobot_ws/install/dobot_msgs_v3/include/dobot_msgs_v3/dobot_msgs_v3/msg\n'}
[71.727868] (dobot_msgs_v3) StdoutLine: {'line': b'-- Up-to-date: /home/huahai/dobot_ws/install/dobot_msgs_v3/include/dobot_msgs_v3/dobot_msgs_v3/msg/detail\n'}
[71.727913] (dobot_msgs_v3) StdoutLine: {'line': b'-- Installing: /home/huahai/dobot_ws/install/dobot_msgs_v3/include/dobot_msgs_v3/dobot_msgs_v3/msg/detail/robot_status__rosidl_typesupport_fastrtps_c.h\n'}
[71.727958] (dobot_msgs_v3) StdoutLine: {'line': b'-- Installing: /home/huahai/dobot_ws/install/dobot_msgs_v3/include/dobot_msgs_v3/dobot_msgs_v3/msg/detail/tool_vector_actual__rosidl_typesupport_fastrtps_c.h\n'}
[71.727999] (dobot_msgs_v3) StdoutLine: {'line': b'-- Installing: /home/huahai/dobot_ws/install/dobot_msgs_v3/include/dobot_msgs_v3/dobot_msgs_v3/msg/rosidl_typesupport_fastrtps_c__visibility_control.h\n'}
[71.728046] (dobot_msgs_v3) StdoutLine: {'line': b'-- Up-to-date: /home/huahai/dobot_ws/install/dobot_msgs_v3/include/dobot_msgs_v3/dobot_msgs_v3/srv\n'}
[71.728094] (dobot_msgs_v3) StdoutLine: {'line': b'-- Up-to-date: /home/huahai/dobot_ws/install/dobot_msgs_v3/include/dobot_msgs_v3/dobot_msgs_v3/srv/detail\n'}
[71.728174] (dobot_msgs_v3) StdoutLine: {'line': b'-- Installing: /home/huahai/dobot_ws/install/dobot_msgs_v3/include/dobot_msgs_v3/dobot_msgs_v3/srv/detail/get_angle__rosidl_typesupport_fastrtps_c.h\n'}
[71.728283] (dobot_msgs_v3) StdoutLine: {'line': b'-- Installing: /home/huahai/dobot_ws/install/dobot_msgs_v3/include/dobot_msgs_v3/dobot_msgs_v3/srv/detail/do_group__rosidl_typesupport_fastrtps_c.h\n'}
[71.728329] (dobot_msgs_v3) StdoutLine: {'line': b'-- Installing: /home/huahai/dobot_ws/install/dobot_msgs_v3/include/dobot_msgs_v3/dobot_msgs_v3/srv/detail/tool_do_execute__rosidl_typesupport_fastrtps_c.h\n'}
[71.728369] (dobot_msgs_v3) StdoutLine: {'line': b'-- Installing: /home/huahai/dobot_ws/install/dobot_msgs_v3/include/dobot_msgs_v3/dobot_msgs_v3/srv/detail/wait__rosidl_typesupport_fastrtps_c.h\n'}
[71.728417] (dobot_msgs_v3) StdoutLine: {'line': b'-- Installing: /home/huahai/dobot_ws/install/dobot_msgs_v3/include/dobot_msgs_v3/dobot_msgs_v3/srv/detail/power_on__rosidl_typesupport_fastrtps_c.h\n'}
[71.728456] (dobot_msgs_v3) StdoutLine: {'line': b'-- Installing: /home/huahai/dobot_ws/install/dobot_msgs_v3/include/dobot_msgs_v3/dobot_msgs_v3/srv/detail/set_safe_skin__rosidl_typesupport_fastrtps_c.h\n'}
[71.728498] (dobot_msgs_v3) StdoutLine: {'line': b'-- Installing: /home/huahai/dobot_ws/install/dobot_msgs_v3/include/dobot_msgs_v3/dobot_msgs_v3/srv/detail/set_arm_orientation__rosidl_typesupport_fastrtps_c.h\n'}
[71.728542] (dobot_msgs_v3) StdoutLine: {'line': b'-- Installing: /home/huahai/dobot_ws/install/dobot_msgs_v3/include/dobot_msgs_v3/dobot_msgs_v3/srv/detail/rel_mov_j__rosidl_typesupport_fastrtps_c.h\n'}
[71.728588] (dobot_msgs_v3) StdoutLine: {'line': b'-- Installing: /home/huahai/dobot_ws/install/dobot_msgs_v3/include/dobot_msgs_v3/dobot_msgs_v3/srv/detail/pause_script__rosidl_typesupport_fastrtps_c.h\n'}
[71.728730] (dobot_msgs_v3) StdoutLine: {'line': b'-- Installing: /home/huahai/dobot_ws/install/dobot_msgs_v3/include/dobot_msgs_v3/dobot_msgs_v3/srv/detail/start_drag__rosidl_typesupport_fastrtps_c.h\n'}
[71.728785] (dobot_msgs_v3) StdoutLine: {'line': b'-- Installing: /home/huahai/dobot_ws/install/dobot_msgs_v3/include/dobot_msgs_v3/dobot_msgs_v3/srv/detail/mov_l__rosidl_typesupport_fastrtps_c.h\n'}
[71.728839] (dobot_msgs_v3) StdoutLine: {'line': b'-- Installing: /home/huahai/dobot_ws/install/dobot_msgs_v3/include/dobot_msgs_v3/dobot_msgs_v3/srv/detail/enable_robot__rosidl_typesupport_fastrtps_c.h\n'}
[71.728884] (dobot_msgs_v3) StdoutLine: {'line': b'-- Installing: /home/huahai/dobot_ws/install/dobot_msgs_v3/include/dobot_msgs_v3/dobot_msgs_v3/srv/detail/tool__rosidl_typesupport_fastrtps_c.h\n'}
[71.728923] (dobot_msgs_v3) StdoutLine: {'line': b'-- Installing: /home/huahai/dobot_ws/install/dobot_msgs_v3/include/dobot_msgs_v3/dobot_msgs_v3/srv/detail/clear_error__rosidl_typesupport_fastrtps_c.h\n'}
[71.728981] (dobot_msgs_v3) StdoutLine: {'line': b'-- Installing: /home/huahai/dobot_ws/install/dobot_msgs_v3/include/dobot_msgs_v3/dobot_msgs_v3/srv/detail/tool_do__rosidl_typesupport_fastrtps_c.h\n'}
[71.729092] (dobot_msgs_v3) StdoutLine: {'line': b'-- Installing: /home/huahai/dobot_ws/install/dobot_msgs_v3/include/dobot_msgs_v3/dobot_msgs_v3/srv/detail/run_script__rosidl_typesupport_fastrtps_c.h\n'}
[71.729322] (dobot_msgs_v3) StdoutLine: {'line': b'-- Installing: /home/huahai/dobot_ws/install/dobot_msgs_v3/include/dobot_msgs_v3/dobot_msgs_v3/srv/detail/speed_l__rosidl_typesupport_fastrtps_c.h\n'}
[71.729393] (dobot_msgs_v3) StdoutLine: {'line': b'-- Installing: /home/huahai/dobot_ws/install/dobot_msgs_v3/include/dobot_msgs_v3/dobot_msgs_v3/srv/detail/load_switch__rosidl_typesupport_fastrtps_c.h\n'}
[71.729428] (dobot_msgs_v3) StdoutLine: {'line': b'-- Installing: /home/huahai/dobot_ws/install/dobot_msgs_v3/include/dobot_msgs_v3/dobot_msgs_v3/srv/detail/digital_outputs__rosidl_typesupport_fastrtps_c.h\n'}
[71.729470] (dobot_msgs_v3) StdoutLine: {'line': b'-- Installing: /home/huahai/dobot_ws/install/dobot_msgs_v3/include/dobot_msgs_v3/dobot_msgs_v3/srv/detail/set_payload__rosidl_typesupport_fastrtps_c.h\n'}
[71.729509] (dobot_msgs_v3) StdoutLine: {'line': b'-- Installing: /home/huahai/dobot_ws/install/dobot_msgs_v3/include/dobot_msgs_v3/dobot_msgs_v3/srv/detail/ao__rosidl_typesupport_fastrtps_c.h\n'}
[71.729629] (dobot_msgs_v3) StdoutLine: {'line': b'-- Installing: /home/huahai/dobot_ws/install/dobot_msgs_v3/include/dobot_msgs_v3/dobot_msgs_v3/srv/detail/set_coils__rosidl_typesupport_fastrtps_c.h\n'}
[71.729838] (dobot_msgs_v3) StdoutLine: {'line': b'-- Installing: /home/huahai/dobot_ws/install/dobot_msgs_v3/include/dobot_msgs_v3/dobot_msgs_v3/srv/detail/pause__rosidl_typesupport_fastrtps_c.h\n'}
[71.729885] (dobot_msgs_v3) StdoutLine: {'line': b'-- Installing: /home/huahai/dobot_ws/install/dobot_msgs_v3/include/dobot_msgs_v3/dobot_msgs_v3/srv/detail/rel_mov_j_tool__rosidl_typesupport_fastrtps_c.h\n'}
[71.730016] (dobot_msgs_v3) StdoutLine: {'line': b'-- Installing: /home/huahai/dobot_ws/install/dobot_msgs_v3/include/dobot_msgs_v3/dobot_msgs_v3/srv/detail/get_pose__rosidl_typesupport_fastrtps_c.h\n'}
[71.730088] (dobot_msgs_v3) StdoutLine: {'line': b'-- Installing: /home/huahai/dobot_ws/install/dobot_msgs_v3/include/dobot_msgs_v3/dobot_msgs_v3/srv/detail/continues__rosidl_typesupport_fastrtps_c.h\n'}
[71.730132] (dobot_msgs_v3) StdoutLine: {'line': b'-- Installing: /home/huahai/dobot_ws/install/dobot_msgs_v3/include/dobot_msgs_v3/dobot_msgs_v3/srv/detail/brake_control__rosidl_typesupport_fastrtps_c.h\n'}
[71.730180] (dobot_msgs_v3) StdoutLine: {'line': b'-- Installing: /home/huahai/dobot_ws/install/dobot_msgs_v3/include/dobot_msgs_v3/dobot_msgs_v3/srv/detail/modbus_close__rosidl_typesupport_fastrtps_c.h\n'}
[71.730220] (dobot_msgs_v3) StdoutLine: {'line': b'-- Installing: /home/huahai/dobot_ws/install/dobot_msgs_v3/include/dobot_msgs_v3/dobot_msgs_v3/srv/detail/start_fc_trace__rosidl_typesupport_fastrtps_c.h\n'}
[71.730251] (dobot_msgs_v3) StdoutLine: {'line': b'-- Installing: /home/huahai/dobot_ws/install/dobot_msgs_v3/include/dobot_msgs_v3/dobot_msgs_v3/srv/detail/di__rosidl_typesupport_fastrtps_c.h\n'}
[71.730297] (dobot_msgs_v3) StdoutLine: {'line': b'-- Installing: /home/huahai/dobot_ws/install/dobot_msgs_v3/include/dobot_msgs_v3/dobot_msgs_v3/srv/detail/continue_script__rosidl_typesupport_fastrtps_c.h\n'}
[71.730332] (dobot_msgs_v3) StdoutLine: {'line': b'-- Installing: /home/huahai/dobot_ws/install/dobot_msgs_v3/include/dobot_msgs_v3/dobot_msgs_v3/srv/detail/get_hold_regs__rosidl_typesupport_fastrtps_c.h\n'}
[71.730373] (dobot_msgs_v3) StdoutLine: {'line': b'-- Installing: /home/huahai/dobot_ws/install/dobot_msgs_v3/include/dobot_msgs_v3/dobot_msgs_v3/srv/detail/start_path__rosidl_typesupport_fastrtps_c.h\n'}
[71.730419] (dobot_msgs_v3) StdoutLine: {'line': b'-- Installing: /home/huahai/dobot_ws/install/dobot_msgs_v3/include/dobot_msgs_v3/dobot_msgs_v3/srv/detail/jump__rosidl_typesupport_fastrtps_c.h\n'}
[71.730464] (dobot_msgs_v3) StdoutLine: {'line': b'-- Installing: /home/huahai/dobot_ws/install/dobot_msgs_v3/include/dobot_msgs_v3/dobot_msgs_v3/srv/detail/positive_solution__rosidl_typesupport_fastrtps_c.h\n'}
[71.730497] (dobot_msgs_v3) StdoutLine: {'line': b'-- Installing: /home/huahai/dobot_ws/install/dobot_msgs_v3/include/dobot_msgs_v3/dobot_msgs_v3/srv/detail/stop_drag__rosidl_typesupport_fastrtps_c.h\n'}
[71.730541] (dobot_msgs_v3) StdoutLine: {'line': b'-- Installing: /home/huahai/dobot_ws/install/dobot_msgs_v3/include/dobot_msgs_v3/dobot_msgs_v3/srv/detail/rel_mov_l__rosidl_typesupport_fastrtps_c.h\n'}
[71.730585] (dobot_msgs_v3) StdoutLine: {'line': b'-- Installing: /home/huahai/dobot_ws/install/dobot_msgs_v3/include/dobot_msgs_v3/dobot_msgs_v3/srv/detail/rel_mov_l_user__rosidl_typesupport_fastrtps_c.h\n'}
[71.730615] (dobot_msgs_v3) StdoutLine: {'line': b'-- Installing: /home/huahai/dobot_ws/install/dobot_msgs_v3/include/dobot_msgs_v3/dobot_msgs_v3/srv/detail/arc__rosidl_typesupport_fastrtps_c.h\n'}
[71.730662] (dobot_msgs_v3) StdoutLine: {'line': b'-- Installing: /home/huahai/dobot_ws/install/dobot_msgs_v3/include/dobot_msgs_v3/dobot_msgs_v3/srv/detail/stop_script__rosidl_typesupport_fastrtps_c.h\n'}
[71.730712] (dobot_msgs_v3) StdoutLine: {'line': b'-- Installing: /home/huahai/dobot_ws/install/dobot_msgs_v3/include/dobot_msgs_v3/dobot_msgs_v3/srv/detail/pay_load__rosidl_typesupport_fastrtps_c.h\n'}
[71.730757] (dobot_msgs_v3) StdoutLine: {'line': b'-- Installing: /home/huahai/dobot_ws/install/dobot_msgs_v3/include/dobot_msgs_v3/dobot_msgs_v3/srv/detail/sync_all__rosidl_typesupport_fastrtps_c.h\n'}
[71.730881] (dobot_msgs_v3) StdoutLine: {'line': b'-- Installing: /home/huahai/dobot_ws/install/dobot_msgs_v3/include/dobot_msgs_v3/dobot_msgs_v3/srv/detail/set_hold_regs__rosidl_typesupport_fastrtps_c.h\n'}
[71.730989] (dobot_msgs_v3) StdoutLine: {'line': b'-- Installing: /home/huahai/dobot_ws/install/dobot_msgs_v3/include/dobot_msgs_v3/dobot_msgs_v3/srv/detail/inverse_solution__rosidl_typesupport_fastrtps_c.h\n'}
[71.731033] (dobot_msgs_v3) StdoutLine: {'line': b'-- Installing: /home/huahai/dobot_ws/install/dobot_msgs_v3/include/dobot_msgs_v3/dobot_msgs_v3/srv/detail/do_execute__rosidl_typesupport_fastrtps_c.h\n'}
[71.731076] (dobot_msgs_v3) StdoutLine: {'line': b'-- Installing: /home/huahai/dobot_ws/install/dobot_msgs_v3/include/dobot_msgs_v3/dobot_msgs_v3/srv/detail/emergency_stop__rosidl_typesupport_fastrtps_c.h\n'}
[71.731123] (dobot_msgs_v3) StdoutLine: {'line': b'-- Installing: /home/huahai/dobot_ws/install/dobot_msgs_v3/include/dobot_msgs_v3/dobot_msgs_v3/srv/detail/modbus_create__rosidl_typesupport_fastrtps_c.h\n'}
[71.731175] (dobot_msgs_v3) StdoutLine: {'line': b'-- Installing: /home/huahai/dobot_ws/install/dobot_msgs_v3/include/dobot_msgs_v3/dobot_msgs_v3/srv/detail/mov_lio__rosidl_typesupport_fastrtps_c.h\n'}
[71.731224] (dobot_msgs_v3) StdoutLine: {'line': b'-- Installing: /home/huahai/dobot_ws/install/dobot_msgs_v3/include/dobot_msgs_v3/dobot_msgs_v3/srv/detail/ao_execute__rosidl_typesupport_fastrtps_c.h\n'}
[71.731304] (dobot_msgs_v3) StdoutLine: {'line': b'-- Installing: /home/huahai/dobot_ws/install/dobot_msgs_v3/include/dobot_msgs_v3/dobot_msgs_v3/srv/detail/speed_j__rosidl_typesupport_fastrtps_c.h\n'}
[71.731363] (dobot_msgs_v3) StdoutLine: {'line': b'-- Installing: /home/huahai/dobot_ws/install/dobot_msgs_v3/include/dobot_msgs_v3/dobot_msgs_v3/srv/detail/acc_l__rosidl_typesupport_fastrtps_c.h\n'}
[71.731490] (dobot_msgs_v3) StdoutLine: {'line': b'-- Installing: /home/huahai/dobot_ws/install/dobot_msgs_v3/include/dobot_msgs_v3/dobot_msgs_v3/srv/detail/servo_p__rosidl_typesupport_fastrtps_c.h\n'}
[71.731576] (dobot_msgs_v3) StdoutLine: {'line': b'-- Installing: /home/huahai/dobot_ws/install/dobot_msgs_v3/include/dobot_msgs_v3/dobot_msgs_v3/srv/detail/disable_robot__rosidl_typesupport_fastrtps_c.h\n'}
[71.731660] (dobot_msgs_v3) StdoutLine: {'line': b'-- Installing: /home/huahai/dobot_ws/install/dobot_msgs_v3/include/dobot_msgs_v3/dobot_msgs_v3/srv/detail/get_coils__rosidl_typesupport_fastrtps_c.h\n'}
[71.731723] (dobot_msgs_v3) StdoutLine: {'line': b'-- Installing: /home/huahai/dobot_ws/install/dobot_msgs_v3/include/dobot_msgs_v3/dobot_msgs_v3/srv/detail/mov_jio__rosidl_typesupport_fastrtps_c.h\n'}
[71.731774] (dobot_msgs_v3) StdoutLine: {'line': b'-- Installing: /home/huahai/dobot_ws/install/dobot_msgs_v3/include/dobot_msgs_v3/dobot_msgs_v3/srv/detail/lim_z__rosidl_typesupport_fastrtps_c.h\n'}
[71.731896] (dobot_msgs_v3) StdoutLine: {'line': b'-- Installing: /home/huahai/dobot_ws/install/dobot_msgs_v3/include/dobot_msgs_v3/dobot_msgs_v3/srv/detail/get_in_regs__rosidl_typesupport_fastrtps_c.h\n'}
[71.732011] (dobot_msgs_v3) StdoutLine: {'line': b'-- Installing: /home/huahai/dobot_ws/install/dobot_msgs_v3/include/dobot_msgs_v3/dobot_msgs_v3/srv/detail/rel_mov_l_tool__rosidl_typesupport_fastrtps_c.h\n'}
[71.732077] (dobot_msgs_v3) StdoutLine: {'line': b'-- Installing: /home/huahai/dobot_ws/install/dobot_msgs_v3/include/dobot_msgs_v3/dobot_msgs_v3/srv/detail/set_collision_level__rosidl_typesupport_fastrtps_c.h\n'}
[71.732127] (dobot_msgs_v3) StdoutLine: {'line': b'-- Installing: /home/huahai/dobot_ws/install/dobot_msgs_v3/include/dobot_msgs_v3/dobot_msgs_v3/srv/detail/move_jog__rosidl_typesupport_fastrtps_c.h\n'}
[71.732175] (dobot_msgs_v3) StdoutLine: {'line': b'-- Installing: /home/huahai/dobot_ws/install/dobot_msgs_v3/include/dobot_msgs_v3/dobot_msgs_v3/srv/detail/sync__rosidl_typesupport_fastrtps_c.h\n'}
[71.732210] (dobot_msgs_v3) StdoutLine: {'line': b'-- Installing: /home/huahai/dobot_ws/install/dobot_msgs_v3/include/dobot_msgs_v3/dobot_msgs_v3/srv/detail/mov_j__rosidl_typesupport_fastrtps_c.h\n'}
[71.732253] (dobot_msgs_v3) StdoutLine: {'line': b'-- Installing: /home/huahai/dobot_ws/install/dobot_msgs_v3/include/dobot_msgs_v3/dobot_msgs_v3/srv/detail/rel_joint_mov_j__rosidl_typesupport_fastrtps_c.h\n'}
[71.732305] (dobot_msgs_v3) StdoutLine: {'line': b'-- Installing: /home/huahai/dobot_ws/install/dobot_msgs_v3/include/dobot_msgs_v3/dobot_msgs_v3/srv/detail/start_trace__rosidl_typesupport_fastrtps_c.h\n'}
[71.732351] (dobot_msgs_v3) StdoutLine: {'line': b'-- Installing: /home/huahai/dobot_ws/install/dobot_msgs_v3/include/dobot_msgs_v3/dobot_msgs_v3/srv/detail/speed_factor__rosidl_typesupport_fastrtps_c.h\n'}
[71.732402] (dobot_msgs_v3) StdoutLine: {'line': b'-- Installing: /home/huahai/dobot_ws/install/dobot_msgs_v3/include/dobot_msgs_v3/dobot_msgs_v3/srv/detail/tool_di__rosidl_typesupport_fastrtps_c.h\n'}
[71.732486] (dobot_msgs_v3) StdoutLine: {'line': b'-- Installing: /home/huahai/dobot_ws/install/dobot_msgs_v3/include/dobot_msgs_v3/dobot_msgs_v3/srv/detail/reset_robot__rosidl_typesupport_fastrtps_c.h\n'}
[71.732547] (dobot_msgs_v3) StdoutLine: {'line': b'-- Installing: /home/huahai/dobot_ws/install/dobot_msgs_v3/include/dobot_msgs_v3/dobot_msgs_v3/srv/detail/rel_mov_j_user__rosidl_typesupport_fastrtps_c.h\n'}
[71.732592] (dobot_msgs_v3) StdoutLine: {'line': b'-- Installing: /home/huahai/dobot_ws/install/dobot_msgs_v3/include/dobot_msgs_v3/dobot_msgs_v3/srv/detail/stopmove_jog__rosidl_typesupport_fastrtps_c.h\n'}
[71.732666] (dobot_msgs_v3) StdoutLine: {'line': b'-- Installing: /home/huahai/dobot_ws/install/dobot_msgs_v3/include/dobot_msgs_v3/dobot_msgs_v3/srv/detail/get_error_id__rosidl_typesupport_fastrtps_c.h\n'}
[71.732720] (dobot_msgs_v3) StdoutLine: {'line': b'-- Installing: /home/huahai/dobot_ws/install/dobot_msgs_v3/include/dobot_msgs_v3/dobot_msgs_v3/srv/detail/get_in_bits__rosidl_typesupport_fastrtps_c.h\n'}
[71.732792] (dobot_msgs_v3) StdoutLine: {'line': b'-- Installing: /home/huahai/dobot_ws/install/dobot_msgs_v3/include/dobot_msgs_v3/dobot_msgs_v3/srv/detail/set_obstacle_avoid__rosidl_typesupport_fastrtps_c.h\n'}
[71.732853] (dobot_msgs_v3) StdoutLine: {'line': b'-- Installing: /home/huahai/dobot_ws/install/dobot_msgs_v3/include/dobot_msgs_v3/dobot_msgs_v3/srv/detail/robot_mode__rosidl_typesupport_fastrtps_c.h\n'}
[71.732918] (dobot_msgs_v3) StdoutLine: {'line': b'-- Installing: /home/huahai/dobot_ws/install/dobot_msgs_v3/include/dobot_msgs_v3/dobot_msgs_v3/srv/detail/circle__rosidl_typesupport_fastrtps_c.h\n'}
[71.733005] (dobot_msgs_v3) StdoutLine: {'line': b'-- Installing: /home/huahai/dobot_ws/install/dobot_msgs_v3/include/dobot_msgs_v3/dobot_msgs_v3/srv/detail/mov_j_ext__rosidl_typesupport_fastrtps_c.h\n'}
[71.733072] (dobot_msgs_v3) StdoutLine: {'line': b'-- Installing: /home/huahai/dobot_ws/install/dobot_msgs_v3/include/dobot_msgs_v3/dobot_msgs_v3/srv/detail/joint_mov_j__rosidl_typesupport_fastrtps_c.h\n'}
[71.733120] (dobot_msgs_v3) StdoutLine: {'line': b'-- Installing: /home/huahai/dobot_ws/install/dobot_msgs_v3/include/dobot_msgs_v3/dobot_msgs_v3/srv/detail/acc_j__rosidl_typesupport_fastrtps_c.h\n'}
[71.733169] (dobot_msgs_v3) StdoutLine: {'line': b'-- Installing: /home/huahai/dobot_ws/install/dobot_msgs_v3/include/dobot_msgs_v3/dobot_msgs_v3/srv/detail/servo_j__rosidl_typesupport_fastrtps_c.h\n'}
[71.733258] (dobot_msgs_v3) StdoutLine: {'line': b'-- Installing: /home/huahai/dobot_ws/install/dobot_msgs_v3/include/dobot_msgs_v3/dobot_msgs_v3/srv/detail/do__rosidl_typesupport_fastrtps_c.h\n'}
[71.733318] (dobot_msgs_v3) StdoutLine: {'line': b'-- Installing: /home/huahai/dobot_ws/install/dobot_msgs_v3/include/dobot_msgs_v3/dobot_msgs_v3/srv/detail/arch__rosidl_typesupport_fastrtps_c.h\n'}
[71.733390] (dobot_msgs_v3) StdoutLine: {'line': b'-- Installing: /home/huahai/dobot_ws/install/dobot_msgs_v3/include/dobot_msgs_v3/dobot_msgs_v3/srv/detail/cp__rosidl_typesupport_fastrtps_c.h\n'}
[71.733452] (dobot_msgs_v3) StdoutLine: {'line': b'-- Installing: /home/huahai/dobot_ws/install/dobot_msgs_v3/include/dobot_msgs_v3/dobot_msgs_v3/srv/detail/user__rosidl_typesupport_fastrtps_c.h\n'}
[71.733603] (dobot_msgs_v3) StdoutLine: {'line': b'-- Installing: /home/huahai/dobot_ws/install/dobot_msgs_v3/lib/libdobot_msgs_v3__rosidl_typesupport_fastrtps_c.so\n'}
[71.734540] (dobot_msgs_v3) StdoutLine: {'line': b'-- Set runtime path of "/home/huahai/dobot_ws/install/dobot_msgs_v3/lib/libdobot_msgs_v3__rosidl_typesupport_fastrtps_c.so" to ""\n'}
[71.734602] (dobot_msgs_v3) StdoutLine: {'line': b'-- Up-to-date: /home/huahai/dobot_ws/install/dobot_msgs_v3/include/dobot_msgs_v3/dobot_msgs_v3\n'}
[71.734655] (dobot_msgs_v3) StdoutLine: {'line': b'-- Up-to-date: /home/huahai/dobot_ws/install/dobot_msgs_v3/include/dobot_msgs_v3/dobot_msgs_v3/msg\n'}
[71.734702] (dobot_msgs_v3) StdoutLine: {'line': b'-- Up-to-date: /home/huahai/dobot_ws/install/dobot_msgs_v3/include/dobot_msgs_v3/dobot_msgs_v3/msg/detail\n'}
[71.734738] (dobot_msgs_v3) StdoutLine: {'line': b'-- Installing: /home/huahai/dobot_ws/install/dobot_msgs_v3/include/dobot_msgs_v3/dobot_msgs_v3/msg/detail/tool_vector_actual__traits.hpp\n'}
[71.734789] (dobot_msgs_v3) StdoutLine: {'line': b'-- Installing: /home/huahai/dobot_ws/install/dobot_msgs_v3/include/dobot_msgs_v3/dobot_msgs_v3/msg/detail/tool_vector_actual__type_support.hpp\n'}
[71.734875] (dobot_msgs_v3) StdoutLine: {'line': b'-- Installing: /home/huahai/dobot_ws/install/dobot_msgs_v3/include/dobot_msgs_v3/dobot_msgs_v3/msg/detail/robot_status__builder.hpp\n'}
[71.734932] (dobot_msgs_v3) StdoutLine: {'line': b'-- Installing: /home/huahai/dobot_ws/install/dobot_msgs_v3/include/dobot_msgs_v3/dobot_msgs_v3/msg/detail/robot_status__struct.hpp\n'}
[71.735003] (dobot_msgs_v3) StdoutLine: {'line': b'-- Installing: /home/huahai/dobot_ws/install/dobot_msgs_v3/include/dobot_msgs_v3/dobot_msgs_v3/msg/detail/tool_vector_actual__builder.hpp\n'}
[71.735061] (dobot_msgs_v3) StdoutLine: {'line': b'-- Installing: /home/huahai/dobot_ws/install/dobot_msgs_v3/include/dobot_msgs_v3/dobot_msgs_v3/msg/detail/robot_status__type_support.hpp\n'}
[71.735116] (dobot_msgs_v3) StdoutLine: {'line': b'-- Installing: /home/huahai/dobot_ws/install/dobot_msgs_v3/include/dobot_msgs_v3/dobot_msgs_v3/msg/detail/robot_status__traits.hpp\n'}
[71.735167] (dobot_msgs_v3) StdoutLine: {'line': b'-- Installing: /home/huahai/dobot_ws/install/dobot_msgs_v3/include/dobot_msgs_v3/dobot_msgs_v3/msg/detail/tool_vector_actual__struct.hpp\n'}
[71.735293] (dobot_msgs_v3) StdoutLine: {'line': b'-- Installing: /home/huahai/dobot_ws/install/dobot_msgs_v3/include/dobot_msgs_v3/dobot_msgs_v3/msg/tool_vector_actual.hpp\n'}
[71.735374] (dobot_msgs_v3) StdoutLine: {'line': b'-- Installing: /home/huahai/dobot_ws/install/dobot_msgs_v3/include/dobot_msgs_v3/dobot_msgs_v3/msg/robot_status.hpp\n'}
[71.735427] (dobot_msgs_v3) StdoutLine: {'line': b'-- Installing: /home/huahai/dobot_ws/install/dobot_msgs_v3/include/dobot_msgs_v3/dobot_msgs_v3/msg/rosidl_generator_cpp__visibility_control.hpp\n'}
[71.735491] (dobot_msgs_v3) StdoutLine: {'line': b'-- Up-to-date: /home/huahai/dobot_ws/install/dobot_msgs_v3/include/dobot_msgs_v3/dobot_msgs_v3/srv\n'}
[71.735544] (dobot_msgs_v3) StdoutLine: {'line': b'-- Installing: /home/huahai/dobot_ws/install/dobot_msgs_v3/include/dobot_msgs_v3/dobot_msgs_v3/srv/speed_j.hpp\n'}
[71.735577] (dobot_msgs_v3) StdoutLine: {'line': b'-- Up-to-date: /home/huahai/dobot_ws/install/dobot_msgs_v3/include/dobot_msgs_v3/dobot_msgs_v3/srv/detail\n'}
[71.735621] (dobot_msgs_v3) StdoutLine: {'line': b'-- Installing: /home/huahai/dobot_ws/install/dobot_msgs_v3/include/dobot_msgs_v3/dobot_msgs_v3/srv/detail/do_group__builder.hpp\n'}
[71.735688] (dobot_msgs_v3) StdoutLine: {'line': b'-- Installing: /home/huahai/dobot_ws/install/dobot_msgs_v3/include/dobot_msgs_v3/dobot_msgs_v3/srv/detail/sync__type_support.hpp\n'}
[71.735748] (dobot_msgs_v3) StdoutLine: {'line': b'-- Installing: /home/huahai/dobot_ws/install/dobot_msgs_v3/include/dobot_msgs_v3/dobot_msgs_v3/srv/detail/set_coils__struct.hpp\n'}
[71.735880] (dobot_msgs_v3) StdoutLine: {'line': b'-- Installing: /home/huahai/dobot_ws/install/dobot_msgs_v3/include/dobot_msgs_v3/dobot_msgs_v3/srv/detail/rel_mov_j__type_support.hpp\n'}
[71.735915] (dobot_msgs_v3) StdoutLine: {'line': b'-- Installing: /home/huahai/dobot_ws/install/dobot_msgs_v3/include/dobot_msgs_v3/dobot_msgs_v3/srv/detail/tool__struct.hpp\n'}
[71.736037] (dobot_msgs_v3) StdoutLine: {'line': b'-- Installing: /home/huahai/dobot_ws/install/dobot_msgs_v3/include/dobot_msgs_v3/dobot_msgs_v3/srv/detail/run_script__traits.hpp\n'}
[71.736084] (dobot_msgs_v3) StdoutLine: {'line': b'-- Installing: /home/huahai/dobot_ws/install/dobot_msgs_v3/include/dobot_msgs_v3/dobot_msgs_v3/srv/detail/sync_all__traits.hpp\n'}
[71.736131] (dobot_msgs_v3) StdoutLine: {'line': b'-- Installing: /home/huahai/dobot_ws/install/dobot_msgs_v3/include/dobot_msgs_v3/dobot_msgs_v3/srv/detail/mov_lio__struct.hpp\n'}
[71.736173] (dobot_msgs_v3) StdoutLine: {'line': b'-- Installing: /home/huahai/dobot_ws/install/dobot_msgs_v3/include/dobot_msgs_v3/dobot_msgs_v3/srv/detail/stop_drag__struct.hpp\n'}
[71.736224] (dobot_msgs_v3) StdoutLine: {'line': b'-- Installing: /home/huahai/dobot_ws/install/dobot_msgs_v3/include/dobot_msgs_v3/dobot_msgs_v3/srv/detail/do_group__struct.hpp\n'}
[71.736309] (dobot_msgs_v3) StdoutLine: {'line': b'-- Installing: /home/huahai/dobot_ws/install/dobot_msgs_v3/include/dobot_msgs_v3/dobot_msgs_v3/srv/detail/digital_outputs__type_support.hpp\n'}
[71.736375] (dobot_msgs_v3) StdoutLine: {'line': b'-- Installing: /home/huahai/dobot_ws/install/dobot_msgs_v3/include/dobot_msgs_v3/dobot_msgs_v3/srv/detail/modbus_create__type_support.hpp\n'}
[71.736444] (dobot_msgs_v3) StdoutLine: {'line': b'-- Installing: /home/huahai/dobot_ws/install/dobot_msgs_v3/include/dobot_msgs_v3/dobot_msgs_v3/srv/detail/positive_solution__builder.hpp\n'}
[71.736499] (dobot_msgs_v3) StdoutLine: {'line': b'-- Installing: /home/huahai/dobot_ws/install/dobot_msgs_v3/include/dobot_msgs_v3/dobot_msgs_v3/srv/detail/acc_j__struct.hpp\n'}
[71.736573] (dobot_msgs_v3) StdoutLine: {'line': b'-- Installing: /home/huahai/dobot_ws/install/dobot_msgs_v3/include/dobot_msgs_v3/dobot_msgs_v3/srv/detail/modbus_close__traits.hpp\n'}
[71.736631] (dobot_msgs_v3) StdoutLine: {'line': b'-- Installing: /home/huahai/dobot_ws/install/dobot_msgs_v3/include/dobot_msgs_v3/dobot_msgs_v3/srv/detail/continue_script__type_support.hpp\n'}
[71.736703] (dobot_msgs_v3) StdoutLine: {'line': b'-- Installing: /home/huahai/dobot_ws/install/dobot_msgs_v3/include/dobot_msgs_v3/dobot_msgs_v3/srv/detail/get_in_bits__struct.hpp\n'}
[71.736775] (dobot_msgs_v3) StdoutLine: {'line': b'-- Installing: /home/huahai/dobot_ws/install/dobot_msgs_v3/include/dobot_msgs_v3/dobot_msgs_v3/srv/detail/get_in_regs__traits.hpp\n'}
[71.736860] (dobot_msgs_v3) StdoutLine: {'line': b'-- Installing: /home/huahai/dobot_ws/install/dobot_msgs_v3/include/dobot_msgs_v3/dobot_msgs_v3/srv/detail/brake_control__builder.hpp\n'}
[71.736916] (dobot_msgs_v3) StdoutLine: {'line': b'-- Installing: /home/huahai/dobot_ws/install/dobot_msgs_v3/include/dobot_msgs_v3/dobot_msgs_v3/srv/detail/get_error_id__builder.hpp\n'}
[71.736997] (dobot_msgs_v3) StdoutLine: {'line': b'-- Installing: /home/huahai/dobot_ws/install/dobot_msgs_v3/include/dobot_msgs_v3/dobot_msgs_v3/srv/detail/tool_do_execute__traits.hpp\n'}
[71.737062] (dobot_msgs_v3) StdoutLine: {'line': b'-- Installing: /home/huahai/dobot_ws/install/dobot_msgs_v3/include/dobot_msgs_v3/dobot_msgs_v3/srv/detail/rel_mov_l_user__builder.hpp\n'}
[71.737136] (dobot_msgs_v3) StdoutLine: {'line': b'-- Installing: /home/huahai/dobot_ws/install/dobot_msgs_v3/include/dobot_msgs_v3/dobot_msgs_v3/srv/detail/do_execute__builder.hpp\n'}
[71.737249] (dobot_msgs_v3) StdoutLine: {'line': b'-- Installing: /home/huahai/dobot_ws/install/dobot_msgs_v3/include/dobot_msgs_v3/dobot_msgs_v3/srv/detail/continue_script__traits.hpp\n'}
[71.737324] (dobot_msgs_v3) StdoutLine: {'line': b'-- Installing: /home/huahai/dobot_ws/install/dobot_msgs_v3/include/dobot_msgs_v3/dobot_msgs_v3/srv/detail/tool_di__traits.hpp\n'}
[71.737374] (dobot_msgs_v3) StdoutLine: {'line': b'-- Installing: /home/huahai/dobot_ws/install/dobot_msgs_v3/include/dobot_msgs_v3/dobot_msgs_v3/srv/detail/servo_p__type_support.hpp\n'}
[71.737419] (dobot_msgs_v3) StdoutLine: {'line': b'-- Installing: /home/huahai/dobot_ws/install/dobot_msgs_v3/include/dobot_msgs_v3/dobot_msgs_v3/srv/detail/set_arm_orientation__builder.hpp\n'}
[71.737521] (dobot_msgs_v3) StdoutLine: {'line': b'-- Installing: /home/huahai/dobot_ws/install/dobot_msgs_v3/include/dobot_msgs_v3/dobot_msgs_v3/srv/detail/stop_drag__type_support.hpp\n'}
[71.737600] (dobot_msgs_v3) StdoutLine: {'line': b'-- Installing: /home/huahai/dobot_ws/install/dobot_msgs_v3/include/dobot_msgs_v3/dobot_msgs_v3/srv/detail/get_coils__traits.hpp\n'}
[71.737652] (dobot_msgs_v3) StdoutLine: {'line': b'-- Installing: /home/huahai/dobot_ws/install/dobot_msgs_v3/include/dobot_msgs_v3/dobot_msgs_v3/srv/detail/rel_mov_j__builder.hpp\n'}
[71.737693] (dobot_msgs_v3) StdoutLine: {'line': b'-- Installing: /home/huahai/dobot_ws/install/dobot_msgs_v3/include/dobot_msgs_v3/dobot_msgs_v3/srv/detail/set_hold_regs__builder.hpp\n'}
[71.737774] (dobot_msgs_v3) StdoutLine: {'line': b'-- Installing: /home/huahai/dobot_ws/install/dobot_msgs_v3/include/dobot_msgs_v3/dobot_msgs_v3/srv/detail/speed_l__type_support.hpp\n'}
[71.737840] (dobot_msgs_v3) StdoutLine: {'line': b'-- Installing: /home/huahai/dobot_ws/install/dobot_msgs_v3/include/dobot_msgs_v3/dobot_msgs_v3/srv/detail/pause__traits.hpp\n'}
[71.737901] (dobot_msgs_v3) StdoutLine: {'line': b'-- Installing: /home/huahai/dobot_ws/install/dobot_msgs_v3/include/dobot_msgs_v3/dobot_msgs_v3/srv/detail/mov_l__struct.hpp\n'}
[71.738017] (dobot_msgs_v3) StdoutLine: {'line': b'-- Installing: /home/huahai/dobot_ws/install/dobot_msgs_v3/include/dobot_msgs_v3/dobot_msgs_v3/srv/detail/mov_j__builder.hpp\n'}
[71.738089] (dobot_msgs_v3) StdoutLine: {'line': b'-- Installing: /home/huahai/dobot_ws/install/dobot_msgs_v3/include/dobot_msgs_v3/dobot_msgs_v3/srv/detail/jump__traits.hpp\n'}
[71.738139] (dobot_msgs_v3) StdoutLine: {'line': b'-- Installing: /home/huahai/dobot_ws/install/dobot_msgs_v3/include/dobot_msgs_v3/dobot_msgs_v3/srv/detail/circle__type_support.hpp\n'}
[71.738251] (dobot_msgs_v3) StdoutLine: {'line': b'-- Installing: /home/huahai/dobot_ws/install/dobot_msgs_v3/include/dobot_msgs_v3/dobot_msgs_v3/srv/detail/servo_j__struct.hpp\n'}
[71.738384] (dobot_msgs_v3) StdoutLine: {'line': b'-- Installing: /home/huahai/dobot_ws/install/dobot_msgs_v3/include/dobot_msgs_v3/dobot_msgs_v3/srv/detail/continue_script__builder.hpp\n'}
[71.738461] (dobot_msgs_v3) StdoutLine: {'line': b'-- Installing: /home/huahai/dobot_ws/install/dobot_msgs_v3/include/dobot_msgs_v3/dobot_msgs_v3/srv/detail/mov_l__traits.hpp\n'}
[71.738510] (dobot_msgs_v3) StdoutLine: {'line': b'-- Installing: /home/huahai/dobot_ws/install/dobot_msgs_v3/include/dobot_msgs_v3/dobot_msgs_v3/srv/detail/tool_do__builder.hpp\n'}
[71.738557] (dobot_msgs_v3) StdoutLine: {'line': b'-- Installing: /home/huahai/dobot_ws/install/dobot_msgs_v3/include/dobot_msgs_v3/dobot_msgs_v3/srv/detail/ao_execute__builder.hpp\n'}
[71.738589] (dobot_msgs_v3) StdoutLine: {'line': b'-- Installing: /home/huahai/dobot_ws/install/dobot_msgs_v3/include/dobot_msgs_v3/dobot_msgs_v3/srv/detail/rel_mov_l_user__traits.hpp\n'}
[71.738633] (dobot_msgs_v3) StdoutLine: {'line': b'-- Installing: /home/huahai/dobot_ws/install/dobot_msgs_v3/include/dobot_msgs_v3/dobot_msgs_v3/srv/detail/servo_p__builder.hpp\n'}
[71.738681] (dobot_msgs_v3) StdoutLine: {'line': b'-- Installing: /home/huahai/dobot_ws/install/dobot_msgs_v3/include/dobot_msgs_v3/dobot_msgs_v3/srv/detail/disable_robot__struct.hpp\n'}
[71.738730] (dobot_msgs_v3) StdoutLine: {'line': b'-- Installing: /home/huahai/dobot_ws/install/dobot_msgs_v3/include/dobot_msgs_v3/dobot_msgs_v3/srv/detail/rel_mov_j__struct.hpp\n'}
[71.738841] (dobot_msgs_v3) StdoutLine: {'line': b'-- Installing: /home/huahai/dobot_ws/install/dobot_msgs_v3/include/dobot_msgs_v3/dobot_msgs_v3/srv/detail/set_payload__builder.hpp\n'}
[71.738915] (dobot_msgs_v3) StdoutLine: {'line': b'-- Installing: /home/huahai/dobot_ws/install/dobot_msgs_v3/include/dobot_msgs_v3/dobot_msgs_v3/srv/detail/get_angle__builder.hpp\n'}
[71.738976] (dobot_msgs_v3) StdoutLine: {'line': b'-- Installing: /home/huahai/dobot_ws/install/dobot_msgs_v3/include/dobot_msgs_v3/dobot_msgs_v3/srv/detail/tool_di__builder.hpp\n'}
[71.739041] (dobot_msgs_v3) StdoutLine: {'line': b'-- Installing: /home/huahai/dobot_ws/install/dobot_msgs_v3/include/dobot_msgs_v3/dobot_msgs_v3/srv/detail/servo_j__builder.hpp\n'}
[71.739096] (dobot_msgs_v3) StdoutLine: {'line': b'-- Installing: /home/huahai/dobot_ws/install/dobot_msgs_v3/include/dobot_msgs_v3/dobot_msgs_v3/srv/detail/rel_mov_l_user__struct.hpp\n'}
[71.739148] (dobot_msgs_v3) StdoutLine: {'line': b'-- Installing: /home/huahai/dobot_ws/install/dobot_msgs_v3/include/dobot_msgs_v3/dobot_msgs_v3/srv/detail/set_hold_regs__traits.hpp\n'}
[71.739234] (dobot_msgs_v3) StdoutLine: {'line': b'-- Installing: /home/huahai/dobot_ws/install/dobot_msgs_v3/include/dobot_msgs_v3/dobot_msgs_v3/srv/detail/wait__struct.hpp\n'}
[71.739294] (dobot_msgs_v3) StdoutLine: {'line': b'-- Installing: /home/huahai/dobot_ws/install/dobot_msgs_v3/include/dobot_msgs_v3/dobot_msgs_v3/srv/detail/sync_all__builder.hpp\n'}
[71.739394] (dobot_msgs_v3) StdoutLine: {'line': b'-- Installing: /home/huahai/dobot_ws/install/dobot_msgs_v3/include/dobot_msgs_v3/dobot_msgs_v3/srv/detail/rel_mov_l__struct.hpp\n'}
[71.739465] (dobot_msgs_v3) StdoutLine: {'line': b'-- Installing: /home/huahai/dobot_ws/install/dobot_msgs_v3/include/dobot_msgs_v3/dobot_msgs_v3/srv/detail/start_drag__type_support.hpp\n'}
[71.739514] (dobot_msgs_v3) StdoutLine: {'line': b'-- Installing: /home/huahai/dobot_ws/install/dobot_msgs_v3/include/dobot_msgs_v3/dobot_msgs_v3/srv/detail/acc_l__struct.hpp\n'}
[71.739562] (dobot_msgs_v3) StdoutLine: {'line': b'-- Installing: /home/huahai/dobot_ws/install/dobot_msgs_v3/include/dobot_msgs_v3/dobot_msgs_v3/srv/detail/servo_j__traits.hpp\n'}
[71.739640] (dobot_msgs_v3) StdoutLine: {'line': b'-- Installing: /home/huahai/dobot_ws/install/dobot_msgs_v3/include/dobot_msgs_v3/dobot_msgs_v3/srv/detail/stop_drag__traits.hpp\n'}
[71.739706] (dobot_msgs_v3) StdoutLine: {'line': b'-- Installing: /home/huahai/dobot_ws/install/dobot_msgs_v3/include/dobot_msgs_v3/dobot_msgs_v3/srv/detail/pause_script__builder.hpp\n'}
[71.739755] (dobot_msgs_v3) StdoutLine: {'line': b'-- Installing: /home/huahai/dobot_ws/install/dobot_msgs_v3/include/dobot_msgs_v3/dobot_msgs_v3/srv/detail/rel_joint_mov_j__type_support.hpp\n'}
[71.739814] (dobot_msgs_v3) StdoutLine: {'line': b'-- Installing: /home/huahai/dobot_ws/install/dobot_msgs_v3/include/dobot_msgs_v3/dobot_msgs_v3/srv/detail/di__struct.hpp\n'}
[71.739892] (dobot_msgs_v3) StdoutLine: {'line': b'-- Installing: /home/huahai/dobot_ws/install/dobot_msgs_v3/include/dobot_msgs_v3/dobot_msgs_v3/srv/detail/speed_j__builder.hpp\n'}
[71.739955] (dobot_msgs_v3) StdoutLine: {'line': b'-- Installing: /home/huahai/dobot_ws/install/dobot_msgs_v3/include/dobot_msgs_v3/dobot_msgs_v3/srv/detail/run_script__type_support.hpp\n'}
[71.740034] (dobot_msgs_v3) StdoutLine: {'line': b'-- Installing: /home/huahai/dobot_ws/install/dobot_msgs_v3/include/dobot_msgs_v3/dobot_msgs_v3/srv/detail/arc__traits.hpp\n'}
[71.740105] (dobot_msgs_v3) StdoutLine: {'line': b'-- Installing: /home/huahai/dobot_ws/install/dobot_msgs_v3/include/dobot_msgs_v3/dobot_msgs_v3/srv/detail/pay_load__traits.hpp\n'}
[71.740202] (dobot_msgs_v3) StdoutLine: {'line': b'-- Installing: /home/huahai/dobot_ws/install/dobot_msgs_v3/include/dobot_msgs_v3/dobot_msgs_v3/srv/detail/speed_l__builder.hpp\n'}
[71.740273] (dobot_msgs_v3) StdoutLine: {'line': b'-- Installing: /home/huahai/dobot_ws/install/dobot_msgs_v3/include/dobot_msgs_v3/dobot_msgs_v3/srv/detail/run_script__builder.hpp\n'}
[71.740330] (dobot_msgs_v3) StdoutLine: {'line': b'-- Installing: /home/huahai/dobot_ws/install/dobot_msgs_v3/include/dobot_msgs_v3/dobot_msgs_v3/srv/detail/di__traits.hpp\n'}
[71.740380] (dobot_msgs_v3) StdoutLine: {'line': b'-- Installing: /home/huahai/dobot_ws/install/dobot_msgs_v3/include/dobot_msgs_v3/dobot_msgs_v3/srv/detail/pause__builder.hpp\n'}
[71.740465] (dobot_msgs_v3) StdoutLine: {'line': b'-- Installing: /home/huahai/dobot_ws/install/dobot_msgs_v3/include/dobot_msgs_v3/dobot_msgs_v3/srv/detail/get_in_bits__builder.hpp\n'}
[71.740534] (dobot_msgs_v3) StdoutLine: {'line': b'-- Installing: /home/huahai/dobot_ws/install/dobot_msgs_v3/include/dobot_msgs_v3/dobot_msgs_v3/srv/detail/modbus_create__traits.hpp\n'}
[71.740585] (dobot_msgs_v3) StdoutLine: {'line': b'-- Installing: /home/huahai/dobot_ws/install/dobot_msgs_v3/include/dobot_msgs_v3/dobot_msgs_v3/srv/detail/digital_outputs__struct.hpp\n'}
[71.740655] (dobot_msgs_v3) StdoutLine: {'line': b'-- Installing: /home/huahai/dobot_ws/install/dobot_msgs_v3/include/dobot_msgs_v3/dobot_msgs_v3/srv/detail/set_arm_orientation__struct.hpp\n'}
[71.740718] (dobot_msgs_v3) StdoutLine: {'line': b'-- Installing: /home/huahai/dobot_ws/install/dobot_msgs_v3/include/dobot_msgs_v3/dobot_msgs_v3/srv/detail/get_in_regs__builder.hpp\n'}
[71.740812] (dobot_msgs_v3) StdoutLine: {'line': b'-- Installing: /home/huahai/dobot_ws/install/dobot_msgs_v3/include/dobot_msgs_v3/dobot_msgs_v3/srv/detail/pause_script__traits.hpp\n'}
[71.740878] (dobot_msgs_v3) StdoutLine: {'line': b'-- Installing: /home/huahai/dobot_ws/install/dobot_msgs_v3/include/dobot_msgs_v3/dobot_msgs_v3/srv/detail/set_collision_level__builder.hpp\n'}
[71.740971] (dobot_msgs_v3) StdoutLine: {'line': b'-- Installing: /home/huahai/dobot_ws/install/dobot_msgs_v3/include/dobot_msgs_v3/dobot_msgs_v3/srv/detail/start_path__type_support.hpp\n'}
[71.741039] (dobot_msgs_v3) StdoutLine: {'line': b'-- Installing: /home/huahai/dobot_ws/install/dobot_msgs_v3/include/dobot_msgs_v3/dobot_msgs_v3/srv/detail/rel_mov_j_user__builder.hpp\n'}
[71.741090] (dobot_msgs_v3) StdoutLine: {'line': b'-- Installing: /home/huahai/dobot_ws/install/dobot_msgs_v3/include/dobot_msgs_v3/dobot_msgs_v3/srv/detail/rel_joint_mov_j__struct.hpp\n'}
[71.741181] (dobot_msgs_v3) StdoutLine: {'line': b'-- Installing: /home/huahai/dobot_ws/install/dobot_msgs_v3/include/dobot_msgs_v3/dobot_msgs_v3/srv/detail/sync__builder.hpp\n'}
[71.741251] (dobot_msgs_v3) StdoutLine: {'line': b'-- Installing: /home/huahai/dobot_ws/install/dobot_msgs_v3/include/dobot_msgs_v3/dobot_msgs_v3/srv/detail/get_pose__traits.hpp\n'}
[71.741300] (dobot_msgs_v3) StdoutLine: {'line': b'-- Installing: /home/huahai/dobot_ws/install/dobot_msgs_v3/include/dobot_msgs_v3/dobot_msgs_v3/srv/detail/reset_robot__traits.hpp\n'}
[71.741387] (dobot_msgs_v3) StdoutLine: {'line': b'-- Installing: /home/huahai/dobot_ws/install/dobot_msgs_v3/include/dobot_msgs_v3/dobot_msgs_v3/srv/detail/arc__struct.hpp\n'}
[71.741472] (dobot_msgs_v3) StdoutLine: {'line': b'-- Installing: /home/huahai/dobot_ws/install/dobot_msgs_v3/include/dobot_msgs_v3/dobot_msgs_v3/srv/detail/sync__traits.hpp\n'}
[71.741555] (dobot_msgs_v3) StdoutLine: {'line': b'-- Installing: /home/huahai/dobot_ws/install/dobot_msgs_v3/include/dobot_msgs_v3/dobot_msgs_v3/srv/detail/mov_jio__builder.hpp\n'}
[71.741624] (dobot_msgs_v3) StdoutLine: {'line': b'-- Installing: /home/huahai/dobot_ws/install/dobot_msgs_v3/include/dobot_msgs_v3/dobot_msgs_v3/srv/detail/pay_load__builder.hpp\n'}
[71.741698] (dobot_msgs_v3) StdoutLine: {'line': b'-- Installing: /home/huahai/dobot_ws/install/dobot_msgs_v3/include/dobot_msgs_v3/dobot_msgs_v3/srv/detail/arch__type_support.hpp\n'}
[71.741775] (dobot_msgs_v3) StdoutLine: {'line': b'-- Installing: /home/huahai/dobot_ws/install/dobot_msgs_v3/include/dobot_msgs_v3/dobot_msgs_v3/srv/detail/set_collision_level__struct.hpp\n'}
[71.741862] (dobot_msgs_v3) StdoutLine: {'line': b'-- Installing: /home/huahai/dobot_ws/install/dobot_msgs_v3/include/dobot_msgs_v3/dobot_msgs_v3/srv/detail/get_error_id__type_support.hpp\n'}
[71.741921] (dobot_msgs_v3) StdoutLine: {'line': b'-- Installing: /home/huahai/dobot_ws/install/dobot_msgs_v3/include/dobot_msgs_v3/dobot_msgs_v3/srv/detail/set_collision_level__type_support.hpp\n'}
[71.742151] (dobot_msgs_v3) StdoutLine: {'line': b'-- Installing: /home/huahai/dobot_ws/install/dobot_msgs_v3/include/dobot_msgs_v3/dobot_msgs_v3/srv/detail/acc_j__traits.hpp\n'}
[71.742312] (dobot_msgs_v3) StdoutLine: {'line': b'-- Installing: /home/huahai/dobot_ws/install/dobot_msgs_v3/include/dobot_msgs_v3/dobot_msgs_v3/srv/detail/wait__builder.hpp\n'}
[71.742404] (dobot_msgs_v3) StdoutLine: {'line': b'-- Installing: /home/huahai/dobot_ws/install/dobot_msgs_v3/include/dobot_msgs_v3/dobot_msgs_v3/srv/detail/get_pose__struct.hpp\n'}
[71.742496] (dobot_msgs_v3) StdoutLine: {'line': b'-- Installing: /home/huahai/dobot_ws/install/dobot_msgs_v3/include/dobot_msgs_v3/dobot_msgs_v3/srv/detail/circle__builder.hpp\n'}
[71.742562] (dobot_msgs_v3) StdoutLine: {'line': b'-- Installing: /home/huahai/dobot_ws/install/dobot_msgs_v3/include/dobot_msgs_v3/dobot_msgs_v3/srv/detail/do_execute__struct.hpp\n'}
[71.742747] (dobot_msgs_v3) StdoutLine: {'line': b'-- Installing: /home/huahai/dobot_ws/install/dobot_msgs_v3/include/dobot_msgs_v3/dobot_msgs_v3/srv/detail/acc_l__type_support.hpp\n'}
[71.742853] (dobot_msgs_v3) StdoutLine: {'line': b'-- Installing: /home/huahai/dobot_ws/install/dobot_msgs_v3/include/dobot_msgs_v3/dobot_msgs_v3/srv/detail/move_jog__struct.hpp\n'}
[71.742911] (dobot_msgs_v3) StdoutLine: {'line': b'-- Installing: /home/huahai/dobot_ws/install/dobot_msgs_v3/include/dobot_msgs_v3/dobot_msgs_v3/srv/detail/brake_control__type_support.hpp\n'}
[71.743014] (dobot_msgs_v3) StdoutLine: {'line': b'-- Installing: /home/huahai/dobot_ws/install/dobot_msgs_v3/include/dobot_msgs_v3/dobot_msgs_v3/srv/detail/get_coils__builder.hpp\n'}
[71.743082] (dobot_msgs_v3) StdoutLine: {'line': b'-- Installing: /home/huahai/dobot_ws/install/dobot_msgs_v3/include/dobot_msgs_v3/dobot_msgs_v3/srv/detail/mov_j__traits.hpp\n'}
[71.743154] (dobot_msgs_v3) StdoutLine: {'line': b'-- Installing: /home/huahai/dobot_ws/install/dobot_msgs_v3/include/dobot_msgs_v3/dobot_msgs_v3/srv/detail/set_obstacle_avoid__traits.hpp\n'}
[71.743218] (dobot_msgs_v3) StdoutLine: {'line': b'-- Installing: /home/huahai/dobot_ws/install/dobot_msgs_v3/include/dobot_msgs_v3/dobot_msgs_v3/srv/detail/start_path__traits.hpp\n'}
[71.743294] (dobot_msgs_v3) StdoutLine: {'line': b'-- Installing: /home/huahai/dobot_ws/install/dobot_msgs_v3/include/dobot_msgs_v3/dobot_msgs_v3/srv/detail/disable_robot__builder.hpp\n'}
[71.743352] (dobot_msgs_v3) StdoutLine: {'line': b'-- Installing: /home/huahai/dobot_ws/install/dobot_msgs_v3/include/dobot_msgs_v3/dobot_msgs_v3/srv/detail/speed_j__traits.hpp\n'}
[71.743435] (dobot_msgs_v3) StdoutLine: {'line': b'-- Installing: /home/huahai/dobot_ws/install/dobot_msgs_v3/include/dobot_msgs_v3/dobot_msgs_v3/srv/detail/start_drag__traits.hpp\n'}
[71.743500] (dobot_msgs_v3) StdoutLine: {'line': b'-- Installing: /home/huahai/dobot_ws/install/dobot_msgs_v3/include/dobot_msgs_v3/dobot_msgs_v3/srv/detail/cp__traits.hpp\n'}
[71.743574] (dobot_msgs_v3) StdoutLine: {'line': b'-- Installing: /home/huahai/dobot_ws/install/dobot_msgs_v3/include/dobot_msgs_v3/dobot_msgs_v3/srv/detail/continues__struct.hpp\n'}
[71.743633] (dobot_msgs_v3) StdoutLine: {'line': b'-- Installing: /home/huahai/dobot_ws/install/dobot_msgs_v3/include/dobot_msgs_v3/dobot_msgs_v3/srv/detail/rel_mov_j_user__traits.hpp\n'}
[71.743711] (dobot_msgs_v3) StdoutLine: {'line': b'-- Installing: /home/huahai/dobot_ws/install/dobot_msgs_v3/include/dobot_msgs_v3/dobot_msgs_v3/srv/detail/di__type_support.hpp\n'}
[71.743768] (dobot_msgs_v3) StdoutLine: {'line': b'-- Installing: /home/huahai/dobot_ws/install/dobot_msgs_v3/include/dobot_msgs_v3/dobot_msgs_v3/srv/detail/set_coils__builder.hpp\n'}
[71.743857] (dobot_msgs_v3) StdoutLine: {'line': b'-- Installing: /home/huahai/dobot_ws/install/dobot_msgs_v3/include/dobot_msgs_v3/dobot_msgs_v3/srv/detail/circle__struct.hpp\n'}
[71.743918] (dobot_msgs_v3) StdoutLine: {'line': b'-- Installing: /home/huahai/dobot_ws/install/dobot_msgs_v3/include/dobot_msgs_v3/dobot_msgs_v3/srv/detail/wait__traits.hpp\n'}
[71.744018] (dobot_msgs_v3) StdoutLine: {'line': b'-- Installing: /home/huahai/dobot_ws/install/dobot_msgs_v3/include/dobot_msgs_v3/dobot_msgs_v3/srv/detail/inverse_solution__struct.hpp\n'}
[71.744129] (dobot_msgs_v3) StdoutLine: {'line': b'-- Installing: /home/huahai/dobot_ws/install/dobot_msgs_v3/include/dobot_msgs_v3/dobot_msgs_v3/srv/detail/acc_l__builder.hpp\n'}
[71.744167] (dobot_msgs_v3) StdoutLine: {'line': b'-- Installing: /home/huahai/dobot_ws/install/dobot_msgs_v3/include/dobot_msgs_v3/dobot_msgs_v3/srv/detail/positive_solution__traits.hpp\n'}
[71.744214] (dobot_msgs_v3) StdoutLine: {'line': b'-- Installing: /home/huahai/dobot_ws/install/dobot_msgs_v3/include/dobot_msgs_v3/dobot_msgs_v3/srv/detail/arch__struct.hpp\n'}
[71.744262] (dobot_msgs_v3) StdoutLine: {'line': b'-- Installing: /home/huahai/dobot_ws/install/dobot_msgs_v3/include/dobot_msgs_v3/dobot_msgs_v3/srv/detail/ao__builder.hpp\n'}
[71.744309] (dobot_msgs_v3) StdoutLine: {'line': b'-- Installing: /home/huahai/dobot_ws/install/dobot_msgs_v3/include/dobot_msgs_v3/dobot_msgs_v3/srv/detail/tool_do__traits.hpp\n'}
[71.744467] (dobot_msgs_v3) StdoutLine: {'line': b'-- Installing: /home/huahai/dobot_ws/install/dobot_msgs_v3/include/dobot_msgs_v3/dobot_msgs_v3/srv/detail/tool_do__type_support.hpp\n'}
[71.744546] (dobot_msgs_v3) StdoutLine: {'line': b'-- Installing: /home/huahai/dobot_ws/install/dobot_msgs_v3/include/dobot_msgs_v3/dobot_msgs_v3/srv/detail/set_hold_regs__type_support.hpp\n'}
[71.744606] (dobot_msgs_v3) StdoutLine: {'line': b'-- Installing: /home/huahai/dobot_ws/install/dobot_msgs_v3/include/dobot_msgs_v3/dobot_msgs_v3/srv/detail/move_jog__traits.hpp\n'}
[71.744685] (dobot_msgs_v3) StdoutLine: {'line': b'-- Installing: /home/huahai/dobot_ws/install/dobot_msgs_v3/include/dobot_msgs_v3/dobot_msgs_v3/srv/detail/reset_robot__type_support.hpp\n'}
[71.744742] (dobot_msgs_v3) StdoutLine: {'line': b'-- Installing: /home/huahai/dobot_ws/install/dobot_msgs_v3/include/dobot_msgs_v3/dobot_msgs_v3/srv/detail/mov_lio__builder.hpp\n'}
[71.744883] (dobot_msgs_v3) StdoutLine: {'line': b'-- Installing: /home/huahai/dobot_ws/install/dobot_msgs_v3/include/dobot_msgs_v3/dobot_msgs_v3/srv/detail/joint_mov_j__struct.hpp\n'}
[71.744949] (dobot_msgs_v3) StdoutLine: {'line': b'-- Installing: /home/huahai/dobot_ws/install/dobot_msgs_v3/include/dobot_msgs_v3/dobot_msgs_v3/srv/detail/get_hold_regs__traits.hpp\n'}
[71.745024] (dobot_msgs_v3) StdoutLine: {'line': b'-- Installing: /home/huahai/dobot_ws/install/dobot_msgs_v3/include/dobot_msgs_v3/dobot_msgs_v3/srv/detail/circle__traits.hpp\n'}
[71.745097] (dobot_msgs_v3) StdoutLine: {'line': b'-- Installing: /home/huahai/dobot_ws/install/dobot_msgs_v3/include/dobot_msgs_v3/dobot_msgs_v3/srv/detail/tool__type_support.hpp\n'}
[71.745151] (dobot_msgs_v3) StdoutLine: {'line': b'-- Installing: /home/huahai/dobot_ws/install/dobot_msgs_v3/include/dobot_msgs_v3/dobot_msgs_v3/srv/detail/start_path__builder.hpp\n'}
[71.745219] (dobot_msgs_v3) StdoutLine: {'line': b'-- Installing: /home/huahai/dobot_ws/install/dobot_msgs_v3/include/dobot_msgs_v3/dobot_msgs_v3/srv/detail/rel_mov_l_tool__builder.hpp\n'}
[71.745277] (dobot_msgs_v3) StdoutLine: {'line': b'-- Installing: /home/huahai/dobot_ws/install/dobot_msgs_v3/include/dobot_msgs_v3/dobot_msgs_v3/srv/detail/tool__builder.hpp\n'}
[71.745347] (dobot_msgs_v3) StdoutLine: {'line': b'-- Installing: /home/huahai/dobot_ws/install/dobot_msgs_v3/include/dobot_msgs_v3/dobot_msgs_v3/srv/detail/load_switch__type_support.hpp\n'}
[71.745406] (dobot_msgs_v3) StdoutLine: {'line': b'-- Installing: /home/huahai/dobot_ws/install/dobot_msgs_v3/include/dobot_msgs_v3/dobot_msgs_v3/srv/detail/brake_control__traits.hpp\n'}
[71.745499] (dobot_msgs_v3) StdoutLine: {'line': b'-- Installing: /home/huahai/dobot_ws/install/dobot_msgs_v3/include/dobot_msgs_v3/dobot_msgs_v3/srv/detail/enable_robot__type_support.hpp\n'}
[71.745552] (dobot_msgs_v3) StdoutLine: {'line': b'-- Installing: /home/huahai/dobot_ws/install/dobot_msgs_v3/include/dobot_msgs_v3/dobot_msgs_v3/srv/detail/get_hold_regs__type_support.hpp\n'}
[71.745624] (dobot_msgs_v3) StdoutLine: {'line': b'-- Installing: /home/huahai/dobot_ws/install/dobot_msgs_v3/include/dobot_msgs_v3/dobot_msgs_v3/srv/detail/get_angle__traits.hpp\n'}
[71.745683] (dobot_msgs_v3) StdoutLine: {'line': b'-- Installing: /home/huahai/dobot_ws/install/dobot_msgs_v3/include/dobot_msgs_v3/dobot_msgs_v3/srv/detail/set_obstacle_avoid__type_support.hpp\n'}
[71.745755] (dobot_msgs_v3) StdoutLine: {'line': b'-- Installing: /home/huahai/dobot_ws/install/dobot_msgs_v3/include/dobot_msgs_v3/dobot_msgs_v3/srv/detail/do__type_support.hpp\n'}
[71.745837] (dobot_msgs_v3) StdoutLine: {'line': b'-- Installing: /home/huahai/dobot_ws/install/dobot_msgs_v3/include/dobot_msgs_v3/dobot_msgs_v3/srv/detail/modbus_create__struct.hpp\n'}
[71.745894] (dobot_msgs_v3) StdoutLine: {'line': b'-- Installing: /home/huahai/dobot_ws/install/dobot_msgs_v3/include/dobot_msgs_v3/dobot_msgs_v3/srv/detail/speed_l__struct.hpp\n'}
[71.745976] (dobot_msgs_v3) StdoutLine: {'line': b'-- Installing: /home/huahai/dobot_ws/install/dobot_msgs_v3/include/dobot_msgs_v3/dobot_msgs_v3/srv/detail/emergency_stop__traits.hpp\n'}
[71.746038] (dobot_msgs_v3) StdoutLine: {'line': b'-- Installing: /home/huahai/dobot_ws/install/dobot_msgs_v3/include/dobot_msgs_v3/dobot_msgs_v3/srv/detail/start_fc_trace__traits.hpp\n'}
[71.746128] (dobot_msgs_v3) StdoutLine: {'line': b'-- Installing: /home/huahai/dobot_ws/install/dobot_msgs_v3/include/dobot_msgs_v3/dobot_msgs_v3/srv/detail/ao_execute__traits.hpp\n'}
[71.746202] (dobot_msgs_v3) StdoutLine: {'line': b'-- Installing: /home/huahai/dobot_ws/install/dobot_msgs_v3/include/dobot_msgs_v3/dobot_msgs_v3/srv/detail/wait__type_support.hpp\n'}
[71.746262] (dobot_msgs_v3) StdoutLine: {'line': b'-- Installing: /home/huahai/dobot_ws/install/dobot_msgs_v3/include/dobot_msgs_v3/dobot_msgs_v3/srv/detail/get_coils__struct.hpp\n'}
[71.746342] (dobot_msgs_v3) StdoutLine: {'line': b'-- Installing: /home/huahai/dobot_ws/install/dobot_msgs_v3/include/dobot_msgs_v3/dobot_msgs_v3/srv/detail/mov_jio__traits.hpp\n'}
[71.746404] (dobot_msgs_v3) StdoutLine: {'line': b'-- Installing: /home/huahai/dobot_ws/install/dobot_msgs_v3/include/dobot_msgs_v3/dobot_msgs_v3/srv/detail/continue_script__struct.hpp\n'}
[71.746484] (dobot_msgs_v3) StdoutLine: {'line': b'-- Installing: /home/huahai/dobot_ws/install/dobot_msgs_v3/include/dobot_msgs_v3/dobot_msgs_v3/srv/detail/continues__traits.hpp\n'}
[71.746559] (dobot_msgs_v3) StdoutLine: {'line': b'-- Installing: /home/huahai/dobot_ws/install/dobot_msgs_v3/include/dobot_msgs_v3/dobot_msgs_v3/srv/detail/mov_j__type_support.hpp\n'}
[71.746618] (dobot_msgs_v3) StdoutLine: {'line': b'-- Installing: /home/huahai/dobot_ws/install/dobot_msgs_v3/include/dobot_msgs_v3/dobot_msgs_v3/srv/detail/stop_script__builder.hpp\n'}
[71.746688] (dobot_msgs_v3) StdoutLine: {'line': b'-- Installing: /home/huahai/dobot_ws/install/dobot_msgs_v3/include/dobot_msgs_v3/dobot_msgs_v3/srv/detail/pause__type_support.hpp\n'}
[71.746745] (dobot_msgs_v3) StdoutLine: {'line': b'-- Installing: /home/huahai/dobot_ws/install/dobot_msgs_v3/include/dobot_msgs_v3/dobot_msgs_v3/srv/detail/do__traits.hpp\n'}
[71.746822] (dobot_msgs_v3) StdoutLine: {'line': b'-- Installing: /home/huahai/dobot_ws/install/dobot_msgs_v3/include/dobot_msgs_v3/dobot_msgs_v3/srv/detail/get_angle__struct.hpp\n'}
[71.746881] (dobot_msgs_v3) StdoutLine: {'line': b'-- Installing: /home/huahai/dobot_ws/install/dobot_msgs_v3/include/dobot_msgs_v3/dobot_msgs_v3/srv/detail/emergency_stop__type_support.hpp\n'}
[71.747056] (dobot_msgs_v3) StdoutLine: {'line': b'-- Installing: /home/huahai/dobot_ws/install/dobot_msgs_v3/include/dobot_msgs_v3/dobot_msgs_v3/srv/detail/arch__builder.hpp\n'}
[71.747114] (dobot_msgs_v3) StdoutLine: {'line': b'-- Installing: /home/huahai/dobot_ws/install/dobot_msgs_v3/include/dobot_msgs_v3/dobot_msgs_v3/srv/detail/do_group__traits.hpp\n'}
[71.747166] (dobot_msgs_v3) StdoutLine: {'line': b'-- Installing: /home/huahai/dobot_ws/install/dobot_msgs_v3/include/dobot_msgs_v3/dobot_msgs_v3/srv/detail/ao__traits.hpp\n'}
[71.747198] (dobot_msgs_v3) StdoutLine: {'line': b'-- Installing: /home/huahai/dobot_ws/install/dobot_msgs_v3/include/dobot_msgs_v3/dobot_msgs_v3/srv/detail/run_script__struct.hpp\n'}
[71.747247] (dobot_msgs_v3) StdoutLine: {'line': b'-- Installing: /home/huahai/dobot_ws/install/dobot_msgs_v3/include/dobot_msgs_v3/dobot_msgs_v3/srv/detail/rel_mov_l_tool__type_support.hpp\n'}
[71.747292] (dobot_msgs_v3) StdoutLine: {'line': b'-- Installing: /home/huahai/dobot_ws/install/dobot_msgs_v3/include/dobot_msgs_v3/dobot_msgs_v3/srv/detail/joint_mov_j__type_support.hpp\n'}
[71.747345] (dobot_msgs_v3) StdoutLine: {'line': b'-- Installing: /home/huahai/dobot_ws/install/dobot_msgs_v3/include/dobot_msgs_v3/dobot_msgs_v3/srv/detail/di__builder.hpp\n'}
[71.747443] (dobot_msgs_v3) StdoutLine: {'line': b'-- Installing: /home/huahai/dobot_ws/install/dobot_msgs_v3/include/dobot_msgs_v3/dobot_msgs_v3/srv/detail/sync__struct.hpp\n'}
[71.747516] (dobot_msgs_v3) StdoutLine: {'line': b'-- Installing: /home/huahai/dobot_ws/install/dobot_msgs_v3/include/dobot_msgs_v3/dobot_msgs_v3/srv/detail/servo_p__struct.hpp\n'}
[71.747571] (dobot_msgs_v3) StdoutLine: {'line': b'-- Installing: /home/huahai/dobot_ws/install/dobot_msgs_v3/include/dobot_msgs_v3/dobot_msgs_v3/srv/detail/stop_script__traits.hpp\n'}
[71.748873] (dobot_msgs_v3) StdoutLine: {'line': b'-- Installing: /home/huahai/dobot_ws/install/dobot_msgs_v3/include/dobot_msgs_v3/dobot_msgs_v3/srv/detail/robot_mode__traits.hpp\n'}
[71.748931] (dobot_msgs_v3) StdoutLine: {'line': b'-- Installing: /home/huahai/dobot_ws/install/dobot_msgs_v3/include/dobot_msgs_v3/dobot_msgs_v3/srv/detail/get_in_bits__type_support.hpp\n'}
[71.748966] (dobot_msgs_v3) StdoutLine: {'line': b'-- Installing: /home/huahai/dobot_ws/install/dobot_msgs_v3/include/dobot_msgs_v3/dobot_msgs_v3/srv/detail/jump__type_support.hpp\n'}
[71.748996] (dobot_msgs_v3) StdoutLine: {'line': b'-- Installing: /home/huahai/dobot_ws/install/dobot_msgs_v3/include/dobot_msgs_v3/dobot_msgs_v3/srv/detail/sync_all__struct.hpp\n'}
[71.749029] (dobot_msgs_v3) StdoutLine: {'line': b'-- Installing: /home/huahai/dobot_ws/install/dobot_msgs_v3/include/dobot_msgs_v3/dobot_msgs_v3/srv/detail/user__traits.hpp\n'}
[71.749077] (dobot_msgs_v3) StdoutLine: {'line': b'-- Installing: /home/huahai/dobot_ws/install/dobot_msgs_v3/include/dobot_msgs_v3/dobot_msgs_v3/srv/detail/do_execute__type_support.hpp\n'}
[71.749116] (dobot_msgs_v3) StdoutLine: {'line': b'-- Installing: /home/huahai/dobot_ws/install/dobot_msgs_v3/include/dobot_msgs_v3/dobot_msgs_v3/srv/detail/user__builder.hpp\n'}
[71.749149] (dobot_msgs_v3) StdoutLine: {'line': b'-- Installing: /home/huahai/dobot_ws/install/dobot_msgs_v3/include/dobot_msgs_v3/dobot_msgs_v3/srv/detail/set_obstacle_avoid__struct.hpp\n'}
[71.749180] (dobot_msgs_v3) StdoutLine: {'line': b'-- Installing: /home/huahai/dobot_ws/install/dobot_msgs_v3/include/dobot_msgs_v3/dobot_msgs_v3/srv/detail/disable_robot__type_support.hpp\n'}
[71.749212] (dobot_msgs_v3) StdoutLine: {'line': b'-- Installing: /home/huahai/dobot_ws/install/dobot_msgs_v3/include/dobot_msgs_v3/dobot_msgs_v3/srv/detail/load_switch__builder.hpp\n'}
[71.749242] (dobot_msgs_v3) StdoutLine: {'line': b'-- Installing: /home/huahai/dobot_ws/install/dobot_msgs_v3/include/dobot_msgs_v3/dobot_msgs_v3/srv/detail/rel_mov_l_tool__traits.hpp\n'}
[71.749272] (dobot_msgs_v3) StdoutLine: {'line': b'-- Installing: /home/huahai/dobot_ws/install/dobot_msgs_v3/include/dobot_msgs_v3/dobot_msgs_v3/srv/detail/speed_factor__type_support.hpp\n'}
[71.749303] (dobot_msgs_v3) StdoutLine: {'line': b'-- Installing: /home/huahai/dobot_ws/install/dobot_msgs_v3/include/dobot_msgs_v3/dobot_msgs_v3/srv/detail/mov_jio__type_support.hpp\n'}
[71.749334] (dobot_msgs_v3) StdoutLine: {'line': b'-- Installing: /home/huahai/dobot_ws/install/dobot_msgs_v3/include/dobot_msgs_v3/dobot_msgs_v3/srv/detail/set_safe_skin__traits.hpp\n'}
[71.749365] (dobot_msgs_v3) StdoutLine: {'line': b'-- Installing: /home/huahai/dobot_ws/install/dobot_msgs_v3/include/dobot_msgs_v3/dobot_msgs_v3/srv/detail/jump__builder.hpp\n'}
[71.749396] (dobot_msgs_v3) StdoutLine: {'line': b'-- Installing: /home/huahai/dobot_ws/install/dobot_msgs_v3/include/dobot_msgs_v3/dobot_msgs_v3/srv/detail/rel_mov_l__traits.hpp\n'}
[71.749426] (dobot_msgs_v3) StdoutLine: {'line': b'-- Installing: /home/huahai/dobot_ws/install/dobot_msgs_v3/include/dobot_msgs_v3/dobot_msgs_v3/srv/detail/lim_z__builder.hpp\n'}
[71.749456] (dobot_msgs_v3) StdoutLine: {'line': b'-- Installing: /home/huahai/dobot_ws/install/dobot_msgs_v3/include/dobot_msgs_v3/dobot_msgs_v3/srv/detail/inverse_solution__builder.hpp\n'}
[71.749488] (dobot_msgs_v3) StdoutLine: {'line': b'-- Installing: /home/huahai/dobot_ws/install/dobot_msgs_v3/include/dobot_msgs_v3/dobot_msgs_v3/srv/detail/ao_execute__struct.hpp\n'}
[71.749517] (dobot_msgs_v3) StdoutLine: {'line': b'-- Installing: /home/huahai/dobot_ws/install/dobot_msgs_v3/include/dobot_msgs_v3/dobot_msgs_v3/srv/detail/get_hold_regs__builder.hpp\n'}
[71.749547] (dobot_msgs_v3) StdoutLine: {'line': b'-- Installing: /home/huahai/dobot_ws/install/dobot_msgs_v3/include/dobot_msgs_v3/dobot_msgs_v3/srv/detail/pay_load__type_support.hpp\n'}
[71.749576] (dobot_msgs_v3) StdoutLine: {'line': b'-- Installing: /home/huahai/dobot_ws/install/dobot_msgs_v3/include/dobot_msgs_v3/dobot_msgs_v3/srv/detail/tool_do_execute__builder.hpp\n'}
[71.749637] (dobot_msgs_v3) StdoutLine: {'line': b'-- Installing: /home/huahai/dobot_ws/install/dobot_msgs_v3/include/dobot_msgs_v3/dobot_msgs_v3/srv/detail/load_switch__traits.hpp\n'}
[71.749669] (dobot_msgs_v3) StdoutLine: {'line': b'-- Installing: /home/huahai/dobot_ws/install/dobot_msgs_v3/include/dobot_msgs_v3/dobot_msgs_v3/srv/detail/set_safe_skin__struct.hpp\n'}
[71.749714] (dobot_msgs_v3) StdoutLine: {'line': b'-- Installing: /home/huahai/dobot_ws/install/dobot_msgs_v3/include/dobot_msgs_v3/dobot_msgs_v3/srv/detail/inverse_solution__traits.hpp\n'}
[71.749760] (dobot_msgs_v3) StdoutLine: {'line': b'-- Installing: /home/huahai/dobot_ws/install/dobot_msgs_v3/include/dobot_msgs_v3/dobot_msgs_v3/srv/detail/get_hold_regs__struct.hpp\n'}
[71.749798] (dobot_msgs_v3) StdoutLine: {'line': b'-- Installing: /home/huahai/dobot_ws/install/dobot_msgs_v3/include/dobot_msgs_v3/dobot_msgs_v3/srv/detail/start_trace__builder.hpp\n'}
[71.749844] (dobot_msgs_v3) StdoutLine: {'line': b'-- Installing: /home/huahai/dobot_ws/install/dobot_msgs_v3/include/dobot_msgs_v3/dobot_msgs_v3/srv/detail/rel_mov_j_tool__type_support.hpp\n'}
[71.749881] (dobot_msgs_v3) StdoutLine: {'line': b'-- Installing: /home/huahai/dobot_ws/install/dobot_msgs_v3/include/dobot_msgs_v3/dobot_msgs_v3/srv/detail/mov_j__struct.hpp\n'}
[71.749909] (dobot_msgs_v3) StdoutLine: {'line': b'-- Installing: /home/huahai/dobot_ws/install/dobot_msgs_v3/include/dobot_msgs_v3/dobot_msgs_v3/srv/detail/servo_j__type_support.hpp\n'}
[71.749959] (dobot_msgs_v3) StdoutLine: {'line': b'-- Installing: /home/huahai/dobot_ws/install/dobot_msgs_v3/include/dobot_msgs_v3/dobot_msgs_v3/srv/detail/speed_factor__struct.hpp\n'}
[71.750005] (dobot_msgs_v3) StdoutLine: {'line': b'-- Installing: /home/huahai/dobot_ws/install/dobot_msgs_v3/include/dobot_msgs_v3/dobot_msgs_v3/srv/detail/cp__builder.hpp\n'}
[71.750033] (dobot_msgs_v3) StdoutLine: {'line': b'-- Installing: /home/huahai/dobot_ws/install/dobot_msgs_v3/include/dobot_msgs_v3/dobot_msgs_v3/srv/detail/joint_mov_j__traits.hpp\n'}
[71.750110] (dobot_msgs_v3) StdoutLine: {'line': b'-- Installing: /home/huahai/dobot_ws/install/dobot_msgs_v3/include/dobot_msgs_v3/dobot_msgs_v3/srv/detail/rel_mov_j_tool__traits.hpp\n'}
[71.750162] (dobot_msgs_v3) StdoutLine: {'line': b'-- Installing: /home/huahai/dobot_ws/install/dobot_msgs_v3/include/dobot_msgs_v3/dobot_msgs_v3/srv/detail/set_payload__traits.hpp\n'}
[71.750210] (dobot_msgs_v3) StdoutLine: {'line': b'-- Installing: /home/huahai/dobot_ws/install/dobot_msgs_v3/include/dobot_msgs_v3/dobot_msgs_v3/srv/detail/set_arm_orientation__type_support.hpp\n'}
[71.750242] (dobot_msgs_v3) StdoutLine: {'line': b'-- Installing: /home/huahai/dobot_ws/install/dobot_msgs_v3/include/dobot_msgs_v3/dobot_msgs_v3/srv/detail/rel_joint_mov_j__builder.hpp\n'}
[71.750289] (dobot_msgs_v3) StdoutLine: {'line': b'-- Installing: /home/huahai/dobot_ws/install/dobot_msgs_v3/include/dobot_msgs_v3/dobot_msgs_v3/srv/detail/ao__type_support.hpp\n'}
[71.750335] (dobot_msgs_v3) StdoutLine: {'line': b'-- Installing: /home/huahai/dobot_ws/install/dobot_msgs_v3/include/dobot_msgs_v3/dobot_msgs_v3/srv/detail/modbus_create__builder.hpp\n'}
[71.750368] (dobot_msgs_v3) StdoutLine: {'line': b'-- Installing: /home/huahai/dobot_ws/install/dobot_msgs_v3/include/dobot_msgs_v3/dobot_msgs_v3/srv/detail/acc_j__type_support.hpp\n'}
[71.750414] (dobot_msgs_v3) StdoutLine: {'line': b'-- Installing: /home/huahai/dobot_ws/install/dobot_msgs_v3/include/dobot_msgs_v3/dobot_msgs_v3/srv/detail/get_coils__type_support.hpp\n'}
[71.750448] (dobot_msgs_v3) StdoutLine: {'line': b'-- Installing: /home/huahai/dobot_ws/install/dobot_msgs_v3/include/dobot_msgs_v3/dobot_msgs_v3/srv/detail/stopmove_jog__struct.hpp\n'}
[71.750488] (dobot_msgs_v3) StdoutLine: {'line': b'-- Installing: /home/huahai/dobot_ws/install/dobot_msgs_v3/include/dobot_msgs_v3/dobot_msgs_v3/srv/detail/mov_l__type_support.hpp\n'}
[71.750533] (dobot_msgs_v3) StdoutLine: {'line': b'-- Installing: /home/huahai/dobot_ws/install/dobot_msgs_v3/include/dobot_msgs_v3/dobot_msgs_v3/srv/detail/get_angle__type_support.hpp\n'}
[71.750567] (dobot_msgs_v3) StdoutLine: {'line': b'-- Installing: /home/huahai/dobot_ws/install/dobot_msgs_v3/include/dobot_msgs_v3/dobot_msgs_v3/srv/detail/start_fc_trace__struct.hpp\n'}
[71.750606] (dobot_msgs_v3) StdoutLine: {'line': b'-- Installing: /home/huahai/dobot_ws/install/dobot_msgs_v3/include/dobot_msgs_v3/dobot_msgs_v3/srv/detail/tool_di__struct.hpp\n'}
[71.750649] (dobot_msgs_v3) StdoutLine: {'line': b'-- Installing: /home/huahai/dobot_ws/install/dobot_msgs_v3/include/dobot_msgs_v3/dobot_msgs_v3/srv/detail/set_coils__type_support.hpp\n'}
[71.750681] (dobot_msgs_v3) StdoutLine: {'line': b'-- Installing: /home/huahai/dobot_ws/install/dobot_msgs_v3/include/dobot_msgs_v3/dobot_msgs_v3/srv/detail/reset_robot__struct.hpp\n'}
[71.750777] (dobot_msgs_v3) StdoutLine: {'line': b'-- Installing: /home/huahai/dobot_ws/install/dobot_msgs_v3/include/dobot_msgs_v3/dobot_msgs_v3/srv/detail/joint_mov_j__builder.hpp\n'}
[71.750890] (dobot_msgs_v3) StdoutLine: {'line': b'-- Installing: /home/huahai/dobot_ws/install/dobot_msgs_v3/include/dobot_msgs_v3/dobot_msgs_v3/srv/detail/set_payload__struct.hpp\n'}
[71.751000] (dobot_msgs_v3) StdoutLine: {'line': b'-- Installing: /home/huahai/dobot_ws/install/dobot_msgs_v3/include/dobot_msgs_v3/dobot_msgs_v3/srv/detail/cp__type_support.hpp\n'}
[71.751046] (dobot_msgs_v3) StdoutLine: {'line': b'-- Installing: /home/huahai/dobot_ws/install/dobot_msgs_v3/include/dobot_msgs_v3/dobot_msgs_v3/srv/detail/set_safe_skin__type_support.hpp\n'}
[71.751117] (dobot_msgs_v3) StdoutLine: {'line': b'-- Installing: /home/huahai/dobot_ws/install/dobot_msgs_v3/include/dobot_msgs_v3/dobot_msgs_v3/srv/detail/reset_robot__builder.hpp\n'}
[71.751169] (dobot_msgs_v3) StdoutLine: {'line': b'-- Installing: /home/huahai/dobot_ws/install/dobot_msgs_v3/include/dobot_msgs_v3/dobot_msgs_v3/srv/detail/speed_factor__builder.hpp\n'}
[71.751206] (dobot_msgs_v3) StdoutLine: {'line': b'-- Installing: /home/huahai/dobot_ws/install/dobot_msgs_v3/include/dobot_msgs_v3/dobot_msgs_v3/srv/detail/robot_mode__struct.hpp\n'}
[71.751247] (dobot_msgs_v3) StdoutLine: {'line': b'-- Installing: /home/huahai/dobot_ws/install/dobot_msgs_v3/include/dobot_msgs_v3/dobot_msgs_v3/srv/detail/speed_factor__traits.hpp\n'}
[71.751293] (dobot_msgs_v3) StdoutLine: {'line': b'-- Installing: /home/huahai/dobot_ws/install/dobot_msgs_v3/include/dobot_msgs_v3/dobot_msgs_v3/srv/detail/set_obstacle_avoid__builder.hpp\n'}
[71.751324] (dobot_msgs_v3) StdoutLine: {'line': b'-- Installing: /home/huahai/dobot_ws/install/dobot_msgs_v3/include/dobot_msgs_v3/dobot_msgs_v3/srv/detail/ao_execute__type_support.hpp\n'}
[71.751370] (dobot_msgs_v3) StdoutLine: {'line': b'-- Installing: /home/huahai/dobot_ws/install/dobot_msgs_v3/include/dobot_msgs_v3/dobot_msgs_v3/srv/detail/set_hold_regs__struct.hpp\n'}
[71.751416] (dobot_msgs_v3) StdoutLine: {'line': b'-- Installing: /home/huahai/dobot_ws/install/dobot_msgs_v3/include/dobot_msgs_v3/dobot_msgs_v3/srv/detail/digital_outputs__builder.hpp\n'}
[71.751447] (dobot_msgs_v3) StdoutLine: {'line': b'-- Installing: /home/huahai/dobot_ws/install/dobot_msgs_v3/include/dobot_msgs_v3/dobot_msgs_v3/srv/detail/cp__struct.hpp\n'}
[71.751500] (dobot_msgs_v3) StdoutLine: {'line': b'-- Installing: /home/huahai/dobot_ws/install/dobot_msgs_v3/include/dobot_msgs_v3/dobot_msgs_v3/srv/detail/robot_mode__builder.hpp\n'}
[71.751550] (dobot_msgs_v3) StdoutLine: {'line': b'-- Installing: /home/huahai/dobot_ws/install/dobot_msgs_v3/include/dobot_msgs_v3/dobot_msgs_v3/srv/detail/modbus_close__type_support.hpp\n'}
[71.751595] (dobot_msgs_v3) StdoutLine: {'line': b'-- Installing: /home/huahai/dobot_ws/install/dobot_msgs_v3/include/dobot_msgs_v3/dobot_msgs_v3/srv/detail/clear_error__type_support.hpp\n'}
[71.751735] (dobot_msgs_v3) StdoutLine: {'line': b'-- Installing: /home/huahai/dobot_ws/install/dobot_msgs_v3/include/dobot_msgs_v3/dobot_msgs_v3/srv/detail/pause_script__type_support.hpp\n'}
[71.751824] (dobot_msgs_v3) StdoutLine: {'line': b'-- Installing: /home/huahai/dobot_ws/install/dobot_msgs_v3/include/dobot_msgs_v3/dobot_msgs_v3/srv/detail/set_collision_level__traits.hpp\n'}
[71.751877] (dobot_msgs_v3) StdoutLine: {'line': b'-- Installing: /home/huahai/dobot_ws/install/dobot_msgs_v3/include/dobot_msgs_v3/dobot_msgs_v3/srv/detail/pay_load__struct.hpp\n'}
[71.751909] (dobot_msgs_v3) StdoutLine: {'line': b'-- Installing: /home/huahai/dobot_ws/install/dobot_msgs_v3/include/dobot_msgs_v3/dobot_msgs_v3/srv/detail/stopmove_jog__type_support.hpp\n'}
[71.751956] (dobot_msgs_v3) StdoutLine: {'line': b'-- Installing: /home/huahai/dobot_ws/install/dobot_msgs_v3/include/dobot_msgs_v3/dobot_msgs_v3/srv/detail/set_coils__traits.hpp\n'}
[71.752006] (dobot_msgs_v3) StdoutLine: {'line': b'-- Installing: /home/huahai/dobot_ws/install/dobot_msgs_v3/include/dobot_msgs_v3/dobot_msgs_v3/srv/detail/rel_mov_j_tool__struct.hpp\n'}
[71.752091] (dobot_msgs_v3) StdoutLine: {'line': b'-- Installing: /home/huahai/dobot_ws/install/dobot_msgs_v3/include/dobot_msgs_v3/dobot_msgs_v3/srv/detail/rel_joint_mov_j__traits.hpp\n'}
[71.752176] (dobot_msgs_v3) StdoutLine: {'line': b'-- Installing: /home/huahai/dobot_ws/install/dobot_msgs_v3/include/dobot_msgs_v3/dobot_msgs_v3/srv/detail/rel_mov_j_tool__builder.hpp\n'}
[71.752241] (dobot_msgs_v3) StdoutLine: {'line': b'-- Installing: /home/huahai/dobot_ws/install/dobot_msgs_v3/include/dobot_msgs_v3/dobot_msgs_v3/srv/detail/rel_mov_l_user__type_support.hpp\n'}
[71.752350] (dobot_msgs_v3) StdoutLine: {'line': b'-- Installing: /home/huahai/dobot_ws/install/dobot_msgs_v3/include/dobot_msgs_v3/dobot_msgs_v3/srv/detail/tool_do_execute__struct.hpp\n'}
[71.752443] (dobot_msgs_v3) StdoutLine: {'line': b'-- Installing: /home/huahai/dobot_ws/install/dobot_msgs_v3/include/dobot_msgs_v3/dobot_msgs_v3/srv/detail/get_in_bits__traits.hpp\n'}
[71.752491] (dobot_msgs_v3) StdoutLine: {'line': b'-- Installing: /home/huahai/dobot_ws/install/dobot_msgs_v3/include/dobot_msgs_v3/dobot_msgs_v3/srv/detail/rel_mov_l__builder.hpp\n'}
[71.752540] (dobot_msgs_v3) StdoutLine: {'line': b'-- Installing: /home/huahai/dobot_ws/install/dobot_msgs_v3/include/dobot_msgs_v3/dobot_msgs_v3/srv/detail/start_trace__type_support.hpp\n'}
[71.752580] (dobot_msgs_v3) StdoutLine: {'line': b'-- Installing: /home/huahai/dobot_ws/install/dobot_msgs_v3/include/dobot_msgs_v3/dobot_msgs_v3/srv/detail/positive_solution__type_support.hpp\n'}
[71.752691] (dobot_msgs_v3) StdoutLine: {'line': b'-- Installing: /home/huahai/dobot_ws/install/dobot_msgs_v3/include/dobot_msgs_v3/dobot_msgs_v3/srv/detail/speed_l__traits.hpp\n'}
[71.752783] (dobot_msgs_v3) StdoutLine: {'line': b'-- Installing: /home/huahai/dobot_ws/install/dobot_msgs_v3/include/dobot_msgs_v3/dobot_msgs_v3/srv/detail/enable_robot__traits.hpp\n'}
[71.752843] (dobot_msgs_v3) StdoutLine: {'line': b'-- Installing: /home/huahai/dobot_ws/install/dobot_msgs_v3/include/dobot_msgs_v3/dobot_msgs_v3/srv/detail/move_jog__type_support.hpp\n'}
[71.752885] (dobot_msgs_v3) StdoutLine: {'line': b'-- Installing: /home/huahai/dobot_ws/install/dobot_msgs_v3/include/dobot_msgs_v3/dobot_msgs_v3/srv/detail/do__struct.hpp\n'}
[71.752965] (dobot_msgs_v3) StdoutLine: {'line': b'-- Installing: /home/huahai/dobot_ws/install/dobot_msgs_v3/include/dobot_msgs_v3/dobot_msgs_v3/srv/detail/clear_error__traits.hpp\n'}
[71.753025] (dobot_msgs_v3) StdoutLine: {'line': b'-- Installing: /home/huahai/dobot_ws/install/dobot_msgs_v3/include/dobot_msgs_v3/dobot_msgs_v3/srv/detail/get_in_regs__type_support.hpp\n'}
[71.753106] (dobot_msgs_v3) StdoutLine: {'line': b'-- Installing: /home/huahai/dobot_ws/install/dobot_msgs_v3/include/dobot_msgs_v3/dobot_msgs_v3/srv/detail/tool__traits.hpp\n'}
[71.753159] (dobot_msgs_v3) StdoutLine: {'line': b'-- Installing: /home/huahai/dobot_ws/install/dobot_msgs_v3/include/dobot_msgs_v3/dobot_msgs_v3/srv/detail/get_pose__type_support.hpp\n'}
[71.753204] (dobot_msgs_v3) StdoutLine: {'line': b'-- Installing: /home/huahai/dobot_ws/install/dobot_msgs_v3/include/dobot_msgs_v3/dobot_msgs_v3/srv/detail/stop_script__struct.hpp\n'}
[71.753286] (dobot_msgs_v3) StdoutLine: {'line': b'-- Installing: /home/huahai/dobot_ws/install/dobot_msgs_v3/include/dobot_msgs_v3/dobot_msgs_v3/srv/detail/stop_script__type_support.hpp\n'}
[71.753344] (dobot_msgs_v3) StdoutLine: {'line': b'-- Installing: /home/huahai/dobot_ws/install/dobot_msgs_v3/include/dobot_msgs_v3/dobot_msgs_v3/srv/detail/power_on__builder.hpp\n'}
[71.753423] (dobot_msgs_v3) StdoutLine: {'line': b'-- Installing: /home/huahai/dobot_ws/install/dobot_msgs_v3/include/dobot_msgs_v3/dobot_msgs_v3/srv/detail/ao__struct.hpp\n'}
[71.753495] (dobot_msgs_v3) StdoutLine: {'line': b'-- Installing: /home/huahai/dobot_ws/install/dobot_msgs_v3/include/dobot_msgs_v3/dobot_msgs_v3/srv/detail/modbus_close__struct.hpp\n'}
[71.753554] (dobot_msgs_v3) StdoutLine: {'line': b'-- Installing: /home/huahai/dobot_ws/install/dobot_msgs_v3/include/dobot_msgs_v3/dobot_msgs_v3/srv/detail/mov_lio__traits.hpp\n'}
[71.753628] (dobot_msgs_v3) StdoutLine: {'line': b'-- Installing: /home/huahai/dobot_ws/install/dobot_msgs_v3/include/dobot_msgs_v3/dobot_msgs_v3/srv/detail/continues__type_support.hpp\n'}
[71.753675] (dobot_msgs_v3) StdoutLine: {'line': b'-- Installing: /home/huahai/dobot_ws/install/dobot_msgs_v3/include/dobot_msgs_v3/dobot_msgs_v3/srv/detail/acc_j__builder.hpp\n'}
[71.753743] (dobot_msgs_v3) StdoutLine: {'line': b'-- Installing: /home/huahai/dobot_ws/install/dobot_msgs_v3/include/dobot_msgs_v3/dobot_msgs_v3/srv/detail/clear_error__struct.hpp\n'}
[71.753809] (dobot_msgs_v3) StdoutLine: {'line': b'-- Installing: /home/huahai/dobot_ws/install/dobot_msgs_v3/include/dobot_msgs_v3/dobot_msgs_v3/srv/detail/lim_z__type_support.hpp\n'}
[71.753878] (dobot_msgs_v3) StdoutLine: {'line': b'-- Installing: /home/huahai/dobot_ws/install/dobot_msgs_v3/include/dobot_msgs_v3/dobot_msgs_v3/srv/detail/mov_j_ext__builder.hpp\n'}
[71.753938] (dobot_msgs_v3) StdoutLine: {'line': b'-- Installing: /home/huahai/dobot_ws/install/dobot_msgs_v3/include/dobot_msgs_v3/dobot_msgs_v3/srv/detail/stopmove_jog__builder.hpp\n'}
[71.754015] (dobot_msgs_v3) StdoutLine: {'line': b'-- Installing: /home/huahai/dobot_ws/install/dobot_msgs_v3/include/dobot_msgs_v3/dobot_msgs_v3/srv/detail/inverse_solution__type_support.hpp\n'}
[71.754078] (dobot_msgs_v3) StdoutLine: {'line': b'-- Installing: /home/huahai/dobot_ws/install/dobot_msgs_v3/include/dobot_msgs_v3/dobot_msgs_v3/srv/detail/servo_p__traits.hpp\n'}
[71.754169] (dobot_msgs_v3) StdoutLine: {'line': b'-- Installing: /home/huahai/dobot_ws/install/dobot_msgs_v3/include/dobot_msgs_v3/dobot_msgs_v3/srv/detail/disable_robot__traits.hpp\n'}
[71.754252] (dobot_msgs_v3) StdoutLine: {'line': b'-- Installing: /home/huahai/dobot_ws/install/dobot_msgs_v3/include/dobot_msgs_v3/dobot_msgs_v3/srv/detail/tool_do__struct.hpp\n'}
[71.754476] (dobot_msgs_v3) StdoutLine: {'line': b'-- Installing: /home/huahai/dobot_ws/install/dobot_msgs_v3/include/dobot_msgs_v3/dobot_msgs_v3/srv/detail/pause__struct.hpp\n'}
[71.754561] (dobot_msgs_v3) StdoutLine: {'line': b'-- Installing: /home/huahai/dobot_ws/install/dobot_msgs_v3/include/dobot_msgs_v3/dobot_msgs_v3/srv/detail/tool_di__type_support.hpp\n'}
[71.754616] (dobot_msgs_v3) StdoutLine: {'line': b'-- Installing: /home/huahai/dobot_ws/install/dobot_msgs_v3/include/dobot_msgs_v3/dobot_msgs_v3/srv/detail/modbus_close__builder.hpp\n'}
[71.754663] (dobot_msgs_v3) StdoutLine: {'line': b'-- Installing: /home/huahai/dobot_ws/install/dobot_msgs_v3/include/dobot_msgs_v3/dobot_msgs_v3/srv/detail/speed_j__type_support.hpp\n'}
[71.754751] (dobot_msgs_v3) StdoutLine: {'line': b'-- Installing: /home/huahai/dobot_ws/install/dobot_msgs_v3/include/dobot_msgs_v3/dobot_msgs_v3/srv/detail/emergency_stop__builder.hpp\n'}
[71.754927] (dobot_msgs_v3) StdoutLine: {'line': b'-- Installing: /home/huahai/dobot_ws/install/dobot_msgs_v3/include/dobot_msgs_v3/dobot_msgs_v3/srv/detail/arc__builder.hpp\n'}
[71.755063] (dobot_msgs_v3) StdoutLine: {'line': b'-- Installing: /home/huahai/dobot_ws/install/dobot_msgs_v3/include/dobot_msgs_v3/dobot_msgs_v3/srv/detail/get_error_id__struct.hpp\n'}
[71.755168] (dobot_msgs_v3) StdoutLine: {'line': b'-- Installing: /home/huahai/dobot_ws/install/dobot_msgs_v3/include/dobot_msgs_v3/dobot_msgs_v3/srv/detail/power_on__type_support.hpp\n'}
[71.755232] (dobot_msgs_v3) StdoutLine: {'line': b'-- Installing: /home/huahai/dobot_ws/install/dobot_msgs_v3/include/dobot_msgs_v3/dobot_msgs_v3/srv/detail/enable_robot__struct.hpp\n'}
[71.755357] (dobot_msgs_v3) StdoutLine: {'line': b'-- Installing: /home/huahai/dobot_ws/install/dobot_msgs_v3/include/dobot_msgs_v3/dobot_msgs_v3/srv/detail/load_switch__struct.hpp\n'}
[71.755435] (dobot_msgs_v3) StdoutLine: {'line': b'-- Installing: /home/huahai/dobot_ws/install/dobot_msgs_v3/include/dobot_msgs_v3/dobot_msgs_v3/srv/detail/power_on__struct.hpp\n'}
[71.755489] (dobot_msgs_v3) StdoutLine: {'line': b'-- Installing: /home/huahai/dobot_ws/install/dobot_msgs_v3/include/dobot_msgs_v3/dobot_msgs_v3/srv/detail/continues__builder.hpp\n'}
[71.755536] (dobot_msgs_v3) StdoutLine: {'line': b'-- Installing: /home/huahai/dobot_ws/install/dobot_msgs_v3/include/dobot_msgs_v3/dobot_msgs_v3/srv/detail/jump__struct.hpp\n'}
[71.755615] (dobot_msgs_v3) StdoutLine: {'line': b'-- Installing: /home/huahai/dobot_ws/install/dobot_msgs_v3/include/dobot_msgs_v3/dobot_msgs_v3/srv/detail/start_trace__struct.hpp\n'}
[71.755710] (dobot_msgs_v3) StdoutLine: {'line': b'-- Installing: /home/huahai/dobot_ws/install/dobot_msgs_v3/include/dobot_msgs_v3/dobot_msgs_v3/srv/detail/arch__traits.hpp\n'}
[71.755769] (dobot_msgs_v3) StdoutLine: {'line': b'-- Installing: /home/huahai/dobot_ws/install/dobot_msgs_v3/include/dobot_msgs_v3/dobot_msgs_v3/srv/detail/rel_mov_l__type_support.hpp\n'}
[71.755867] (dobot_msgs_v3) StdoutLine: {'line': b'-- Installing: /home/huahai/dobot_ws/install/dobot_msgs_v3/include/dobot_msgs_v3/dobot_msgs_v3/srv/detail/start_drag__struct.hpp\n'}
[71.755929] (dobot_msgs_v3) StdoutLine: {'line': b'-- Installing: /home/huahai/dobot_ws/install/dobot_msgs_v3/include/dobot_msgs_v3/dobot_msgs_v3/srv/detail/clear_error__builder.hpp\n'}
[71.756070] (dobot_msgs_v3) StdoutLine: {'line': b'-- Installing: /home/huahai/dobot_ws/install/dobot_msgs_v3/include/dobot_msgs_v3/dobot_msgs_v3/srv/detail/rel_mov_j_user__type_support.hpp\n'}
[71.756174] (dobot_msgs_v3) StdoutLine: {'line': b'-- Installing: /home/huahai/dobot_ws/install/dobot_msgs_v3/include/dobot_msgs_v3/dobot_msgs_v3/srv/detail/mov_j_ext__type_support.hpp\n'}
[71.756389] (dobot_msgs_v3) StdoutLine: {'line': b'-- Installing: /home/huahai/dobot_ws/install/dobot_msgs_v3/include/dobot_msgs_v3/dobot_msgs_v3/srv/detail/start_drag__builder.hpp\n'}
[71.756627] (dobot_msgs_v3) StdoutLine: {'line': b'-- Installing: /home/huahai/dobot_ws/install/dobot_msgs_v3/include/dobot_msgs_v3/dobot_msgs_v3/srv/detail/get_error_id__traits.hpp\n'}
[71.756713] (dobot_msgs_v3) StdoutLine: {'line': b'-- Installing: /home/huahai/dobot_ws/install/dobot_msgs_v3/include/dobot_msgs_v3/dobot_msgs_v3/srv/detail/emergency_stop__struct.hpp\n'}
[71.756823] (dobot_msgs_v3) StdoutLine: {'line': b'-- Installing: /home/huahai/dobot_ws/install/dobot_msgs_v3/include/dobot_msgs_v3/dobot_msgs_v3/srv/detail/set_payload__type_support.hpp\n'}
[71.756889] (dobot_msgs_v3) StdoutLine: {'line': b'-- Installing: /home/huahai/dobot_ws/install/dobot_msgs_v3/include/dobot_msgs_v3/dobot_msgs_v3/srv/detail/sync_all__type_support.hpp\n'}
[71.756961] (dobot_msgs_v3) StdoutLine: {'line': b'-- Installing: /home/huahai/dobot_ws/install/dobot_msgs_v3/include/dobot_msgs_v3/dobot_msgs_v3/srv/detail/rel_mov_j__traits.hpp\n'}
[71.757178] (dobot_msgs_v3) StdoutLine: {'line': b'-- Installing: /home/huahai/dobot_ws/install/dobot_msgs_v3/include/dobot_msgs_v3/dobot_msgs_v3/srv/detail/power_on__traits.hpp\n'}
[71.757255] (dobot_msgs_v3) StdoutLine: {'line': b'-- Installing: /home/huahai/dobot_ws/install/dobot_msgs_v3/include/dobot_msgs_v3/dobot_msgs_v3/srv/detail/stopmove_jog__traits.hpp\n'}
[71.757309] (dobot_msgs_v3) StdoutLine: {'line': b'-- Installing: /home/huahai/dobot_ws/install/dobot_msgs_v3/include/dobot_msgs_v3/dobot_msgs_v3/srv/detail/digital_outputs__traits.hpp\n'}
[71.757421] (dobot_msgs_v3) StdoutLine: {'line': b'-- Installing: /home/huahai/dobot_ws/install/dobot_msgs_v3/include/dobot_msgs_v3/dobot_msgs_v3/srv/detail/mov_jio__struct.hpp\n'}
[71.757525] (dobot_msgs_v3) StdoutLine: {'line': b'-- Installing: /home/huahai/dobot_ws/install/dobot_msgs_v3/include/dobot_msgs_v3/dobot_msgs_v3/srv/detail/robot_mode__type_support.hpp\n'}
[71.757578] (dobot_msgs_v3) StdoutLine: {'line': b'-- Installing: /home/huahai/dobot_ws/install/dobot_msgs_v3/include/dobot_msgs_v3/dobot_msgs_v3/srv/detail/mov_j_ext__traits.hpp\n'}
[71.757627] (dobot_msgs_v3) StdoutLine: {'line': b'-- Installing: /home/huahai/dobot_ws/install/dobot_msgs_v3/include/dobot_msgs_v3/dobot_msgs_v3/srv/detail/set_arm_orientation__traits.hpp\n'}
[71.757675] (dobot_msgs_v3) StdoutLine: {'line': b'-- Installing: /home/huahai/dobot_ws/install/dobot_msgs_v3/include/dobot_msgs_v3/dobot_msgs_v3/srv/detail/brake_control__struct.hpp\n'}
[71.757755] (dobot_msgs_v3) StdoutLine: {'line': b'-- Installing: /home/huahai/dobot_ws/install/dobot_msgs_v3/include/dobot_msgs_v3/dobot_msgs_v3/srv/detail/user__struct.hpp\n'}
[71.757844] (dobot_msgs_v3) StdoutLine: {'line': b'-- Installing: /home/huahai/dobot_ws/install/dobot_msgs_v3/include/dobot_msgs_v3/dobot_msgs_v3/srv/detail/get_in_regs__struct.hpp\n'}
[71.757944] (dobot_msgs_v3) StdoutLine: {'line': b'-- Installing: /home/huahai/dobot_ws/install/dobot_msgs_v3/include/dobot_msgs_v3/dobot_msgs_v3/srv/detail/get_pose__builder.hpp\n'}
[71.758020] (dobot_msgs_v3) StdoutLine: {'line': b'-- Installing: /home/huahai/dobot_ws/install/dobot_msgs_v3/include/dobot_msgs_v3/dobot_msgs_v3/srv/detail/move_jog__builder.hpp\n'}
[71.758068] (dobot_msgs_v3) StdoutLine: {'line': b'-- Installing: /home/huahai/dobot_ws/install/dobot_msgs_v3/include/dobot_msgs_v3/dobot_msgs_v3/srv/detail/lim_z__traits.hpp\n'}
[71.758144] (dobot_msgs_v3) StdoutLine: {'line': b'-- Installing: /home/huahai/dobot_ws/install/dobot_msgs_v3/include/dobot_msgs_v3/dobot_msgs_v3/srv/detail/positive_solution__struct.hpp\n'}
[71.758203] (dobot_msgs_v3) StdoutLine: {'line': b'-- Installing: /home/huahai/dobot_ws/install/dobot_msgs_v3/include/dobot_msgs_v3/dobot_msgs_v3/srv/detail/do_group__type_support.hpp\n'}
[71.758282] (dobot_msgs_v3) StdoutLine: {'line': b'-- Installing: /home/huahai/dobot_ws/install/dobot_msgs_v3/include/dobot_msgs_v3/dobot_msgs_v3/srv/detail/mov_l__builder.hpp\n'}
[71.758342] (dobot_msgs_v3) StdoutLine: {'line': b'-- Installing: /home/huahai/dobot_ws/install/dobot_msgs_v3/include/dobot_msgs_v3/dobot_msgs_v3/srv/detail/start_fc_trace__builder.hpp\n'}
[71.758416] (dobot_msgs_v3) StdoutLine: {'line': b'-- Installing: /home/huahai/dobot_ws/install/dobot_msgs_v3/include/dobot_msgs_v3/dobot_msgs_v3/srv/detail/do_execute__traits.hpp\n'}
[71.758483] (dobot_msgs_v3) StdoutLine: {'line': b'-- Installing: /home/huahai/dobot_ws/install/dobot_msgs_v3/include/dobot_msgs_v3/dobot_msgs_v3/srv/detail/acc_l__traits.hpp\n'}
[71.758559] (dobot_msgs_v3) StdoutLine: {'line': b'-- Installing: /home/huahai/dobot_ws/install/dobot_msgs_v3/include/dobot_msgs_v3/dobot_msgs_v3/srv/detail/pause_script__struct.hpp\n'}
[71.758618] (dobot_msgs_v3) StdoutLine: {'line': b'-- Installing: /home/huahai/dobot_ws/install/dobot_msgs_v3/include/dobot_msgs_v3/dobot_msgs_v3/srv/detail/start_trace__traits.hpp\n'}
[71.758699] (dobot_msgs_v3) StdoutLine: {'line': b'-- Installing: /home/huahai/dobot_ws/install/dobot_msgs_v3/include/dobot_msgs_v3/dobot_msgs_v3/srv/detail/tool_do_execute__type_support.hpp\n'}
[71.758760] (dobot_msgs_v3) StdoutLine: {'line': b'-- Installing: /home/huahai/dobot_ws/install/dobot_msgs_v3/include/dobot_msgs_v3/dobot_msgs_v3/srv/detail/do__builder.hpp\n'}
[71.758860] (dobot_msgs_v3) StdoutLine: {'line': b'-- Installing: /home/huahai/dobot_ws/install/dobot_msgs_v3/include/dobot_msgs_v3/dobot_msgs_v3/srv/detail/start_path__struct.hpp\n'}
[71.758957] (dobot_msgs_v3) StdoutLine: {'line': b'-- Installing: /home/huahai/dobot_ws/install/dobot_msgs_v3/include/dobot_msgs_v3/dobot_msgs_v3/srv/detail/user__type_support.hpp\n'}
[71.759019] (dobot_msgs_v3) StdoutLine: {'line': b'-- Installing: /home/huahai/dobot_ws/install/dobot_msgs_v3/include/dobot_msgs_v3/dobot_msgs_v3/srv/detail/arc__type_support.hpp\n'}
[71.759101] (dobot_msgs_v3) StdoutLine: {'line': b'-- Installing: /home/huahai/dobot_ws/install/dobot_msgs_v3/include/dobot_msgs_v3/dobot_msgs_v3/srv/detail/start_fc_trace__type_support.hpp\n'}
[71.759166] (dobot_msgs_v3) StdoutLine: {'line': b'-- Installing: /home/huahai/dobot_ws/install/dobot_msgs_v3/include/dobot_msgs_v3/dobot_msgs_v3/srv/detail/rel_mov_j_user__struct.hpp\n'}
[71.759246] (dobot_msgs_v3) StdoutLine: {'line': b'-- Installing: /home/huahai/dobot_ws/install/dobot_msgs_v3/include/dobot_msgs_v3/dobot_msgs_v3/srv/detail/rel_mov_l_tool__struct.hpp\n'}
[71.759309] (dobot_msgs_v3) StdoutLine: {'line': b'-- Installing: /home/huahai/dobot_ws/install/dobot_msgs_v3/include/dobot_msgs_v3/dobot_msgs_v3/srv/detail/mov_j_ext__struct.hpp\n'}
[71.759395] (dobot_msgs_v3) StdoutLine: {'line': b'-- Installing: /home/huahai/dobot_ws/install/dobot_msgs_v3/include/dobot_msgs_v3/dobot_msgs_v3/srv/detail/set_safe_skin__builder.hpp\n'}
[71.759458] (dobot_msgs_v3) StdoutLine: {'line': b'-- Installing: /home/huahai/dobot_ws/install/dobot_msgs_v3/include/dobot_msgs_v3/dobot_msgs_v3/srv/detail/enable_robot__builder.hpp\n'}
[71.759534] (dobot_msgs_v3) StdoutLine: {'line': b'-- Installing: /home/huahai/dobot_ws/install/dobot_msgs_v3/include/dobot_msgs_v3/dobot_msgs_v3/srv/detail/lim_z__struct.hpp\n'}
[71.759590] (dobot_msgs_v3) StdoutLine: {'line': b'-- Installing: /home/huahai/dobot_ws/install/dobot_msgs_v3/include/dobot_msgs_v3/dobot_msgs_v3/srv/detail/stop_drag__builder.hpp\n'}
[71.759666] (dobot_msgs_v3) StdoutLine: {'line': b'-- Installing: /home/huahai/dobot_ws/install/dobot_msgs_v3/include/dobot_msgs_v3/dobot_msgs_v3/srv/detail/speed_j__struct.hpp\n'}
[71.759731] (dobot_msgs_v3) StdoutLine: {'line': b'-- Installing: /home/huahai/dobot_ws/install/dobot_msgs_v3/include/dobot_msgs_v3/dobot_msgs_v3/srv/detail/mov_lio__type_support.hpp\n'}
[71.759830] (dobot_msgs_v3) StdoutLine: {'line': b'-- Installing: /home/huahai/dobot_ws/install/dobot_msgs_v3/include/dobot_msgs_v3/dobot_msgs_v3/srv/mov_l.hpp\n'}
[71.759893] (dobot_msgs_v3) StdoutLine: {'line': b'-- Installing: /home/huahai/dobot_ws/install/dobot_msgs_v3/include/dobot_msgs_v3/dobot_msgs_v3/srv/brake_control.hpp\n'}
[71.759992] (dobot_msgs_v3) StdoutLine: {'line': b'-- Installing: /home/huahai/dobot_ws/install/dobot_msgs_v3/include/dobot_msgs_v3/dobot_msgs_v3/srv/continue_script.hpp\n'}
[71.760049] (dobot_msgs_v3) StdoutLine: {'line': b'-- Installing: /home/huahai/dobot_ws/install/dobot_msgs_v3/include/dobot_msgs_v3/dobot_msgs_v3/srv/load_switch.hpp\n'}
[71.760119] (dobot_msgs_v3) StdoutLine: {'line': b'-- Installing: /home/huahai/dobot_ws/install/dobot_msgs_v3/include/dobot_msgs_v3/dobot_msgs_v3/srv/get_in_regs.hpp\n'}
[71.760176] (dobot_msgs_v3) StdoutLine: {'line': b'-- Installing: /home/huahai/dobot_ws/install/dobot_msgs_v3/include/dobot_msgs_v3/dobot_msgs_v3/srv/disable_robot.hpp\n'}
[71.760246] (dobot_msgs_v3) StdoutLine: {'line': b'-- Installing: /home/huahai/dobot_ws/install/dobot_msgs_v3/include/dobot_msgs_v3/dobot_msgs_v3/srv/speed_factor.hpp\n'}
[71.760303] (dobot_msgs_v3) StdoutLine: {'line': b'-- Installing: /home/huahai/dobot_ws/install/dobot_msgs_v3/include/dobot_msgs_v3/dobot_msgs_v3/srv/run_script.hpp\n'}
[71.760377] (dobot_msgs_v3) StdoutLine: {'line': b'-- Installing: /home/huahai/dobot_ws/install/dobot_msgs_v3/include/dobot_msgs_v3/dobot_msgs_v3/srv/tool_di.hpp\n'}
[71.760438] (dobot_msgs_v3) StdoutLine: {'line': b'-- Installing: /home/huahai/dobot_ws/install/dobot_msgs_v3/include/dobot_msgs_v3/dobot_msgs_v3/srv/get_hold_regs.hpp\n'}
[71.760539] (dobot_msgs_v3) StdoutLine: {'line': b'-- Installing: /home/huahai/dobot_ws/install/dobot_msgs_v3/include/dobot_msgs_v3/dobot_msgs_v3/srv/ao_execute.hpp\n'}
[71.760619] (dobot_msgs_v3) StdoutLine: {'line': b'-- Installing: /home/huahai/dobot_ws/install/dobot_msgs_v3/include/dobot_msgs_v3/dobot_msgs_v3/srv/circle.hpp\n'}
[71.760653] (dobot_msgs_v3) StdoutLine: {'line': b'-- Installing: /home/huahai/dobot_ws/install/dobot_msgs_v3/include/dobot_msgs_v3/dobot_msgs_v3/srv/rel_mov_j_user.hpp\n'}
[71.760692] (dobot_msgs_v3) StdoutLine: {'line': b'-- Installing: /home/huahai/dobot_ws/install/dobot_msgs_v3/include/dobot_msgs_v3/dobot_msgs_v3/srv/pause.hpp\n'}
[71.760735] (dobot_msgs_v3) StdoutLine: {'line': b'-- Installing: /home/huahai/dobot_ws/install/dobot_msgs_v3/include/dobot_msgs_v3/dobot_msgs_v3/srv/user.hpp\n'}
[71.760899] (dobot_msgs_v3) StdoutLine: {'line': b'-- Installing: /home/huahai/dobot_ws/install/dobot_msgs_v3/include/dobot_msgs_v3/dobot_msgs_v3/srv/set_safe_skin.hpp\n'}
[71.761006] (dobot_msgs_v3) StdoutLine: {'line': b'-- Installing: /home/huahai/dobot_ws/install/dobot_msgs_v3/include/dobot_msgs_v3/dobot_msgs_v3/srv/stop_script.hpp\n'}
[71.761069] (dobot_msgs_v3) StdoutLine: {'line': b'-- Installing: /home/huahai/dobot_ws/install/dobot_msgs_v3/include/dobot_msgs_v3/dobot_msgs_v3/srv/arch.hpp\n'}
[71.761138] (dobot_msgs_v3) StdoutLine: {'line': b'-- Installing: /home/huahai/dobot_ws/install/dobot_msgs_v3/include/dobot_msgs_v3/dobot_msgs_v3/srv/positive_solution.hpp\n'}
[71.761199] (dobot_msgs_v3) StdoutLine: {'line': b'-- Installing: /home/huahai/dobot_ws/install/dobot_msgs_v3/include/dobot_msgs_v3/dobot_msgs_v3/srv/stop_drag.hpp\n'}
[71.761271] (dobot_msgs_v3) StdoutLine: {'line': b'-- Installing: /home/huahai/dobot_ws/install/dobot_msgs_v3/include/dobot_msgs_v3/dobot_msgs_v3/srv/set_arm_orientation.hpp\n'}
[71.761334] (dobot_msgs_v3) StdoutLine: {'line': b'-- Installing: /home/huahai/dobot_ws/install/dobot_msgs_v3/include/dobot_msgs_v3/dobot_msgs_v3/srv/do_execute.hpp\n'}
[71.761416] (dobot_msgs_v3) StdoutLine: {'line': b'-- Installing: /home/huahai/dobot_ws/install/dobot_msgs_v3/include/dobot_msgs_v3/dobot_msgs_v3/srv/robot_mode.hpp\n'}
[71.761472] (dobot_msgs_v3) StdoutLine: {'line': b'-- Installing: /home/huahai/dobot_ws/install/dobot_msgs_v3/include/dobot_msgs_v3/dobot_msgs_v3/srv/digital_outputs.hpp\n'}
[71.761539] (dobot_msgs_v3) StdoutLine: {'line': b'-- Installing: /home/huahai/dobot_ws/install/dobot_msgs_v3/include/dobot_msgs_v3/dobot_msgs_v3/srv/ao.hpp\n'}
[71.761597] (dobot_msgs_v3) StdoutLine: {'line': b'-- Installing: /home/huahai/dobot_ws/install/dobot_msgs_v3/include/dobot_msgs_v3/dobot_msgs_v3/srv/rel_mov_j_tool.hpp\n'}
[71.761665] (dobot_msgs_v3) StdoutLine: {'line': b'-- Installing: /home/huahai/dobot_ws/install/dobot_msgs_v3/include/dobot_msgs_v3/dobot_msgs_v3/srv/get_coils.hpp\n'}
[71.761721] (dobot_msgs_v3) StdoutLine: {'line': b'-- Installing: /home/huahai/dobot_ws/install/dobot_msgs_v3/include/dobot_msgs_v3/dobot_msgs_v3/srv/speed_l.hpp\n'}
[71.761798] (dobot_msgs_v3) StdoutLine: {'line': b'-- Installing: /home/huahai/dobot_ws/install/dobot_msgs_v3/include/dobot_msgs_v3/dobot_msgs_v3/srv/get_angle.hpp\n'}
[71.761856] (dobot_msgs_v3) StdoutLine: {'line': b'-- Installing: /home/huahai/dobot_ws/install/dobot_msgs_v3/include/dobot_msgs_v3/dobot_msgs_v3/srv/pay_load.hpp\n'}
[71.761925] (dobot_msgs_v3) StdoutLine: {'line': b'-- Installing: /home/huahai/dobot_ws/install/dobot_msgs_v3/include/dobot_msgs_v3/dobot_msgs_v3/srv/reset_robot.hpp\n'}
[71.761999] (dobot_msgs_v3) StdoutLine: {'line': b'-- Installing: /home/huahai/dobot_ws/install/dobot_msgs_v3/include/dobot_msgs_v3/dobot_msgs_v3/srv/emergency_stop.hpp\n'}
[71.762057] (dobot_msgs_v3) StdoutLine: {'line': b'-- Installing: /home/huahai/dobot_ws/install/dobot_msgs_v3/include/dobot_msgs_v3/dobot_msgs_v3/srv/mov_j.hpp\n'}
[71.762108] (dobot_msgs_v3) StdoutLine: {'line': b'-- Installing: /home/huahai/dobot_ws/install/dobot_msgs_v3/include/dobot_msgs_v3/dobot_msgs_v3/srv/joint_mov_j.hpp\n'}
[71.762187] (dobot_msgs_v3) StdoutLine: {'line': b'-- Installing: /home/huahai/dobot_ws/install/dobot_msgs_v3/include/dobot_msgs_v3/dobot_msgs_v3/srv/get_pose.hpp\n'}
[71.762248] (dobot_msgs_v3) StdoutLine: {'line': b'-- Installing: /home/huahai/dobot_ws/install/dobot_msgs_v3/include/dobot_msgs_v3/dobot_msgs_v3/srv/set_hold_regs.hpp\n'}
[71.762325] (dobot_msgs_v3) StdoutLine: {'line': b'-- Installing: /home/huahai/dobot_ws/install/dobot_msgs_v3/include/dobot_msgs_v3/dobot_msgs_v3/srv/arc.hpp\n'}
[71.762387] (dobot_msgs_v3) StdoutLine: {'line': b'-- Installing: /home/huahai/dobot_ws/install/dobot_msgs_v3/include/dobot_msgs_v3/dobot_msgs_v3/srv/get_error_id.hpp\n'}
[71.762466] (dobot_msgs_v3) StdoutLine: {'line': b'-- Installing: /home/huahai/dobot_ws/install/dobot_msgs_v3/include/dobot_msgs_v3/dobot_msgs_v3/srv/mov_j_ext.hpp\n'}
[71.762521] (dobot_msgs_v3) StdoutLine: {'line': b'-- Installing: /home/huahai/dobot_ws/install/dobot_msgs_v3/include/dobot_msgs_v3/dobot_msgs_v3/srv/cp.hpp\n'}
[71.762602] (dobot_msgs_v3) StdoutLine: {'line': b'-- Installing: /home/huahai/dobot_ws/install/dobot_msgs_v3/include/dobot_msgs_v3/dobot_msgs_v3/srv/tool_do.hpp\n'}
[71.762657] (dobot_msgs_v3) StdoutLine: {'line': b'-- Installing: /home/huahai/dobot_ws/install/dobot_msgs_v3/include/dobot_msgs_v3/dobot_msgs_v3/srv/tool.hpp\n'}
[71.762726] (dobot_msgs_v3) StdoutLine: {'line': b'-- Installing: /home/huahai/dobot_ws/install/dobot_msgs_v3/include/dobot_msgs_v3/dobot_msgs_v3/srv/wait.hpp\n'}
[71.762807] (dobot_msgs_v3) StdoutLine: {'line': b'-- Installing: /home/huahai/dobot_ws/install/dobot_msgs_v3/include/dobot_msgs_v3/dobot_msgs_v3/srv/pause_script.hpp\n'}
[71.762866] (dobot_msgs_v3) StdoutLine: {'line': b'-- Installing: /home/huahai/dobot_ws/install/dobot_msgs_v3/include/dobot_msgs_v3/dobot_msgs_v3/srv/rel_joint_mov_j.hpp\n'}
[71.762934] (dobot_msgs_v3) StdoutLine: {'line': b'-- Installing: /home/huahai/dobot_ws/install/dobot_msgs_v3/include/dobot_msgs_v3/dobot_msgs_v3/srv/acc_j.hpp\n'}
[71.763013] (dobot_msgs_v3) StdoutLine: {'line': b'-- Installing: /home/huahai/dobot_ws/install/dobot_msgs_v3/include/dobot_msgs_v3/dobot_msgs_v3/srv/sync_all.hpp\n'}
[71.763071] (dobot_msgs_v3) StdoutLine: {'line': b'-- Installing: /home/huahai/dobot_ws/install/dobot_msgs_v3/include/dobot_msgs_v3/dobot_msgs_v3/srv/power_on.hpp\n'}
[71.763143] (dobot_msgs_v3) StdoutLine: {'line': b'-- Installing: /home/huahai/dobot_ws/install/dobot_msgs_v3/include/dobot_msgs_v3/dobot_msgs_v3/srv/get_in_bits.hpp\n'}
[71.763203] (dobot_msgs_v3) StdoutLine: {'line': b'-- Installing: /home/huahai/dobot_ws/install/dobot_msgs_v3/include/dobot_msgs_v3/dobot_msgs_v3/srv/set_coils.hpp\n'}
[71.763280] (dobot_msgs_v3) StdoutLine: {'line': b'-- Installing: /home/huahai/dobot_ws/install/dobot_msgs_v3/include/dobot_msgs_v3/dobot_msgs_v3/srv/lim_z.hpp\n'}
[71.763341] (dobot_msgs_v3) StdoutLine: {'line': b'-- Installing: /home/huahai/dobot_ws/install/dobot_msgs_v3/include/dobot_msgs_v3/dobot_msgs_v3/srv/stopmove_jog.hpp\n'}
[71.763421] (dobot_msgs_v3) StdoutLine: {'line': b'-- Installing: /home/huahai/dobot_ws/install/dobot_msgs_v3/include/dobot_msgs_v3/dobot_msgs_v3/srv/servo_j.hpp\n'}
[71.763482] (dobot_msgs_v3) StdoutLine: {'line': b'-- Installing: /home/huahai/dobot_ws/install/dobot_msgs_v3/include/dobot_msgs_v3/dobot_msgs_v3/srv/move_jog.hpp\n'}
[71.763554] (dobot_msgs_v3) StdoutLine: {'line': b'-- Installing: /home/huahai/dobot_ws/install/dobot_msgs_v3/include/dobot_msgs_v3/dobot_msgs_v3/srv/set_payload.hpp\n'}
[71.763607] (dobot_msgs_v3) StdoutLine: {'line': b'-- Installing: /home/huahai/dobot_ws/install/dobot_msgs_v3/include/dobot_msgs_v3/dobot_msgs_v3/srv/sync.hpp\n'}
[71.763684] (dobot_msgs_v3) StdoutLine: {'line': b'-- Installing: /home/huahai/dobot_ws/install/dobot_msgs_v3/include/dobot_msgs_v3/dobot_msgs_v3/srv/mov_jio.hpp\n'}
[71.763745] (dobot_msgs_v3) StdoutLine: {'line': b'-- Installing: /home/huahai/dobot_ws/install/dobot_msgs_v3/include/dobot_msgs_v3/dobot_msgs_v3/srv/set_collision_level.hpp\n'}
[71.763830] (dobot_msgs_v3) StdoutLine: {'line': b'-- Installing: /home/huahai/dobot_ws/install/dobot_msgs_v3/include/dobot_msgs_v3/dobot_msgs_v3/srv/do_group.hpp\n'}
[71.763918] (dobot_msgs_v3) StdoutLine: {'line': b'-- Installing: /home/huahai/dobot_ws/install/dobot_msgs_v3/include/dobot_msgs_v3/dobot_msgs_v3/srv/clear_error.hpp\n'}
[71.763975] (dobot_msgs_v3) StdoutLine: {'line': b'-- Installing: /home/huahai/dobot_ws/install/dobot_msgs_v3/include/dobot_msgs_v3/dobot_msgs_v3/srv/tool_do_execute.hpp\n'}
[71.764027] (dobot_msgs_v3) StdoutLine: {'line': b'-- Installing: /home/huahai/dobot_ws/install/dobot_msgs_v3/include/dobot_msgs_v3/dobot_msgs_v3/srv/continues.hpp\n'}
[71.764104] (dobot_msgs_v3) StdoutLine: {'line': b'-- Installing: /home/huahai/dobot_ws/install/dobot_msgs_v3/include/dobot_msgs_v3/dobot_msgs_v3/srv/start_drag.hpp\n'}
[71.764187] (dobot_msgs_v3) StdoutLine: {'line': b'-- Installing: /home/huahai/dobot_ws/install/dobot_msgs_v3/include/dobot_msgs_v3/dobot_msgs_v3/srv/rel_mov_l.hpp\n'}
[71.764239] (dobot_msgs_v3) StdoutLine: {'line': b'-- Installing: /home/huahai/dobot_ws/install/dobot_msgs_v3/include/dobot_msgs_v3/dobot_msgs_v3/srv/do.hpp\n'}
[71.764310] (dobot_msgs_v3) StdoutLine: {'line': b'-- Installing: /home/huahai/dobot_ws/install/dobot_msgs_v3/include/dobot_msgs_v3/dobot_msgs_v3/srv/rel_mov_l_tool.hpp\n'}
[71.764376] (dobot_msgs_v3) StdoutLine: {'line': b'-- Installing: /home/huahai/dobot_ws/install/dobot_msgs_v3/include/dobot_msgs_v3/dobot_msgs_v3/srv/set_obstacle_avoid.hpp\n'}
[71.764449] (dobot_msgs_v3) StdoutLine: {'line': b'-- Installing: /home/huahai/dobot_ws/install/dobot_msgs_v3/include/dobot_msgs_v3/dobot_msgs_v3/srv/modbus_close.hpp\n'}
[71.764509] (dobot_msgs_v3) StdoutLine: {'line': b'-- Installing: /home/huahai/dobot_ws/install/dobot_msgs_v3/include/dobot_msgs_v3/dobot_msgs_v3/srv/modbus_create.hpp\n'}
[71.764595] (dobot_msgs_v3) StdoutLine: {'line': b'-- Installing: /home/huahai/dobot_ws/install/dobot_msgs_v3/include/dobot_msgs_v3/dobot_msgs_v3/srv/acc_l.hpp\n'}
[71.764654] (dobot_msgs_v3) StdoutLine: {'line': b'-- Installing: /home/huahai/dobot_ws/install/dobot_msgs_v3/include/dobot_msgs_v3/dobot_msgs_v3/srv/start_fc_trace.hpp\n'}
[71.764720] (dobot_msgs_v3) StdoutLine: {'line': b'-- Installing: /home/huahai/dobot_ws/install/dobot_msgs_v3/include/dobot_msgs_v3/dobot_msgs_v3/srv/rel_mov_l_user.hpp\n'}
[71.764798] (dobot_msgs_v3) StdoutLine: {'line': b'-- Installing: /home/huahai/dobot_ws/install/dobot_msgs_v3/include/dobot_msgs_v3/dobot_msgs_v3/srv/start_trace.hpp\n'}
[71.764858] (dobot_msgs_v3) StdoutLine: {'line': b'-- Installing: /home/huahai/dobot_ws/install/dobot_msgs_v3/include/dobot_msgs_v3/dobot_msgs_v3/srv/inverse_solution.hpp\n'}
[71.764933] (dobot_msgs_v3) StdoutLine: {'line': b'-- Installing: /home/huahai/dobot_ws/install/dobot_msgs_v3/include/dobot_msgs_v3/dobot_msgs_v3/srv/rel_mov_j.hpp\n'}
[71.764994] (dobot_msgs_v3) StdoutLine: {'line': b'-- Installing: /home/huahai/dobot_ws/install/dobot_msgs_v3/include/dobot_msgs_v3/dobot_msgs_v3/srv/di.hpp\n'}
[71.765075] (dobot_msgs_v3) StdoutLine: {'line': b'-- Installing: /home/huahai/dobot_ws/install/dobot_msgs_v3/include/dobot_msgs_v3/dobot_msgs_v3/srv/jump.hpp\n'}
[71.765163] (dobot_msgs_v3) StdoutLine: {'line': b'-- Installing: /home/huahai/dobot_ws/install/dobot_msgs_v3/include/dobot_msgs_v3/dobot_msgs_v3/srv/enable_robot.hpp\n'}
[71.765224] (dobot_msgs_v3) StdoutLine: {'line': b'-- Installing: /home/huahai/dobot_ws/install/dobot_msgs_v3/include/dobot_msgs_v3/dobot_msgs_v3/srv/start_path.hpp\n'}
[71.765276] (dobot_msgs_v3) StdoutLine: {'line': b'-- Installing: /home/huahai/dobot_ws/install/dobot_msgs_v3/include/dobot_msgs_v3/dobot_msgs_v3/srv/mov_lio.hpp\n'}
[71.765348] (dobot_msgs_v3) StdoutLine: {'line': b'-- Installing: /home/huahai/dobot_ws/install/dobot_msgs_v3/include/dobot_msgs_v3/dobot_msgs_v3/srv/servo_p.hpp\n'}
[71.765556] (dobot_msgs_v3) StdoutLine: {'line': b'-- Up-to-date: /home/huahai/dobot_ws/install/dobot_msgs_v3/include/dobot_msgs_v3/dobot_msgs_v3\n'}
[71.765622] (dobot_msgs_v3) StdoutLine: {'line': b'-- Up-to-date: /home/huahai/dobot_ws/install/dobot_msgs_v3/include/dobot_msgs_v3/dobot_msgs_v3/msg\n'}
[71.765667] (dobot_msgs_v3) StdoutLine: {'line': b'-- Up-to-date: /home/huahai/dobot_ws/install/dobot_msgs_v3/include/dobot_msgs_v3/dobot_msgs_v3/msg/detail\n'}
[71.765698] (dobot_msgs_v3) StdoutLine: {'line': b'-- Installing: /home/huahai/dobot_ws/install/dobot_msgs_v3/include/dobot_msgs_v3/dobot_msgs_v3/msg/detail/tool_vector_actual__rosidl_typesupport_fastrtps_cpp.hpp\n'}
[71.765764] (dobot_msgs_v3) StdoutLine: {'line': b'-- Installing: /home/huahai/dobot_ws/install/dobot_msgs_v3/include/dobot_msgs_v3/dobot_msgs_v3/msg/detail/dds_fastrtps\n'}
[71.765823] (dobot_msgs_v3) StdoutLine: {'line': b'-- Installing: /home/huahai/dobot_ws/install/dobot_msgs_v3/include/dobot_msgs_v3/dobot_msgs_v3/msg/detail/robot_status__rosidl_typesupport_fastrtps_cpp.hpp\n'}
[71.765877] (dobot_msgs_v3) StdoutLine: {'line': b'-- Installing: /home/huahai/dobot_ws/install/dobot_msgs_v3/include/dobot_msgs_v3/dobot_msgs_v3/msg/rosidl_typesupport_fastrtps_cpp__visibility_control.h\n'}
[71.765944] (dobot_msgs_v3) StdoutLine: {'line': b'-- Up-to-date: /home/huahai/dobot_ws/install/dobot_msgs_v3/include/dobot_msgs_v3/dobot_msgs_v3/srv\n'}
[71.766009] (dobot_msgs_v3) StdoutLine: {'line': b'-- Up-to-date: /home/huahai/dobot_ws/install/dobot_msgs_v3/include/dobot_msgs_v3/dobot_msgs_v3/srv/detail\n'}
[71.766050] (dobot_msgs_v3) StdoutLine: {'line': b'-- Installing: /home/huahai/dobot_ws/install/dobot_msgs_v3/include/dobot_msgs_v3/dobot_msgs_v3/srv/detail/rel_mov_l_user__rosidl_typesupport_fastrtps_cpp.hpp\n'}
[71.766099] (dobot_msgs_v3) StdoutLine: {'line': b'-- Installing: /home/huahai/dobot_ws/install/dobot_msgs_v3/include/dobot_msgs_v3/dobot_msgs_v3/srv/detail/modbus_close__rosidl_typesupport_fastrtps_cpp.hpp\n'}
[71.766191] (dobot_msgs_v3) StdoutLine: {'line': b'-- Installing: /home/huahai/dobot_ws/install/dobot_msgs_v3/include/dobot_msgs_v3/dobot_msgs_v3/srv/detail/set_arm_orientation__rosidl_typesupport_fastrtps_cpp.hpp\n'}
[71.766243] (dobot_msgs_v3) StdoutLine: {'line': b'-- Installing: /home/huahai/dobot_ws/install/dobot_msgs_v3/include/dobot_msgs_v3/dobot_msgs_v3/srv/detail/joint_mov_j__rosidl_typesupport_fastrtps_cpp.hpp\n'}
[71.766315] (dobot_msgs_v3) StdoutLine: {'line': b'-- Installing: /home/huahai/dobot_ws/install/dobot_msgs_v3/include/dobot_msgs_v3/dobot_msgs_v3/srv/detail/start_fc_trace__rosidl_typesupport_fastrtps_cpp.hpp\n'}
[71.766381] (dobot_msgs_v3) StdoutLine: {'line': b'-- Installing: /home/huahai/dobot_ws/install/dobot_msgs_v3/include/dobot_msgs_v3/dobot_msgs_v3/srv/detail/do__rosidl_typesupport_fastrtps_cpp.hpp\n'}
[71.766433] (dobot_msgs_v3) StdoutLine: {'line': b'-- Installing: /home/huahai/dobot_ws/install/dobot_msgs_v3/include/dobot_msgs_v3/dobot_msgs_v3/srv/detail/brake_control__rosidl_typesupport_fastrtps_cpp.hpp\n'}
[71.766510] (dobot_msgs_v3) StdoutLine: {'line': b'-- Installing: /home/huahai/dobot_ws/install/dobot_msgs_v3/include/dobot_msgs_v3/dobot_msgs_v3/srv/detail/digital_outputs__rosidl_typesupport_fastrtps_cpp.hpp\n'}
[71.766593] (dobot_msgs_v3) StdoutLine: {'line': b'-- Installing: /home/huahai/dobot_ws/install/dobot_msgs_v3/include/dobot_msgs_v3/dobot_msgs_v3/srv/detail/rel_mov_j__rosidl_typesupport_fastrtps_cpp.hpp\n'}
[71.766654] (dobot_msgs_v3) StdoutLine: {'line': b'-- Installing: /home/huahai/dobot_ws/install/dobot_msgs_v3/include/dobot_msgs_v3/dobot_msgs_v3/srv/detail/sync__rosidl_typesupport_fastrtps_cpp.hpp\n'}
[71.766727] (dobot_msgs_v3) StdoutLine: {'line': b'-- Installing: /home/huahai/dobot_ws/install/dobot_msgs_v3/include/dobot_msgs_v3/dobot_msgs_v3/srv/detail/disable_robot__rosidl_typesupport_fastrtps_cpp.hpp\n'}
[71.766815] (dobot_msgs_v3) StdoutLine: {'line': b'-- Installing: /home/huahai/dobot_ws/install/dobot_msgs_v3/include/dobot_msgs_v3/dobot_msgs_v3/srv/detail/lim_z__rosidl_typesupport_fastrtps_cpp.hpp\n'}
[71.766875] (dobot_msgs_v3) StdoutLine: {'line': b'-- Installing: /home/huahai/dobot_ws/install/dobot_msgs_v3/include/dobot_msgs_v3/dobot_msgs_v3/srv/detail/arc__rosidl_typesupport_fastrtps_cpp.hpp\n'}
[71.766947] (dobot_msgs_v3) StdoutLine: {'line': b'-- Installing: /home/huahai/dobot_ws/install/dobot_msgs_v3/include/dobot_msgs_v3/dobot_msgs_v3/srv/detail/emergency_stop__rosidl_typesupport_fastrtps_cpp.hpp\n'}
[71.767007] (dobot_msgs_v3) StdoutLine: {'line': b'-- Installing: /home/huahai/dobot_ws/install/dobot_msgs_v3/include/dobot_msgs_v3/dobot_msgs_v3/srv/detail/get_in_bits__rosidl_typesupport_fastrtps_cpp.hpp\n'}
[71.767123] (dobot_msgs_v3) StdoutLine: {'line': b'-- Installing: /home/huahai/dobot_ws/install/dobot_msgs_v3/include/dobot_msgs_v3/dobot_msgs_v3/srv/detail/user__rosidl_typesupport_fastrtps_cpp.hpp\n'}
[71.767215] (dobot_msgs_v3) StdoutLine: {'line': b'-- Installing: /home/huahai/dobot_ws/install/dobot_msgs_v3/include/dobot_msgs_v3/dobot_msgs_v3/srv/detail/set_obstacle_avoid__rosidl_typesupport_fastrtps_cpp.hpp\n'}
[71.767254] (dobot_msgs_v3) StdoutLine: {'line': b'-- Installing: /home/huahai/dobot_ws/install/dobot_msgs_v3/include/dobot_msgs_v3/dobot_msgs_v3/srv/detail/get_in_regs__rosidl_typesupport_fastrtps_cpp.hpp\n'}
[71.767303] (dobot_msgs_v3) StdoutLine: {'line': b'-- Installing: /home/huahai/dobot_ws/install/dobot_msgs_v3/include/dobot_msgs_v3/dobot_msgs_v3/srv/detail/wait__rosidl_typesupport_fastrtps_cpp.hpp\n'}
[71.767355] (dobot_msgs_v3) StdoutLine: {'line': b'-- Installing: /home/huahai/dobot_ws/install/dobot_msgs_v3/include/dobot_msgs_v3/dobot_msgs_v3/srv/detail/get_coils__rosidl_typesupport_fastrtps_cpp.hpp\n'}
[71.767395] (dobot_msgs_v3) StdoutLine: {'line': b'-- Installing: /home/huahai/dobot_ws/install/dobot_msgs_v3/include/dobot_msgs_v3/dobot_msgs_v3/srv/detail/set_hold_regs__rosidl_typesupport_fastrtps_cpp.hpp\n'}
[71.767515] (dobot_msgs_v3) StdoutLine: {'line': b'-- Installing: /home/huahai/dobot_ws/install/dobot_msgs_v3/include/dobot_msgs_v3/dobot_msgs_v3/srv/detail/rel_joint_mov_j__rosidl_typesupport_fastrtps_cpp.hpp\n'}
[71.767584] (dobot_msgs_v3) StdoutLine: {'line': b'-- Installing: /home/huahai/dobot_ws/install/dobot_msgs_v3/include/dobot_msgs_v3/dobot_msgs_v3/srv/detail/reset_robot__rosidl_typesupport_fastrtps_cpp.hpp\n'}
[71.767630] (dobot_msgs_v3) StdoutLine: {'line': b'-- Installing: /home/huahai/dobot_ws/install/dobot_msgs_v3/include/dobot_msgs_v3/dobot_msgs_v3/srv/detail/do_execute__rosidl_typesupport_fastrtps_cpp.hpp\n'}
[71.767679] (dobot_msgs_v3) StdoutLine: {'line': b'-- Installing: /home/huahai/dobot_ws/install/dobot_msgs_v3/include/dobot_msgs_v3/dobot_msgs_v3/srv/detail/tool__rosidl_typesupport_fastrtps_cpp.hpp\n'}
[71.767725] (dobot_msgs_v3) StdoutLine: {'line': b'-- Installing: /home/huahai/dobot_ws/install/dobot_msgs_v3/include/dobot_msgs_v3/dobot_msgs_v3/srv/detail/rel_mov_j_tool__rosidl_typesupport_fastrtps_cpp.hpp\n'}
[71.767821] (dobot_msgs_v3) StdoutLine: {'line': b'-- Installing: /home/huahai/dobot_ws/install/dobot_msgs_v3/include/dobot_msgs_v3/dobot_msgs_v3/srv/detail/mov_l__rosidl_typesupport_fastrtps_cpp.hpp\n'}
[71.767886] (dobot_msgs_v3) StdoutLine: {'line': b'-- Installing: /home/huahai/dobot_ws/install/dobot_msgs_v3/include/dobot_msgs_v3/dobot_msgs_v3/srv/detail/pay_load__rosidl_typesupport_fastrtps_cpp.hpp\n'}
[71.768020] (dobot_msgs_v3) StdoutLine: {'line': b'-- Installing: /home/huahai/dobot_ws/install/dobot_msgs_v3/include/dobot_msgs_v3/dobot_msgs_v3/srv/detail/mov_j__rosidl_typesupport_fastrtps_cpp.hpp\n'}
[71.768092] (dobot_msgs_v3) StdoutLine: {'line': b'-- Installing: /home/huahai/dobot_ws/install/dobot_msgs_v3/include/dobot_msgs_v3/dobot_msgs_v3/srv/detail/start_trace__rosidl_typesupport_fastrtps_cpp.hpp\n'}
[71.768135] (dobot_msgs_v3) StdoutLine: {'line': b'-- Installing: /home/huahai/dobot_ws/install/dobot_msgs_v3/include/dobot_msgs_v3/dobot_msgs_v3/srv/detail/continues__rosidl_typesupport_fastrtps_cpp.hpp\n'}
[71.768214] (dobot_msgs_v3) StdoutLine: {'line': b'-- Installing: /home/huahai/dobot_ws/install/dobot_msgs_v3/include/dobot_msgs_v3/dobot_msgs_v3/srv/detail/move_jog__rosidl_typesupport_fastrtps_cpp.hpp\n'}
[71.768284] (dobot_msgs_v3) StdoutLine: {'line': b'-- Installing: /home/huahai/dobot_ws/install/dobot_msgs_v3/include/dobot_msgs_v3/dobot_msgs_v3/srv/detail/mov_lio__rosidl_typesupport_fastrtps_cpp.hpp\n'}
[71.768334] (dobot_msgs_v3) StdoutLine: {'line': b'-- Installing: /home/huahai/dobot_ws/install/dobot_msgs_v3/include/dobot_msgs_v3/dobot_msgs_v3/srv/detail/sync_all__rosidl_typesupport_fastrtps_cpp.hpp\n'}
[71.768433] (dobot_msgs_v3) StdoutLine: {'line': b'-- Installing: /home/huahai/dobot_ws/install/dobot_msgs_v3/include/dobot_msgs_v3/dobot_msgs_v3/srv/detail/power_on__rosidl_typesupport_fastrtps_cpp.hpp\n'}
[71.768608] (dobot_msgs_v3) StdoutLine: {'line': b'-- Installing: /home/huahai/dobot_ws/install/dobot_msgs_v3/include/dobot_msgs_v3/dobot_msgs_v3/srv/detail/tool_do__rosidl_typesupport_fastrtps_cpp.hpp\n'}
[71.768652] (dobot_msgs_v3) StdoutLine: {'line': b'-- Installing: /home/huahai/dobot_ws/install/dobot_msgs_v3/include/dobot_msgs_v3/dobot_msgs_v3/srv/detail/get_angle__rosidl_typesupport_fastrtps_cpp.hpp\n'}
[71.768706] (dobot_msgs_v3) StdoutLine: {'line': b'-- Installing: /home/huahai/dobot_ws/install/dobot_msgs_v3/include/dobot_msgs_v3/dobot_msgs_v3/srv/detail/get_error_id__rosidl_typesupport_fastrtps_cpp.hpp\n'}
[71.768932] (dobot_msgs_v3) StdoutLine: {'line': b'-- Installing: /home/huahai/dobot_ws/install/dobot_msgs_v3/include/dobot_msgs_v3/dobot_msgs_v3/srv/detail/servo_j__rosidl_typesupport_fastrtps_cpp.hpp\n'}
[71.769073] (dobot_msgs_v3) StdoutLine: {'line': b'-- Installing: /home/huahai/dobot_ws/install/dobot_msgs_v3/include/dobot_msgs_v3/dobot_msgs_v3/srv/detail/load_switch__rosidl_typesupport_fastrtps_cpp.hpp\n'}
[71.769128] (dobot_msgs_v3) StdoutLine: {'line': b'-- Installing: /home/huahai/dobot_ws/install/dobot_msgs_v3/include/dobot_msgs_v3/dobot_msgs_v3/srv/detail/set_payload__rosidl_typesupport_fastrtps_cpp.hpp\n'}
[71.769166] (dobot_msgs_v3) StdoutLine: {'line': b'-- Installing: /home/huahai/dobot_ws/install/dobot_msgs_v3/include/dobot_msgs_v3/dobot_msgs_v3/srv/detail/stop_drag__rosidl_typesupport_fastrtps_cpp.hpp\n'}
[71.769305] (dobot_msgs_v3) StdoutLine: {'line': b'-- Installing: /home/huahai/dobot_ws/install/dobot_msgs_v3/include/dobot_msgs_v3/dobot_msgs_v3/srv/detail/clear_error__rosidl_typesupport_fastrtps_cpp.hpp\n'}
[71.769360] (dobot_msgs_v3) StdoutLine: {'line': b'-- Installing: /home/huahai/dobot_ws/install/dobot_msgs_v3/include/dobot_msgs_v3/dobot_msgs_v3/srv/detail/pause__rosidl_typesupport_fastrtps_cpp.hpp\n'}
[71.769492] (dobot_msgs_v3) StdoutLine: {'line': b'-- Installing: /home/huahai/dobot_ws/install/dobot_msgs_v3/include/dobot_msgs_v3/dobot_msgs_v3/srv/detail/acc_j__rosidl_typesupport_fastrtps_cpp.hpp\n'}
[71.769539] (dobot_msgs_v3) StdoutLine: {'line': b'-- Installing: /home/huahai/dobot_ws/install/dobot_msgs_v3/include/dobot_msgs_v3/dobot_msgs_v3/srv/detail/stop_script__rosidl_typesupport_fastrtps_cpp.hpp\n'}
[71.769602] (dobot_msgs_v3) StdoutLine: {'line': b'-- Installing: /home/huahai/dobot_ws/install/dobot_msgs_v3/include/dobot_msgs_v3/dobot_msgs_v3/srv/detail/run_script__rosidl_typesupport_fastrtps_cpp.hpp\n'}
[71.769652] (dobot_msgs_v3) StdoutLine: {'line': b'-- Installing: /home/huahai/dobot_ws/install/dobot_msgs_v3/include/dobot_msgs_v3/dobot_msgs_v3/srv/detail/rel_mov_l__rosidl_typesupport_fastrtps_cpp.hpp\n'}
[71.769685] (dobot_msgs_v3) StdoutLine: {'line': b'-- Installing: /home/huahai/dobot_ws/install/dobot_msgs_v3/include/dobot_msgs_v3/dobot_msgs_v3/srv/detail/robot_mode__rosidl_typesupport_fastrtps_cpp.hpp\n'}
[71.769731] (dobot_msgs_v3) StdoutLine: {'line': b'-- Installing: /home/huahai/dobot_ws/install/dobot_msgs_v3/include/dobot_msgs_v3/dobot_msgs_v3/srv/detail/set_safe_skin__rosidl_typesupport_fastrtps_cpp.hpp\n'}
[71.769782] (dobot_msgs_v3) StdoutLine: {'line': b'-- Installing: /home/huahai/dobot_ws/install/dobot_msgs_v3/include/dobot_msgs_v3/dobot_msgs_v3/srv/detail/set_collision_level__rosidl_typesupport_fastrtps_cpp.hpp\n'}
[71.769831] (dobot_msgs_v3) StdoutLine: {'line': b'-- Installing: /home/huahai/dobot_ws/install/dobot_msgs_v3/include/dobot_msgs_v3/dobot_msgs_v3/srv/detail/arch__rosidl_typesupport_fastrtps_cpp.hpp\n'}
[71.769874] (dobot_msgs_v3) StdoutLine: {'line': b'-- Installing: /home/huahai/dobot_ws/install/dobot_msgs_v3/include/dobot_msgs_v3/dobot_msgs_v3/srv/detail/speed_l__rosidl_typesupport_fastrtps_cpp.hpp\n'}
[71.769919] (dobot_msgs_v3) StdoutLine: {'line': b'-- Installing: /home/huahai/dobot_ws/install/dobot_msgs_v3/include/dobot_msgs_v3/dobot_msgs_v3/srv/detail/enable_robot__rosidl_typesupport_fastrtps_cpp.hpp\n'}
[71.770005] (dobot_msgs_v3) StdoutLine: {'line': b'-- Installing: /home/huahai/dobot_ws/install/dobot_msgs_v3/include/dobot_msgs_v3/dobot_msgs_v3/srv/detail/mov_j_ext__rosidl_typesupport_fastrtps_cpp.hpp\n'}
[71.770067] (dobot_msgs_v3) StdoutLine: {'line': b'-- Installing: /home/huahai/dobot_ws/install/dobot_msgs_v3/include/dobot_msgs_v3/dobot_msgs_v3/srv/detail/tool_do_execute__rosidl_typesupport_fastrtps_cpp.hpp\n'}
[71.770144] (dobot_msgs_v3) StdoutLine: {'line': b'-- Installing: /home/huahai/dobot_ws/install/dobot_msgs_v3/include/dobot_msgs_v3/dobot_msgs_v3/srv/detail/inverse_solution__rosidl_typesupport_fastrtps_cpp.hpp\n'}
[71.770219] (dobot_msgs_v3) StdoutLine: {'line': b'-- Installing: /home/huahai/dobot_ws/install/dobot_msgs_v3/include/dobot_msgs_v3/dobot_msgs_v3/srv/detail/cp__rosidl_typesupport_fastrtps_cpp.hpp\n'}
[71.770300] (dobot_msgs_v3) StdoutLine: {'line': b'-- Installing: /home/huahai/dobot_ws/install/dobot_msgs_v3/include/dobot_msgs_v3/dobot_msgs_v3/srv/detail/tool_di__rosidl_typesupport_fastrtps_cpp.hpp\n'}
[71.770365] (dobot_msgs_v3) StdoutLine: {'line': b'-- Installing: /home/huahai/dobot_ws/install/dobot_msgs_v3/include/dobot_msgs_v3/dobot_msgs_v3/srv/detail/set_coils__rosidl_typesupport_fastrtps_cpp.hpp\n'}
[71.770445] (dobot_msgs_v3) StdoutLine: {'line': b'-- Installing: /home/huahai/dobot_ws/install/dobot_msgs_v3/include/dobot_msgs_v3/dobot_msgs_v3/srv/detail/start_path__rosidl_typesupport_fastrtps_cpp.hpp\n'}
[71.770512] (dobot_msgs_v3) StdoutLine: {'line': b'-- Installing: /home/huahai/dobot_ws/install/dobot_msgs_v3/include/dobot_msgs_v3/dobot_msgs_v3/srv/detail/speed_j__rosidl_typesupport_fastrtps_cpp.hpp\n'}
[71.770588] (dobot_msgs_v3) StdoutLine: {'line': b'-- Installing: /home/huahai/dobot_ws/install/dobot_msgs_v3/include/dobot_msgs_v3/dobot_msgs_v3/srv/detail/ao__rosidl_typesupport_fastrtps_cpp.hpp\n'}
[71.770648] (dobot_msgs_v3) StdoutLine: {'line': b'-- Installing: /home/huahai/dobot_ws/install/dobot_msgs_v3/include/dobot_msgs_v3/dobot_msgs_v3/srv/detail/dds_fastrtps\n'}
[71.770813] (dobot_msgs_v3) StdoutLine: {'line': b'-- Installing: /home/huahai/dobot_ws/install/dobot_msgs_v3/include/dobot_msgs_v3/dobot_msgs_v3/srv/detail/get_pose__rosidl_typesupport_fastrtps_cpp.hpp\n'}
[71.770880] (dobot_msgs_v3) StdoutLine: {'line': b'-- Installing: /home/huahai/dobot_ws/install/dobot_msgs_v3/include/dobot_msgs_v3/dobot_msgs_v3/srv/detail/servo_p__rosidl_typesupport_fastrtps_cpp.hpp\n'}
[71.770962] (dobot_msgs_v3) StdoutLine: {'line': b'-- Installing: /home/huahai/dobot_ws/install/dobot_msgs_v3/include/dobot_msgs_v3/dobot_msgs_v3/srv/detail/pause_script__rosidl_typesupport_fastrtps_cpp.hpp\n'}
[71.771041] (dobot_msgs_v3) StdoutLine: {'line': b'-- Installing: /home/huahai/dobot_ws/install/dobot_msgs_v3/include/dobot_msgs_v3/dobot_msgs_v3/srv/detail/do_group__rosidl_typesupport_fastrtps_cpp.hpp\n'}
[71.771103] (dobot_msgs_v3) StdoutLine: {'line': b'-- Installing: /home/huahai/dobot_ws/install/dobot_msgs_v3/include/dobot_msgs_v3/dobot_msgs_v3/srv/detail/mov_jio__rosidl_typesupport_fastrtps_cpp.hpp\n'}
[71.771209] (dobot_msgs_v3) StdoutLine: {'line': b'-- Installing: /home/huahai/dobot_ws/install/dobot_msgs_v3/include/dobot_msgs_v3/dobot_msgs_v3/srv/detail/rel_mov_l_tool__rosidl_typesupport_fastrtps_cpp.hpp\n'}
[71.771287] (dobot_msgs_v3) StdoutLine: {'line': b'-- Installing: /home/huahai/dobot_ws/install/dobot_msgs_v3/include/dobot_msgs_v3/dobot_msgs_v3/srv/detail/ao_execute__rosidl_typesupport_fastrtps_cpp.hpp\n'}
[71.771336] (dobot_msgs_v3) StdoutLine: {'line': b'-- Installing: /home/huahai/dobot_ws/install/dobot_msgs_v3/include/dobot_msgs_v3/dobot_msgs_v3/srv/detail/continue_script__rosidl_typesupport_fastrtps_cpp.hpp\n'}
[71.771389] (dobot_msgs_v3) StdoutLine: {'line': b'-- Installing: /home/huahai/dobot_ws/install/dobot_msgs_v3/include/dobot_msgs_v3/dobot_msgs_v3/srv/detail/speed_factor__rosidl_typesupport_fastrtps_cpp.hpp\n'}
[71.771483] (dobot_msgs_v3) StdoutLine: {'line': b'-- Installing: /home/huahai/dobot_ws/install/dobot_msgs_v3/include/dobot_msgs_v3/dobot_msgs_v3/srv/detail/get_hold_regs__rosidl_typesupport_fastrtps_cpp.hpp\n'}
[71.771547] (dobot_msgs_v3) StdoutLine: {'line': b'-- Installing: /home/huahai/dobot_ws/install/dobot_msgs_v3/include/dobot_msgs_v3/dobot_msgs_v3/srv/detail/start_drag__rosidl_typesupport_fastrtps_cpp.hpp\n'}
[71.771596] (dobot_msgs_v3) StdoutLine: {'line': b'-- Installing: /home/huahai/dobot_ws/install/dobot_msgs_v3/include/dobot_msgs_v3/dobot_msgs_v3/srv/detail/acc_l__rosidl_typesupport_fastrtps_cpp.hpp\n'}
[71.771641] (dobot_msgs_v3) StdoutLine: {'line': b'-- Installing: /home/huahai/dobot_ws/install/dobot_msgs_v3/include/dobot_msgs_v3/dobot_msgs_v3/srv/detail/di__rosidl_typesupport_fastrtps_cpp.hpp\n'}
[71.771687] (dobot_msgs_v3) StdoutLine: {'line': b'-- Installing: /home/huahai/dobot_ws/install/dobot_msgs_v3/include/dobot_msgs_v3/dobot_msgs_v3/srv/detail/modbus_create__rosidl_typesupport_fastrtps_cpp.hpp\n'}
[71.771775] (dobot_msgs_v3) StdoutLine: {'line': b'-- Installing: /home/huahai/dobot_ws/install/dobot_msgs_v3/include/dobot_msgs_v3/dobot_msgs_v3/srv/detail/positive_solution__rosidl_typesupport_fastrtps_cpp.hpp\n'}
[71.771885] (dobot_msgs_v3) StdoutLine: {'line': b'-- Installing: /home/huahai/dobot_ws/install/dobot_msgs_v3/include/dobot_msgs_v3/dobot_msgs_v3/srv/detail/jump__rosidl_typesupport_fastrtps_cpp.hpp\n'}
[71.771927] (dobot_msgs_v3) StdoutLine: {'line': b'-- Installing: /home/huahai/dobot_ws/install/dobot_msgs_v3/include/dobot_msgs_v3/dobot_msgs_v3/srv/detail/circle__rosidl_typesupport_fastrtps_cpp.hpp\n'}
[71.771973] (dobot_msgs_v3) StdoutLine: {'line': b'-- Installing: /home/huahai/dobot_ws/install/dobot_msgs_v3/include/dobot_msgs_v3/dobot_msgs_v3/srv/detail/stopmove_jog__rosidl_typesupport_fastrtps_cpp.hpp\n'}
[71.772024] (dobot_msgs_v3) StdoutLine: {'line': b'-- Installing: /home/huahai/dobot_ws/install/dobot_msgs_v3/include/dobot_msgs_v3/dobot_msgs_v3/srv/detail/rel_mov_j_user__rosidl_typesupport_fastrtps_cpp.hpp\n'}
[71.772360] (dobot_msgs_v3) StdoutLine: {'line': b'-- Installing: /home/huahai/dobot_ws/install/dobot_msgs_v3/lib/libdobot_msgs_v3__rosidl_typesupport_fastrtps_cpp.so\n'}
[71.773686] (dobot_msgs_v3) StdoutLine: {'line': b'-- Set runtime path of "/home/huahai/dobot_ws/install/dobot_msgs_v3/lib/libdobot_msgs_v3__rosidl_typesupport_fastrtps_cpp.so" to ""\n'}
[71.773754] (dobot_msgs_v3) StdoutLine: {'line': b'-- Up-to-date: /home/huahai/dobot_ws/install/dobot_msgs_v3/include/dobot_msgs_v3/dobot_msgs_v3\n'}
[71.773824] (dobot_msgs_v3) StdoutLine: {'line': b'-- Up-to-date: /home/huahai/dobot_ws/install/dobot_msgs_v3/include/dobot_msgs_v3/dobot_msgs_v3/msg\n'}
[71.773875] (dobot_msgs_v3) StdoutLine: {'line': b'-- Up-to-date: /home/huahai/dobot_ws/install/dobot_msgs_v3/include/dobot_msgs_v3/dobot_msgs_v3/msg/detail\n'}
[71.773918] (dobot_msgs_v3) StdoutLine: {'line': b'-- Installing: /home/huahai/dobot_ws/install/dobot_msgs_v3/include/dobot_msgs_v3/dobot_msgs_v3/msg/detail/robot_status__rosidl_typesupport_introspection_c.h\n'}
[71.773951] (dobot_msgs_v3) StdoutLine: {'line': b'-- Installing: /home/huahai/dobot_ws/install/dobot_msgs_v3/include/dobot_msgs_v3/dobot_msgs_v3/msg/detail/tool_vector_actual__rosidl_typesupport_introspection_c.h\n'}
[71.774055] (dobot_msgs_v3) StdoutLine: {'line': b'-- Installing: /home/huahai/dobot_ws/install/dobot_msgs_v3/include/dobot_msgs_v3/dobot_msgs_v3/msg/detail/robot_status__type_support.c\n'}
[71.774097] (dobot_msgs_v3) StdoutLine: {'line': b'-- Installing: /home/huahai/dobot_ws/install/dobot_msgs_v3/include/dobot_msgs_v3/dobot_msgs_v3/msg/detail/tool_vector_actual__type_support.c\n'}
[71.774129] (dobot_msgs_v3) StdoutLine: {'line': b'-- Installing: /home/huahai/dobot_ws/install/dobot_msgs_v3/include/dobot_msgs_v3/dobot_msgs_v3/msg/rosidl_typesupport_introspection_c__visibility_control.h\n'}
[71.774183] (dobot_msgs_v3) StdoutLine: {'line': b'-- Up-to-date: /home/huahai/dobot_ws/install/dobot_msgs_v3/include/dobot_msgs_v3/dobot_msgs_v3/srv\n'}
[71.774217] (dobot_msgs_v3) StdoutLine: {'line': b'-- Up-to-date: /home/huahai/dobot_ws/install/dobot_msgs_v3/include/dobot_msgs_v3/dobot_msgs_v3/srv/detail\n'}
[71.774265] (dobot_msgs_v3) StdoutLine: {'line': b'-- Installing: /home/huahai/dobot_ws/install/dobot_msgs_v3/include/dobot_msgs_v3/dobot_msgs_v3/srv/detail/arch__rosidl_typesupport_introspection_c.h\n'}
[71.774313] (dobot_msgs_v3) StdoutLine: {'line': b'-- Installing: /home/huahai/dobot_ws/install/dobot_msgs_v3/include/dobot_msgs_v3/dobot_msgs_v3/srv/detail/run_script__rosidl_typesupport_introspection_c.h\n'}
[71.774345] (dobot_msgs_v3) StdoutLine: {'line': b'-- Installing: /home/huahai/dobot_ws/install/dobot_msgs_v3/include/dobot_msgs_v3/dobot_msgs_v3/srv/detail/lim_z__type_support.c\n'}
[71.774392] (dobot_msgs_v3) StdoutLine: {'line': b'-- Installing: /home/huahai/dobot_ws/install/dobot_msgs_v3/include/dobot_msgs_v3/dobot_msgs_v3/srv/detail/rel_mov_l_tool__rosidl_typesupport_introspection_c.h\n'}
[71.774439] (dobot_msgs_v3) StdoutLine: {'line': b'-- Installing: /home/huahai/dobot_ws/install/dobot_msgs_v3/include/dobot_msgs_v3/dobot_msgs_v3/srv/detail/rel_joint_mov_j__type_support.c\n'}
[71.774530] (dobot_msgs_v3) StdoutLine: {'line': b'-- Installing: /home/huahai/dobot_ws/install/dobot_msgs_v3/include/dobot_msgs_v3/dobot_msgs_v3/srv/detail/set_collision_level__rosidl_typesupport_introspection_c.h\n'}
[71.774593] (dobot_msgs_v3) StdoutLine: {'line': b'-- Installing: /home/huahai/dobot_ws/install/dobot_msgs_v3/include/dobot_msgs_v3/dobot_msgs_v3/srv/detail/positive_solution__rosidl_typesupport_introspection_c.h\n'}
[71.774656] (dobot_msgs_v3) StdoutLine: {'line': b'-- Installing: /home/huahai/dobot_ws/install/dobot_msgs_v3/include/dobot_msgs_v3/dobot_msgs_v3/srv/detail/rel_mov_j_tool__rosidl_typesupport_introspection_c.h\n'}
[71.774711] (dobot_msgs_v3) StdoutLine: {'line': b'-- Installing: /home/huahai/dobot_ws/install/dobot_msgs_v3/include/dobot_msgs_v3/dobot_msgs_v3/srv/detail/set_obstacle_avoid__type_support.c\n'}
[71.774830] (dobot_msgs_v3) StdoutLine: {'line': b'-- Installing: /home/huahai/dobot_ws/install/dobot_msgs_v3/include/dobot_msgs_v3/dobot_msgs_v3/srv/detail/do_execute__rosidl_typesupport_introspection_c.h\n'}
[71.774891] (dobot_msgs_v3) StdoutLine: {'line': b'-- Installing: /home/huahai/dobot_ws/install/dobot_msgs_v3/include/dobot_msgs_v3/dobot_msgs_v3/srv/detail/start_fc_trace__rosidl_typesupport_introspection_c.h\n'}
[71.774958] (dobot_msgs_v3) StdoutLine: {'line': b'-- Installing: /home/huahai/dobot_ws/install/dobot_msgs_v3/include/dobot_msgs_v3/dobot_msgs_v3/srv/detail/tool_do_execute__rosidl_typesupport_introspection_c.h\n'}
[71.775020] (dobot_msgs_v3) StdoutLine: {'line': b'-- Installing: /home/huahai/dobot_ws/install/dobot_msgs_v3/include/dobot_msgs_v3/dobot_msgs_v3/srv/detail/load_switch__type_support.c\n'}
[71.775101] (dobot_msgs_v3) StdoutLine: {'line': b'-- Installing: /home/huahai/dobot_ws/install/dobot_msgs_v3/include/dobot_msgs_v3/dobot_msgs_v3/srv/detail/mov_lio__rosidl_typesupport_introspection_c.h\n'}
[71.775182] (dobot_msgs_v3) StdoutLine: {'line': b'-- Installing: /home/huahai/dobot_ws/install/dobot_msgs_v3/include/dobot_msgs_v3/dobot_msgs_v3/srv/detail/mov_j_ext__rosidl_typesupport_introspection_c.h\n'}
[71.775232] (dobot_msgs_v3) StdoutLine: {'line': b'-- Installing: /home/huahai/dobot_ws/install/dobot_msgs_v3/include/dobot_msgs_v3/dobot_msgs_v3/srv/detail/do_group__type_support.c\n'}
[71.775316] (dobot_msgs_v3) StdoutLine: {'line': b'-- Installing: /home/huahai/dobot_ws/install/dobot_msgs_v3/include/dobot_msgs_v3/dobot_msgs_v3/srv/detail/set_payload__rosidl_typesupport_introspection_c.h\n'}
[71.775376] (dobot_msgs_v3) StdoutLine: {'line': b'-- Installing: /home/huahai/dobot_ws/install/dobot_msgs_v3/include/dobot_msgs_v3/dobot_msgs_v3/srv/detail/positive_solution__type_support.c\n'}
[71.775471] (dobot_msgs_v3) StdoutLine: {'line': b'-- Installing: /home/huahai/dobot_ws/install/dobot_msgs_v3/include/dobot_msgs_v3/dobot_msgs_v3/srv/detail/disable_robot__type_support.c\n'}
[71.775537] (dobot_msgs_v3) StdoutLine: {'line': b'-- Installing: /home/huahai/dobot_ws/install/dobot_msgs_v3/include/dobot_msgs_v3/dobot_msgs_v3/srv/detail/joint_mov_j__type_support.c\n'}
[71.775633] (dobot_msgs_v3) StdoutLine: {'line': b'-- Installing: /home/huahai/dobot_ws/install/dobot_msgs_v3/include/dobot_msgs_v3/dobot_msgs_v3/srv/detail/tool_do_execute__type_support.c\n'}
[71.775707] (dobot_msgs_v3) StdoutLine: {'line': b'-- Installing: /home/huahai/dobot_ws/install/dobot_msgs_v3/include/dobot_msgs_v3/dobot_msgs_v3/srv/detail/modbus_create__type_support.c\n'}
[71.775781] (dobot_msgs_v3) StdoutLine: {'line': b'-- Installing: /home/huahai/dobot_ws/install/dobot_msgs_v3/include/dobot_msgs_v3/dobot_msgs_v3/srv/detail/do_group__rosidl_typesupport_introspection_c.h\n'}
[71.775840] (dobot_msgs_v3) StdoutLine: {'line': b'-- Installing: /home/huahai/dobot_ws/install/dobot_msgs_v3/include/dobot_msgs_v3/dobot_msgs_v3/srv/detail/mov_jio__type_support.c\n'}
[71.775915] (dobot_msgs_v3) StdoutLine: {'line': b'-- Installing: /home/huahai/dobot_ws/install/dobot_msgs_v3/include/dobot_msgs_v3/dobot_msgs_v3/srv/detail/reset_robot__type_support.c\n'}
[71.775979] (dobot_msgs_v3) StdoutLine: {'line': b'-- Installing: /home/huahai/dobot_ws/install/dobot_msgs_v3/include/dobot_msgs_v3/dobot_msgs_v3/srv/detail/get_in_bits__type_support.c\n'}
[71.776121] (dobot_msgs_v3) StdoutLine: {'line': b'-- Installing: /home/huahai/dobot_ws/install/dobot_msgs_v3/include/dobot_msgs_v3/dobot_msgs_v3/srv/detail/rel_mov_j_tool__type_support.c\n'}
[71.776206] (dobot_msgs_v3) StdoutLine: {'line': b'-- Installing: /home/huahai/dobot_ws/install/dobot_msgs_v3/include/dobot_msgs_v3/dobot_msgs_v3/srv/detail/start_fc_trace__type_support.c\n'}
[71.776252] (dobot_msgs_v3) StdoutLine: {'line': b'-- Installing: /home/huahai/dobot_ws/install/dobot_msgs_v3/include/dobot_msgs_v3/dobot_msgs_v3/srv/detail/rel_mov_j__rosidl_typesupport_introspection_c.h\n'}
[71.776300] (dobot_msgs_v3) StdoutLine: {'line': b'-- Installing: /home/huahai/dobot_ws/install/dobot_msgs_v3/include/dobot_msgs_v3/dobot_msgs_v3/srv/detail/mov_lio__type_support.c\n'}
[71.776338] (dobot_msgs_v3) StdoutLine: {'line': b'-- Installing: /home/huahai/dobot_ws/install/dobot_msgs_v3/include/dobot_msgs_v3/dobot_msgs_v3/srv/detail/rel_mov_j_user__type_support.c\n'}
[71.776432] (dobot_msgs_v3) StdoutLine: {'line': b'-- Installing: /home/huahai/dobot_ws/install/dobot_msgs_v3/include/dobot_msgs_v3/dobot_msgs_v3/srv/detail/arch__type_support.c\n'}
[71.776532] (dobot_msgs_v3) StdoutLine: {'line': b'-- Installing: /home/huahai/dobot_ws/install/dobot_msgs_v3/include/dobot_msgs_v3/dobot_msgs_v3/srv/detail/reset_robot__rosidl_typesupport_introspection_c.h\n'}
[71.776573] (dobot_msgs_v3) StdoutLine: {'line': b'-- Installing: /home/huahai/dobot_ws/install/dobot_msgs_v3/include/dobot_msgs_v3/dobot_msgs_v3/srv/detail/mov_j_ext__type_support.c\n'}
[71.776621] (dobot_msgs_v3) StdoutLine: {'line': b'-- Installing: /home/huahai/dobot_ws/install/dobot_msgs_v3/include/dobot_msgs_v3/dobot_msgs_v3/srv/detail/acc_j__rosidl_typesupport_introspection_c.h\n'}
[71.776661] (dobot_msgs_v3) StdoutLine: {'line': b'-- Installing: /home/huahai/dobot_ws/install/dobot_msgs_v3/include/dobot_msgs_v3/dobot_msgs_v3/srv/detail/tool_do__rosidl_typesupport_introspection_c.h\n'}
[71.776708] (dobot_msgs_v3) StdoutLine: {'line': b'-- Installing: /home/huahai/dobot_ws/install/dobot_msgs_v3/include/dobot_msgs_v3/dobot_msgs_v3/srv/detail/circle__rosidl_typesupport_introspection_c.h\n'}
[71.776797] (dobot_msgs_v3) StdoutLine: {'line': b'-- Installing: /home/huahai/dobot_ws/install/dobot_msgs_v3/include/dobot_msgs_v3/dobot_msgs_v3/srv/detail/get_in_bits__rosidl_typesupport_introspection_c.h\n'}
[71.776860] (dobot_msgs_v3) StdoutLine: {'line': b'-- Installing: /home/huahai/dobot_ws/install/dobot_msgs_v3/include/dobot_msgs_v3/dobot_msgs_v3/srv/detail/get_error_id__type_support.c\n'}
[71.776992] (dobot_msgs_v3) StdoutLine: {'line': b'-- Installing: /home/huahai/dobot_ws/install/dobot_msgs_v3/include/dobot_msgs_v3/dobot_msgs_v3/srv/detail/cp__type_support.c\n'}
[71.777062] (dobot_msgs_v3) StdoutLine: {'line': b'-- Installing: /home/huahai/dobot_ws/install/dobot_msgs_v3/include/dobot_msgs_v3/dobot_msgs_v3/srv/detail/mov_l__rosidl_typesupport_introspection_c.h\n'}
[71.777106] (dobot_msgs_v3) StdoutLine: {'line': b'-- Installing: /home/huahai/dobot_ws/install/dobot_msgs_v3/include/dobot_msgs_v3/dobot_msgs_v3/srv/detail/get_pose__rosidl_typesupport_introspection_c.h\n'}
[71.777360] (dobot_msgs_v3) StdoutLine: {'line': b'-- Installing: /home/huahai/dobot_ws/install/dobot_msgs_v3/include/dobot_msgs_v3/dobot_msgs_v3/srv/detail/rel_mov_l_tool__type_support.c\n'}
[71.777400] (dobot_msgs_v3) StdoutLine: {'line': b'-- Installing: /home/huahai/dobot_ws/install/dobot_msgs_v3/include/dobot_msgs_v3/dobot_msgs_v3/srv/detail/set_coils__rosidl_typesupport_introspection_c.h\n'}
[71.777442] (dobot_msgs_v3) StdoutLine: {'line': b'-- Installing: /home/huahai/dobot_ws/install/dobot_msgs_v3/include/dobot_msgs_v3/dobot_msgs_v3/srv/detail/do__type_support.c\n'}
[71.777484] (dobot_msgs_v3) StdoutLine: {'line': b'-- Installing: /home/huahai/dobot_ws/install/dobot_msgs_v3/include/dobot_msgs_v3/dobot_msgs_v3/srv/detail/speed_j__type_support.c\n'}
[71.777517] (dobot_msgs_v3) StdoutLine: {'line': b'-- Installing: /home/huahai/dobot_ws/install/dobot_msgs_v3/include/dobot_msgs_v3/dobot_msgs_v3/srv/detail/get_error_id__rosidl_typesupport_introspection_c.h\n'}
[71.777661] (dobot_msgs_v3) StdoutLine: {'line': b'-- Installing: /home/huahai/dobot_ws/install/dobot_msgs_v3/include/dobot_msgs_v3/dobot_msgs_v3/srv/detail/set_safe_skin__type_support.c\n'}
[71.777712] (dobot_msgs_v3) StdoutLine: {'line': b'-- Installing: /home/huahai/dobot_ws/install/dobot_msgs_v3/include/dobot_msgs_v3/dobot_msgs_v3/srv/detail/speed_j__rosidl_typesupport_introspection_c.h\n'}
[71.777779] (dobot_msgs_v3) StdoutLine: {'line': b'-- Installing: /home/huahai/dobot_ws/install/dobot_msgs_v3/include/dobot_msgs_v3/dobot_msgs_v3/srv/detail/di__rosidl_typesupport_introspection_c.h\n'}
[71.777825] (dobot_msgs_v3) StdoutLine: {'line': b'-- Installing: /home/huahai/dobot_ws/install/dobot_msgs_v3/include/dobot_msgs_v3/dobot_msgs_v3/srv/detail/sync__rosidl_typesupport_introspection_c.h\n'}
[71.777866] (dobot_msgs_v3) StdoutLine: {'line': b'-- Installing: /home/huahai/dobot_ws/install/dobot_msgs_v3/include/dobot_msgs_v3/dobot_msgs_v3/srv/detail/modbus_close__rosidl_typesupport_introspection_c.h\n'}
[71.777896] (dobot_msgs_v3) StdoutLine: {'line': b'-- Installing: /home/huahai/dobot_ws/install/dobot_msgs_v3/include/dobot_msgs_v3/dobot_msgs_v3/srv/detail/rel_mov_l_user__type_support.c\n'}
[71.777941] (dobot_msgs_v3) StdoutLine: {'line': b'-- Installing: /home/huahai/dobot_ws/install/dobot_msgs_v3/include/dobot_msgs_v3/dobot_msgs_v3/srv/detail/sync_all__rosidl_typesupport_introspection_c.h\n'}
[71.777981] (dobot_msgs_v3) StdoutLine: {'line': b'-- Installing: /home/huahai/dobot_ws/install/dobot_msgs_v3/include/dobot_msgs_v3/dobot_msgs_v3/srv/detail/stop_script__rosidl_typesupport_introspection_c.h\n'}
[71.778014] (dobot_msgs_v3) StdoutLine: {'line': b'-- Installing: /home/huahai/dobot_ws/install/dobot_msgs_v3/include/dobot_msgs_v3/dobot_msgs_v3/srv/detail/set_safe_skin__rosidl_typesupport_introspection_c.h\n'}
[71.778063] (dobot_msgs_v3) StdoutLine: {'line': b'-- Installing: /home/huahai/dobot_ws/install/dobot_msgs_v3/include/dobot_msgs_v3/dobot_msgs_v3/srv/detail/pause__type_support.c\n'}
[71.778108] (dobot_msgs_v3) StdoutLine: {'line': b'-- Installing: /home/huahai/dobot_ws/install/dobot_msgs_v3/include/dobot_msgs_v3/dobot_msgs_v3/srv/detail/get_angle__rosidl_typesupport_introspection_c.h\n'}
[71.778159] (dobot_msgs_v3) StdoutLine: {'line': b'-- Installing: /home/huahai/dobot_ws/install/dobot_msgs_v3/include/dobot_msgs_v3/dobot_msgs_v3/srv/detail/digital_outputs__type_support.c\n'}
[71.778861] (dobot_msgs_v3) StdoutLine: {'line': b'-- Installing: /home/huahai/dobot_ws/install/dobot_msgs_v3/include/dobot_msgs_v3/dobot_msgs_v3/srv/detail/continues__type_support.c\n'}
[71.778932] (dobot_msgs_v3) StdoutLine: {'line': b'-- Installing: /home/huahai/dobot_ws/install/dobot_msgs_v3/include/dobot_msgs_v3/dobot_msgs_v3/srv/detail/modbus_create__rosidl_typesupport_introspection_c.h\n'}
[71.778967] (dobot_msgs_v3) StdoutLine: {'line': b'-- Installing: /home/huahai/dobot_ws/install/dobot_msgs_v3/include/dobot_msgs_v3/dobot_msgs_v3/srv/detail/rel_mov_j__type_support.c\n'}
[71.778997] (dobot_msgs_v3) StdoutLine: {'line': b'-- Installing: /home/huahai/dobot_ws/install/dobot_msgs_v3/include/dobot_msgs_v3/dobot_msgs_v3/srv/detail/clear_error__rosidl_typesupport_introspection_c.h\n'}
[71.779027] (dobot_msgs_v3) StdoutLine: {'line': b'-- Installing: /home/huahai/dobot_ws/install/dobot_msgs_v3/include/dobot_msgs_v3/dobot_msgs_v3/srv/detail/pause__rosidl_typesupport_introspection_c.h\n'}
[71.779057] (dobot_msgs_v3) StdoutLine: {'line': b'-- Installing: /home/huahai/dobot_ws/install/dobot_msgs_v3/include/dobot_msgs_v3/dobot_msgs_v3/srv/detail/modbus_close__type_support.c\n'}
[71.779089] (dobot_msgs_v3) StdoutLine: {'line': b'-- Installing: /home/huahai/dobot_ws/install/dobot_msgs_v3/include/dobot_msgs_v3/dobot_msgs_v3/srv/detail/set_arm_orientation__rosidl_typesupport_introspection_c.h\n'}
[71.779120] (dobot_msgs_v3) StdoutLine: {'line': b'-- Installing: /home/huahai/dobot_ws/install/dobot_msgs_v3/include/dobot_msgs_v3/dobot_msgs_v3/srv/detail/stop_script__type_support.c\n'}
[71.779150] (dobot_msgs_v3) StdoutLine: {'line': b'-- Installing: /home/huahai/dobot_ws/install/dobot_msgs_v3/include/dobot_msgs_v3/dobot_msgs_v3/srv/detail/mov_j__rosidl_typesupport_introspection_c.h\n'}
[71.779181] (dobot_msgs_v3) StdoutLine: {'line': b'-- Installing: /home/huahai/dobot_ws/install/dobot_msgs_v3/include/dobot_msgs_v3/dobot_msgs_v3/srv/detail/start_path__type_support.c\n'}
[71.779872] (dobot_msgs_v3) StdoutLine: {'line': b'-- Installing: /home/huahai/dobot_ws/install/dobot_msgs_v3/include/dobot_msgs_v3/dobot_msgs_v3/srv/detail/lim_z__rosidl_typesupport_introspection_c.h\n'}
[71.779918] (dobot_msgs_v3) StdoutLine: {'line': b'-- Installing: /home/huahai/dobot_ws/install/dobot_msgs_v3/include/dobot_msgs_v3/dobot_msgs_v3/srv/detail/start_drag__rosidl_typesupport_introspection_c.h\n'}
[71.779951] (dobot_msgs_v3) StdoutLine: {'line': b'-- Installing: /home/huahai/dobot_ws/install/dobot_msgs_v3/include/dobot_msgs_v3/dobot_msgs_v3/srv/detail/pause_script__rosidl_typesupport_introspection_c.h\n'}
[71.779984] (dobot_msgs_v3) StdoutLine: {'line': b'-- Installing: /home/huahai/dobot_ws/install/dobot_msgs_v3/include/dobot_msgs_v3/dobot_msgs_v3/srv/detail/set_arm_orientation__type_support.c\n'}
[71.780013] (dobot_msgs_v3) StdoutLine: {'line': b'-- Installing: /home/huahai/dobot_ws/install/dobot_msgs_v3/include/dobot_msgs_v3/dobot_msgs_v3/srv/detail/power_on__rosidl_typesupport_introspection_c.h\n'}
[71.780044] (dobot_msgs_v3) StdoutLine: {'line': b'-- Installing: /home/huahai/dobot_ws/install/dobot_msgs_v3/include/dobot_msgs_v3/dobot_msgs_v3/srv/detail/continue_script__rosidl_typesupport_introspection_c.h\n'}
[71.780073] (dobot_msgs_v3) StdoutLine: {'line': b'-- Installing: /home/huahai/dobot_ws/install/dobot_msgs_v3/include/dobot_msgs_v3/dobot_msgs_v3/srv/detail/emergency_stop__rosidl_typesupport_introspection_c.h\n'}
[71.780104] (dobot_msgs_v3) StdoutLine: {'line': b'-- Installing: /home/huahai/dobot_ws/install/dobot_msgs_v3/include/dobot_msgs_v3/dobot_msgs_v3/srv/detail/mov_l__type_support.c\n'}
[71.780138] (dobot_msgs_v3) StdoutLine: {'line': b'-- Installing: /home/huahai/dobot_ws/install/dobot_msgs_v3/include/dobot_msgs_v3/dobot_msgs_v3/srv/detail/ao__type_support.c\n'}
[71.780169] (dobot_msgs_v3) StdoutLine: {'line': b'-- Installing: /home/huahai/dobot_ws/install/dobot_msgs_v3/include/dobot_msgs_v3/dobot_msgs_v3/srv/detail/get_in_regs__rosidl_typesupport_introspection_c.h\n'}
[71.780199] (dobot_msgs_v3) StdoutLine: {'line': b'-- Installing: /home/huahai/dobot_ws/install/dobot_msgs_v3/include/dobot_msgs_v3/dobot_msgs_v3/srv/detail/power_on__type_support.c\n'}
[71.780231] (dobot_msgs_v3) StdoutLine: {'line': b'-- Installing: /home/huahai/dobot_ws/install/dobot_msgs_v3/include/dobot_msgs_v3/dobot_msgs_v3/srv/detail/stopmove_jog__type_support.c\n'}
[71.780262] (dobot_msgs_v3) StdoutLine: {'line': b'-- Installing: /home/huahai/dobot_ws/install/dobot_msgs_v3/include/dobot_msgs_v3/dobot_msgs_v3/srv/detail/jump__rosidl_typesupport_introspection_c.h\n'}
[71.780292] (dobot_msgs_v3) StdoutLine: {'line': b'-- Installing: /home/huahai/dobot_ws/install/dobot_msgs_v3/include/dobot_msgs_v3/dobot_msgs_v3/srv/detail/acc_l__rosidl_typesupport_introspection_c.h\n'}
[71.780322] (dobot_msgs_v3) StdoutLine: {'line': b'-- Installing: /home/huahai/dobot_ws/install/dobot_msgs_v3/include/dobot_msgs_v3/dobot_msgs_v3/srv/detail/speed_l__rosidl_typesupport_introspection_c.h\n'}
[71.780352] (dobot_msgs_v3) StdoutLine: {'line': b'-- Installing: /home/huahai/dobot_ws/install/dobot_msgs_v3/include/dobot_msgs_v3/dobot_msgs_v3/srv/detail/pay_load__rosidl_typesupport_introspection_c.h\n'}
[71.780382] (dobot_msgs_v3) StdoutLine: {'line': b'-- Installing: /home/huahai/dobot_ws/install/dobot_msgs_v3/include/dobot_msgs_v3/dobot_msgs_v3/srv/detail/robot_mode__type_support.c\n'}
[71.780411] (dobot_msgs_v3) StdoutLine: {'line': b'-- Installing: /home/huahai/dobot_ws/install/dobot_msgs_v3/include/dobot_msgs_v3/dobot_msgs_v3/srv/detail/rel_mov_l__rosidl_typesupport_introspection_c.h\n'}
[71.780467] (dobot_msgs_v3) StdoutLine: {'line': b'-- Installing: /home/huahai/dobot_ws/install/dobot_msgs_v3/include/dobot_msgs_v3/dobot_msgs_v3/srv/detail/set_obstacle_avoid__rosidl_typesupport_introspection_c.h\n'}
[71.780541] (dobot_msgs_v3) StdoutLine: {'line': b'-- Installing: /home/huahai/dobot_ws/install/dobot_msgs_v3/include/dobot_msgs_v3/dobot_msgs_v3/srv/detail/brake_control__rosidl_typesupport_introspection_c.h\n'}
[71.780589] (dobot_msgs_v3) StdoutLine: {'line': b'-- Installing: /home/huahai/dobot_ws/install/dobot_msgs_v3/include/dobot_msgs_v3/dobot_msgs_v3/srv/detail/mov_jio__rosidl_typesupport_introspection_c.h\n'}
[71.780620] (dobot_msgs_v3) StdoutLine: {'line': b'-- Installing: /home/huahai/dobot_ws/install/dobot_msgs_v3/include/dobot_msgs_v3/dobot_msgs_v3/srv/detail/start_trace__rosidl_typesupport_introspection_c.h\n'}
[71.780649] (dobot_msgs_v3) StdoutLine: {'line': b'-- Installing: /home/huahai/dobot_ws/install/dobot_msgs_v3/include/dobot_msgs_v3/dobot_msgs_v3/srv/detail/enable_robot__rosidl_typesupport_introspection_c.h\n'}
[71.780686] (dobot_msgs_v3) StdoutLine: {'line': b'-- Installing: /home/huahai/dobot_ws/install/dobot_msgs_v3/include/dobot_msgs_v3/dobot_msgs_v3/srv/detail/rel_mov_l_user__rosidl_typesupport_introspection_c.h\n'}
[71.780719] (dobot_msgs_v3) StdoutLine: {'line': b'-- Installing: /home/huahai/dobot_ws/install/dobot_msgs_v3/include/dobot_msgs_v3/dobot_msgs_v3/srv/detail/inverse_solution__rosidl_typesupport_introspection_c.h\n'}
[71.780756] (dobot_msgs_v3) StdoutLine: {'line': b'-- Installing: /home/huahai/dobot_ws/install/dobot_msgs_v3/include/dobot_msgs_v3/dobot_msgs_v3/srv/detail/acc_l__type_support.c\n'}
[71.780815] (dobot_msgs_v3) StdoutLine: {'line': b'-- Installing: /home/huahai/dobot_ws/install/dobot_msgs_v3/include/dobot_msgs_v3/dobot_msgs_v3/srv/detail/move_jog__rosidl_typesupport_introspection_c.h\n'}
[71.780847] (dobot_msgs_v3) StdoutLine: {'line': b'-- Installing: /home/huahai/dobot_ws/install/dobot_msgs_v3/include/dobot_msgs_v3/dobot_msgs_v3/srv/detail/rel_joint_mov_j__rosidl_typesupport_introspection_c.h\n'}
[71.780891] (dobot_msgs_v3) StdoutLine: {'line': b'-- Installing: /home/huahai/dobot_ws/install/dobot_msgs_v3/include/dobot_msgs_v3/dobot_msgs_v3/srv/detail/user__rosidl_typesupport_introspection_c.h\n'}
[71.780928] (dobot_msgs_v3) StdoutLine: {'line': b'-- Installing: /home/huahai/dobot_ws/install/dobot_msgs_v3/include/dobot_msgs_v3/dobot_msgs_v3/srv/detail/start_trace__type_support.c\n'}
[71.780958] (dobot_msgs_v3) StdoutLine: {'line': b'-- Installing: /home/huahai/dobot_ws/install/dobot_msgs_v3/include/dobot_msgs_v3/dobot_msgs_v3/srv/detail/clear_error__type_support.c\n'}
[71.781071] (dobot_msgs_v3) StdoutLine: {'line': b'-- Installing: /home/huahai/dobot_ws/install/dobot_msgs_v3/include/dobot_msgs_v3/dobot_msgs_v3/srv/detail/speed_factor__type_support.c\n'}
[71.781131] (dobot_msgs_v3) StdoutLine: {'line': b'-- Installing: /home/huahai/dobot_ws/install/dobot_msgs_v3/include/dobot_msgs_v3/dobot_msgs_v3/srv/detail/arc__type_support.c\n'}
[71.781175] (dobot_msgs_v3) StdoutLine: {'line': b'-- Installing: /home/huahai/dobot_ws/install/dobot_msgs_v3/include/dobot_msgs_v3/dobot_msgs_v3/srv/detail/get_angle__type_support.c\n'}
[71.781221] (dobot_msgs_v3) StdoutLine: {'line': b'-- Installing: /home/huahai/dobot_ws/install/dobot_msgs_v3/include/dobot_msgs_v3/dobot_msgs_v3/srv/detail/tool_do__type_support.c\n'}
[71.781257] (dobot_msgs_v3) StdoutLine: {'line': b'-- Installing: /home/huahai/dobot_ws/install/dobot_msgs_v3/include/dobot_msgs_v3/dobot_msgs_v3/srv/detail/get_pose__type_support.c\n'}
[71.781306] (dobot_msgs_v3) StdoutLine: {'line': b'-- Installing: /home/huahai/dobot_ws/install/dobot_msgs_v3/include/dobot_msgs_v3/dobot_msgs_v3/srv/detail/cp__rosidl_typesupport_introspection_c.h\n'}
[71.781354] (dobot_msgs_v3) StdoutLine: {'line': b'-- Installing: /home/huahai/dobot_ws/install/dobot_msgs_v3/include/dobot_msgs_v3/dobot_msgs_v3/srv/detail/acc_j__type_support.c\n'}
[71.781391] (dobot_msgs_v3) StdoutLine: {'line': b'-- Installing: /home/huahai/dobot_ws/install/dobot_msgs_v3/include/dobot_msgs_v3/dobot_msgs_v3/srv/detail/robot_mode__rosidl_typesupport_introspection_c.h\n'}
[71.781433] (dobot_msgs_v3) StdoutLine: {'line': b'-- Installing: /home/huahai/dobot_ws/install/dobot_msgs_v3/include/dobot_msgs_v3/dobot_msgs_v3/srv/detail/disable_robot__rosidl_typesupport_introspection_c.h\n'}
[71.781463] (dobot_msgs_v3) StdoutLine: {'line': b'-- Installing: /home/huahai/dobot_ws/install/dobot_msgs_v3/include/dobot_msgs_v3/dobot_msgs_v3/srv/detail/wait__rosidl_typesupport_introspection_c.h\n'}
[71.781570] (dobot_msgs_v3) StdoutLine: {'line': b'-- Installing: /home/huahai/dobot_ws/install/dobot_msgs_v3/include/dobot_msgs_v3/dobot_msgs_v3/srv/detail/circle__type_support.c\n'}
[71.781681] (dobot_msgs_v3) StdoutLine: {'line': b'-- Installing: /home/huahai/dobot_ws/install/dobot_msgs_v3/include/dobot_msgs_v3/dobot_msgs_v3/srv/detail/stopmove_jog__rosidl_typesupport_introspection_c.h\n'}
[71.781717] (dobot_msgs_v3) StdoutLine: {'line': b'-- Installing: /home/huahai/dobot_ws/install/dobot_msgs_v3/include/dobot_msgs_v3/dobot_msgs_v3/srv/detail/stop_drag__type_support.c\n'}
[71.781773] (dobot_msgs_v3) StdoutLine: {'line': b'-- Installing: /home/huahai/dobot_ws/install/dobot_msgs_v3/include/dobot_msgs_v3/dobot_msgs_v3/srv/detail/tool_di__type_support.c\n'}
[71.781826] (dobot_msgs_v3) StdoutLine: {'line': b'-- Installing: /home/huahai/dobot_ws/install/dobot_msgs_v3/include/dobot_msgs_v3/dobot_msgs_v3/srv/detail/ao__rosidl_typesupport_introspection_c.h\n'}
[71.781858] (dobot_msgs_v3) StdoutLine: {'line': b'-- Installing: /home/huahai/dobot_ws/install/dobot_msgs_v3/include/dobot_msgs_v3/dobot_msgs_v3/srv/detail/rel_mov_l__type_support.c\n'}
[71.781994] (dobot_msgs_v3) StdoutLine: {'line': b'-- Installing: /home/huahai/dobot_ws/install/dobot_msgs_v3/include/dobot_msgs_v3/dobot_msgs_v3/srv/detail/enable_robot__type_support.c\n'}
[71.782031] (dobot_msgs_v3) StdoutLine: {'line': b'-- Installing: /home/huahai/dobot_ws/install/dobot_msgs_v3/include/dobot_msgs_v3/dobot_msgs_v3/srv/detail/set_collision_level__type_support.c\n'}
[71.782298] (dobot_msgs_v3) StdoutLine: {'line': b'-- Installing: /home/huahai/dobot_ws/install/dobot_msgs_v3/include/dobot_msgs_v3/dobot_msgs_v3/srv/detail/mov_j__type_support.c\n'}
[71.782363] (dobot_msgs_v3) StdoutLine: {'line': b'-- Installing: /home/huahai/dobot_ws/install/dobot_msgs_v3/include/dobot_msgs_v3/dobot_msgs_v3/srv/detail/digital_outputs__rosidl_typesupport_introspection_c.h\n'}
[71.782412] (dobot_msgs_v3) StdoutLine: {'line': b'-- Installing: /home/huahai/dobot_ws/install/dobot_msgs_v3/include/dobot_msgs_v3/dobot_msgs_v3/srv/detail/set_hold_regs__type_support.c\n'}
[71.782452] (dobot_msgs_v3) StdoutLine: {'line': b'-- Installing: /home/huahai/dobot_ws/install/dobot_msgs_v3/include/dobot_msgs_v3/dobot_msgs_v3/srv/detail/arc__rosidl_typesupport_introspection_c.h\n'}
[71.782494] (dobot_msgs_v3) StdoutLine: {'line': b'-- Installing: /home/huahai/dobot_ws/install/dobot_msgs_v3/include/dobot_msgs_v3/dobot_msgs_v3/srv/detail/speed_factor__rosidl_typesupport_introspection_c.h\n'}
[71.782540] (dobot_msgs_v3) StdoutLine: {'line': b'-- Installing: /home/huahai/dobot_ws/install/dobot_msgs_v3/include/dobot_msgs_v3/dobot_msgs_v3/srv/detail/jump__type_support.c\n'}
[71.782592] (dobot_msgs_v3) StdoutLine: {'line': b'-- Installing: /home/huahai/dobot_ws/install/dobot_msgs_v3/include/dobot_msgs_v3/dobot_msgs_v3/srv/detail/ao_execute__type_support.c\n'}
[71.782719] (dobot_msgs_v3) StdoutLine: {'line': b'-- Installing: /home/huahai/dobot_ws/install/dobot_msgs_v3/include/dobot_msgs_v3/dobot_msgs_v3/srv/detail/get_hold_regs__rosidl_typesupport_introspection_c.h\n'}
[71.782846] (dobot_msgs_v3) StdoutLine: {'line': b'-- Installing: /home/huahai/dobot_ws/install/dobot_msgs_v3/include/dobot_msgs_v3/dobot_msgs_v3/srv/detail/stop_drag__rosidl_typesupport_introspection_c.h\n'}
[71.782913] (dobot_msgs_v3) StdoutLine: {'line': b'-- Installing: /home/huahai/dobot_ws/install/dobot_msgs_v3/include/dobot_msgs_v3/dobot_msgs_v3/srv/detail/tool__rosidl_typesupport_introspection_c.h\n'}
[71.783048] (dobot_msgs_v3) StdoutLine: {'line': b'-- Installing: /home/huahai/dobot_ws/install/dobot_msgs_v3/include/dobot_msgs_v3/dobot_msgs_v3/srv/detail/inverse_solution__type_support.c\n'}
[71.783135] (dobot_msgs_v3) StdoutLine: {'line': b'-- Installing: /home/huahai/dobot_ws/install/dobot_msgs_v3/include/dobot_msgs_v3/dobot_msgs_v3/srv/detail/set_coils__type_support.c\n'}
[71.783185] (dobot_msgs_v3) StdoutLine: {'line': b'-- Installing: /home/huahai/dobot_ws/install/dobot_msgs_v3/include/dobot_msgs_v3/dobot_msgs_v3/srv/detail/pay_load__type_support.c\n'}
[71.783233] (dobot_msgs_v3) StdoutLine: {'line': b'-- Installing: /home/huahai/dobot_ws/install/dobot_msgs_v3/include/dobot_msgs_v3/dobot_msgs_v3/srv/detail/servo_p__type_support.c\n'}
[71.783313] (dobot_msgs_v3) StdoutLine: {'line': b'-- Installing: /home/huahai/dobot_ws/install/dobot_msgs_v3/include/dobot_msgs_v3/dobot_msgs_v3/srv/detail/rel_mov_j_user__rosidl_typesupport_introspection_c.h\n'}
[71.783375] (dobot_msgs_v3) StdoutLine: {'line': b'-- Installing: /home/huahai/dobot_ws/install/dobot_msgs_v3/include/dobot_msgs_v3/dobot_msgs_v3/srv/detail/get_hold_regs__type_support.c\n'}
[71.783482] (dobot_msgs_v3) StdoutLine: {'line': b'-- Installing: /home/huahai/dobot_ws/install/dobot_msgs_v3/include/dobot_msgs_v3/dobot_msgs_v3/srv/detail/load_switch__rosidl_typesupport_introspection_c.h\n'}
[71.783572] (dobot_msgs_v3) StdoutLine: {'line': b'-- Installing: /home/huahai/dobot_ws/install/dobot_msgs_v3/include/dobot_msgs_v3/dobot_msgs_v3/srv/detail/do_execute__type_support.c\n'}
[71.783619] (dobot_msgs_v3) StdoutLine: {'line': b'-- Installing: /home/huahai/dobot_ws/install/dobot_msgs_v3/include/dobot_msgs_v3/dobot_msgs_v3/srv/detail/start_path__rosidl_typesupport_introspection_c.h\n'}
[71.783668] (dobot_msgs_v3) StdoutLine: {'line': b'-- Installing: /home/huahai/dobot_ws/install/dobot_msgs_v3/include/dobot_msgs_v3/dobot_msgs_v3/srv/detail/set_payload__type_support.c\n'}
[71.783718] (dobot_msgs_v3) StdoutLine: {'line': b'-- Installing: /home/huahai/dobot_ws/install/dobot_msgs_v3/include/dobot_msgs_v3/dobot_msgs_v3/srv/detail/tool__type_support.c\n'}
[71.783848] (dobot_msgs_v3) StdoutLine: {'line': b'-- Installing: /home/huahai/dobot_ws/install/dobot_msgs_v3/include/dobot_msgs_v3/dobot_msgs_v3/srv/detail/wait__type_support.c\n'}
[71.783927] (dobot_msgs_v3) StdoutLine: {'line': b'-- Installing: /home/huahai/dobot_ws/install/dobot_msgs_v3/include/dobot_msgs_v3/dobot_msgs_v3/srv/detail/user__type_support.c\n'}
[71.783982] (dobot_msgs_v3) StdoutLine: {'line': b'-- Installing: /home/huahai/dobot_ws/install/dobot_msgs_v3/include/dobot_msgs_v3/dobot_msgs_v3/srv/detail/continue_script__type_support.c\n'}
[71.784143] (dobot_msgs_v3) StdoutLine: {'line': b'-- Installing: /home/huahai/dobot_ws/install/dobot_msgs_v3/include/dobot_msgs_v3/dobot_msgs_v3/srv/detail/emergency_stop__type_support.c\n'}
[71.784233] (dobot_msgs_v3) StdoutLine: {'line': b'-- Installing: /home/huahai/dobot_ws/install/dobot_msgs_v3/include/dobot_msgs_v3/dobot_msgs_v3/srv/detail/sync__type_support.c\n'}
[71.784270] (dobot_msgs_v3) StdoutLine: {'line': b'-- Installing: /home/huahai/dobot_ws/install/dobot_msgs_v3/include/dobot_msgs_v3/dobot_msgs_v3/srv/detail/get_in_regs__type_support.c\n'}
[71.784313] (dobot_msgs_v3) StdoutLine: {'line': b'-- Installing: /home/huahai/dobot_ws/install/dobot_msgs_v3/include/dobot_msgs_v3/dobot_msgs_v3/srv/detail/speed_l__type_support.c\n'}
[71.784430] (dobot_msgs_v3) StdoutLine: {'line': b'-- Installing: /home/huahai/dobot_ws/install/dobot_msgs_v3/include/dobot_msgs_v3/dobot_msgs_v3/srv/detail/move_jog__type_support.c\n'}
[71.784515] (dobot_msgs_v3) StdoutLine: {'line': b'-- Installing: /home/huahai/dobot_ws/install/dobot_msgs_v3/include/dobot_msgs_v3/dobot_msgs_v3/srv/detail/servo_j__rosidl_typesupport_introspection_c.h\n'}
[71.784565] (dobot_msgs_v3) StdoutLine: {'line': b'-- Installing: /home/huahai/dobot_ws/install/dobot_msgs_v3/include/dobot_msgs_v3/dobot_msgs_v3/srv/detail/brake_control__type_support.c\n'}
[71.784615] (dobot_msgs_v3) StdoutLine: {'line': b'-- Installing: /home/huahai/dobot_ws/install/dobot_msgs_v3/include/dobot_msgs_v3/dobot_msgs_v3/srv/detail/servo_j__type_support.c\n'}
[71.784730] (dobot_msgs_v3) StdoutLine: {'line': b'-- Installing: /home/huahai/dobot_ws/install/dobot_msgs_v3/include/dobot_msgs_v3/dobot_msgs_v3/srv/detail/servo_p__rosidl_typesupport_introspection_c.h\n'}
[71.784852] (dobot_msgs_v3) StdoutLine: {'line': b'-- Installing: /home/huahai/dobot_ws/install/dobot_msgs_v3/include/dobot_msgs_v3/dobot_msgs_v3/srv/detail/joint_mov_j__rosidl_typesupport_introspection_c.h\n'}
[71.784893] (dobot_msgs_v3) StdoutLine: {'line': b'-- Installing: /home/huahai/dobot_ws/install/dobot_msgs_v3/include/dobot_msgs_v3/dobot_msgs_v3/srv/detail/pause_script__type_support.c\n'}
[71.784945] (dobot_msgs_v3) StdoutLine: {'line': b'-- Installing: /home/huahai/dobot_ws/install/dobot_msgs_v3/include/dobot_msgs_v3/dobot_msgs_v3/srv/detail/continues__rosidl_typesupport_introspection_c.h\n'}
[71.784997] (dobot_msgs_v3) StdoutLine: {'line': b'-- Installing: /home/huahai/dobot_ws/install/dobot_msgs_v3/include/dobot_msgs_v3/dobot_msgs_v3/srv/detail/get_coils__type_support.c\n'}
[71.785081] (dobot_msgs_v3) StdoutLine: {'line': b'-- Installing: /home/huahai/dobot_ws/install/dobot_msgs_v3/include/dobot_msgs_v3/dobot_msgs_v3/srv/detail/ao_execute__rosidl_typesupport_introspection_c.h\n'}
[71.785141] (dobot_msgs_v3) StdoutLine: {'line': b'-- Installing: /home/huahai/dobot_ws/install/dobot_msgs_v3/include/dobot_msgs_v3/dobot_msgs_v3/srv/detail/di__type_support.c\n'}
[71.785216] (dobot_msgs_v3) StdoutLine: {'line': b'-- Installing: /home/huahai/dobot_ws/install/dobot_msgs_v3/include/dobot_msgs_v3/dobot_msgs_v3/srv/detail/run_script__type_support.c\n'}
[71.785324] (dobot_msgs_v3) StdoutLine: {'line': b'-- Installing: /home/huahai/dobot_ws/install/dobot_msgs_v3/include/dobot_msgs_v3/dobot_msgs_v3/srv/detail/do__rosidl_typesupport_introspection_c.h\n'}
[71.785413] (dobot_msgs_v3) StdoutLine: {'line': b'-- Installing: /home/huahai/dobot_ws/install/dobot_msgs_v3/include/dobot_msgs_v3/dobot_msgs_v3/srv/detail/sync_all__type_support.c\n'}
[71.785457] (dobot_msgs_v3) StdoutLine: {'line': b'-- Installing: /home/huahai/dobot_ws/install/dobot_msgs_v3/include/dobot_msgs_v3/dobot_msgs_v3/srv/detail/set_hold_regs__rosidl_typesupport_introspection_c.h\n'}
[71.785508] (dobot_msgs_v3) StdoutLine: {'line': b'-- Installing: /home/huahai/dobot_ws/install/dobot_msgs_v3/include/dobot_msgs_v3/dobot_msgs_v3/srv/detail/tool_di__rosidl_typesupport_introspection_c.h\n'}
[71.785552] (dobot_msgs_v3) StdoutLine: {'line': b'-- Installing: /home/huahai/dobot_ws/install/dobot_msgs_v3/include/dobot_msgs_v3/dobot_msgs_v3/srv/detail/start_drag__type_support.c\n'}
[71.785641] (dobot_msgs_v3) StdoutLine: {'line': b'-- Installing: /home/huahai/dobot_ws/install/dobot_msgs_v3/include/dobot_msgs_v3/dobot_msgs_v3/srv/detail/get_coils__rosidl_typesupport_introspection_c.h\n'}
[71.785883] (dobot_msgs_v3) StdoutLine: {'line': b'-- Installing: /home/huahai/dobot_ws/install/dobot_msgs_v3/lib/libdobot_msgs_v3__rosidl_typesupport_introspection_c.so\n'}
[71.786708] (dobot_msgs_v3) StdoutLine: {'line': b'-- Set runtime path of "/home/huahai/dobot_ws/install/dobot_msgs_v3/lib/libdobot_msgs_v3__rosidl_typesupport_introspection_c.so" to ""\n'}
[71.786778] (dobot_msgs_v3) StdoutLine: {'line': b'-- Installing: /home/huahai/dobot_ws/install/dobot_msgs_v3/lib/libdobot_msgs_v3__rosidl_typesupport_c.so\n'}
[71.787350] (dobot_msgs_v3) StdoutLine: {'line': b'-- Set runtime path of "/home/huahai/dobot_ws/install/dobot_msgs_v3/lib/libdobot_msgs_v3__rosidl_typesupport_c.so" to ""\n'}
[71.787426] (dobot_msgs_v3) StdoutLine: {'line': b'-- Up-to-date: /home/huahai/dobot_ws/install/dobot_msgs_v3/include/dobot_msgs_v3/dobot_msgs_v3\n'}
[71.787476] (dobot_msgs_v3) StdoutLine: {'line': b'-- Up-to-date: /home/huahai/dobot_ws/install/dobot_msgs_v3/include/dobot_msgs_v3/dobot_msgs_v3/msg\n'}
[71.787507] (dobot_msgs_v3) StdoutLine: {'line': b'-- Up-to-date: /home/huahai/dobot_ws/install/dobot_msgs_v3/include/dobot_msgs_v3/dobot_msgs_v3/msg/detail\n'}
[71.787545] (dobot_msgs_v3) StdoutLine: {'line': b'-- Installing: /home/huahai/dobot_ws/install/dobot_msgs_v3/include/dobot_msgs_v3/dobot_msgs_v3/msg/detail/robot_status__type_support.cpp\n'}
[71.787588] (dobot_msgs_v3) StdoutLine: {'line': b'-- Installing: /home/huahai/dobot_ws/install/dobot_msgs_v3/include/dobot_msgs_v3/dobot_msgs_v3/msg/detail/tool_vector_actual__rosidl_typesupport_introspection_cpp.hpp\n'}
[71.787638] (dobot_msgs_v3) StdoutLine: {'line': b'-- Installing: /home/huahai/dobot_ws/install/dobot_msgs_v3/include/dobot_msgs_v3/dobot_msgs_v3/msg/detail/tool_vector_actual__type_support.cpp\n'}
[71.787688] (dobot_msgs_v3) StdoutLine: {'line': b'-- Installing: /home/huahai/dobot_ws/install/dobot_msgs_v3/include/dobot_msgs_v3/dobot_msgs_v3/msg/detail/robot_status__rosidl_typesupport_introspection_cpp.hpp\n'}
[71.787732] (dobot_msgs_v3) StdoutLine: {'line': b'-- Up-to-date: /home/huahai/dobot_ws/install/dobot_msgs_v3/include/dobot_msgs_v3/dobot_msgs_v3/srv\n'}
[71.787784] (dobot_msgs_v3) StdoutLine: {'line': b'-- Up-to-date: /home/huahai/dobot_ws/install/dobot_msgs_v3/include/dobot_msgs_v3/dobot_msgs_v3/srv/detail\n'}
[71.787837] (dobot_msgs_v3) StdoutLine: {'line': b'-- Installing: /home/huahai/dobot_ws/install/dobot_msgs_v3/include/dobot_msgs_v3/dobot_msgs_v3/srv/detail/continues__type_support.cpp\n'}
[71.787920] (dobot_msgs_v3) StdoutLine: {'line': b'-- Installing: /home/huahai/dobot_ws/install/dobot_msgs_v3/include/dobot_msgs_v3/dobot_msgs_v3/srv/detail/start_path__type_support.cpp\n'}
[71.787988] (dobot_msgs_v3) StdoutLine: {'line': b'-- Installing: /home/huahai/dobot_ws/install/dobot_msgs_v3/include/dobot_msgs_v3/dobot_msgs_v3/srv/detail/robot_mode__rosidl_typesupport_introspection_cpp.hpp\n'}
[71.788069] (dobot_msgs_v3) StdoutLine: {'line': b'-- Installing: /home/huahai/dobot_ws/install/dobot_msgs_v3/include/dobot_msgs_v3/dobot_msgs_v3/srv/detail/get_error_id__rosidl_typesupport_introspection_cpp.hpp\n'}
[71.788133] (dobot_msgs_v3) StdoutLine: {'line': b'-- Installing: /home/huahai/dobot_ws/install/dobot_msgs_v3/include/dobot_msgs_v3/dobot_msgs_v3/srv/detail/tool_di__rosidl_typesupport_introspection_cpp.hpp\n'}
[71.788223] (dobot_msgs_v3) StdoutLine: {'line': b'-- Installing: /home/huahai/dobot_ws/install/dobot_msgs_v3/include/dobot_msgs_v3/dobot_msgs_v3/srv/detail/mov_j__type_support.cpp\n'}
[71.788297] (dobot_msgs_v3) StdoutLine: {'line': b'-- Installing: /home/huahai/dobot_ws/install/dobot_msgs_v3/include/dobot_msgs_v3/dobot_msgs_v3/srv/detail/inverse_solution__type_support.cpp\n'}
[71.788382] (dobot_msgs_v3) StdoutLine: {'line': b'-- Installing: /home/huahai/dobot_ws/install/dobot_msgs_v3/include/dobot_msgs_v3/dobot_msgs_v3/srv/detail/set_safe_skin__rosidl_typesupport_introspection_cpp.hpp\n'}
[71.788485] (dobot_msgs_v3) StdoutLine: {'line': b'-- Installing: /home/huahai/dobot_ws/install/dobot_msgs_v3/include/dobot_msgs_v3/dobot_msgs_v3/srv/detail/get_coils__rosidl_typesupport_introspection_cpp.hpp\n'}
[71.788775] (dobot_msgs_v3) StdoutLine: {'line': b'-- Installing: /home/huahai/dobot_ws/install/dobot_msgs_v3/include/dobot_msgs_v3/dobot_msgs_v3/srv/detail/rel_mov_l_tool__type_support.cpp\n'}
[71.788892] (dobot_msgs_v3) StdoutLine: {'line': b'-- Installing: /home/huahai/dobot_ws/install/dobot_msgs_v3/include/dobot_msgs_v3/dobot_msgs_v3/srv/detail/brake_control__rosidl_typesupport_introspection_cpp.hpp\n'}
[71.788964] (dobot_msgs_v3) StdoutLine: {'line': b'-- Installing: /home/huahai/dobot_ws/install/dobot_msgs_v3/include/dobot_msgs_v3/dobot_msgs_v3/srv/detail/get_pose__type_support.cpp\n'}
[71.789052] (dobot_msgs_v3) StdoutLine: {'line': b'-- Installing: /home/huahai/dobot_ws/install/dobot_msgs_v3/include/dobot_msgs_v3/dobot_msgs_v3/srv/detail/mov_j__rosidl_typesupport_introspection_cpp.hpp\n'}
[71.789155] (dobot_msgs_v3) StdoutLine: {'line': b'-- Installing: /home/huahai/dobot_ws/install/dobot_msgs_v3/include/dobot_msgs_v3/dobot_msgs_v3/srv/detail/rel_mov_j_user__rosidl_typesupport_introspection_cpp.hpp\n'}
[71.789217] (dobot_msgs_v3) StdoutLine: {'line': b'-- Installing: /home/huahai/dobot_ws/install/dobot_msgs_v3/include/dobot_msgs_v3/dobot_msgs_v3/srv/detail/sync_all__rosidl_typesupport_introspection_cpp.hpp\n'}
[71.789380] (dobot_msgs_v3) StdoutLine: {'line': b'-- Installing: /home/huahai/dobot_ws/install/dobot_msgs_v3/include/dobot_msgs_v3/dobot_msgs_v3/srv/detail/emergency_stop__type_support.cpp\n'}
[71.789455] (dobot_msgs_v3) StdoutLine: {'line': b'-- Installing: /home/huahai/dobot_ws/install/dobot_msgs_v3/include/dobot_msgs_v3/dobot_msgs_v3/srv/detail/arch__rosidl_typesupport_introspection_cpp.hpp\n'}
[71.789509] (dobot_msgs_v3) StdoutLine: {'line': b'-- Installing: /home/huahai/dobot_ws/install/dobot_msgs_v3/include/dobot_msgs_v3/dobot_msgs_v3/srv/detail/arc__type_support.cpp\n'}
[71.789548] (dobot_msgs_v3) StdoutLine: {'line': b'-- Installing: /home/huahai/dobot_ws/install/dobot_msgs_v3/include/dobot_msgs_v3/dobot_msgs_v3/srv/detail/disable_robot__type_support.cpp\n'}
[71.789590] (dobot_msgs_v3) StdoutLine: {'line': b'-- Installing: /home/huahai/dobot_ws/install/dobot_msgs_v3/include/dobot_msgs_v3/dobot_msgs_v3/srv/detail/arch__type_support.cpp\n'}
[71.789636] (dobot_msgs_v3) StdoutLine: {'line': b'-- Installing: /home/huahai/dobot_ws/install/dobot_msgs_v3/include/dobot_msgs_v3/dobot_msgs_v3/srv/detail/tool_do__rosidl_typesupport_introspection_cpp.hpp\n'}
[71.789684] (dobot_msgs_v3) StdoutLine: {'line': b'-- Installing: /home/huahai/dobot_ws/install/dobot_msgs_v3/include/dobot_msgs_v3/dobot_msgs_v3/srv/detail/servo_j__rosidl_typesupport_introspection_cpp.hpp\n'}
[71.789735] (dobot_msgs_v3) StdoutLine: {'line': b'-- Installing: /home/huahai/dobot_ws/install/dobot_msgs_v3/include/dobot_msgs_v3/dobot_msgs_v3/srv/detail/do_group__rosidl_typesupport_introspection_cpp.hpp\n'}
[71.789873] (dobot_msgs_v3) StdoutLine: {'line': b'-- Installing: /home/huahai/dobot_ws/install/dobot_msgs_v3/include/dobot_msgs_v3/dobot_msgs_v3/srv/detail/joint_mov_j__rosidl_typesupport_introspection_cpp.hpp\n'}
[71.789953] (dobot_msgs_v3) StdoutLine: {'line': b'-- Installing: /home/huahai/dobot_ws/install/dobot_msgs_v3/include/dobot_msgs_v3/dobot_msgs_v3/srv/detail/modbus_create__type_support.cpp\n'}
[71.789993] (dobot_msgs_v3) StdoutLine: {'line': b'-- Installing: /home/huahai/dobot_ws/install/dobot_msgs_v3/include/dobot_msgs_v3/dobot_msgs_v3/srv/detail/start_drag__rosidl_typesupport_introspection_cpp.hpp\n'}
[71.790042] (dobot_msgs_v3) StdoutLine: {'line': b'-- Installing: /home/huahai/dobot_ws/install/dobot_msgs_v3/include/dobot_msgs_v3/dobot_msgs_v3/srv/detail/mov_j_ext__type_support.cpp\n'}
[71.790114] (dobot_msgs_v3) StdoutLine: {'line': b'-- Installing: /home/huahai/dobot_ws/install/dobot_msgs_v3/include/dobot_msgs_v3/dobot_msgs_v3/srv/detail/rel_mov_j__type_support.cpp\n'}
[71.790185] (dobot_msgs_v3) StdoutLine: {'line': b'-- Installing: /home/huahai/dobot_ws/install/dobot_msgs_v3/include/dobot_msgs_v3/dobot_msgs_v3/srv/detail/set_obstacle_avoid__rosidl_typesupport_introspection_cpp.hpp\n'}
[71.790259] (dobot_msgs_v3) StdoutLine: {'line': b'-- Installing: /home/huahai/dobot_ws/install/dobot_msgs_v3/include/dobot_msgs_v3/dobot_msgs_v3/srv/detail/ao__type_support.cpp\n'}
[71.790323] (dobot_msgs_v3) StdoutLine: {'line': b'-- Installing: /home/huahai/dobot_ws/install/dobot_msgs_v3/include/dobot_msgs_v3/dobot_msgs_v3/srv/detail/stop_drag__rosidl_typesupport_introspection_cpp.hpp\n'}
[71.790396] (dobot_msgs_v3) StdoutLine: {'line': b'-- Installing: /home/huahai/dobot_ws/install/dobot_msgs_v3/include/dobot_msgs_v3/dobot_msgs_v3/srv/detail/rel_mov_l_tool__rosidl_typesupport_introspection_cpp.hpp\n'}
[71.790534] (dobot_msgs_v3) StdoutLine: {'line': b'-- Installing: /home/huahai/dobot_ws/install/dobot_msgs_v3/include/dobot_msgs_v3/dobot_msgs_v3/srv/detail/jump__rosidl_typesupport_introspection_cpp.hpp\n'}
[71.790609] (dobot_msgs_v3) StdoutLine: {'line': b'-- Installing: /home/huahai/dobot_ws/install/dobot_msgs_v3/include/dobot_msgs_v3/dobot_msgs_v3/srv/detail/modbus_close__type_support.cpp\n'}
[71.790687] (dobot_msgs_v3) StdoutLine: {'line': b'-- Installing: /home/huahai/dobot_ws/install/dobot_msgs_v3/include/dobot_msgs_v3/dobot_msgs_v3/srv/detail/stopmove_jog__rosidl_typesupport_introspection_cpp.hpp\n'}
[71.790745] (dobot_msgs_v3) StdoutLine: {'line': b'-- Installing: /home/huahai/dobot_ws/install/dobot_msgs_v3/include/dobot_msgs_v3/dobot_msgs_v3/srv/detail/sync__type_support.cpp\n'}
[71.790854] (dobot_msgs_v3) StdoutLine: {'line': b'-- Installing: /home/huahai/dobot_ws/install/dobot_msgs_v3/include/dobot_msgs_v3/dobot_msgs_v3/srv/detail/enable_robot__rosidl_typesupport_introspection_cpp.hpp\n'}
[71.790916] (dobot_msgs_v3) StdoutLine: {'line': b'-- Installing: /home/huahai/dobot_ws/install/dobot_msgs_v3/include/dobot_msgs_v3/dobot_msgs_v3/srv/detail/get_hold_regs__rosidl_typesupport_introspection_cpp.hpp\n'}
[71.790990] (dobot_msgs_v3) StdoutLine: {'line': b'-- Installing: /home/huahai/dobot_ws/install/dobot_msgs_v3/include/dobot_msgs_v3/dobot_msgs_v3/srv/detail/circle__rosidl_typesupport_introspection_cpp.hpp\n'}
[71.791049] (dobot_msgs_v3) StdoutLine: {'line': b'-- Installing: /home/huahai/dobot_ws/install/dobot_msgs_v3/include/dobot_msgs_v3/dobot_msgs_v3/srv/detail/start_path__rosidl_typesupport_introspection_cpp.hpp\n'}
[71.791127] (dobot_msgs_v3) StdoutLine: {'line': b'-- Installing: /home/huahai/dobot_ws/install/dobot_msgs_v3/include/dobot_msgs_v3/dobot_msgs_v3/srv/detail/wait__type_support.cpp\n'}
[71.791228] (dobot_msgs_v3) StdoutLine: {'line': b'-- Installing: /home/huahai/dobot_ws/install/dobot_msgs_v3/include/dobot_msgs_v3/dobot_msgs_v3/srv/detail/rel_mov_l_user__type_support.cpp\n'}
[71.791314] (dobot_msgs_v3) StdoutLine: {'line': b'-- Installing: /home/huahai/dobot_ws/install/dobot_msgs_v3/include/dobot_msgs_v3/dobot_msgs_v3/srv/detail/wait__rosidl_typesupport_introspection_cpp.hpp\n'}
[71.791376] (dobot_msgs_v3) StdoutLine: {'line': b'-- Installing: /home/huahai/dobot_ws/install/dobot_msgs_v3/include/dobot_msgs_v3/dobot_msgs_v3/srv/detail/rel_joint_mov_j__rosidl_typesupport_introspection_cpp.hpp\n'}
[71.791451] (dobot_msgs_v3) StdoutLine: {'line': b'-- Installing: /home/huahai/dobot_ws/install/dobot_msgs_v3/include/dobot_msgs_v3/dobot_msgs_v3/srv/detail/user__rosidl_typesupport_introspection_cpp.hpp\n'}
[71.791511] (dobot_msgs_v3) StdoutLine: {'line': b'-- Installing: /home/huahai/dobot_ws/install/dobot_msgs_v3/include/dobot_msgs_v3/dobot_msgs_v3/srv/detail/robot_mode__type_support.cpp\n'}
[71.791584] (dobot_msgs_v3) StdoutLine: {'line': b'-- Installing: /home/huahai/dobot_ws/install/dobot_msgs_v3/include/dobot_msgs_v3/dobot_msgs_v3/srv/detail/speed_l__type_support.cpp\n'}
[71.791657] (dobot_msgs_v3) StdoutLine: {'line': b'-- Installing: /home/huahai/dobot_ws/install/dobot_msgs_v3/include/dobot_msgs_v3/dobot_msgs_v3/srv/detail/set_hold_regs__rosidl_typesupport_introspection_cpp.hpp\n'}
[71.792876] (dobot_msgs_v3) StdoutLine: {'line': b'-- Installing: /home/huahai/dobot_ws/install/dobot_msgs_v3/include/dobot_msgs_v3/dobot_msgs_v3/srv/detail/joint_mov_j__type_support.cpp\n'}
[71.792934] (dobot_msgs_v3) StdoutLine: {'line': b'-- Installing: /home/huahai/dobot_ws/install/dobot_msgs_v3/include/dobot_msgs_v3/dobot_msgs_v3/srv/detail/set_payload__rosidl_typesupport_introspection_cpp.hpp\n'}
[71.792969] (dobot_msgs_v3) StdoutLine: {'line': b'-- Installing: /home/huahai/dobot_ws/install/dobot_msgs_v3/include/dobot_msgs_v3/dobot_msgs_v3/srv/detail/rel_joint_mov_j__type_support.cpp\n'}
[71.793000] (dobot_msgs_v3) StdoutLine: {'line': b'-- Installing: /home/huahai/dobot_ws/install/dobot_msgs_v3/include/dobot_msgs_v3/dobot_msgs_v3/srv/detail/set_payload__type_support.cpp\n'}
[71.793030] (dobot_msgs_v3) StdoutLine: {'line': b'-- Installing: /home/huahai/dobot_ws/install/dobot_msgs_v3/include/dobot_msgs_v3/dobot_msgs_v3/srv/detail/set_safe_skin__type_support.cpp\n'}
[71.793064] (dobot_msgs_v3) StdoutLine: {'line': b'-- Installing: /home/huahai/dobot_ws/install/dobot_msgs_v3/include/dobot_msgs_v3/dobot_msgs_v3/srv/detail/servo_p__type_support.cpp\n'}
[71.793094] (dobot_msgs_v3) StdoutLine: {'line': b'-- Installing: /home/huahai/dobot_ws/install/dobot_msgs_v3/include/dobot_msgs_v3/dobot_msgs_v3/srv/detail/do_group__type_support.cpp\n'}
[71.793124] (dobot_msgs_v3) StdoutLine: {'line': b'-- Installing: /home/huahai/dobot_ws/install/dobot_msgs_v3/include/dobot_msgs_v3/dobot_msgs_v3/srv/detail/di__type_support.cpp\n'}
[71.793154] (dobot_msgs_v3) StdoutLine: {'line': b'-- Installing: /home/huahai/dobot_ws/install/dobot_msgs_v3/include/dobot_msgs_v3/dobot_msgs_v3/srv/detail/sync_all__type_support.cpp\n'}
[71.793184] (dobot_msgs_v3) StdoutLine: {'line': b'-- Installing: /home/huahai/dobot_ws/install/dobot_msgs_v3/include/dobot_msgs_v3/dobot_msgs_v3/srv/detail/get_in_regs__rosidl_typesupport_introspection_cpp.hpp\n'}
[71.793214] (dobot_msgs_v3) StdoutLine: {'line': b'-- Installing: /home/huahai/dobot_ws/install/dobot_msgs_v3/include/dobot_msgs_v3/dobot_msgs_v3/srv/detail/continue_script__type_support.cpp\n'}
[71.793244] (dobot_msgs_v3) StdoutLine: {'line': b'-- Installing: /home/huahai/dobot_ws/install/dobot_msgs_v3/include/dobot_msgs_v3/dobot_msgs_v3/srv/detail/get_error_id__type_support.cpp\n'}
[71.793276] (dobot_msgs_v3) StdoutLine: {'line': b'-- Installing: /home/huahai/dobot_ws/install/dobot_msgs_v3/include/dobot_msgs_v3/dobot_msgs_v3/srv/detail/disable_robot__rosidl_typesupport_introspection_cpp.hpp\n'}
[71.793306] (dobot_msgs_v3) StdoutLine: {'line': b'-- Installing: /home/huahai/dobot_ws/install/dobot_msgs_v3/include/dobot_msgs_v3/dobot_msgs_v3/srv/detail/set_coils__type_support.cpp\n'}
[71.793336] (dobot_msgs_v3) StdoutLine: {'line': b'-- Installing: /home/huahai/dobot_ws/install/dobot_msgs_v3/include/dobot_msgs_v3/dobot_msgs_v3/srv/detail/pay_load__rosidl_typesupport_introspection_cpp.hpp\n'}
[71.793370] (dobot_msgs_v3) StdoutLine: {'line': b'-- Installing: /home/huahai/dobot_ws/install/dobot_msgs_v3/include/dobot_msgs_v3/dobot_msgs_v3/srv/detail/digital_outputs__type_support.cpp\n'}
[71.793398] (dobot_msgs_v3) StdoutLine: {'line': b'-- Installing: /home/huahai/dobot_ws/install/dobot_msgs_v3/include/dobot_msgs_v3/dobot_msgs_v3/srv/detail/acc_j__rosidl_typesupport_introspection_cpp.hpp\n'}
[71.793431] (dobot_msgs_v3) StdoutLine: {'line': b'-- Installing: /home/huahai/dobot_ws/install/dobot_msgs_v3/include/dobot_msgs_v3/dobot_msgs_v3/srv/detail/get_pose__rosidl_typesupport_introspection_cpp.hpp\n'}
[71.793459] (dobot_msgs_v3) StdoutLine: {'line': b'-- Installing: /home/huahai/dobot_ws/install/dobot_msgs_v3/include/dobot_msgs_v3/dobot_msgs_v3/srv/detail/cp__type_support.cpp\n'}
[71.793514] (dobot_msgs_v3) StdoutLine: {'line': b'-- Installing: /home/huahai/dobot_ws/install/dobot_msgs_v3/include/dobot_msgs_v3/dobot_msgs_v3/srv/detail/di__rosidl_typesupport_introspection_cpp.hpp\n'}
[71.793561] (dobot_msgs_v3) StdoutLine: {'line': b'-- Installing: /home/huahai/dobot_ws/install/dobot_msgs_v3/include/dobot_msgs_v3/dobot_msgs_v3/srv/detail/load_switch__type_support.cpp\n'}
[71.793591] (dobot_msgs_v3) StdoutLine: {'line': b'-- Installing: /home/huahai/dobot_ws/install/dobot_msgs_v3/include/dobot_msgs_v3/dobot_msgs_v3/srv/detail/get_angle__type_support.cpp\n'}
[71.793633] (dobot_msgs_v3) StdoutLine: {'line': b'-- Installing: /home/huahai/dobot_ws/install/dobot_msgs_v3/include/dobot_msgs_v3/dobot_msgs_v3/srv/detail/start_fc_trace__type_support.cpp\n'}
[71.793661] (dobot_msgs_v3) StdoutLine: {'line': b'-- Installing: /home/huahai/dobot_ws/install/dobot_msgs_v3/include/dobot_msgs_v3/dobot_msgs_v3/srv/detail/servo_p__rosidl_typesupport_introspection_cpp.hpp\n'}
[71.793698] (dobot_msgs_v3) StdoutLine: {'line': b'-- Installing: /home/huahai/dobot_ws/install/dobot_msgs_v3/include/dobot_msgs_v3/dobot_msgs_v3/srv/detail/set_obstacle_avoid__type_support.cpp\n'}
[71.793741] (dobot_msgs_v3) StdoutLine: {'line': b'-- Installing: /home/huahai/dobot_ws/install/dobot_msgs_v3/include/dobot_msgs_v3/dobot_msgs_v3/srv/detail/acc_l__rosidl_typesupport_introspection_cpp.hpp\n'}
[71.793785] (dobot_msgs_v3) StdoutLine: {'line': b'-- Installing: /home/huahai/dobot_ws/install/dobot_msgs_v3/include/dobot_msgs_v3/dobot_msgs_v3/srv/detail/speed_j__type_support.cpp\n'}
[71.793825] (dobot_msgs_v3) StdoutLine: {'line': b'-- Installing: /home/huahai/dobot_ws/install/dobot_msgs_v3/include/dobot_msgs_v3/dobot_msgs_v3/srv/detail/stop_drag__type_support.cpp\n'}
[71.793868] (dobot_msgs_v3) StdoutLine: {'line': b'-- Installing: /home/huahai/dobot_ws/install/dobot_msgs_v3/include/dobot_msgs_v3/dobot_msgs_v3/srv/detail/mov_l__type_support.cpp\n'}
[71.793901] (dobot_msgs_v3) StdoutLine: {'line': b'-- Installing: /home/huahai/dobot_ws/install/dobot_msgs_v3/include/dobot_msgs_v3/dobot_msgs_v3/srv/detail/ao__rosidl_typesupport_introspection_cpp.hpp\n'}
[71.793943] (dobot_msgs_v3) StdoutLine: {'line': b'-- Installing: /home/huahai/dobot_ws/install/dobot_msgs_v3/include/dobot_msgs_v3/dobot_msgs_v3/srv/detail/emergency_stop__rosidl_typesupport_introspection_cpp.hpp\n'}
[71.793990] (dobot_msgs_v3) StdoutLine: {'line': b'-- Installing: /home/huahai/dobot_ws/install/dobot_msgs_v3/include/dobot_msgs_v3/dobot_msgs_v3/srv/detail/speed_j__rosidl_typesupport_introspection_cpp.hpp\n'}
[71.794024] (dobot_msgs_v3) StdoutLine: {'line': b'-- Installing: /home/huahai/dobot_ws/install/dobot_msgs_v3/include/dobot_msgs_v3/dobot_msgs_v3/srv/detail/positive_solution__rosidl_typesupport_introspection_cpp.hpp\n'}
[71.794065] (dobot_msgs_v3) StdoutLine: {'line': b'-- Installing: /home/huahai/dobot_ws/install/dobot_msgs_v3/include/dobot_msgs_v3/dobot_msgs_v3/srv/detail/reset_robot__rosidl_typesupport_introspection_cpp.hpp\n'}
[71.794110] (dobot_msgs_v3) StdoutLine: {'line': b'-- Installing: /home/huahai/dobot_ws/install/dobot_msgs_v3/include/dobot_msgs_v3/dobot_msgs_v3/srv/detail/mov_jio__type_support.cpp\n'}
[71.794141] (dobot_msgs_v3) StdoutLine: {'line': b'-- Installing: /home/huahai/dobot_ws/install/dobot_msgs_v3/include/dobot_msgs_v3/dobot_msgs_v3/srv/detail/move_jog__rosidl_typesupport_introspection_cpp.hpp\n'}
[71.794186] (-) TimerEvent: {}
[71.794734] (dobot_msgs_v3) StdoutLine: {'line': b'-- Installing: /home/huahai/dobot_ws/install/dobot_msgs_v3/include/dobot_msgs_v3/dobot_msgs_v3/srv/detail/set_arm_orientation__type_support.cpp\n'}
[71.794835] (dobot_msgs_v3) StdoutLine: {'line': b'-- Installing: /home/huahai/dobot_ws/install/dobot_msgs_v3/include/dobot_msgs_v3/dobot_msgs_v3/srv/detail/rel_mov_l_user__rosidl_typesupport_introspection_cpp.hpp\n'}
[71.794871] (dobot_msgs_v3) StdoutLine: {'line': b'-- Installing: /home/huahai/dobot_ws/install/dobot_msgs_v3/include/dobot_msgs_v3/dobot_msgs_v3/srv/detail/do_execute__rosidl_typesupport_introspection_cpp.hpp\n'}
[71.794919] (dobot_msgs_v3) StdoutLine: {'line': b'-- Installing: /home/huahai/dobot_ws/install/dobot_msgs_v3/include/dobot_msgs_v3/dobot_msgs_v3/srv/detail/pause_script__rosidl_typesupport_introspection_cpp.hpp\n'}
[71.794954] (dobot_msgs_v3) StdoutLine: {'line': b'-- Installing: /home/huahai/dobot_ws/install/dobot_msgs_v3/include/dobot_msgs_v3/dobot_msgs_v3/srv/detail/ao_execute__rosidl_typesupport_introspection_cpp.hpp\n'}
[71.795000] (dobot_msgs_v3) StdoutLine: {'line': b'-- Installing: /home/huahai/dobot_ws/install/dobot_msgs_v3/include/dobot_msgs_v3/dobot_msgs_v3/srv/detail/pause_script__type_support.cpp\n'}
[71.795055] (dobot_msgs_v3) StdoutLine: {'line': b'-- Installing: /home/huahai/dobot_ws/install/dobot_msgs_v3/include/dobot_msgs_v3/dobot_msgs_v3/srv/detail/pay_load__type_support.cpp\n'}
[71.795104] (dobot_msgs_v3) StdoutLine: {'line': b'-- Installing: /home/huahai/dobot_ws/install/dobot_msgs_v3/include/dobot_msgs_v3/dobot_msgs_v3/srv/detail/set_hold_regs__type_support.cpp\n'}
[71.795135] (dobot_msgs_v3) StdoutLine: {'line': b'-- Installing: /home/huahai/dobot_ws/install/dobot_msgs_v3/include/dobot_msgs_v3/dobot_msgs_v3/srv/detail/set_collision_level__type_support.cpp\n'}
[71.795167] (dobot_msgs_v3) StdoutLine: {'line': b'-- Installing: /home/huahai/dobot_ws/install/dobot_msgs_v3/include/dobot_msgs_v3/dobot_msgs_v3/srv/detail/power_on__rosidl_typesupport_introspection_cpp.hpp\n'}
[71.795198] (dobot_msgs_v3) StdoutLine: {'line': b'-- Installing: /home/huahai/dobot_ws/install/dobot_msgs_v3/include/dobot_msgs_v3/dobot_msgs_v3/srv/detail/start_trace__type_support.cpp\n'}
[71.795229] (dobot_msgs_v3) StdoutLine: {'line': b'-- Installing: /home/huahai/dobot_ws/install/dobot_msgs_v3/include/dobot_msgs_v3/dobot_msgs_v3/srv/detail/pause__type_support.cpp\n'}
[71.795385] (dobot_msgs_v3) StdoutLine: {'line': b'-- Installing: /home/huahai/dobot_ws/install/dobot_msgs_v3/include/dobot_msgs_v3/dobot_msgs_v3/srv/detail/get_angle__rosidl_typesupport_introspection_cpp.hpp\n'}
[71.795466] (dobot_msgs_v3) StdoutLine: {'line': b'-- Installing: /home/huahai/dobot_ws/install/dobot_msgs_v3/include/dobot_msgs_v3/dobot_msgs_v3/srv/detail/mov_j_ext__rosidl_typesupport_introspection_cpp.hpp\n'}
[71.795517] (dobot_msgs_v3) StdoutLine: {'line': b'-- Installing: /home/huahai/dobot_ws/install/dobot_msgs_v3/include/dobot_msgs_v3/dobot_msgs_v3/srv/detail/mov_lio__type_support.cpp\n'}
[71.795599] (dobot_msgs_v3) StdoutLine: {'line': b'-- Installing: /home/huahai/dobot_ws/install/dobot_msgs_v3/include/dobot_msgs_v3/dobot_msgs_v3/srv/detail/clear_error__type_support.cpp\n'}
[71.795667] (dobot_msgs_v3) StdoutLine: {'line': b'-- Installing: /home/huahai/dobot_ws/install/dobot_msgs_v3/include/dobot_msgs_v3/dobot_msgs_v3/srv/detail/run_script__rosidl_typesupport_introspection_cpp.hpp\n'}
[71.795721] (dobot_msgs_v3) StdoutLine: {'line': b'-- Installing: /home/huahai/dobot_ws/install/dobot_msgs_v3/include/dobot_msgs_v3/dobot_msgs_v3/srv/detail/user__type_support.cpp\n'}
[71.795821] (dobot_msgs_v3) StdoutLine: {'line': b'-- Installing: /home/huahai/dobot_ws/install/dobot_msgs_v3/include/dobot_msgs_v3/dobot_msgs_v3/srv/detail/get_in_regs__type_support.cpp\n'}
[71.795884] (dobot_msgs_v3) StdoutLine: {'line': b'-- Installing: /home/huahai/dobot_ws/install/dobot_msgs_v3/include/dobot_msgs_v3/dobot_msgs_v3/srv/detail/circle__type_support.cpp\n'}
[71.796048] (dobot_msgs_v3) StdoutLine: {'line': b'-- Installing: /home/huahai/dobot_ws/install/dobot_msgs_v3/include/dobot_msgs_v3/dobot_msgs_v3/srv/detail/clear_error__rosidl_typesupport_introspection_cpp.hpp\n'}
[71.796117] (dobot_msgs_v3) StdoutLine: {'line': b'-- Installing: /home/huahai/dobot_ws/install/dobot_msgs_v3/include/dobot_msgs_v3/dobot_msgs_v3/srv/detail/brake_control__type_support.cpp\n'}
[71.796176] (dobot_msgs_v3) StdoutLine: {'line': b'-- Installing: /home/huahai/dobot_ws/install/dobot_msgs_v3/include/dobot_msgs_v3/dobot_msgs_v3/srv/detail/acc_j__type_support.cpp\n'}
[71.796283] (dobot_msgs_v3) StdoutLine: {'line': b'-- Installing: /home/huahai/dobot_ws/install/dobot_msgs_v3/include/dobot_msgs_v3/dobot_msgs_v3/srv/detail/tool_do__type_support.cpp\n'}
[71.796389] (dobot_msgs_v3) StdoutLine: {'line': b'-- Installing: /home/huahai/dobot_ws/install/dobot_msgs_v3/include/dobot_msgs_v3/dobot_msgs_v3/srv/detail/acc_l__type_support.cpp\n'}
[71.796545] (dobot_msgs_v3) StdoutLine: {'line': b'-- Installing: /home/huahai/dobot_ws/install/dobot_msgs_v3/include/dobot_msgs_v3/dobot_msgs_v3/srv/detail/get_hold_regs__type_support.cpp\n'}
[71.796617] (dobot_msgs_v3) StdoutLine: {'line': b'-- Installing: /home/huahai/dobot_ws/install/dobot_msgs_v3/include/dobot_msgs_v3/dobot_msgs_v3/srv/detail/do__rosidl_typesupport_introspection_cpp.hpp\n'}
[71.796671] (dobot_msgs_v3) StdoutLine: {'line': b'-- Installing: /home/huahai/dobot_ws/install/dobot_msgs_v3/include/dobot_msgs_v3/dobot_msgs_v3/srv/detail/inverse_solution__rosidl_typesupport_introspection_cpp.hpp\n'}
[71.796753] (dobot_msgs_v3) StdoutLine: {'line': b'-- Installing: /home/huahai/dobot_ws/install/dobot_msgs_v3/include/dobot_msgs_v3/dobot_msgs_v3/srv/detail/digital_outputs__rosidl_typesupport_introspection_cpp.hpp\n'}
[71.796837] (dobot_msgs_v3) StdoutLine: {'line': b'-- Installing: /home/huahai/dobot_ws/install/dobot_msgs_v3/include/dobot_msgs_v3/dobot_msgs_v3/srv/detail/reset_robot__type_support.cpp\n'}
[71.796913] (dobot_msgs_v3) StdoutLine: {'line': b'-- Installing: /home/huahai/dobot_ws/install/dobot_msgs_v3/include/dobot_msgs_v3/dobot_msgs_v3/srv/detail/get_in_bits__type_support.cpp\n'}
[71.796992] (dobot_msgs_v3) StdoutLine: {'line': b'-- Installing: /home/huahai/dobot_ws/install/dobot_msgs_v3/include/dobot_msgs_v3/dobot_msgs_v3/srv/detail/enable_robot__type_support.cpp\n'}
[71.797060] (dobot_msgs_v3) StdoutLine: {'line': b'-- Installing: /home/huahai/dobot_ws/install/dobot_msgs_v3/include/dobot_msgs_v3/dobot_msgs_v3/srv/detail/move_jog__type_support.cpp\n'}
[71.797142] (dobot_msgs_v3) StdoutLine: {'line': b'-- Installing: /home/huahai/dobot_ws/install/dobot_msgs_v3/include/dobot_msgs_v3/dobot_msgs_v3/srv/detail/power_on__type_support.cpp\n'}
[71.797235] (dobot_msgs_v3) StdoutLine: {'line': b'-- Installing: /home/huahai/dobot_ws/install/dobot_msgs_v3/include/dobot_msgs_v3/dobot_msgs_v3/srv/detail/speed_l__rosidl_typesupport_introspection_cpp.hpp\n'}
[71.797298] (dobot_msgs_v3) StdoutLine: {'line': b'-- Installing: /home/huahai/dobot_ws/install/dobot_msgs_v3/include/dobot_msgs_v3/dobot_msgs_v3/srv/detail/do_execute__type_support.cpp\n'}
[71.797382] (dobot_msgs_v3) StdoutLine: {'line': b'-- Installing: /home/huahai/dobot_ws/install/dobot_msgs_v3/include/dobot_msgs_v3/dobot_msgs_v3/srv/detail/servo_j__type_support.cpp\n'}
[71.797467] (dobot_msgs_v3) StdoutLine: {'line': b'-- Installing: /home/huahai/dobot_ws/install/dobot_msgs_v3/include/dobot_msgs_v3/dobot_msgs_v3/srv/detail/mov_lio__rosidl_typesupport_introspection_cpp.hpp\n'}
[71.797530] (dobot_msgs_v3) StdoutLine: {'line': b'-- Installing: /home/huahai/dobot_ws/install/dobot_msgs_v3/include/dobot_msgs_v3/dobot_msgs_v3/srv/detail/load_switch__rosidl_typesupport_introspection_cpp.hpp\n'}
[71.797601] (dobot_msgs_v3) StdoutLine: {'line': b'-- Installing: /home/huahai/dobot_ws/install/dobot_msgs_v3/include/dobot_msgs_v3/dobot_msgs_v3/srv/detail/rel_mov_l__type_support.cpp\n'}
[71.797681] (dobot_msgs_v3) StdoutLine: {'line': b'-- Installing: /home/huahai/dobot_ws/install/dobot_msgs_v3/include/dobot_msgs_v3/dobot_msgs_v3/srv/detail/arc__rosidl_typesupport_introspection_cpp.hpp\n'}
[71.797737] (dobot_msgs_v3) StdoutLine: {'line': b'-- Installing: /home/huahai/dobot_ws/install/dobot_msgs_v3/include/dobot_msgs_v3/dobot_msgs_v3/srv/detail/ao_execute__type_support.cpp\n'}
[71.797822] (dobot_msgs_v3) StdoutLine: {'line': b'-- Installing: /home/huahai/dobot_ws/install/dobot_msgs_v3/include/dobot_msgs_v3/dobot_msgs_v3/srv/detail/jump__type_support.cpp\n'}
[71.797902] (dobot_msgs_v3) StdoutLine: {'line': b'-- Installing: /home/huahai/dobot_ws/install/dobot_msgs_v3/include/dobot_msgs_v3/dobot_msgs_v3/srv/detail/stop_script__type_support.cpp\n'}
[71.797963] (dobot_msgs_v3) StdoutLine: {'line': b'-- Installing: /home/huahai/dobot_ws/install/dobot_msgs_v3/include/dobot_msgs_v3/dobot_msgs_v3/srv/detail/modbus_close__rosidl_typesupport_introspection_cpp.hpp\n'}
[71.798047] (dobot_msgs_v3) StdoutLine: {'line': b'-- Installing: /home/huahai/dobot_ws/install/dobot_msgs_v3/include/dobot_msgs_v3/dobot_msgs_v3/srv/detail/start_trace__rosidl_typesupport_introspection_cpp.hpp\n'}
[71.798111] (dobot_msgs_v3) StdoutLine: {'line': b'-- Installing: /home/huahai/dobot_ws/install/dobot_msgs_v3/include/dobot_msgs_v3/dobot_msgs_v3/srv/detail/tool_do_execute__type_support.cpp\n'}
[71.798241] (dobot_msgs_v3) StdoutLine: {'line': b'-- Installing: /home/huahai/dobot_ws/install/dobot_msgs_v3/include/dobot_msgs_v3/dobot_msgs_v3/srv/detail/tool__rosidl_typesupport_introspection_cpp.hpp\n'}
[71.798304] (dobot_msgs_v3) StdoutLine: {'line': b'-- Installing: /home/huahai/dobot_ws/install/dobot_msgs_v3/include/dobot_msgs_v3/dobot_msgs_v3/srv/detail/tool__type_support.cpp\n'}
[71.798390] (dobot_msgs_v3) StdoutLine: {'line': b'-- Installing: /home/huahai/dobot_ws/install/dobot_msgs_v3/include/dobot_msgs_v3/dobot_msgs_v3/srv/detail/sync__rosidl_typesupport_introspection_cpp.hpp\n'}
[71.798450] (dobot_msgs_v3) StdoutLine: {'line': b'-- Installing: /home/huahai/dobot_ws/install/dobot_msgs_v3/include/dobot_msgs_v3/dobot_msgs_v3/srv/detail/do__type_support.cpp\n'}
[71.798532] (dobot_msgs_v3) StdoutLine: {'line': b'-- Installing: /home/huahai/dobot_ws/install/dobot_msgs_v3/include/dobot_msgs_v3/dobot_msgs_v3/srv/detail/start_drag__type_support.cpp\n'}
[71.798609] (dobot_msgs_v3) StdoutLine: {'line': b'-- Installing: /home/huahai/dobot_ws/install/dobot_msgs_v3/include/dobot_msgs_v3/dobot_msgs_v3/srv/detail/rel_mov_j__rosidl_typesupport_introspection_cpp.hpp\n'}
[71.798668] (dobot_msgs_v3) StdoutLine: {'line': b'-- Installing: /home/huahai/dobot_ws/install/dobot_msgs_v3/include/dobot_msgs_v3/dobot_msgs_v3/srv/detail/stopmove_jog__type_support.cpp\n'}
[71.798743] (dobot_msgs_v3) StdoutLine: {'line': b'-- Installing: /home/huahai/dobot_ws/install/dobot_msgs_v3/include/dobot_msgs_v3/dobot_msgs_v3/srv/detail/run_script__type_support.cpp\n'}
[71.798836] (dobot_msgs_v3) StdoutLine: {'line': b'-- Installing: /home/huahai/dobot_ws/install/dobot_msgs_v3/include/dobot_msgs_v3/dobot_msgs_v3/srv/detail/stop_script__rosidl_typesupport_introspection_cpp.hpp\n'}
[71.798892] (dobot_msgs_v3) StdoutLine: {'line': b'-- Installing: /home/huahai/dobot_ws/install/dobot_msgs_v3/include/dobot_msgs_v3/dobot_msgs_v3/srv/detail/continues__rosidl_typesupport_introspection_cpp.hpp\n'}
[71.799025] (dobot_msgs_v3) StdoutLine: {'line': b'-- Installing: /home/huahai/dobot_ws/install/dobot_msgs_v3/include/dobot_msgs_v3/dobot_msgs_v3/srv/detail/rel_mov_j_tool__type_support.cpp\n'}
[71.799101] (dobot_msgs_v3) StdoutLine: {'line': b'-- Installing: /home/huahai/dobot_ws/install/dobot_msgs_v3/include/dobot_msgs_v3/dobot_msgs_v3/srv/detail/tool_do_execute__rosidl_typesupport_introspection_cpp.hpp\n'}
[71.799155] (dobot_msgs_v3) StdoutLine: {'line': b'-- Installing: /home/huahai/dobot_ws/install/dobot_msgs_v3/include/dobot_msgs_v3/dobot_msgs_v3/srv/detail/rel_mov_j_tool__rosidl_typesupport_introspection_cpp.hpp\n'}
[71.799236] (dobot_msgs_v3) StdoutLine: {'line': b'-- Installing: /home/huahai/dobot_ws/install/dobot_msgs_v3/include/dobot_msgs_v3/dobot_msgs_v3/srv/detail/tool_di__type_support.cpp\n'}
[71.799300] (dobot_msgs_v3) StdoutLine: {'line': b'-- Installing: /home/huahai/dobot_ws/install/dobot_msgs_v3/include/dobot_msgs_v3/dobot_msgs_v3/srv/detail/mov_l__rosidl_typesupport_introspection_cpp.hpp\n'}
[71.799392] (dobot_msgs_v3) StdoutLine: {'line': b'-- Installing: /home/huahai/dobot_ws/install/dobot_msgs_v3/include/dobot_msgs_v3/dobot_msgs_v3/srv/detail/lim_z__rosidl_typesupport_introspection_cpp.hpp\n'}
[71.799466] (dobot_msgs_v3) StdoutLine: {'line': b'-- Installing: /home/huahai/dobot_ws/install/dobot_msgs_v3/include/dobot_msgs_v3/dobot_msgs_v3/srv/detail/mov_jio__rosidl_typesupport_introspection_cpp.hpp\n'}
[71.799517] (dobot_msgs_v3) StdoutLine: {'line': b'-- Installing: /home/huahai/dobot_ws/install/dobot_msgs_v3/include/dobot_msgs_v3/dobot_msgs_v3/srv/detail/speed_factor__type_support.cpp\n'}
[71.799563] (dobot_msgs_v3) StdoutLine: {'line': b'-- Installing: /home/huahai/dobot_ws/install/dobot_msgs_v3/include/dobot_msgs_v3/dobot_msgs_v3/srv/detail/cp__rosidl_typesupport_introspection_cpp.hpp\n'}
[71.799613] (dobot_msgs_v3) StdoutLine: {'line': b'-- Installing: /home/huahai/dobot_ws/install/dobot_msgs_v3/include/dobot_msgs_v3/dobot_msgs_v3/srv/detail/modbus_create__rosidl_typesupport_introspection_cpp.hpp\n'}
[71.799693] (dobot_msgs_v3) StdoutLine: {'line': b'-- Installing: /home/huahai/dobot_ws/install/dobot_msgs_v3/include/dobot_msgs_v3/dobot_msgs_v3/srv/detail/continue_script__rosidl_typesupport_introspection_cpp.hpp\n'}
[71.799786] (dobot_msgs_v3) StdoutLine: {'line': b'-- Installing: /home/huahai/dobot_ws/install/dobot_msgs_v3/include/dobot_msgs_v3/dobot_msgs_v3/srv/detail/pause__rosidl_typesupport_introspection_cpp.hpp\n'}
[71.799850] (dobot_msgs_v3) StdoutLine: {'line': b'-- Installing: /home/huahai/dobot_ws/install/dobot_msgs_v3/include/dobot_msgs_v3/dobot_msgs_v3/srv/detail/set_coils__rosidl_typesupport_introspection_cpp.hpp\n'}
[71.799927] (dobot_msgs_v3) StdoutLine: {'line': b'-- Installing: /home/huahai/dobot_ws/install/dobot_msgs_v3/include/dobot_msgs_v3/dobot_msgs_v3/srv/detail/rel_mov_j_user__type_support.cpp\n'}
[71.800013] (dobot_msgs_v3) StdoutLine: {'line': b'-- Installing: /home/huahai/dobot_ws/install/dobot_msgs_v3/include/dobot_msgs_v3/dobot_msgs_v3/srv/detail/get_coils__type_support.cpp\n'}
[71.800097] (dobot_msgs_v3) StdoutLine: {'line': b'-- Installing: /home/huahai/dobot_ws/install/dobot_msgs_v3/include/dobot_msgs_v3/dobot_msgs_v3/srv/detail/lim_z__type_support.cpp\n'}
[71.800163] (dobot_msgs_v3) StdoutLine: {'line': b'-- Installing: /home/huahai/dobot_ws/install/dobot_msgs_v3/include/dobot_msgs_v3/dobot_msgs_v3/srv/detail/set_collision_level__rosidl_typesupport_introspection_cpp.hpp\n'}
[71.800316] (dobot_msgs_v3) StdoutLine: {'line': b'-- Installing: /home/huahai/dobot_ws/install/dobot_msgs_v3/include/dobot_msgs_v3/dobot_msgs_v3/srv/detail/start_fc_trace__rosidl_typesupport_introspection_cpp.hpp\n'}
[71.800385] (dobot_msgs_v3) StdoutLine: {'line': b'-- Installing: /home/huahai/dobot_ws/install/dobot_msgs_v3/include/dobot_msgs_v3/dobot_msgs_v3/srv/detail/get_in_bits__rosidl_typesupport_introspection_cpp.hpp\n'}
[71.800438] (dobot_msgs_v3) StdoutLine: {'line': b'-- Installing: /home/huahai/dobot_ws/install/dobot_msgs_v3/include/dobot_msgs_v3/dobot_msgs_v3/srv/detail/speed_factor__rosidl_typesupport_introspection_cpp.hpp\n'}
[71.800488] (dobot_msgs_v3) StdoutLine: {'line': b'-- Installing: /home/huahai/dobot_ws/install/dobot_msgs_v3/include/dobot_msgs_v3/dobot_msgs_v3/srv/detail/rel_mov_l__rosidl_typesupport_introspection_cpp.hpp\n'}
[71.800520] (dobot_msgs_v3) StdoutLine: {'line': b'-- Installing: /home/huahai/dobot_ws/install/dobot_msgs_v3/include/dobot_msgs_v3/dobot_msgs_v3/srv/detail/set_arm_orientation__rosidl_typesupport_introspection_cpp.hpp\n'}
[71.800565] (dobot_msgs_v3) StdoutLine: {'line': b'-- Installing: /home/huahai/dobot_ws/install/dobot_msgs_v3/include/dobot_msgs_v3/dobot_msgs_v3/srv/detail/positive_solution__type_support.cpp\n'}
[71.800922] (dobot_msgs_v3) StdoutLine: {'line': b'-- Installing: /home/huahai/dobot_ws/install/dobot_msgs_v3/lib/libdobot_msgs_v3__rosidl_typesupport_introspection_cpp.so\n'}
[71.801972] (dobot_msgs_v3) StdoutLine: {'line': b'-- Set runtime path of "/home/huahai/dobot_ws/install/dobot_msgs_v3/lib/libdobot_msgs_v3__rosidl_typesupport_introspection_cpp.so" to ""\n'}
[71.802097] (dobot_msgs_v3) StdoutLine: {'line': b'-- Installing: /home/huahai/dobot_ws/install/dobot_msgs_v3/lib/libdobot_msgs_v3__rosidl_typesupport_cpp.so\n'}
[71.803011] (dobot_msgs_v3) StdoutLine: {'line': b'-- Set runtime path of "/home/huahai/dobot_ws/install/dobot_msgs_v3/lib/libdobot_msgs_v3__rosidl_typesupport_cpp.so" to ""\n'}
[71.803070] (dobot_msgs_v3) StdoutLine: {'line': b'-- Installing: /home/huahai/dobot_ws/install/dobot_msgs_v3/share/dobot_msgs_v3/environment/pythonpath.sh\n'}
[71.803121] (dobot_msgs_v3) StdoutLine: {'line': b'-- Installing: /home/huahai/dobot_ws/install/dobot_msgs_v3/share/dobot_msgs_v3/environment/pythonpath.dsv\n'}
[71.803315] (dobot_msgs_v3) StdoutLine: {'line': b'-- Installing: /home/huahai/dobot_ws/install/dobot_msgs_v3/local/lib/python3.10/dist-packages/dobot_msgs_v3-0.0.0-py3.10.egg-info\n'}
[71.803412] (dobot_msgs_v3) StdoutLine: {'line': b'-- Installing: /home/huahai/dobot_ws/install/dobot_msgs_v3/local/lib/python3.10/dist-packages/dobot_msgs_v3-0.0.0-py3.10.egg-info/SOURCES.txt\n'}
[71.803542] (dobot_msgs_v3) StdoutLine: {'line': b'-- Installing: /home/huahai/dobot_ws/install/dobot_msgs_v3/local/lib/python3.10/dist-packages/dobot_msgs_v3-0.0.0-py3.10.egg-info/top_level.txt\n'}
[71.803599] (dobot_msgs_v3) StdoutLine: {'line': b'-- Installing: /home/huahai/dobot_ws/install/dobot_msgs_v3/local/lib/python3.10/dist-packages/dobot_msgs_v3-0.0.0-py3.10.egg-info/dependency_links.txt\n'}
[71.803648] (dobot_msgs_v3) StdoutLine: {'line': b'-- Installing: /home/huahai/dobot_ws/install/dobot_msgs_v3/local/lib/python3.10/dist-packages/dobot_msgs_v3-0.0.0-py3.10.egg-info/PKG-INFO\n'}
[71.804021] (dobot_msgs_v3) StdoutLine: {'line': b'-- Installing: /home/huahai/dobot_ws/install/dobot_msgs_v3/local/lib/python3.10/dist-packages/dobot_msgs_v3\n'}
[71.804112] (dobot_msgs_v3) StdoutLine: {'line': b'-- Installing: /home/huahai/dobot_ws/install/dobot_msgs_v3/local/lib/python3.10/dist-packages/dobot_msgs_v3/__init__.py\n'}
[71.804243] (dobot_msgs_v3) StdoutLine: {'line': b'-- Installing: /home/huahai/dobot_ws/install/dobot_msgs_v3/local/lib/python3.10/dist-packages/dobot_msgs_v3/dobot_msgs_v3_s__rosidl_typesupport_fastrtps_c.cpython-310-x86_64-linux-gnu.so\n'}
[71.804674] (dobot_msgs_v3) StdoutLine: {'line': b'-- Installing: /home/huahai/dobot_ws/install/dobot_msgs_v3/local/lib/python3.10/dist-packages/dobot_msgs_v3/msg\n'}
[71.804773] (dobot_msgs_v3) StdoutLine: {'line': b'-- Installing: /home/huahai/dobot_ws/install/dobot_msgs_v3/local/lib/python3.10/dist-packages/dobot_msgs_v3/msg/__init__.py\n'}
[71.804855] (dobot_msgs_v3) StdoutLine: {'line': b'-- Installing: /home/huahai/dobot_ws/install/dobot_msgs_v3/local/lib/python3.10/dist-packages/dobot_msgs_v3/msg/_tool_vector_actual_s.c\n'}
[71.804913] (dobot_msgs_v3) StdoutLine: {'line': b'-- Installing: /home/huahai/dobot_ws/install/dobot_msgs_v3/local/lib/python3.10/dist-packages/dobot_msgs_v3/msg/_robot_status.py\n'}
[71.804948] (dobot_msgs_v3) StdoutLine: {'line': b'-- Installing: /home/huahai/dobot_ws/install/dobot_msgs_v3/local/lib/python3.10/dist-packages/dobot_msgs_v3/msg/_tool_vector_actual.py\n'}
[71.804996] (dobot_msgs_v3) StdoutLine: {'line': b'-- Installing: /home/huahai/dobot_ws/install/dobot_msgs_v3/local/lib/python3.10/dist-packages/dobot_msgs_v3/msg/_robot_status_s.c\n'}
[71.805043] (dobot_msgs_v3) StdoutLine: {'line': b'-- Installing: /home/huahai/dobot_ws/install/dobot_msgs_v3/local/lib/python3.10/dist-packages/dobot_msgs_v3/srv\n'}
[71.805124] (dobot_msgs_v3) StdoutLine: {'line': b'-- Installing: /home/huahai/dobot_ws/install/dobot_msgs_v3/local/lib/python3.10/dist-packages/dobot_msgs_v3/srv/_get_angle.py\n'}
[71.805189] (dobot_msgs_v3) StdoutLine: {'line': b'-- Installing: /home/huahai/dobot_ws/install/dobot_msgs_v3/local/lib/python3.10/dist-packages/dobot_msgs_v3/srv/_enable_robot_s.c\n'}
[71.805249] (dobot_msgs_v3) StdoutLine: {'line': b'-- Installing: /home/huahai/dobot_ws/install/dobot_msgs_v3/local/lib/python3.10/dist-packages/dobot_msgs_v3/srv/__init__.py\n'}
[71.805349] (dobot_msgs_v3) StdoutLine: {'line': b'-- Installing: /home/huahai/dobot_ws/install/dobot_msgs_v3/local/lib/python3.10/dist-packages/dobot_msgs_v3/srv/_pay_load_s.c\n'}
[71.805430] (dobot_msgs_v3) StdoutLine: {'line': b'-- Installing: /home/huahai/dobot_ws/install/dobot_msgs_v3/local/lib/python3.10/dist-packages/dobot_msgs_v3/srv/_joint_mov_j.py\n'}
[71.805478] (dobot_msgs_v3) StdoutLine: {'line': b'-- Installing: /home/huahai/dobot_ws/install/dobot_msgs_v3/local/lib/python3.10/dist-packages/dobot_msgs_v3/srv/_cp_s.c\n'}
[71.805524] (dobot_msgs_v3) StdoutLine: {'line': b'-- Installing: /home/huahai/dobot_ws/install/dobot_msgs_v3/local/lib/python3.10/dist-packages/dobot_msgs_v3/srv/_set_hold_regs.py\n'}
[71.805571] (dobot_msgs_v3) StdoutLine: {'line': b'-- Installing: /home/huahai/dobot_ws/install/dobot_msgs_v3/local/lib/python3.10/dist-packages/dobot_msgs_v3/srv/_positive_solution.py\n'}
[71.805647] (dobot_msgs_v3) StdoutLine: {'line': b'-- Installing: /home/huahai/dobot_ws/install/dobot_msgs_v3/local/lib/python3.10/dist-packages/dobot_msgs_v3/srv/_speed_j.py\n'}
[71.805712] (dobot_msgs_v3) StdoutLine: {'line': b'-- Installing: /home/huahai/dobot_ws/install/dobot_msgs_v3/local/lib/python3.10/dist-packages/dobot_msgs_v3/srv/_clear_error.py\n'}
[71.805759] (dobot_msgs_v3) StdoutLine: {'line': b'-- Installing: /home/huahai/dobot_ws/install/dobot_msgs_v3/local/lib/python3.10/dist-packages/dobot_msgs_v3/srv/_set_arm_orientation_s.c\n'}
[71.805859] (dobot_msgs_v3) StdoutLine: {'line': b'-- Installing: /home/huahai/dobot_ws/install/dobot_msgs_v3/local/lib/python3.10/dist-packages/dobot_msgs_v3/srv/_move_jog_s.c\n'}
[71.805915] (dobot_msgs_v3) StdoutLine: {'line': b'-- Installing: /home/huahai/dobot_ws/install/dobot_msgs_v3/local/lib/python3.10/dist-packages/dobot_msgs_v3/srv/_get_in_bits_s.c\n'}
[71.805991] (dobot_msgs_v3) StdoutLine: {'line': b'-- Installing: /home/huahai/dobot_ws/install/dobot_msgs_v3/local/lib/python3.10/dist-packages/dobot_msgs_v3/srv/_emergency_stop.py\n'}
[71.806050] (dobot_msgs_v3) StdoutLine: {'line': b'-- Installing: /home/huahai/dobot_ws/install/dobot_msgs_v3/local/lib/python3.10/dist-packages/dobot_msgs_v3/srv/_rel_mov_l_user_s.c\n'}
[71.806138] (dobot_msgs_v3) StdoutLine: {'line': b'-- Installing: /home/huahai/dobot_ws/install/dobot_msgs_v3/local/lib/python3.10/dist-packages/dobot_msgs_v3/srv/_mov_l.py\n'}
[71.806209] (dobot_msgs_v3) StdoutLine: {'line': b'-- Installing: /home/huahai/dobot_ws/install/dobot_msgs_v3/local/lib/python3.10/dist-packages/dobot_msgs_v3/srv/_tool_di_s.c\n'}
[71.806258] (dobot_msgs_v3) StdoutLine: {'line': b'-- Installing: /home/huahai/dobot_ws/install/dobot_msgs_v3/local/lib/python3.10/dist-packages/dobot_msgs_v3/srv/_sync_all_s.c\n'}
[71.806304] (dobot_msgs_v3) StdoutLine: {'line': b'-- Installing: /home/huahai/dobot_ws/install/dobot_msgs_v3/local/lib/python3.10/dist-packages/dobot_msgs_v3/srv/_mov_j_s.c\n'}
[71.806398] (dobot_msgs_v3) StdoutLine: {'line': b'-- Installing: /home/huahai/dobot_ws/install/dobot_msgs_v3/local/lib/python3.10/dist-packages/dobot_msgs_v3/srv/_servo_p.py\n'}
[71.806466] (dobot_msgs_v3) StdoutLine: {'line': b'-- Installing: /home/huahai/dobot_ws/install/dobot_msgs_v3/local/lib/python3.10/dist-packages/dobot_msgs_v3/srv/_set_payload.py\n'}
[71.806513] (dobot_msgs_v3) StdoutLine: {'line': b'-- Installing: /home/huahai/dobot_ws/install/dobot_msgs_v3/local/lib/python3.10/dist-packages/dobot_msgs_v3/srv/_lim_z_s.c\n'}
[71.806577] (dobot_msgs_v3) StdoutLine: {'line': b'-- Installing: /home/huahai/dobot_ws/install/dobot_msgs_v3/local/lib/python3.10/dist-packages/dobot_msgs_v3/srv/_rel_joint_mov_j.py\n'}
[71.806635] (dobot_msgs_v3) StdoutLine: {'line': b'-- Installing: /home/huahai/dobot_ws/install/dobot_msgs_v3/local/lib/python3.10/dist-packages/dobot_msgs_v3/srv/_di.py\n'}
[71.806713] (dobot_msgs_v3) StdoutLine: {'line': b'-- Installing: /home/huahai/dobot_ws/install/dobot_msgs_v3/local/lib/python3.10/dist-packages/dobot_msgs_v3/srv/_disable_robot_s.c\n'}
[71.806781] (dobot_msgs_v3) StdoutLine: {'line': b'-- Installing: /home/huahai/dobot_ws/install/dobot_msgs_v3/local/lib/python3.10/dist-packages/dobot_msgs_v3/srv/_do.py\n'}
[71.806832] (dobot_msgs_v3) StdoutLine: {'line': b'-- Installing: /home/huahai/dobot_ws/install/dobot_msgs_v3/local/lib/python3.10/dist-packages/dobot_msgs_v3/srv/_digital_outputs.py\n'}
[71.806906] (dobot_msgs_v3) StdoutLine: {'line': b'-- Installing: /home/huahai/dobot_ws/install/dobot_msgs_v3/local/lib/python3.10/dist-packages/dobot_msgs_v3/srv/_emergency_stop_s.c\n'}
[71.806966] (dobot_msgs_v3) StdoutLine: {'line': b'-- Installing: /home/huahai/dobot_ws/install/dobot_msgs_v3/local/lib/python3.10/dist-packages/dobot_msgs_v3/srv/_user.py\n'}
[71.807082] (dobot_msgs_v3) StdoutLine: {'line': b'-- Installing: /home/huahai/dobot_ws/install/dobot_msgs_v3/local/lib/python3.10/dist-packages/dobot_msgs_v3/srv/_continue_script.py\n'}
[71.807147] (dobot_msgs_v3) StdoutLine: {'line': b'-- Installing: /home/huahai/dobot_ws/install/dobot_msgs_v3/local/lib/python3.10/dist-packages/dobot_msgs_v3/srv/_stop_script.py\n'}
[71.807193] (dobot_msgs_v3) StdoutLine: {'line': b'-- Installing: /home/huahai/dobot_ws/install/dobot_msgs_v3/local/lib/python3.10/dist-packages/dobot_msgs_v3/srv/_get_angle_s.c\n'}
[71.807241] (dobot_msgs_v3) StdoutLine: {'line': b'-- Installing: /home/huahai/dobot_ws/install/dobot_msgs_v3/local/lib/python3.10/dist-packages/dobot_msgs_v3/srv/_mov_l_s.c\n'}
[71.807287] (dobot_msgs_v3) StdoutLine: {'line': b'-- Installing: /home/huahai/dobot_ws/install/dobot_msgs_v3/local/lib/python3.10/dist-packages/dobot_msgs_v3/srv/_set_collision_level_s.c\n'}
[71.807384] (dobot_msgs_v3) StdoutLine: {'line': b'-- Installing: /home/huahai/dobot_ws/install/dobot_msgs_v3/local/lib/python3.10/dist-packages/dobot_msgs_v3/srv/_reset_robot.py\n'}
[71.807452] (dobot_msgs_v3) StdoutLine: {'line': b'-- Installing: /home/huahai/dobot_ws/install/dobot_msgs_v3/local/lib/python3.10/dist-packages/dobot_msgs_v3/srv/_move_jog.py\n'}
[71.807499] (dobot_msgs_v3) StdoutLine: {'line': b'-- Installing: /home/huahai/dobot_ws/install/dobot_msgs_v3/local/lib/python3.10/dist-packages/dobot_msgs_v3/srv/_ao_execute.py\n'}
[71.807542] (dobot_msgs_v3) StdoutLine: {'line': b'-- Installing: /home/huahai/dobot_ws/install/dobot_msgs_v3/local/lib/python3.10/dist-packages/dobot_msgs_v3/srv/_tool_do.py\n'}
[71.807632] (dobot_msgs_v3) StdoutLine: {'line': b'-- Installing: /home/huahai/dobot_ws/install/dobot_msgs_v3/local/lib/python3.10/dist-packages/dobot_msgs_v3/srv/_tool_di.py\n'}
[71.807689] (dobot_msgs_v3) StdoutLine: {'line': b'-- Installing: /home/huahai/dobot_ws/install/dobot_msgs_v3/local/lib/python3.10/dist-packages/dobot_msgs_v3/srv/_do_execute.py\n'}
[71.807773] (dobot_msgs_v3) StdoutLine: {'line': b'-- Installing: /home/huahai/dobot_ws/install/dobot_msgs_v3/local/lib/python3.10/dist-packages/dobot_msgs_v3/srv/_inverse_solution.py\n'}
[71.807884] (dobot_msgs_v3) StdoutLine: {'line': b'-- Installing: /home/huahai/dobot_ws/install/dobot_msgs_v3/local/lib/python3.10/dist-packages/dobot_msgs_v3/srv/_modbus_close_s.c\n'}
[71.807947] (dobot_msgs_v3) StdoutLine: {'line': b'-- Installing: /home/huahai/dobot_ws/install/dobot_msgs_v3/local/lib/python3.10/dist-packages/dobot_msgs_v3/srv/_rel_mov_l.py\n'}
[71.808027] (dobot_msgs_v3) StdoutLine: {'line': b'-- Installing: /home/huahai/dobot_ws/install/dobot_msgs_v3/local/lib/python3.10/dist-packages/dobot_msgs_v3/srv/_sync_s.c\n'}
[71.808088] (dobot_msgs_v3) StdoutLine: {'line': b'-- Installing: /home/huahai/dobot_ws/install/dobot_msgs_v3/local/lib/python3.10/dist-packages/dobot_msgs_v3/srv/_set_coils.py\n'}
[71.808192] (dobot_msgs_v3) StdoutLine: {'line': b'-- Installing: /home/huahai/dobot_ws/install/dobot_msgs_v3/local/lib/python3.10/dist-packages/dobot_msgs_v3/srv/_joint_mov_j_s.c\n'}
[71.808269] (dobot_msgs_v3) StdoutLine: {'line': b'-- Installing: /home/huahai/dobot_ws/install/dobot_msgs_v3/local/lib/python3.10/dist-packages/dobot_msgs_v3/srv/_circle.py\n'}
[71.808318] (dobot_msgs_v3) StdoutLine: {'line': b'-- Installing: /home/huahai/dobot_ws/install/dobot_msgs_v3/local/lib/python3.10/dist-packages/dobot_msgs_v3/srv/_rel_mov_l_tool.py\n'}
[71.808398] (dobot_msgs_v3) StdoutLine: {'line': b'-- Installing: /home/huahai/dobot_ws/install/dobot_msgs_v3/local/lib/python3.10/dist-packages/dobot_msgs_v3/srv/_do_group.py\n'}
[71.808452] (dobot_msgs_v3) StdoutLine: {'line': b'-- Installing: /home/huahai/dobot_ws/install/dobot_msgs_v3/local/lib/python3.10/dist-packages/dobot_msgs_v3/srv/_get_coils_s.c\n'}
[71.808511] (dobot_msgs_v3) StdoutLine: {'line': b'-- Installing: /home/huahai/dobot_ws/install/dobot_msgs_v3/local/lib/python3.10/dist-packages/dobot_msgs_v3/srv/_load_switch.py\n'}
[71.808591] (dobot_msgs_v3) StdoutLine: {'line': b'-- Installing: /home/huahai/dobot_ws/install/dobot_msgs_v3/local/lib/python3.10/dist-packages/dobot_msgs_v3/srv/_acc_l_s.c\n'}
[71.808655] (dobot_msgs_v3) StdoutLine: {'line': b'-- Installing: /home/huahai/dobot_ws/install/dobot_msgs_v3/local/lib/python3.10/dist-packages/dobot_msgs_v3/srv/_circle_s.c\n'}
[71.808751] (dobot_msgs_v3) StdoutLine: {'line': b'-- Installing: /home/huahai/dobot_ws/install/dobot_msgs_v3/local/lib/python3.10/dist-packages/dobot_msgs_v3/srv/_mov_jio_s.c\n'}
[71.808847] (dobot_msgs_v3) StdoutLine: {'line': b'-- Installing: /home/huahai/dobot_ws/install/dobot_msgs_v3/local/lib/python3.10/dist-packages/dobot_msgs_v3/srv/_mov_j_ext.py\n'}
[71.808939] (dobot_msgs_v3) StdoutLine: {'line': b'-- Installing: /home/huahai/dobot_ws/install/dobot_msgs_v3/local/lib/python3.10/dist-packages/dobot_msgs_v3/srv/_ao.py\n'}
[71.808983] (dobot_msgs_v3) StdoutLine: {'line': b'-- Installing: /home/huahai/dobot_ws/install/dobot_msgs_v3/local/lib/python3.10/dist-packages/dobot_msgs_v3/srv/_set_collision_level.py\n'}
[71.809031] (dobot_msgs_v3) StdoutLine: {'line': b'-- Installing: /home/huahai/dobot_ws/install/dobot_msgs_v3/local/lib/python3.10/dist-packages/dobot_msgs_v3/srv/_rel_mov_j_s.c\n'}
[71.809081] (dobot_msgs_v3) StdoutLine: {'line': b'-- Installing: /home/huahai/dobot_ws/install/dobot_msgs_v3/local/lib/python3.10/dist-packages/dobot_msgs_v3/srv/_acc_j.py\n'}
[71.809171] (dobot_msgs_v3) StdoutLine: {'line': b'-- Installing: /home/huahai/dobot_ws/install/dobot_msgs_v3/local/lib/python3.10/dist-packages/dobot_msgs_v3/srv/_start_path_s.c\n'}
[71.809229] (dobot_msgs_v3) StdoutLine: {'line': b'-- Installing: /home/huahai/dobot_ws/install/dobot_msgs_v3/local/lib/python3.10/dist-packages/dobot_msgs_v3/srv/_power_on_s.c\n'}
[71.809360] (dobot_msgs_v3) StdoutLine: {'line': b'-- Installing: /home/huahai/dobot_ws/install/dobot_msgs_v3/local/lib/python3.10/dist-packages/dobot_msgs_v3/srv/_rel_mov_j_tool.py\n'}
[71.809446] (dobot_msgs_v3) StdoutLine: {'line': b'-- Installing: /home/huahai/dobot_ws/install/dobot_msgs_v3/local/lib/python3.10/dist-packages/dobot_msgs_v3/srv/_get_in_bits.py\n'}
[71.809491] (dobot_msgs_v3) StdoutLine: {'line': b'-- Installing: /home/huahai/dobot_ws/install/dobot_msgs_v3/local/lib/python3.10/dist-packages/dobot_msgs_v3/srv/_arch.py\n'}
[71.809538] (dobot_msgs_v3) StdoutLine: {'line': b'-- Installing: /home/huahai/dobot_ws/install/dobot_msgs_v3/local/lib/python3.10/dist-packages/dobot_msgs_v3/srv/_sync_all.py\n'}
[71.809586] (dobot_msgs_v3) StdoutLine: {'line': b'-- Installing: /home/huahai/dobot_ws/install/dobot_msgs_v3/local/lib/python3.10/dist-packages/dobot_msgs_v3/srv/_set_payload_s.c\n'}
[71.809667] (dobot_msgs_v3) StdoutLine: {'line': b'-- Installing: /home/huahai/dobot_ws/install/dobot_msgs_v3/local/lib/python3.10/dist-packages/dobot_msgs_v3/srv/_stopmove_jog_s.c\n'}
[71.809737] (dobot_msgs_v3) StdoutLine: {'line': b'-- Installing: /home/huahai/dobot_ws/install/dobot_msgs_v3/local/lib/python3.10/dist-packages/dobot_msgs_v3/srv/_load_switch_s.c\n'}
[71.809819] (dobot_msgs_v3) StdoutLine: {'line': b'-- Installing: /home/huahai/dobot_ws/install/dobot_msgs_v3/local/lib/python3.10/dist-packages/dobot_msgs_v3/srv/_continue_script_s.c\n'}
[71.809905] (dobot_msgs_v3) StdoutLine: {'line': b'-- Installing: /home/huahai/dobot_ws/install/dobot_msgs_v3/local/lib/python3.10/dist-packages/dobot_msgs_v3/srv/_start_path.py\n'}
[71.809989] (dobot_msgs_v3) StdoutLine: {'line': b'-- Installing: /home/huahai/dobot_ws/install/dobot_msgs_v3/local/lib/python3.10/dist-packages/dobot_msgs_v3/srv/_stopmove_jog.py\n'}
[71.810074] (dobot_msgs_v3) StdoutLine: {'line': b'-- Installing: /home/huahai/dobot_ws/install/dobot_msgs_v3/local/lib/python3.10/dist-packages/dobot_msgs_v3/srv/_brake_control.py\n'}
[71.810136] (dobot_msgs_v3) StdoutLine: {'line': b'-- Installing: /home/huahai/dobot_ws/install/dobot_msgs_v3/local/lib/python3.10/dist-packages/dobot_msgs_v3/srv/_robot_mode_s.c\n'}
[71.810213] (dobot_msgs_v3) StdoutLine: {'line': b'-- Installing: /home/huahai/dobot_ws/install/dobot_msgs_v3/local/lib/python3.10/dist-packages/dobot_msgs_v3/srv/_reset_robot_s.c\n'}
[71.810277] (dobot_msgs_v3) StdoutLine: {'line': b'-- Installing: /home/huahai/dobot_ws/install/dobot_msgs_v3/local/lib/python3.10/dist-packages/dobot_msgs_v3/srv/_cp.py\n'}
[71.810357] (dobot_msgs_v3) StdoutLine: {'line': b'-- Installing: /home/huahai/dobot_ws/install/dobot_msgs_v3/local/lib/python3.10/dist-packages/dobot_msgs_v3/srv/_mov_j.py\n'}
[71.810440] (dobot_msgs_v3) StdoutLine: {'line': b'-- Installing: /home/huahai/dobot_ws/install/dobot_msgs_v3/local/lib/python3.10/dist-packages/dobot_msgs_v3/srv/_disable_robot.py\n'}
[71.810502] (dobot_msgs_v3) StdoutLine: {'line': b'-- Installing: /home/huahai/dobot_ws/install/dobot_msgs_v3/local/lib/python3.10/dist-packages/dobot_msgs_v3/srv/_digital_outputs_s.c\n'}
[71.810582] (dobot_msgs_v3) StdoutLine: {'line': b'-- Installing: /home/huahai/dobot_ws/install/dobot_msgs_v3/local/lib/python3.10/dist-packages/dobot_msgs_v3/srv/_speed_factor_s.c\n'}
[71.810646] (dobot_msgs_v3) StdoutLine: {'line': b'-- Installing: /home/huahai/dobot_ws/install/dobot_msgs_v3/local/lib/python3.10/dist-packages/dobot_msgs_v3/srv/_start_fc_trace.py\n'}
[71.810727] (dobot_msgs_v3) StdoutLine: {'line': b'-- Installing: /home/huahai/dobot_ws/install/dobot_msgs_v3/local/lib/python3.10/dist-packages/dobot_msgs_v3/srv/_acc_l.py\n'}
[71.810810] (dobot_msgs_v3) StdoutLine: {'line': b'-- Installing: /home/huahai/dobot_ws/install/dobot_msgs_v3/local/lib/python3.10/dist-packages/dobot_msgs_v3/srv/_tool_do_execute.py\n'}
[71.810879] (dobot_msgs_v3) StdoutLine: {'line': b'-- Installing: /home/huahai/dobot_ws/install/dobot_msgs_v3/local/lib/python3.10/dist-packages/dobot_msgs_v3/srv/_rel_mov_l_tool_s.c\n'}
[71.810955] (dobot_msgs_v3) StdoutLine: {'line': b'-- Installing: /home/huahai/dobot_ws/install/dobot_msgs_v3/local/lib/python3.10/dist-packages/dobot_msgs_v3/srv/_do_group_s.c\n'}
[71.811021] (dobot_msgs_v3) StdoutLine: {'line': b'-- Installing: /home/huahai/dobot_ws/install/dobot_msgs_v3/local/lib/python3.10/dist-packages/dobot_msgs_v3/srv/_start_fc_trace_s.c\n'}
[71.811103] (dobot_msgs_v3) StdoutLine: {'line': b'-- Installing: /home/huahai/dobot_ws/install/dobot_msgs_v3/local/lib/python3.10/dist-packages/dobot_msgs_v3/srv/_get_hold_regs_s.c\n'}
[71.811185] (dobot_msgs_v3) StdoutLine: {'line': b'-- Installing: /home/huahai/dobot_ws/install/dobot_msgs_v3/local/lib/python3.10/dist-packages/dobot_msgs_v3/srv/_arc_s.c\n'}
[71.811474] (dobot_msgs_v3) StdoutLine: {'line': b'-- Installing: /home/huahai/dobot_ws/install/dobot_msgs_v3/local/lib/python3.10/dist-packages/dobot_msgs_v3/srv/_robot_mode.py\n'}
[71.811527] (dobot_msgs_v3) StdoutLine: {'line': b'-- Installing: /home/huahai/dobot_ws/install/dobot_msgs_v3/local/lib/python3.10/dist-packages/dobot_msgs_v3/srv/_set_arm_orientation.py\n'}
[71.811561] (dobot_msgs_v3) StdoutLine: {'line': b'-- Installing: /home/huahai/dobot_ws/install/dobot_msgs_v3/local/lib/python3.10/dist-packages/dobot_msgs_v3/srv/_do_s.c\n'}
[71.811609] (dobot_msgs_v3) StdoutLine: {'line': b'-- Installing: /home/huahai/dobot_ws/install/dobot_msgs_v3/local/lib/python3.10/dist-packages/dobot_msgs_v3/srv/_run_script_s.c\n'}
[71.811658] (dobot_msgs_v3) StdoutLine: {'line': b'-- Installing: /home/huahai/dobot_ws/install/dobot_msgs_v3/local/lib/python3.10/dist-packages/dobot_msgs_v3/srv/_do_execute_s.c\n'}
[71.811691] (dobot_msgs_v3) StdoutLine: {'line': b'-- Installing: /home/huahai/dobot_ws/install/dobot_msgs_v3/local/lib/python3.10/dist-packages/dobot_msgs_v3/srv/_get_pose.py\n'}
[71.811738] (dobot_msgs_v3) StdoutLine: {'line': b'-- Installing: /home/huahai/dobot_ws/install/dobot_msgs_v3/local/lib/python3.10/dist-packages/dobot_msgs_v3/srv/_tool_do_execute_s.c\n'}
[71.811794] (dobot_msgs_v3) StdoutLine: {'line': b'-- Installing: /home/huahai/dobot_ws/install/dobot_msgs_v3/local/lib/python3.10/dist-packages/dobot_msgs_v3/srv/_get_in_regs_s.c\n'}
[71.811881] (dobot_msgs_v3) StdoutLine: {'line': b'-- Installing: /home/huahai/dobot_ws/install/dobot_msgs_v3/local/lib/python3.10/dist-packages/dobot_msgs_v3/srv/_lim_z.py\n'}
[71.811939] (dobot_msgs_v3) StdoutLine: {'line': b'-- Installing: /home/huahai/dobot_ws/install/dobot_msgs_v3/local/lib/python3.10/dist-packages/dobot_msgs_v3/srv/_speed_j_s.c\n'}
[71.812022] (dobot_msgs_v3) StdoutLine: {'line': b'-- Installing: /home/huahai/dobot_ws/install/dobot_msgs_v3/local/lib/python3.10/dist-packages/dobot_msgs_v3/srv/_speed_l_s.c\n'}
[71.812085] (dobot_msgs_v3) StdoutLine: {'line': b'-- Installing: /home/huahai/dobot_ws/install/dobot_msgs_v3/local/lib/python3.10/dist-packages/dobot_msgs_v3/srv/_rel_mov_j_tool_s.c\n'}
[71.812168] (dobot_msgs_v3) StdoutLine: {'line': b'-- Installing: /home/huahai/dobot_ws/install/dobot_msgs_v3/local/lib/python3.10/dist-packages/dobot_msgs_v3/srv/_continues.py\n'}
[71.812228] (dobot_msgs_v3) StdoutLine: {'line': b'-- Installing: /home/huahai/dobot_ws/install/dobot_msgs_v3/local/lib/python3.10/dist-packages/dobot_msgs_v3/srv/_set_safe_skin.py\n'}
[71.812315] (dobot_msgs_v3) StdoutLine: {'line': b'-- Installing: /home/huahai/dobot_ws/install/dobot_msgs_v3/local/lib/python3.10/dist-packages/dobot_msgs_v3/srv/_stop_drag_s.c\n'}
[71.812377] (dobot_msgs_v3) StdoutLine: {'line': b'-- Installing: /home/huahai/dobot_ws/install/dobot_msgs_v3/local/lib/python3.10/dist-packages/dobot_msgs_v3/srv/_set_coils_s.c\n'}
[71.812452] (dobot_msgs_v3) StdoutLine: {'line': b'-- Installing: /home/huahai/dobot_ws/install/dobot_msgs_v3/local/lib/python3.10/dist-packages/dobot_msgs_v3/srv/_set_obstacle_avoid_s.c\n'}
[71.812518] (dobot_msgs_v3) StdoutLine: {'line': b'-- Installing: /home/huahai/dobot_ws/install/dobot_msgs_v3/local/lib/python3.10/dist-packages/dobot_msgs_v3/srv/_get_pose_s.c\n'}
[71.812589] (dobot_msgs_v3) StdoutLine: {'line': b'-- Installing: /home/huahai/dobot_ws/install/dobot_msgs_v3/local/lib/python3.10/dist-packages/dobot_msgs_v3/srv/_rel_mov_l_s.c\n'}
[71.812648] (dobot_msgs_v3) StdoutLine: {'line': b'-- Installing: /home/huahai/dobot_ws/install/dobot_msgs_v3/local/lib/python3.10/dist-packages/dobot_msgs_v3/srv/_ao_execute_s.c\n'}
[71.812727] (dobot_msgs_v3) StdoutLine: {'line': b'-- Installing: /home/huahai/dobot_ws/install/dobot_msgs_v3/local/lib/python3.10/dist-packages/dobot_msgs_v3/srv/_mov_lio.py\n'}
[71.812808] (dobot_msgs_v3) StdoutLine: {'line': b'-- Installing: /home/huahai/dobot_ws/install/dobot_msgs_v3/local/lib/python3.10/dist-packages/dobot_msgs_v3/srv/_tool_do_s.c\n'}
[71.812869] (dobot_msgs_v3) StdoutLine: {'line': b'-- Installing: /home/huahai/dobot_ws/install/dobot_msgs_v3/local/lib/python3.10/dist-packages/dobot_msgs_v3/srv/_servo_j.py\n'}
[71.812949] (dobot_msgs_v3) StdoutLine: {'line': b'-- Installing: /home/huahai/dobot_ws/install/dobot_msgs_v3/local/lib/python3.10/dist-packages/dobot_msgs_v3/srv/_pause_script.py\n'}
[71.813033] (dobot_msgs_v3) StdoutLine: {'line': b'-- Installing: /home/huahai/dobot_ws/install/dobot_msgs_v3/local/lib/python3.10/dist-packages/dobot_msgs_v3/srv/_set_obstacle_avoid.py\n'}
[71.813115] (dobot_msgs_v3) StdoutLine: {'line': b'-- Installing: /home/huahai/dobot_ws/install/dobot_msgs_v3/local/lib/python3.10/dist-packages/dobot_msgs_v3/srv/_rel_joint_mov_j_s.c\n'}
[71.813178] (dobot_msgs_v3) StdoutLine: {'line': b'-- Installing: /home/huahai/dobot_ws/install/dobot_msgs_v3/local/lib/python3.10/dist-packages/dobot_msgs_v3/srv/_speed_factor.py\n'}
[71.813263] (dobot_msgs_v3) StdoutLine: {'line': b'-- Installing: /home/huahai/dobot_ws/install/dobot_msgs_v3/local/lib/python3.10/dist-packages/dobot_msgs_v3/srv/_acc_j_s.c\n'}
[71.813325] (dobot_msgs_v3) StdoutLine: {'line': b'-- Installing: /home/huahai/dobot_ws/install/dobot_msgs_v3/local/lib/python3.10/dist-packages/dobot_msgs_v3/srv/_start_trace_s.c\n'}
[71.813402] (dobot_msgs_v3) StdoutLine: {'line': b'-- Installing: /home/huahai/dobot_ws/install/dobot_msgs_v3/local/lib/python3.10/dist-packages/dobot_msgs_v3/srv/_sync.py\n'}
[71.813480] (dobot_msgs_v3) StdoutLine: {'line': b'-- Installing: /home/huahai/dobot_ws/install/dobot_msgs_v3/local/lib/python3.10/dist-packages/dobot_msgs_v3/srv/_set_hold_regs_s.c\n'}
[71.813556] (dobot_msgs_v3) StdoutLine: {'line': b'-- Installing: /home/huahai/dobot_ws/install/dobot_msgs_v3/local/lib/python3.10/dist-packages/dobot_msgs_v3/srv/_mov_j_ext_s.c\n'}
[71.813644] (dobot_msgs_v3) StdoutLine: {'line': b'-- Installing: /home/huahai/dobot_ws/install/dobot_msgs_v3/local/lib/python3.10/dist-packages/dobot_msgs_v3/srv/_start_drag_s.c\n'}
[71.813722] (dobot_msgs_v3) StdoutLine: {'line': b'-- Installing: /home/huahai/dobot_ws/install/dobot_msgs_v3/local/lib/python3.10/dist-packages/dobot_msgs_v3/srv/_run_script.py\n'}
[71.813809] (dobot_msgs_v3) StdoutLine: {'line': b'-- Installing: /home/huahai/dobot_ws/install/dobot_msgs_v3/local/lib/python3.10/dist-packages/dobot_msgs_v3/srv/_rel_mov_l_user.py\n'}
[71.813891] (dobot_msgs_v3) StdoutLine: {'line': b'-- Installing: /home/huahai/dobot_ws/install/dobot_msgs_v3/local/lib/python3.10/dist-packages/dobot_msgs_v3/srv/_ao_s.c\n'}
[71.813952] (dobot_msgs_v3) StdoutLine: {'line': b'-- Installing: /home/huahai/dobot_ws/install/dobot_msgs_v3/local/lib/python3.10/dist-packages/dobot_msgs_v3/srv/_set_safe_skin_s.c\n'}
[71.814151] (dobot_msgs_v3) StdoutLine: {'line': b'-- Installing: /home/huahai/dobot_ws/install/dobot_msgs_v3/local/lib/python3.10/dist-packages/dobot_msgs_v3/srv/_servo_j_s.c\n'}
[71.814227] (dobot_msgs_v3) StdoutLine: {'line': b'-- Installing: /home/huahai/dobot_ws/install/dobot_msgs_v3/local/lib/python3.10/dist-packages/dobot_msgs_v3/srv/_power_on.py\n'}
[71.814336] (dobot_msgs_v3) StdoutLine: {'line': b'-- Installing: /home/huahai/dobot_ws/install/dobot_msgs_v3/local/lib/python3.10/dist-packages/dobot_msgs_v3/srv/_stop_script_s.c\n'}
[71.814422] (dobot_msgs_v3) StdoutLine: {'line': b'-- Installing: /home/huahai/dobot_ws/install/dobot_msgs_v3/local/lib/python3.10/dist-packages/dobot_msgs_v3/srv/_get_error_id.py\n'}
[71.814476] (dobot_msgs_v3) StdoutLine: {'line': b'-- Installing: /home/huahai/dobot_ws/install/dobot_msgs_v3/local/lib/python3.10/dist-packages/dobot_msgs_v3/srv/_start_drag.py\n'}
[71.814524] (dobot_msgs_v3) StdoutLine: {'line': b'-- Installing: /home/huahai/dobot_ws/install/dobot_msgs_v3/local/lib/python3.10/dist-packages/dobot_msgs_v3/srv/_arc.py\n'}
[71.814614] (dobot_msgs_v3) StdoutLine: {'line': b'-- Installing: /home/huahai/dobot_ws/install/dobot_msgs_v3/local/lib/python3.10/dist-packages/dobot_msgs_v3/srv/_jump.py\n'}
[71.814682] (dobot_msgs_v3) StdoutLine: {'line': b'-- Installing: /home/huahai/dobot_ws/install/dobot_msgs_v3/local/lib/python3.10/dist-packages/dobot_msgs_v3/srv/_servo_p_s.c\n'}
[71.814764] (dobot_msgs_v3) StdoutLine: {'line': b'-- Installing: /home/huahai/dobot_ws/install/dobot_msgs_v3/local/lib/python3.10/dist-packages/dobot_msgs_v3/srv/_user_s.c\n'}
[71.814855] (dobot_msgs_v3) StdoutLine: {'line': b'-- Installing: /home/huahai/dobot_ws/install/dobot_msgs_v3/local/lib/python3.10/dist-packages/dobot_msgs_v3/srv/_pause_script_s.c\n'}
[71.815003] (dobot_msgs_v3) StdoutLine: {'line': b'-- Installing: /home/huahai/dobot_ws/install/dobot_msgs_v3/local/lib/python3.10/dist-packages/dobot_msgs_v3/srv/_get_error_id_s.c\n'}
[71.815087] (dobot_msgs_v3) StdoutLine: {'line': b'-- Installing: /home/huahai/dobot_ws/install/dobot_msgs_v3/local/lib/python3.10/dist-packages/dobot_msgs_v3/srv/_jump_s.c\n'}
[71.815144] (dobot_msgs_v3) StdoutLine: {'line': b'-- Installing: /home/huahai/dobot_ws/install/dobot_msgs_v3/local/lib/python3.10/dist-packages/dobot_msgs_v3/srv/_get_coils.py\n'}
[71.815258] (dobot_msgs_v3) StdoutLine: {'line': b'-- Installing: /home/huahai/dobot_ws/install/dobot_msgs_v3/local/lib/python3.10/dist-packages/dobot_msgs_v3/srv/_tool_s.c\n'}
[71.815347] (dobot_msgs_v3) StdoutLine: {'line': b'-- Installing: /home/huahai/dobot_ws/install/dobot_msgs_v3/local/lib/python3.10/dist-packages/dobot_msgs_v3/srv/_rel_mov_j_user_s.c\n'}
[71.815400] (dobot_msgs_v3) StdoutLine: {'line': b'-- Installing: /home/huahai/dobot_ws/install/dobot_msgs_v3/local/lib/python3.10/dist-packages/dobot_msgs_v3/srv/_rel_mov_j.py\n'}
[71.815525] (dobot_msgs_v3) StdoutLine: {'line': b'-- Installing: /home/huahai/dobot_ws/install/dobot_msgs_v3/local/lib/python3.10/dist-packages/dobot_msgs_v3/srv/_arch_s.c\n'}
[71.815640] (dobot_msgs_v3) StdoutLine: {'line': b'-- Installing: /home/huahai/dobot_ws/install/dobot_msgs_v3/local/lib/python3.10/dist-packages/dobot_msgs_v3/srv/_stop_drag.py\n'}
[71.815739] (dobot_msgs_v3) StdoutLine: {'line': b'-- Installing: /home/huahai/dobot_ws/install/dobot_msgs_v3/local/lib/python3.10/dist-packages/dobot_msgs_v3/srv/_get_in_regs.py\n'}
[71.815819] (dobot_msgs_v3) StdoutLine: {'line': b'-- Installing: /home/huahai/dobot_ws/install/dobot_msgs_v3/local/lib/python3.10/dist-packages/dobot_msgs_v3/srv/_modbus_create.py\n'}
[71.815864] (dobot_msgs_v3) StdoutLine: {'line': b'-- Installing: /home/huahai/dobot_ws/install/dobot_msgs_v3/local/lib/python3.10/dist-packages/dobot_msgs_v3/srv/_brake_control_s.c\n'}
[71.815900] (dobot_msgs_v3) StdoutLine: {'line': b'-- Installing: /home/huahai/dobot_ws/install/dobot_msgs_v3/local/lib/python3.10/dist-packages/dobot_msgs_v3/srv/_rel_mov_j_user.py\n'}
[71.815944] (dobot_msgs_v3) StdoutLine: {'line': b'-- Installing: /home/huahai/dobot_ws/install/dobot_msgs_v3/local/lib/python3.10/dist-packages/dobot_msgs_v3/srv/_speed_l.py\n'}
[71.815990] (dobot_msgs_v3) StdoutLine: {'line': b'-- Installing: /home/huahai/dobot_ws/install/dobot_msgs_v3/local/lib/python3.10/dist-packages/dobot_msgs_v3/srv/_continues_s.c\n'}
[71.816073] (dobot_msgs_v3) StdoutLine: {'line': b'-- Installing: /home/huahai/dobot_ws/install/dobot_msgs_v3/local/lib/python3.10/dist-packages/dobot_msgs_v3/srv/_modbus_close.py\n'}
[71.816135] (dobot_msgs_v3) StdoutLine: {'line': b'-- Installing: /home/huahai/dobot_ws/install/dobot_msgs_v3/local/lib/python3.10/dist-packages/dobot_msgs_v3/srv/_di_s.c\n'}
[71.816215] (dobot_msgs_v3) StdoutLine: {'line': b'-- Installing: /home/huahai/dobot_ws/install/dobot_msgs_v3/local/lib/python3.10/dist-packages/dobot_msgs_v3/srv/_tool.py\n'}
[71.816278] (dobot_msgs_v3) StdoutLine: {'line': b'-- Installing: /home/huahai/dobot_ws/install/dobot_msgs_v3/local/lib/python3.10/dist-packages/dobot_msgs_v3/srv/_wait.py\n'}
[71.816368] (dobot_msgs_v3) StdoutLine: {'line': b'-- Installing: /home/huahai/dobot_ws/install/dobot_msgs_v3/local/lib/python3.10/dist-packages/dobot_msgs_v3/srv/_inverse_solution_s.c\n'}
[71.816448] (dobot_msgs_v3) StdoutLine: {'line': b'-- Installing: /home/huahai/dobot_ws/install/dobot_msgs_v3/local/lib/python3.10/dist-packages/dobot_msgs_v3/srv/_clear_error_s.c\n'}
[71.816519] (dobot_msgs_v3) StdoutLine: {'line': b'-- Installing: /home/huahai/dobot_ws/install/dobot_msgs_v3/local/lib/python3.10/dist-packages/dobot_msgs_v3/srv/_pause_s.c\n'}
[71.816578] (dobot_msgs_v3) StdoutLine: {'line': b'-- Installing: /home/huahai/dobot_ws/install/dobot_msgs_v3/local/lib/python3.10/dist-packages/dobot_msgs_v3/srv/_wait_s.c\n'}
[71.816664] (dobot_msgs_v3) StdoutLine: {'line': b'-- Installing: /home/huahai/dobot_ws/install/dobot_msgs_v3/local/lib/python3.10/dist-packages/dobot_msgs_v3/srv/_mov_lio_s.c\n'}
[71.816740] (dobot_msgs_v3) StdoutLine: {'line': b'-- Installing: /home/huahai/dobot_ws/install/dobot_msgs_v3/local/lib/python3.10/dist-packages/dobot_msgs_v3/srv/_get_hold_regs.py\n'}
[71.816832] (dobot_msgs_v3) StdoutLine: {'line': b'-- Installing: /home/huahai/dobot_ws/install/dobot_msgs_v3/local/lib/python3.10/dist-packages/dobot_msgs_v3/srv/_positive_solution_s.c\n'}
[71.816912] (dobot_msgs_v3) StdoutLine: {'line': b'-- Installing: /home/huahai/dobot_ws/install/dobot_msgs_v3/local/lib/python3.10/dist-packages/dobot_msgs_v3/srv/_mov_jio.py\n'}
[71.816994] (dobot_msgs_v3) StdoutLine: {'line': b'-- Installing: /home/huahai/dobot_ws/install/dobot_msgs_v3/local/lib/python3.10/dist-packages/dobot_msgs_v3/srv/_pause.py\n'}
[71.817078] (dobot_msgs_v3) StdoutLine: {'line': b'-- Installing: /home/huahai/dobot_ws/install/dobot_msgs_v3/local/lib/python3.10/dist-packages/dobot_msgs_v3/srv/_pay_load.py\n'}
[71.817160] (dobot_msgs_v3) StdoutLine: {'line': b'-- Installing: /home/huahai/dobot_ws/install/dobot_msgs_v3/local/lib/python3.10/dist-packages/dobot_msgs_v3/srv/_start_trace.py\n'}
[71.817226] (dobot_msgs_v3) StdoutLine: {'line': b'-- Installing: /home/huahai/dobot_ws/install/dobot_msgs_v3/local/lib/python3.10/dist-packages/dobot_msgs_v3/srv/_enable_robot.py\n'}
[71.817317] (dobot_msgs_v3) StdoutLine: {'line': b'-- Installing: /home/huahai/dobot_ws/install/dobot_msgs_v3/local/lib/python3.10/dist-packages/dobot_msgs_v3/srv/_modbus_create_s.c\n'}
[71.817401] (dobot_msgs_v3) StdoutLine: {'line': b'-- Installing: /home/huahai/dobot_ws/install/dobot_msgs_v3/local/lib/python3.10/dist-packages/dobot_msgs_v3/_dobot_msgs_v3_s.ep.rosidl_typesupport_introspection_c.c\n'}
[71.818148] (dobot_msgs_v3) StdoutLine: {'line': b'-- Installing: /home/huahai/dobot_ws/install/dobot_msgs_v3/local/lib/python3.10/dist-packages/dobot_msgs_v3/_dobot_msgs_v3_s.ep.rosidl_typesupport_fastrtps_c.c\n'}
[71.818901] (dobot_msgs_v3) StdoutLine: {'line': b'-- Installing: /home/huahai/dobot_ws/install/dobot_msgs_v3/local/lib/python3.10/dist-packages/dobot_msgs_v3/libdobot_msgs_v3__rosidl_generator_py.so\n'}
[71.819513] (dobot_msgs_v3) StdoutLine: {'line': b'-- Installing: /home/huahai/dobot_ws/install/dobot_msgs_v3/local/lib/python3.10/dist-packages/dobot_msgs_v3/_dobot_msgs_v3_s.ep.rosidl_typesupport_c.c\n'}
[71.820265] (dobot_msgs_v3) StdoutLine: {'line': b'-- Installing: /home/huahai/dobot_ws/install/dobot_msgs_v3/local/lib/python3.10/dist-packages/dobot_msgs_v3/dobot_msgs_v3_s__rosidl_typesupport_c.cpython-310-x86_64-linux-gnu.so\n'}
[71.820720] (dobot_msgs_v3) StdoutLine: {'line': b'-- Installing: /home/huahai/dobot_ws/install/dobot_msgs_v3/local/lib/python3.10/dist-packages/dobot_msgs_v3/dobot_msgs_v3_s__rosidl_typesupport_introspection_c.cpython-310-x86_64-linux-gnu.so\n'}
[71.894301] (-) TimerEvent: {}
[71.908257] (dobot_msgs_v3) StdoutLine: {'line': b"Listing '/home/huahai/dobot_ws/install/dobot_msgs_v3/local/lib/python3.10/dist-packages/dobot_msgs_v3'...\n"}
[71.908445] (dobot_msgs_v3) StdoutLine: {'line': b"Compiling '/home/huahai/dobot_ws/install/dobot_msgs_v3/local/lib/python3.10/dist-packages/dobot_msgs_v3/__init__.py'...\n"}
[71.908540] (dobot_msgs_v3) StdoutLine: {'line': b"Listing '/home/huahai/dobot_ws/install/dobot_msgs_v3/local/lib/python3.10/dist-packages/dobot_msgs_v3/msg'...\n"}
[71.908636] (dobot_msgs_v3) StdoutLine: {'line': b"Compiling '/home/huahai/dobot_ws/install/dobot_msgs_v3/local/lib/python3.10/dist-packages/dobot_msgs_v3/msg/__init__.py'...\n"}
[71.908730] (dobot_msgs_v3) StdoutLine: {'line': b"Compiling '/home/huahai/dobot_ws/install/dobot_msgs_v3/local/lib/python3.10/dist-packages/dobot_msgs_v3/msg/_robot_status.py'...\n"}
[71.908854] (dobot_msgs_v3) StdoutLine: {'line': b"Compiling '/home/huahai/dobot_ws/install/dobot_msgs_v3/local/lib/python3.10/dist-packages/dobot_msgs_v3/msg/_tool_vector_actual.py'...\n"}
[71.908956] (dobot_msgs_v3) StdoutLine: {'line': b"Listing '/home/huahai/dobot_ws/install/dobot_msgs_v3/local/lib/python3.10/dist-packages/dobot_msgs_v3/srv'...\n"}
[71.909086] (dobot_msgs_v3) StdoutLine: {'line': b"Compiling '/home/huahai/dobot_ws/install/dobot_msgs_v3/local/lib/python3.10/dist-packages/dobot_msgs_v3/srv/__init__.py'...\n"}
[71.909120] (dobot_msgs_v3) StdoutLine: {'line': b"Compiling '/home/huahai/dobot_ws/install/dobot_msgs_v3/local/lib/python3.10/dist-packages/dobot_msgs_v3/srv/_acc_j.py'...\n"}
[71.909152] (dobot_msgs_v3) StdoutLine: {'line': b"Compiling '/home/huahai/dobot_ws/install/dobot_msgs_v3/local/lib/python3.10/dist-packages/dobot_msgs_v3/srv/_acc_l.py'...\n"}
[71.909183] (dobot_msgs_v3) StdoutLine: {'line': b"Compiling '/home/huahai/dobot_ws/install/dobot_msgs_v3/local/lib/python3.10/dist-packages/dobot_msgs_v3/srv/_ao.py'...\n"}
[71.909215] (dobot_msgs_v3) StdoutLine: {'line': b"Compiling '/home/huahai/dobot_ws/install/dobot_msgs_v3/local/lib/python3.10/dist-packages/dobot_msgs_v3/srv/_ao_execute.py'...\n"}
[71.909246] (dobot_msgs_v3) StdoutLine: {'line': b"Compiling '/home/huahai/dobot_ws/install/dobot_msgs_v3/local/lib/python3.10/dist-packages/dobot_msgs_v3/srv/_arc.py'...\n"}
[71.909277] (dobot_msgs_v3) StdoutLine: {'line': b"Compiling '/home/huahai/dobot_ws/install/dobot_msgs_v3/local/lib/python3.10/dist-packages/dobot_msgs_v3/srv/_arch.py'...\n"}
[71.909308] (dobot_msgs_v3) StdoutLine: {'line': b"Compiling '/home/huahai/dobot_ws/install/dobot_msgs_v3/local/lib/python3.10/dist-packages/dobot_msgs_v3/srv/_brake_control.py'...\n"}
[71.909344] (dobot_msgs_v3) StdoutLine: {'line': b"Compiling '/home/huahai/dobot_ws/install/dobot_msgs_v3/local/lib/python3.10/dist-packages/dobot_msgs_v3/srv/_circle.py'...\n"}
[71.909376] (dobot_msgs_v3) StdoutLine: {'line': b"Compiling '/home/huahai/dobot_ws/install/dobot_msgs_v3/local/lib/python3.10/dist-packages/dobot_msgs_v3/srv/_clear_error.py'...\n"}
[71.909412] (dobot_msgs_v3) StdoutLine: {'line': b"Compiling '/home/huahai/dobot_ws/install/dobot_msgs_v3/local/lib/python3.10/dist-packages/dobot_msgs_v3/srv/_continue_script.py'...\n"}
[71.909443] (dobot_msgs_v3) StdoutLine: {'line': b"Compiling '/home/huahai/dobot_ws/install/dobot_msgs_v3/local/lib/python3.10/dist-packages/dobot_msgs_v3/srv/_continues.py'...\n"}
[71.909473] (dobot_msgs_v3) StdoutLine: {'line': b"Compiling '/home/huahai/dobot_ws/install/dobot_msgs_v3/local/lib/python3.10/dist-packages/dobot_msgs_v3/srv/_cp.py'...\n"}
[71.909504] (dobot_msgs_v3) StdoutLine: {'line': b"Compiling '/home/huahai/dobot_ws/install/dobot_msgs_v3/local/lib/python3.10/dist-packages/dobot_msgs_v3/srv/_di.py'...\n"}
[71.909534] (dobot_msgs_v3) StdoutLine: {'line': b"Compiling '/home/huahai/dobot_ws/install/dobot_msgs_v3/local/lib/python3.10/dist-packages/dobot_msgs_v3/srv/_digital_outputs.py'...\n"}
[71.909567] (dobot_msgs_v3) StdoutLine: {'line': b"Compiling '/home/huahai/dobot_ws/install/dobot_msgs_v3/local/lib/python3.10/dist-packages/dobot_msgs_v3/srv/_disable_robot.py'...\n"}
[71.909600] (dobot_msgs_v3) StdoutLine: {'line': b"Compiling '/home/huahai/dobot_ws/install/dobot_msgs_v3/local/lib/python3.10/dist-packages/dobot_msgs_v3/srv/_do.py'...\n"}
[71.909631] (dobot_msgs_v3) StdoutLine: {'line': b"Compiling '/home/huahai/dobot_ws/install/dobot_msgs_v3/local/lib/python3.10/dist-packages/dobot_msgs_v3/srv/_do_execute.py'...\n"}
[71.909661] (dobot_msgs_v3) StdoutLine: {'line': b"Compiling '/home/huahai/dobot_ws/install/dobot_msgs_v3/local/lib/python3.10/dist-packages/dobot_msgs_v3/srv/_do_group.py'...\n"}
[71.909692] (dobot_msgs_v3) StdoutLine: {'line': b"Compiling '/home/huahai/dobot_ws/install/dobot_msgs_v3/local/lib/python3.10/dist-packages/dobot_msgs_v3/srv/_emergency_stop.py'...\n"}
[71.909722] (dobot_msgs_v3) StdoutLine: {'line': b"Compiling '/home/huahai/dobot_ws/install/dobot_msgs_v3/local/lib/python3.10/dist-packages/dobot_msgs_v3/srv/_enable_robot.py'...\n"}
[71.909780] (dobot_msgs_v3) StdoutLine: {'line': b"Compiling '/home/huahai/dobot_ws/install/dobot_msgs_v3/local/lib/python3.10/dist-packages/dobot_msgs_v3/srv/_get_angle.py'...\n"}
[71.909829] (dobot_msgs_v3) StdoutLine: {'line': b"Compiling '/home/huahai/dobot_ws/install/dobot_msgs_v3/local/lib/python3.10/dist-packages/dobot_msgs_v3/srv/_get_coils.py'...\n"}
[71.909975] (dobot_msgs_v3) StdoutLine: {'line': b"Compiling '/home/huahai/dobot_ws/install/dobot_msgs_v3/local/lib/python3.10/dist-packages/dobot_msgs_v3/srv/_get_error_id.py'...\n"}
[71.910016] (dobot_msgs_v3) StdoutLine: {'line': b"Compiling '/home/huahai/dobot_ws/install/dobot_msgs_v3/local/lib/python3.10/dist-packages/dobot_msgs_v3/srv/_get_hold_regs.py'...\n"}
[71.910049] (dobot_msgs_v3) StdoutLine: {'line': b"Compiling '/home/huahai/dobot_ws/install/dobot_msgs_v3/local/lib/python3.10/dist-packages/dobot_msgs_v3/srv/_get_in_bits.py'...\n"}
[71.910081] (dobot_msgs_v3) StdoutLine: {'line': b"Compiling '/home/huahai/dobot_ws/install/dobot_msgs_v3/local/lib/python3.10/dist-packages/dobot_msgs_v3/srv/_get_in_regs.py'...\n"}
[71.910112] (dobot_msgs_v3) StdoutLine: {'line': b"Compiling '/home/huahai/dobot_ws/install/dobot_msgs_v3/local/lib/python3.10/dist-packages/dobot_msgs_v3/srv/_get_pose.py'...\n"}
[71.910145] (dobot_msgs_v3) StdoutLine: {'line': b"Compiling '/home/huahai/dobot_ws/install/dobot_msgs_v3/local/lib/python3.10/dist-packages/dobot_msgs_v3/srv/_inverse_solution.py'...\n"}
[71.910176] (dobot_msgs_v3) StdoutLine: {'line': b"Compiling '/home/huahai/dobot_ws/install/dobot_msgs_v3/local/lib/python3.10/dist-packages/dobot_msgs_v3/srv/_joint_mov_j.py'...\n"}
[71.910208] (dobot_msgs_v3) StdoutLine: {'line': b"Compiling '/home/huahai/dobot_ws/install/dobot_msgs_v3/local/lib/python3.10/dist-packages/dobot_msgs_v3/srv/_jump.py'...\n"}
[71.910238] (dobot_msgs_v3) StdoutLine: {'line': b"Compiling '/home/huahai/dobot_ws/install/dobot_msgs_v3/local/lib/python3.10/dist-packages/dobot_msgs_v3/srv/_lim_z.py'...\n"}
[71.910272] (dobot_msgs_v3) StdoutLine: {'line': b"Compiling '/home/huahai/dobot_ws/install/dobot_msgs_v3/local/lib/python3.10/dist-packages/dobot_msgs_v3/srv/_load_switch.py'...\n"}
[71.910302] (dobot_msgs_v3) StdoutLine: {'line': b"Compiling '/home/huahai/dobot_ws/install/dobot_msgs_v3/local/lib/python3.10/dist-packages/dobot_msgs_v3/srv/_modbus_close.py'...\n"}
[71.910333] (dobot_msgs_v3) StdoutLine: {'line': b"Compiling '/home/huahai/dobot_ws/install/dobot_msgs_v3/local/lib/python3.10/dist-packages/dobot_msgs_v3/srv/_modbus_create.py'...\n"}
[71.910364] (dobot_msgs_v3) StdoutLine: {'line': b"Compiling '/home/huahai/dobot_ws/install/dobot_msgs_v3/local/lib/python3.10/dist-packages/dobot_msgs_v3/srv/_mov_j.py'...\n"}
[71.910394] (dobot_msgs_v3) StdoutLine: {'line': b"Compiling '/home/huahai/dobot_ws/install/dobot_msgs_v3/local/lib/python3.10/dist-packages/dobot_msgs_v3/srv/_mov_j_ext.py'...\n"}
[71.910424] (dobot_msgs_v3) StdoutLine: {'line': b"Compiling '/home/huahai/dobot_ws/install/dobot_msgs_v3/local/lib/python3.10/dist-packages/dobot_msgs_v3/srv/_mov_jio.py'...\n"}
[71.910454] (dobot_msgs_v3) StdoutLine: {'line': b"Compiling '/home/huahai/dobot_ws/install/dobot_msgs_v3/local/lib/python3.10/dist-packages/dobot_msgs_v3/srv/_mov_l.py'...\n"}
[71.910484] (dobot_msgs_v3) StdoutLine: {'line': b"Compiling '/home/huahai/dobot_ws/install/dobot_msgs_v3/local/lib/python3.10/dist-packages/dobot_msgs_v3/srv/_mov_lio.py'...\n"}
[71.910517] (dobot_msgs_v3) StdoutLine: {'line': b"Compiling '/home/huahai/dobot_ws/install/dobot_msgs_v3/local/lib/python3.10/dist-packages/dobot_msgs_v3/srv/_move_jog.py'...\n"}
[71.910548] (dobot_msgs_v3) StdoutLine: {'line': b"Compiling '/home/huahai/dobot_ws/install/dobot_msgs_v3/local/lib/python3.10/dist-packages/dobot_msgs_v3/srv/_pause.py'...\n"}
[71.910577] (dobot_msgs_v3) StdoutLine: {'line': b"Compiling '/home/huahai/dobot_ws/install/dobot_msgs_v3/local/lib/python3.10/dist-packages/dobot_msgs_v3/srv/_pause_script.py'...\n"}
[71.910607] (dobot_msgs_v3) StdoutLine: {'line': b"Compiling '/home/huahai/dobot_ws/install/dobot_msgs_v3/local/lib/python3.10/dist-packages/dobot_msgs_v3/srv/_pay_load.py'...\n"}
[71.910637] (dobot_msgs_v3) StdoutLine: {'line': b"Compiling '/home/huahai/dobot_ws/install/dobot_msgs_v3/local/lib/python3.10/dist-packages/dobot_msgs_v3/srv/_positive_solution.py'...\n"}
[71.910669] (dobot_msgs_v3) StdoutLine: {'line': b"Compiling '/home/huahai/dobot_ws/install/dobot_msgs_v3/local/lib/python3.10/dist-packages/dobot_msgs_v3/srv/_power_on.py'...\n"}
[71.910699] (dobot_msgs_v3) StdoutLine: {'line': b"Compiling '/home/huahai/dobot_ws/install/dobot_msgs_v3/local/lib/python3.10/dist-packages/dobot_msgs_v3/srv/_rel_joint_mov_j.py'...\n"}
[71.910729] (dobot_msgs_v3) StdoutLine: {'line': b"Compiling '/home/huahai/dobot_ws/install/dobot_msgs_v3/local/lib/python3.10/dist-packages/dobot_msgs_v3/srv/_rel_mov_j.py'...\n"}
[71.910759] (dobot_msgs_v3) StdoutLine: {'line': b"Compiling '/home/huahai/dobot_ws/install/dobot_msgs_v3/local/lib/python3.10/dist-packages/dobot_msgs_v3/srv/_rel_mov_j_tool.py'...\n"}
[71.912899] (dobot_msgs_v3) StdoutLine: {'line': b"Compiling '/home/huahai/dobot_ws/install/dobot_msgs_v3/local/lib/python3.10/dist-packages/dobot_msgs_v3/srv/_rel_mov_j_user.py'...\n"}
[71.912938] (dobot_msgs_v3) StdoutLine: {'line': b"Compiling '/home/huahai/dobot_ws/install/dobot_msgs_v3/local/lib/python3.10/dist-packages/dobot_msgs_v3/srv/_rel_mov_l.py'...\n"}
[71.912969] (dobot_msgs_v3) StdoutLine: {'line': b"Compiling '/home/huahai/dobot_ws/install/dobot_msgs_v3/local/lib/python3.10/dist-packages/dobot_msgs_v3/srv/_rel_mov_l_tool.py'...\n"}
[71.912999] (dobot_msgs_v3) StdoutLine: {'line': b"Compiling '/home/huahai/dobot_ws/install/dobot_msgs_v3/local/lib/python3.10/dist-packages/dobot_msgs_v3/srv/_rel_mov_l_user.py'...\n"}
[71.913029] (dobot_msgs_v3) StdoutLine: {'line': b"Compiling '/home/huahai/dobot_ws/install/dobot_msgs_v3/local/lib/python3.10/dist-packages/dobot_msgs_v3/srv/_reset_robot.py'...\n"}
[71.913059] (dobot_msgs_v3) StdoutLine: {'line': b"Compiling '/home/huahai/dobot_ws/install/dobot_msgs_v3/local/lib/python3.10/dist-packages/dobot_msgs_v3/srv/_robot_mode.py'...\n"}
[71.913090] (dobot_msgs_v3) StdoutLine: {'line': b"Compiling '/home/huahai/dobot_ws/install/dobot_msgs_v3/local/lib/python3.10/dist-packages/dobot_msgs_v3/srv/_run_script.py'...\n"}
[71.913120] (dobot_msgs_v3) StdoutLine: {'line': b"Compiling '/home/huahai/dobot_ws/install/dobot_msgs_v3/local/lib/python3.10/dist-packages/dobot_msgs_v3/srv/_servo_j.py'...\n"}
[71.913149] (dobot_msgs_v3) StdoutLine: {'line': b"Compiling '/home/huahai/dobot_ws/install/dobot_msgs_v3/local/lib/python3.10/dist-packages/dobot_msgs_v3/srv/_servo_p.py'...\n"}
[71.937111] (dobot_msgs_v3) StdoutLine: {'line': b"Compiling '/home/huahai/dobot_ws/install/dobot_msgs_v3/local/lib/python3.10/dist-packages/dobot_msgs_v3/srv/_set_arm_orientation.py'...\n"}
[71.937290] (dobot_msgs_v3) StdoutLine: {'line': b"Compiling '/home/huahai/dobot_ws/install/dobot_msgs_v3/local/lib/python3.10/dist-packages/dobot_msgs_v3/srv/_set_coils.py'...\n"}
[71.937328] (dobot_msgs_v3) StdoutLine: {'line': b"Compiling '/home/huahai/dobot_ws/install/dobot_msgs_v3/local/lib/python3.10/dist-packages/dobot_msgs_v3/srv/_set_collision_level.py'...\n"}
[71.937361] (dobot_msgs_v3) StdoutLine: {'line': b"Compiling '/home/huahai/dobot_ws/install/dobot_msgs_v3/local/lib/python3.10/dist-packages/dobot_msgs_v3/srv/_set_hold_regs.py'...\n"}
[71.937392] (dobot_msgs_v3) StdoutLine: {'line': b"Compiling '/home/huahai/dobot_ws/install/dobot_msgs_v3/local/lib/python3.10/dist-packages/dobot_msgs_v3/srv/_set_obstacle_avoid.py'...\n"}
[71.937422] (dobot_msgs_v3) StdoutLine: {'line': b"Compiling '/home/huahai/dobot_ws/install/dobot_msgs_v3/local/lib/python3.10/dist-packages/dobot_msgs_v3/srv/_set_payload.py'...\n"}
[71.937454] (dobot_msgs_v3) StdoutLine: {'line': b"Compiling '/home/huahai/dobot_ws/install/dobot_msgs_v3/local/lib/python3.10/dist-packages/dobot_msgs_v3/srv/_set_safe_skin.py'...\n"}
[71.937484] (dobot_msgs_v3) StdoutLine: {'line': b"Compiling '/home/huahai/dobot_ws/install/dobot_msgs_v3/local/lib/python3.10/dist-packages/dobot_msgs_v3/srv/_speed_factor.py'...\n"}
[71.937514] (dobot_msgs_v3) StdoutLine: {'line': b"Compiling '/home/huahai/dobot_ws/install/dobot_msgs_v3/local/lib/python3.10/dist-packages/dobot_msgs_v3/srv/_speed_j.py'...\n"}
[71.937545] (dobot_msgs_v3) StdoutLine: {'line': b"Compiling '/home/huahai/dobot_ws/install/dobot_msgs_v3/local/lib/python3.10/dist-packages/dobot_msgs_v3/srv/_speed_l.py'...\n"}
[71.937574] (dobot_msgs_v3) StdoutLine: {'line': b"Compiling '/home/huahai/dobot_ws/install/dobot_msgs_v3/local/lib/python3.10/dist-packages/dobot_msgs_v3/srv/_start_drag.py'...\n"}
[71.937602] (dobot_msgs_v3) StdoutLine: {'line': b"Compiling '/home/huahai/dobot_ws/install/dobot_msgs_v3/local/lib/python3.10/dist-packages/dobot_msgs_v3/srv/_start_fc_trace.py'...\n"}
[71.937630] (dobot_msgs_v3) StdoutLine: {'line': b"Compiling '/home/huahai/dobot_ws/install/dobot_msgs_v3/local/lib/python3.10/dist-packages/dobot_msgs_v3/srv/_start_path.py'...\n"}
[71.937660] (dobot_msgs_v3) StdoutLine: {'line': b"Compiling '/home/huahai/dobot_ws/install/dobot_msgs_v3/local/lib/python3.10/dist-packages/dobot_msgs_v3/srv/_start_trace.py'...\n"}
[71.937689] (dobot_msgs_v3) StdoutLine: {'line': b"Compiling '/home/huahai/dobot_ws/install/dobot_msgs_v3/local/lib/python3.10/dist-packages/dobot_msgs_v3/srv/_stop_drag.py'...\n"}
[71.937717] (dobot_msgs_v3) StdoutLine: {'line': b"Compiling '/home/huahai/dobot_ws/install/dobot_msgs_v3/local/lib/python3.10/dist-packages/dobot_msgs_v3/srv/_stop_script.py'...\n"}
[71.937745] (dobot_msgs_v3) StdoutLine: {'line': b"Compiling '/home/huahai/dobot_ws/install/dobot_msgs_v3/local/lib/python3.10/dist-packages/dobot_msgs_v3/srv/_stopmove_jog.py'...\n"}
[71.937809] (dobot_msgs_v3) StdoutLine: {'line': b"Compiling '/home/huahai/dobot_ws/install/dobot_msgs_v3/local/lib/python3.10/dist-packages/dobot_msgs_v3/srv/_sync.py'...\n"}
[71.937843] (dobot_msgs_v3) StdoutLine: {'line': b"Compiling '/home/huahai/dobot_ws/install/dobot_msgs_v3/local/lib/python3.10/dist-packages/dobot_msgs_v3/srv/_sync_all.py'...\n"}
[71.937876] (dobot_msgs_v3) StdoutLine: {'line': b"Compiling '/home/huahai/dobot_ws/install/dobot_msgs_v3/local/lib/python3.10/dist-packages/dobot_msgs_v3/srv/_tool.py'...\n"}
[71.937906] (dobot_msgs_v3) StdoutLine: {'line': b"Compiling '/home/huahai/dobot_ws/install/dobot_msgs_v3/local/lib/python3.10/dist-packages/dobot_msgs_v3/srv/_tool_di.py'...\n"}
[71.937936] (dobot_msgs_v3) StdoutLine: {'line': b"Compiling '/home/huahai/dobot_ws/install/dobot_msgs_v3/local/lib/python3.10/dist-packages/dobot_msgs_v3/srv/_tool_do.py'...\n"}
[71.937969] (dobot_msgs_v3) StdoutLine: {'line': b"Compiling '/home/huahai/dobot_ws/install/dobot_msgs_v3/local/lib/python3.10/dist-packages/dobot_msgs_v3/srv/_tool_do_execute.py'...\n"}
[71.938005] (dobot_msgs_v3) StdoutLine: {'line': b"Compiling '/home/huahai/dobot_ws/install/dobot_msgs_v3/local/lib/python3.10/dist-packages/dobot_msgs_v3/srv/_user.py'...\n"}
[71.938035] (dobot_msgs_v3) StdoutLine: {'line': b"Compiling '/home/huahai/dobot_ws/install/dobot_msgs_v3/local/lib/python3.10/dist-packages/dobot_msgs_v3/srv/_wait.py'...\n"}
[71.938805] (dobot_msgs_v3) StdoutLine: {'line': b'-- Installing: /home/huahai/dobot_ws/install/dobot_msgs_v3/local/lib/python3.10/dist-packages/dobot_msgs_v3/dobot_msgs_v3_s__rosidl_typesupport_fastrtps_c.cpython-310-x86_64-linux-gnu.so\n'}
[71.939718] (dobot_msgs_v3) StdoutLine: {'line': b'-- Set runtime path of "/home/huahai/dobot_ws/install/dobot_msgs_v3/local/lib/python3.10/dist-packages/dobot_msgs_v3/dobot_msgs_v3_s__rosidl_typesupport_fastrtps_c.cpython-310-x86_64-linux-gnu.so" to ""\n'}
[71.940013] (dobot_msgs_v3) StdoutLine: {'line': b'-- Installing: /home/huahai/dobot_ws/install/dobot_msgs_v3/local/lib/python3.10/dist-packages/dobot_msgs_v3/dobot_msgs_v3_s__rosidl_typesupport_introspection_c.cpython-310-x86_64-linux-gnu.so\n'}
[71.940962] (dobot_msgs_v3) StdoutLine: {'line': b'-- Set runtime path of "/home/huahai/dobot_ws/install/dobot_msgs_v3/local/lib/python3.10/dist-packages/dobot_msgs_v3/dobot_msgs_v3_s__rosidl_typesupport_introspection_c.cpython-310-x86_64-linux-gnu.so" to ""\n'}
[71.941956] (dobot_msgs_v3) StdoutLine: {'line': b'-- Installing: /home/huahai/dobot_ws/install/dobot_msgs_v3/local/lib/python3.10/dist-packages/dobot_msgs_v3/dobot_msgs_v3_s__rosidl_typesupport_c.cpython-310-x86_64-linux-gnu.so\n'}
[71.942580] (dobot_msgs_v3) StdoutLine: {'line': b'-- Set runtime path of "/home/huahai/dobot_ws/install/dobot_msgs_v3/local/lib/python3.10/dist-packages/dobot_msgs_v3/dobot_msgs_v3_s__rosidl_typesupport_c.cpython-310-x86_64-linux-gnu.so" to ""\n'}
[71.942805] (dobot_msgs_v3) StdoutLine: {'line': b'-- Installing: /home/huahai/dobot_ws/install/dobot_msgs_v3/lib/libdobot_msgs_v3__rosidl_generator_py.so\n'}
[71.944380] (dobot_msgs_v3) StdoutLine: {'line': b'-- Set runtime path of "/home/huahai/dobot_ws/install/dobot_msgs_v3/lib/libdobot_msgs_v3__rosidl_generator_py.so" to ""\n'}
[71.944500] (dobot_msgs_v3) StdoutLine: {'line': b'-- Installing: /home/huahai/dobot_ws/install/dobot_msgs_v3/share/dobot_msgs_v3/msg/RobotStatus.idl\n'}
[71.944538] (dobot_msgs_v3) StdoutLine: {'line': b'-- Installing: /home/huahai/dobot_ws/install/dobot_msgs_v3/share/dobot_msgs_v3/msg/ToolVectorActual.idl\n'}
[71.944914] (dobot_msgs_v3) StdoutLine: {'line': b'-- Installing: /home/huahai/dobot_ws/install/dobot_msgs_v3/share/dobot_msgs_v3/srv/AccJ.idl\n'}
[71.945296] (dobot_msgs_v3) StdoutLine: {'line': b'-- Installing: /home/huahai/dobot_ws/install/dobot_msgs_v3/share/dobot_msgs_v3/srv/AccL.idl\n'}
[71.945490] (dobot_msgs_v3) StdoutLine: {'line': b'-- Installing: /home/huahai/dobot_ws/install/dobot_msgs_v3/share/dobot_msgs_v3/srv/AO.idl\n'}
[71.945694] (dobot_msgs_v3) StdoutLine: {'line': b'-- Installing: /home/huahai/dobot_ws/install/dobot_msgs_v3/share/dobot_msgs_v3/srv/AOExecute.idl\n'}
[71.945947] (dobot_msgs_v3) StdoutLine: {'line': b'-- Installing: /home/huahai/dobot_ws/install/dobot_msgs_v3/share/dobot_msgs_v3/srv/Arc.idl\n'}
[71.946259] (dobot_msgs_v3) StdoutLine: {'line': b'-- Installing: /home/huahai/dobot_ws/install/dobot_msgs_v3/share/dobot_msgs_v3/srv/Arch.idl\n'}
[71.946470] (dobot_msgs_v3) StdoutLine: {'line': b'-- Installing: /home/huahai/dobot_ws/install/dobot_msgs_v3/share/dobot_msgs_v3/srv/BrakeControl.idl\n'}
[71.946664] (dobot_msgs_v3) StdoutLine: {'line': b'-- Installing: /home/huahai/dobot_ws/install/dobot_msgs_v3/share/dobot_msgs_v3/srv/Circle.idl\n'}
[71.946878] (dobot_msgs_v3) StdoutLine: {'line': b'-- Installing: /home/huahai/dobot_ws/install/dobot_msgs_v3/share/dobot_msgs_v3/srv/ClearError.idl\n'}
[71.947196] (dobot_msgs_v3) StdoutLine: {'line': b'-- Installing: /home/huahai/dobot_ws/install/dobot_msgs_v3/share/dobot_msgs_v3/srv/Continues.idl\n'}
[71.947487] (dobot_msgs_v3) StdoutLine: {'line': b'-- Installing: /home/huahai/dobot_ws/install/dobot_msgs_v3/share/dobot_msgs_v3/srv/ContinueScript.idl\n'}
[71.947613] (dobot_msgs_v3) StdoutLine: {'line': b'-- Installing: /home/huahai/dobot_ws/install/dobot_msgs_v3/share/dobot_msgs_v3/srv/CP.idl\n'}
[71.947862] (dobot_msgs_v3) StdoutLine: {'line': b'-- Installing: /home/huahai/dobot_ws/install/dobot_msgs_v3/share/dobot_msgs_v3/srv/DI.idl\n'}
[71.948117] (dobot_msgs_v3) StdoutLine: {'line': b'-- Installing: /home/huahai/dobot_ws/install/dobot_msgs_v3/share/dobot_msgs_v3/srv/DigitalOutputs.idl\n'}
[71.948312] (dobot_msgs_v3) StdoutLine: {'line': b'-- Installing: /home/huahai/dobot_ws/install/dobot_msgs_v3/share/dobot_msgs_v3/srv/DisableRobot.idl\n'}
[71.949835] (dobot_msgs_v3) StdoutLine: {'line': b'-- Installing: /home/huahai/dobot_ws/install/dobot_msgs_v3/share/dobot_msgs_v3/srv/DO.idl\n'}
[71.949907] (dobot_msgs_v3) StdoutLine: {'line': b'-- Installing: /home/huahai/dobot_ws/install/dobot_msgs_v3/share/dobot_msgs_v3/srv/DOExecute.idl\n'}
[71.949951] (dobot_msgs_v3) StdoutLine: {'line': b'-- Installing: /home/huahai/dobot_ws/install/dobot_msgs_v3/share/dobot_msgs_v3/srv/DOGroup.idl\n'}
[71.949989] (dobot_msgs_v3) StdoutLine: {'line': b'-- Installing: /home/huahai/dobot_ws/install/dobot_msgs_v3/share/dobot_msgs_v3/srv/EmergencyStop.idl\n'}
[71.950027] (dobot_msgs_v3) StdoutLine: {'line': b'-- Installing: /home/huahai/dobot_ws/install/dobot_msgs_v3/share/dobot_msgs_v3/srv/EnableRobot.idl\n'}
[71.950065] (dobot_msgs_v3) StdoutLine: {'line': b'-- Installing: /home/huahai/dobot_ws/install/dobot_msgs_v3/share/dobot_msgs_v3/srv/GetAngle.idl\n'}
[71.950102] (dobot_msgs_v3) StdoutLine: {'line': b'-- Installing: /home/huahai/dobot_ws/install/dobot_msgs_v3/share/dobot_msgs_v3/srv/GetCoils.idl\n'}
[71.950141] (dobot_msgs_v3) StdoutLine: {'line': b'-- Installing: /home/huahai/dobot_ws/install/dobot_msgs_v3/share/dobot_msgs_v3/srv/GetErrorID.idl\n'}
[71.950233] (dobot_msgs_v3) StdoutLine: {'line': b'-- Installing: /home/huahai/dobot_ws/install/dobot_msgs_v3/share/dobot_msgs_v3/srv/GetHoldRegs.idl\n'}
[71.950271] (dobot_msgs_v3) StdoutLine: {'line': b'-- Installing: /home/huahai/dobot_ws/install/dobot_msgs_v3/share/dobot_msgs_v3/srv/GetInBits.idl\n'}
[71.950352] (dobot_msgs_v3) StdoutLine: {'line': b'-- Installing: /home/huahai/dobot_ws/install/dobot_msgs_v3/share/dobot_msgs_v3/srv/GetInRegs.idl\n'}
[71.950538] (dobot_msgs_v3) StdoutLine: {'line': b'-- Installing: /home/huahai/dobot_ws/install/dobot_msgs_v3/share/dobot_msgs_v3/srv/GetPose.idl\n'}
[71.950724] (dobot_msgs_v3) StdoutLine: {'line': b'-- Installing: /home/huahai/dobot_ws/install/dobot_msgs_v3/share/dobot_msgs_v3/srv/InverseSolution.idl\n'}
[71.950984] (dobot_msgs_v3) StdoutLine: {'line': b'-- Installing: /home/huahai/dobot_ws/install/dobot_msgs_v3/share/dobot_msgs_v3/srv/JointMovJ.idl\n'}
[71.951223] (dobot_msgs_v3) StdoutLine: {'line': b'-- Installing: /home/huahai/dobot_ws/install/dobot_msgs_v3/share/dobot_msgs_v3/srv/Jump.idl\n'}
[71.951437] (dobot_msgs_v3) StdoutLine: {'line': b'-- Installing: /home/huahai/dobot_ws/install/dobot_msgs_v3/share/dobot_msgs_v3/srv/LimZ.idl\n'}
[71.951621] (dobot_msgs_v3) StdoutLine: {'line': b'-- Installing: /home/huahai/dobot_ws/install/dobot_msgs_v3/share/dobot_msgs_v3/srv/LoadSwitch.idl\n'}
[71.951824] (dobot_msgs_v3) StdoutLine: {'line': b'-- Installing: /home/huahai/dobot_ws/install/dobot_msgs_v3/share/dobot_msgs_v3/srv/ModbusClose.idl\n'}
[71.952145] (dobot_msgs_v3) StdoutLine: {'line': b'-- Installing: /home/huahai/dobot_ws/install/dobot_msgs_v3/share/dobot_msgs_v3/srv/ModbusCreate.idl\n'}
[71.952420] (dobot_msgs_v3) StdoutLine: {'line': b'-- Installing: /home/huahai/dobot_ws/install/dobot_msgs_v3/share/dobot_msgs_v3/srv/MoveJog.idl\n'}
[71.952529] (dobot_msgs_v3) StdoutLine: {'line': b'-- Installing: /home/huahai/dobot_ws/install/dobot_msgs_v3/share/dobot_msgs_v3/srv/MovJ.idl\n'}
[71.952771] (dobot_msgs_v3) StdoutLine: {'line': b'-- Installing: /home/huahai/dobot_ws/install/dobot_msgs_v3/share/dobot_msgs_v3/srv/MovJExt.idl\n'}
[71.953066] (dobot_msgs_v3) StdoutLine: {'line': b'-- Installing: /home/huahai/dobot_ws/install/dobot_msgs_v3/share/dobot_msgs_v3/srv/MovJIO.idl\n'}
[71.953316] (dobot_msgs_v3) StdoutLine: {'line': b'-- Installing: /home/huahai/dobot_ws/install/dobot_msgs_v3/share/dobot_msgs_v3/srv/MovL.idl\n'}
[71.953483] (dobot_msgs_v3) StdoutLine: {'line': b'-- Installing: /home/huahai/dobot_ws/install/dobot_msgs_v3/share/dobot_msgs_v3/srv/MovLIO.idl\n'}
[71.953655] (dobot_msgs_v3) StdoutLine: {'line': b'-- Installing: /home/huahai/dobot_ws/install/dobot_msgs_v3/share/dobot_msgs_v3/srv/Pause.idl\n'}
[71.953988] (dobot_msgs_v3) StdoutLine: {'line': b'-- Installing: /home/huahai/dobot_ws/install/dobot_msgs_v3/share/dobot_msgs_v3/srv/PauseScript.idl\n'}
[71.954188] (dobot_msgs_v3) StdoutLine: {'line': b'-- Installing: /home/huahai/dobot_ws/install/dobot_msgs_v3/share/dobot_msgs_v3/srv/PayLoad.idl\n'}
[71.954508] (dobot_msgs_v3) StdoutLine: {'line': b'-- Installing: /home/huahai/dobot_ws/install/dobot_msgs_v3/share/dobot_msgs_v3/srv/PositiveSolution.idl\n'}
[71.954662] (dobot_msgs_v3) StdoutLine: {'line': b'-- Installing: /home/huahai/dobot_ws/install/dobot_msgs_v3/share/dobot_msgs_v3/srv/PowerOn.idl\n'}
[71.954946] (dobot_msgs_v3) StdoutLine: {'line': b'-- Installing: /home/huahai/dobot_ws/install/dobot_msgs_v3/share/dobot_msgs_v3/srv/RelJointMovJ.idl\n'}
[71.955175] (dobot_msgs_v3) StdoutLine: {'line': b'-- Installing: /home/huahai/dobot_ws/install/dobot_msgs_v3/share/dobot_msgs_v3/srv/RelMovJ.idl\n'}
[71.955509] (dobot_msgs_v3) StdoutLine: {'line': b'-- Installing: /home/huahai/dobot_ws/install/dobot_msgs_v3/share/dobot_msgs_v3/srv/RelMovJUser.idl\n'}
[71.955672] (dobot_msgs_v3) StdoutLine: {'line': b'-- Installing: /home/huahai/dobot_ws/install/dobot_msgs_v3/share/dobot_msgs_v3/srv/RelMovJTool.idl\n'}
[71.956956] (dobot_msgs_v3) StdoutLine: {'line': b'-- Installing: /home/huahai/dobot_ws/install/dobot_msgs_v3/share/dobot_msgs_v3/srv/RelMovL.idl\n'}
[71.957050] (dobot_msgs_v3) StdoutLine: {'line': b'-- Installing: /home/huahai/dobot_ws/install/dobot_msgs_v3/share/dobot_msgs_v3/srv/RelMovLUser.idl\n'}
[71.957235] (dobot_msgs_v3) StdoutLine: {'line': b'-- Installing: /home/huahai/dobot_ws/install/dobot_msgs_v3/share/dobot_msgs_v3/srv/RelMovLTool.idl\n'}
[71.957563] (dobot_msgs_v3) StdoutLine: {'line': b'-- Installing: /home/huahai/dobot_ws/install/dobot_msgs_v3/share/dobot_msgs_v3/srv/ResetRobot.idl\n'}
[71.957903] (dobot_msgs_v3) StdoutLine: {'line': b'-- Installing: /home/huahai/dobot_ws/install/dobot_msgs_v3/share/dobot_msgs_v3/srv/RobotMode.idl\n'}
[71.958380] (dobot_msgs_v3) StdoutLine: {'line': b'-- Installing: /home/huahai/dobot_ws/install/dobot_msgs_v3/share/dobot_msgs_v3/srv/RunScript.idl\n'}
[71.958575] (dobot_msgs_v3) StdoutLine: {'line': b'-- Installing: /home/huahai/dobot_ws/install/dobot_msgs_v3/share/dobot_msgs_v3/srv/ServoJ.idl\n'}
[71.958805] (dobot_msgs_v3) StdoutLine: {'line': b'-- Installing: /home/huahai/dobot_ws/install/dobot_msgs_v3/share/dobot_msgs_v3/srv/ServoP.idl\n'}
[71.959358] (dobot_msgs_v3) StdoutLine: {'line': b'-- Installing: /home/huahai/dobot_ws/install/dobot_msgs_v3/share/dobot_msgs_v3/srv/SetArmOrientation.idl\n'}
[71.959416] (dobot_msgs_v3) StdoutLine: {'line': b'-- Installing: /home/huahai/dobot_ws/install/dobot_msgs_v3/share/dobot_msgs_v3/srv/SetCoils.idl\n'}
[71.959494] (dobot_msgs_v3) StdoutLine: {'line': b'-- Installing: /home/huahai/dobot_ws/install/dobot_msgs_v3/share/dobot_msgs_v3/srv/SetCollisionLevel.idl\n'}
[71.959802] (dobot_msgs_v3) StdoutLine: {'line': b'-- Installing: /home/huahai/dobot_ws/install/dobot_msgs_v3/share/dobot_msgs_v3/srv/SetHoldRegs.idl\n'}
[71.960220] (dobot_msgs_v3) StdoutLine: {'line': b'-- Installing: /home/huahai/dobot_ws/install/dobot_msgs_v3/share/dobot_msgs_v3/srv/SetObstacleAvoid.idl\n'}
[71.960636] (dobot_msgs_v3) StdoutLine: {'line': b'-- Installing: /home/huahai/dobot_ws/install/dobot_msgs_v3/share/dobot_msgs_v3/srv/SetPayload.idl\n'}
[71.961107] (dobot_msgs_v3) StdoutLine: {'line': b'-- Installing: /home/huahai/dobot_ws/install/dobot_msgs_v3/share/dobot_msgs_v3/srv/SetSafeSkin.idl\n'}
[71.961154] (dobot_msgs_v3) StdoutLine: {'line': b'-- Installing: /home/huahai/dobot_ws/install/dobot_msgs_v3/share/dobot_msgs_v3/srv/SpeedFactor.idl\n'}
[71.961282] (dobot_msgs_v3) StdoutLine: {'line': b'-- Installing: /home/huahai/dobot_ws/install/dobot_msgs_v3/share/dobot_msgs_v3/srv/SpeedJ.idl\n'}
[71.961730] (dobot_msgs_v3) StdoutLine: {'line': b'-- Installing: /home/huahai/dobot_ws/install/dobot_msgs_v3/share/dobot_msgs_v3/srv/SpeedL.idl\n'}
[71.961800] (dobot_msgs_v3) StdoutLine: {'line': b'-- Installing: /home/huahai/dobot_ws/install/dobot_msgs_v3/share/dobot_msgs_v3/srv/StartDrag.idl\n'}
[71.961971] (dobot_msgs_v3) StdoutLine: {'line': b'-- Installing: /home/huahai/dobot_ws/install/dobot_msgs_v3/share/dobot_msgs_v3/srv/StartFCTrace.idl\n'}
[71.962250] (dobot_msgs_v3) StdoutLine: {'line': b'-- Installing: /home/huahai/dobot_ws/install/dobot_msgs_v3/share/dobot_msgs_v3/srv/StartPath.idl\n'}
[71.962449] (dobot_msgs_v3) StdoutLine: {'line': b'-- Installing: /home/huahai/dobot_ws/install/dobot_msgs_v3/share/dobot_msgs_v3/srv/StartTrace.idl\n'}
[71.962641] (dobot_msgs_v3) StdoutLine: {'line': b'-- Installing: /home/huahai/dobot_ws/install/dobot_msgs_v3/share/dobot_msgs_v3/srv/StopDrag.idl\n'}
[71.962850] (dobot_msgs_v3) StdoutLine: {'line': b'-- Installing: /home/huahai/dobot_ws/install/dobot_msgs_v3/share/dobot_msgs_v3/srv/StopmoveJog.idl\n'}
[71.963321] (dobot_msgs_v3) StdoutLine: {'line': b'-- Installing: /home/huahai/dobot_ws/install/dobot_msgs_v3/share/dobot_msgs_v3/srv/StopScript.idl\n'}
[71.963396] (dobot_msgs_v3) StdoutLine: {'line': b'-- Installing: /home/huahai/dobot_ws/install/dobot_msgs_v3/share/dobot_msgs_v3/srv/Sync.idl\n'}
[71.963509] (dobot_msgs_v3) StdoutLine: {'line': b'-- Installing: /home/huahai/dobot_ws/install/dobot_msgs_v3/share/dobot_msgs_v3/srv/SyncAll.idl\n'}
[71.963696] (dobot_msgs_v3) StdoutLine: {'line': b'-- Installing: /home/huahai/dobot_ws/install/dobot_msgs_v3/share/dobot_msgs_v3/srv/Tool.idl\n'}
[71.964062] (dobot_msgs_v3) StdoutLine: {'line': b'-- Installing: /home/huahai/dobot_ws/install/dobot_msgs_v3/share/dobot_msgs_v3/srv/ToolDI.idl\n'}
[71.964406] (dobot_msgs_v3) StdoutLine: {'line': b'-- Installing: /home/huahai/dobot_ws/install/dobot_msgs_v3/share/dobot_msgs_v3/srv/ToolDO.idl\n'}
[71.964504] (dobot_msgs_v3) StdoutLine: {'line': b'-- Installing: /home/huahai/dobot_ws/install/dobot_msgs_v3/share/dobot_msgs_v3/srv/ToolDOExecute.idl\n'}
[71.964628] (dobot_msgs_v3) StdoutLine: {'line': b'-- Installing: /home/huahai/dobot_ws/install/dobot_msgs_v3/share/dobot_msgs_v3/srv/User.idl\n'}
[71.964882] (dobot_msgs_v3) StdoutLine: {'line': b'-- Installing: /home/huahai/dobot_ws/install/dobot_msgs_v3/share/dobot_msgs_v3/srv/Wait.idl\n'}
[71.965347] (dobot_msgs_v3) StdoutLine: {'line': b'-- Installing: /home/huahai/dobot_ws/install/dobot_msgs_v3/share/dobot_msgs_v3/msg/RobotStatus.msg\n'}
[71.965444] (dobot_msgs_v3) StdoutLine: {'line': b'-- Installing: /home/huahai/dobot_ws/install/dobot_msgs_v3/share/dobot_msgs_v3/msg/ToolVectorActual.msg\n'}
[71.965592] (dobot_msgs_v3) StdoutLine: {'line': b'-- Installing: /home/huahai/dobot_ws/install/dobot_msgs_v3/share/dobot_msgs_v3/srv/AccJ.srv\n'}
[71.965864] (dobot_msgs_v3) StdoutLine: {'line': b'-- Installing: /home/huahai/dobot_ws/install/dobot_msgs_v3/share/dobot_msgs_v3/srv/AccJ_Request.msg\n'}
[71.966146] (dobot_msgs_v3) StdoutLine: {'line': b'-- Installing: /home/huahai/dobot_ws/install/dobot_msgs_v3/share/dobot_msgs_v3/srv/AccJ_Response.msg\n'}
[71.966297] (dobot_msgs_v3) StdoutLine: {'line': b'-- Installing: /home/huahai/dobot_ws/install/dobot_msgs_v3/share/dobot_msgs_v3/srv/AccL.srv\n'}
[71.966772] (dobot_msgs_v3) StdoutLine: {'line': b'-- Installing: /home/huahai/dobot_ws/install/dobot_msgs_v3/share/dobot_msgs_v3/srv/AccL_Request.msg\n'}
[71.966826] (dobot_msgs_v3) StdoutLine: {'line': b'-- Installing: /home/huahai/dobot_ws/install/dobot_msgs_v3/share/dobot_msgs_v3/srv/AccL_Response.msg\n'}
[71.966946] (dobot_msgs_v3) StdoutLine: {'line': b'-- Installing: /home/huahai/dobot_ws/install/dobot_msgs_v3/share/dobot_msgs_v3/srv/AO.srv\n'}
[71.967152] (dobot_msgs_v3) StdoutLine: {'line': b'-- Installing: /home/huahai/dobot_ws/install/dobot_msgs_v3/share/dobot_msgs_v3/srv/AO_Request.msg\n'}
[71.967354] (dobot_msgs_v3) StdoutLine: {'line': b'-- Installing: /home/huahai/dobot_ws/install/dobot_msgs_v3/share/dobot_msgs_v3/srv/AO_Response.msg\n'}
[71.967763] (dobot_msgs_v3) StdoutLine: {'line': b'-- Installing: /home/huahai/dobot_ws/install/dobot_msgs_v3/share/dobot_msgs_v3/srv/AOExecute.srv\n'}
[71.968242] (dobot_msgs_v3) StdoutLine: {'line': b'-- Installing: /home/huahai/dobot_ws/install/dobot_msgs_v3/share/dobot_msgs_v3/srv/AOExecute_Request.msg\n'}
[71.968837] (dobot_msgs_v3) StdoutLine: {'line': b'-- Installing: /home/huahai/dobot_ws/install/dobot_msgs_v3/share/dobot_msgs_v3/srv/AOExecute_Response.msg\n'}
[71.968935] (dobot_msgs_v3) StdoutLine: {'line': b'-- Installing: /home/huahai/dobot_ws/install/dobot_msgs_v3/share/dobot_msgs_v3/srv/Arc.srv\n'}
[71.969061] (dobot_msgs_v3) StdoutLine: {'line': b'-- Installing: /home/huahai/dobot_ws/install/dobot_msgs_v3/share/dobot_msgs_v3/srv/Arc_Request.msg\n'}
[71.969134] (dobot_msgs_v3) StdoutLine: {'line': b'-- Installing: /home/huahai/dobot_ws/install/dobot_msgs_v3/share/dobot_msgs_v3/srv/Arc_Response.msg\n'}
[71.969320] (dobot_msgs_v3) StdoutLine: {'line': b'-- Installing: /home/huahai/dobot_ws/install/dobot_msgs_v3/share/dobot_msgs_v3/srv/Arch.srv\n'}
[71.969493] (dobot_msgs_v3) StdoutLine: {'line': b'-- Installing: /home/huahai/dobot_ws/install/dobot_msgs_v3/share/dobot_msgs_v3/srv/Arch_Request.msg\n'}
[71.969732] (dobot_msgs_v3) StdoutLine: {'line': b'-- Installing: /home/huahai/dobot_ws/install/dobot_msgs_v3/share/dobot_msgs_v3/srv/Arch_Response.msg\n'}
[71.969984] (dobot_msgs_v3) StdoutLine: {'line': b'-- Installing: /home/huahai/dobot_ws/install/dobot_msgs_v3/share/dobot_msgs_v3/srv/BrakeControl.srv\n'}
[71.970236] (dobot_msgs_v3) StdoutLine: {'line': b'-- Installing: /home/huahai/dobot_ws/install/dobot_msgs_v3/share/dobot_msgs_v3/srv/BrakeControl_Request.msg\n'}
[71.970413] (dobot_msgs_v3) StdoutLine: {'line': b'-- Installing: /home/huahai/dobot_ws/install/dobot_msgs_v3/share/dobot_msgs_v3/srv/BrakeControl_Response.msg\n'}
[71.970777] (dobot_msgs_v3) StdoutLine: {'line': b'-- Installing: /home/huahai/dobot_ws/install/dobot_msgs_v3/share/dobot_msgs_v3/srv/Circle.srv\n'}
[71.971049] (dobot_msgs_v3) StdoutLine: {'line': b'-- Installing: /home/huahai/dobot_ws/install/dobot_msgs_v3/share/dobot_msgs_v3/srv/Circle_Request.msg\n'}
[71.971197] (dobot_msgs_v3) StdoutLine: {'line': b'-- Installing: /home/huahai/dobot_ws/install/dobot_msgs_v3/share/dobot_msgs_v3/srv/Circle_Response.msg\n'}
[71.971376] (dobot_msgs_v3) StdoutLine: {'line': b'-- Installing: /home/huahai/dobot_ws/install/dobot_msgs_v3/share/dobot_msgs_v3/srv/ClearError.srv\n'}
[71.971616] (dobot_msgs_v3) StdoutLine: {'line': b'-- Installing: /home/huahai/dobot_ws/install/dobot_msgs_v3/share/dobot_msgs_v3/srv/ClearError_Request.msg\n'}
[71.971878] (dobot_msgs_v3) StdoutLine: {'line': b'-- Installing: /home/huahai/dobot_ws/install/dobot_msgs_v3/share/dobot_msgs_v3/srv/ClearError_Response.msg\n'}
[71.972049] (dobot_msgs_v3) StdoutLine: {'line': b'-- Installing: /home/huahai/dobot_ws/install/dobot_msgs_v3/share/dobot_msgs_v3/srv/Continues.srv\n'}
[71.972239] (dobot_msgs_v3) StdoutLine: {'line': b'-- Installing: /home/huahai/dobot_ws/install/dobot_msgs_v3/share/dobot_msgs_v3/srv/Continues_Request.msg\n'}
[71.972526] (dobot_msgs_v3) StdoutLine: {'line': b'-- Installing: /home/huahai/dobot_ws/install/dobot_msgs_v3/share/dobot_msgs_v3/srv/Continues_Response.msg\n'}
[71.972761] (dobot_msgs_v3) StdoutLine: {'line': b'-- Installing: /home/huahai/dobot_ws/install/dobot_msgs_v3/share/dobot_msgs_v3/srv/ContinueScript.srv\n'}
[71.972935] (dobot_msgs_v3) StdoutLine: {'line': b'-- Installing: /home/huahai/dobot_ws/install/dobot_msgs_v3/share/dobot_msgs_v3/srv/ContinueScript_Request.msg\n'}
[71.973111] (dobot_msgs_v3) StdoutLine: {'line': b'-- Installing: /home/huahai/dobot_ws/install/dobot_msgs_v3/share/dobot_msgs_v3/srv/ContinueScript_Response.msg\n'}
[71.973430] (dobot_msgs_v3) StdoutLine: {'line': b'-- Installing: /home/huahai/dobot_ws/install/dobot_msgs_v3/share/dobot_msgs_v3/srv/CP.srv\n'}
[71.973624] (dobot_msgs_v3) StdoutLine: {'line': b'-- Installing: /home/huahai/dobot_ws/install/dobot_msgs_v3/share/dobot_msgs_v3/srv/CP_Request.msg\n'}
[71.973828] (dobot_msgs_v3) StdoutLine: {'line': b'-- Installing: /home/huahai/dobot_ws/install/dobot_msgs_v3/share/dobot_msgs_v3/srv/CP_Response.msg\n'}
[71.974024] (dobot_msgs_v3) StdoutLine: {'line': b'-- Installing: /home/huahai/dobot_ws/install/dobot_msgs_v3/share/dobot_msgs_v3/srv/DI.srv\n'}
[71.974258] (dobot_msgs_v3) StdoutLine: {'line': b'-- Installing: /home/huahai/dobot_ws/install/dobot_msgs_v3/share/dobot_msgs_v3/srv/DI_Request.msg\n'}
[71.974446] (dobot_msgs_v3) StdoutLine: {'line': b'-- Installing: /home/huahai/dobot_ws/install/dobot_msgs_v3/share/dobot_msgs_v3/srv/DI_Response.msg\n'}
[71.974614] (dobot_msgs_v3) StdoutLine: {'line': b'-- Installing: /home/huahai/dobot_ws/install/dobot_msgs_v3/share/dobot_msgs_v3/srv/DigitalOutputs.srv\n'}
[71.974771] (dobot_msgs_v3) StdoutLine: {'line': b'-- Installing: /home/huahai/dobot_ws/install/dobot_msgs_v3/share/dobot_msgs_v3/srv/DigitalOutputs_Request.msg\n'}
[71.975075] (dobot_msgs_v3) StdoutLine: {'line': b'-- Installing: /home/huahai/dobot_ws/install/dobot_msgs_v3/share/dobot_msgs_v3/srv/DigitalOutputs_Response.msg\n'}
[71.975268] (dobot_msgs_v3) StdoutLine: {'line': b'-- Installing: /home/huahai/dobot_ws/install/dobot_msgs_v3/share/dobot_msgs_v3/srv/DisableRobot.srv\n'}
[71.975434] (dobot_msgs_v3) StdoutLine: {'line': b'-- Installing: /home/huahai/dobot_ws/install/dobot_msgs_v3/share/dobot_msgs_v3/srv/DisableRobot_Request.msg\n'}
[71.975612] (dobot_msgs_v3) StdoutLine: {'line': b'-- Installing: /home/huahai/dobot_ws/install/dobot_msgs_v3/share/dobot_msgs_v3/srv/DisableRobot_Response.msg\n'}
[71.975877] (dobot_msgs_v3) StdoutLine: {'line': b'-- Installing: /home/huahai/dobot_ws/install/dobot_msgs_v3/share/dobot_msgs_v3/srv/DO.srv\n'}
[71.976140] (dobot_msgs_v3) StdoutLine: {'line': b'-- Installing: /home/huahai/dobot_ws/install/dobot_msgs_v3/share/dobot_msgs_v3/srv/DO_Request.msg\n'}
[71.976369] (dobot_msgs_v3) StdoutLine: {'line': b'-- Installing: /home/huahai/dobot_ws/install/dobot_msgs_v3/share/dobot_msgs_v3/srv/DO_Response.msg\n'}
[71.976552] (dobot_msgs_v3) StdoutLine: {'line': b'-- Installing: /home/huahai/dobot_ws/install/dobot_msgs_v3/share/dobot_msgs_v3/srv/DOExecute.srv\n'}
[71.976823] (dobot_msgs_v3) StdoutLine: {'line': b'-- Installing: /home/huahai/dobot_ws/install/dobot_msgs_v3/share/dobot_msgs_v3/srv/DOExecute_Request.msg\n'}
[71.977069] (dobot_msgs_v3) StdoutLine: {'line': b'-- Installing: /home/huahai/dobot_ws/install/dobot_msgs_v3/share/dobot_msgs_v3/srv/DOExecute_Response.msg\n'}
[71.977180] (dobot_msgs_v3) StdoutLine: {'line': b'-- Installing: /home/huahai/dobot_ws/install/dobot_msgs_v3/share/dobot_msgs_v3/srv/DOGroup.srv\n'}
[71.977404] (dobot_msgs_v3) StdoutLine: {'line': b'-- Installing: /home/huahai/dobot_ws/install/dobot_msgs_v3/share/dobot_msgs_v3/srv/DOGroup_Request.msg\n'}
[71.977625] (dobot_msgs_v3) StdoutLine: {'line': b'-- Installing: /home/huahai/dobot_ws/install/dobot_msgs_v3/share/dobot_msgs_v3/srv/DOGroup_Response.msg\n'}
[71.977828] (dobot_msgs_v3) StdoutLine: {'line': b'-- Installing: /home/huahai/dobot_ws/install/dobot_msgs_v3/share/dobot_msgs_v3/srv/EmergencyStop.srv\n'}
[71.978117] (dobot_msgs_v3) StdoutLine: {'line': b'-- Installing: /home/huahai/dobot_ws/install/dobot_msgs_v3/share/dobot_msgs_v3/srv/EmergencyStop_Request.msg\n'}
[71.978291] (dobot_msgs_v3) StdoutLine: {'line': b'-- Installing: /home/huahai/dobot_ws/install/dobot_msgs_v3/share/dobot_msgs_v3/srv/EmergencyStop_Response.msg\n'}
[71.978416] (dobot_msgs_v3) StdoutLine: {'line': b'-- Installing: /home/huahai/dobot_ws/install/dobot_msgs_v3/share/dobot_msgs_v3/srv/EnableRobot.srv\n'}
[71.978578] (dobot_msgs_v3) StdoutLine: {'line': b'-- Installing: /home/huahai/dobot_ws/install/dobot_msgs_v3/share/dobot_msgs_v3/srv/EnableRobot_Request.msg\n'}
[71.978746] (dobot_msgs_v3) StdoutLine: {'line': b'-- Installing: /home/huahai/dobot_ws/install/dobot_msgs_v3/share/dobot_msgs_v3/srv/EnableRobot_Response.msg\n'}
[71.978923] (dobot_msgs_v3) StdoutLine: {'line': b'-- Installing: /home/huahai/dobot_ws/install/dobot_msgs_v3/share/dobot_msgs_v3/srv/GetAngle.srv\n'}
[71.979158] (dobot_msgs_v3) StdoutLine: {'line': b'-- Installing: /home/huahai/dobot_ws/install/dobot_msgs_v3/share/dobot_msgs_v3/srv/GetAngle_Request.msg\n'}
[71.979325] (dobot_msgs_v3) StdoutLine: {'line': b'-- Installing: /home/huahai/dobot_ws/install/dobot_msgs_v3/share/dobot_msgs_v3/srv/GetAngle_Response.msg\n'}
[71.979499] (dobot_msgs_v3) StdoutLine: {'line': b'-- Installing: /home/huahai/dobot_ws/install/dobot_msgs_v3/share/dobot_msgs_v3/srv/GetCoils.srv\n'}
[71.979661] (dobot_msgs_v3) StdoutLine: {'line': b'-- Installing: /home/huahai/dobot_ws/install/dobot_msgs_v3/share/dobot_msgs_v3/srv/GetCoils_Request.msg\n'}
[71.979912] (dobot_msgs_v3) StdoutLine: {'line': b'-- Installing: /home/huahai/dobot_ws/install/dobot_msgs_v3/share/dobot_msgs_v3/srv/GetCoils_Response.msg\n'}
[71.980182] (dobot_msgs_v3) StdoutLine: {'line': b'-- Installing: /home/huahai/dobot_ws/install/dobot_msgs_v3/share/dobot_msgs_v3/srv/GetErrorID.srv\n'}
[71.980271] (dobot_msgs_v3) StdoutLine: {'line': b'-- Installing: /home/huahai/dobot_ws/install/dobot_msgs_v3/share/dobot_msgs_v3/srv/GetErrorID_Request.msg\n'}
[71.980436] (dobot_msgs_v3) StdoutLine: {'line': b'-- Installing: /home/huahai/dobot_ws/install/dobot_msgs_v3/share/dobot_msgs_v3/srv/GetErrorID_Response.msg\n'}
[71.980676] (dobot_msgs_v3) StdoutLine: {'line': b'-- Installing: /home/huahai/dobot_ws/install/dobot_msgs_v3/share/dobot_msgs_v3/srv/GetHoldRegs.srv\n'}
[71.981071] (dobot_msgs_v3) StdoutLine: {'line': b'-- Installing: /home/huahai/dobot_ws/install/dobot_msgs_v3/share/dobot_msgs_v3/srv/GetHoldRegs_Request.msg\n'}
[71.981141] (dobot_msgs_v3) StdoutLine: {'line': b'-- Installing: /home/huahai/dobot_ws/install/dobot_msgs_v3/share/dobot_msgs_v3/srv/GetHoldRegs_Response.msg\n'}
[71.981318] (dobot_msgs_v3) StdoutLine: {'line': b'-- Installing: /home/huahai/dobot_ws/install/dobot_msgs_v3/share/dobot_msgs_v3/srv/GetInBits.srv\n'}
[71.981551] (dobot_msgs_v3) StdoutLine: {'line': b'-- Installing: /home/huahai/dobot_ws/install/dobot_msgs_v3/share/dobot_msgs_v3/srv/GetInBits_Request.msg\n'}
[71.981787] (dobot_msgs_v3) StdoutLine: {'line': b'-- Installing: /home/huahai/dobot_ws/install/dobot_msgs_v3/share/dobot_msgs_v3/srv/GetInBits_Response.msg\n'}
[71.982004] (dobot_msgs_v3) StdoutLine: {'line': b'-- Installing: /home/huahai/dobot_ws/install/dobot_msgs_v3/share/dobot_msgs_v3/srv/GetInRegs.srv\n'}
[71.982217] (dobot_msgs_v3) StdoutLine: {'line': b'-- Installing: /home/huahai/dobot_ws/install/dobot_msgs_v3/share/dobot_msgs_v3/srv/GetInRegs_Request.msg\n'}
[71.982463] (dobot_msgs_v3) StdoutLine: {'line': b'-- Installing: /home/huahai/dobot_ws/install/dobot_msgs_v3/share/dobot_msgs_v3/srv/GetInRegs_Response.msg\n'}
[71.982704] (dobot_msgs_v3) StdoutLine: {'line': b'-- Installing: /home/huahai/dobot_ws/install/dobot_msgs_v3/share/dobot_msgs_v3/srv/GetPose.srv\n'}
[71.983041] (dobot_msgs_v3) StdoutLine: {'line': b'-- Installing: /home/huahai/dobot_ws/install/dobot_msgs_v3/share/dobot_msgs_v3/srv/GetPose_Request.msg\n'}
[71.983134] (dobot_msgs_v3) StdoutLine: {'line': b'-- Installing: /home/huahai/dobot_ws/install/dobot_msgs_v3/share/dobot_msgs_v3/srv/GetPose_Response.msg\n'}
[71.983389] (dobot_msgs_v3) StdoutLine: {'line': b'-- Installing: /home/huahai/dobot_ws/install/dobot_msgs_v3/share/dobot_msgs_v3/srv/InverseSolution.srv\n'}
[71.983565] (dobot_msgs_v3) StdoutLine: {'line': b'-- Installing: /home/huahai/dobot_ws/install/dobot_msgs_v3/share/dobot_msgs_v3/srv/InverseSolution_Request.msg\n'}
[71.983739] (dobot_msgs_v3) StdoutLine: {'line': b'-- Installing: /home/huahai/dobot_ws/install/dobot_msgs_v3/share/dobot_msgs_v3/srv/InverseSolution_Response.msg\n'}
[71.984041] (dobot_msgs_v3) StdoutLine: {'line': b'-- Installing: /home/huahai/dobot_ws/install/dobot_msgs_v3/share/dobot_msgs_v3/srv/JointMovJ.srv\n'}
[71.984231] (dobot_msgs_v3) StdoutLine: {'line': b'-- Installing: /home/huahai/dobot_ws/install/dobot_msgs_v3/share/dobot_msgs_v3/srv/JointMovJ_Request.msg\n'}
[71.984432] (dobot_msgs_v3) StdoutLine: {'line': b'-- Installing: /home/huahai/dobot_ws/install/dobot_msgs_v3/share/dobot_msgs_v3/srv/JointMovJ_Response.msg\n'}
[71.984633] (dobot_msgs_v3) StdoutLine: {'line': b'-- Installing: /home/huahai/dobot_ws/install/dobot_msgs_v3/share/dobot_msgs_v3/srv/Jump.srv\n'}
[71.984781] (dobot_msgs_v3) StdoutLine: {'line': b'-- Installing: /home/huahai/dobot_ws/install/dobot_msgs_v3/share/dobot_msgs_v3/srv/Jump_Request.msg\n'}
[71.985038] (dobot_msgs_v3) StdoutLine: {'line': b'-- Installing: /home/huahai/dobot_ws/install/dobot_msgs_v3/share/dobot_msgs_v3/srv/Jump_Response.msg\n'}
[71.985219] (dobot_msgs_v3) StdoutLine: {'line': b'-- Installing: /home/huahai/dobot_ws/install/dobot_msgs_v3/share/dobot_msgs_v3/srv/LimZ.srv\n'}
[71.985366] (dobot_msgs_v3) StdoutLine: {'line': b'-- Installing: /home/huahai/dobot_ws/install/dobot_msgs_v3/share/dobot_msgs_v3/srv/LimZ_Request.msg\n'}
[71.987873] (dobot_msgs_v3) StdoutLine: {'line': b'-- Installing: /home/huahai/dobot_ws/install/dobot_msgs_v3/share/dobot_msgs_v3/srv/LimZ_Response.msg\n'}
[71.987934] (dobot_msgs_v3) StdoutLine: {'line': b'-- Installing: /home/huahai/dobot_ws/install/dobot_msgs_v3/share/dobot_msgs_v3/srv/LoadSwitch.srv\n'}
[71.987969] (dobot_msgs_v3) StdoutLine: {'line': b'-- Installing: /home/huahai/dobot_ws/install/dobot_msgs_v3/share/dobot_msgs_v3/srv/LoadSwitch_Request.msg\n'}
[71.987999] (dobot_msgs_v3) StdoutLine: {'line': b'-- Installing: /home/huahai/dobot_ws/install/dobot_msgs_v3/share/dobot_msgs_v3/srv/LoadSwitch_Response.msg\n'}
[71.988029] (dobot_msgs_v3) StdoutLine: {'line': b'-- Installing: /home/huahai/dobot_ws/install/dobot_msgs_v3/share/dobot_msgs_v3/srv/ModbusClose.srv\n'}
[71.988058] (dobot_msgs_v3) StdoutLine: {'line': b'-- Installing: /home/huahai/dobot_ws/install/dobot_msgs_v3/share/dobot_msgs_v3/srv/ModbusClose_Request.msg\n'}
[71.988090] (dobot_msgs_v3) StdoutLine: {'line': b'-- Installing: /home/huahai/dobot_ws/install/dobot_msgs_v3/share/dobot_msgs_v3/srv/ModbusClose_Response.msg\n'}
[71.988121] (dobot_msgs_v3) StdoutLine: {'line': b'-- Installing: /home/huahai/dobot_ws/install/dobot_msgs_v3/share/dobot_msgs_v3/srv/ModbusCreate.srv\n'}
[71.988152] (dobot_msgs_v3) StdoutLine: {'line': b'-- Installing: /home/huahai/dobot_ws/install/dobot_msgs_v3/share/dobot_msgs_v3/srv/ModbusCreate_Request.msg\n'}
[71.988182] (dobot_msgs_v3) StdoutLine: {'line': b'-- Installing: /home/huahai/dobot_ws/install/dobot_msgs_v3/share/dobot_msgs_v3/srv/ModbusCreate_Response.msg\n'}
[71.988210] (dobot_msgs_v3) StdoutLine: {'line': b'-- Installing: /home/huahai/dobot_ws/install/dobot_msgs_v3/share/dobot_msgs_v3/srv/MoveJog.srv\n'}
[71.988246] (dobot_msgs_v3) StdoutLine: {'line': b'-- Installing: /home/huahai/dobot_ws/install/dobot_msgs_v3/share/dobot_msgs_v3/srv/MoveJog_Request.msg\n'}
[71.988275] (dobot_msgs_v3) StdoutLine: {'line': b'-- Installing: /home/huahai/dobot_ws/install/dobot_msgs_v3/share/dobot_msgs_v3/srv/MoveJog_Response.msg\n'}
[71.988331] (dobot_msgs_v3) StdoutLine: {'line': b'-- Installing: /home/huahai/dobot_ws/install/dobot_msgs_v3/share/dobot_msgs_v3/srv/MovJ.srv\n'}
[71.988363] (dobot_msgs_v3) StdoutLine: {'line': b'-- Installing: /home/huahai/dobot_ws/install/dobot_msgs_v3/share/dobot_msgs_v3/srv/MovJ_Request.msg\n'}
[71.988395] (dobot_msgs_v3) StdoutLine: {'line': b'-- Installing: /home/huahai/dobot_ws/install/dobot_msgs_v3/share/dobot_msgs_v3/srv/MovJ_Response.msg\n'}
[71.988520] (dobot_msgs_v3) StdoutLine: {'line': b'-- Installing: /home/huahai/dobot_ws/install/dobot_msgs_v3/share/dobot_msgs_v3/srv/MovJExt.srv\n'}
[71.988783] (dobot_msgs_v3) StdoutLine: {'line': b'-- Installing: /home/huahai/dobot_ws/install/dobot_msgs_v3/share/dobot_msgs_v3/srv/MovJExt_Request.msg\n'}
[71.989027] (dobot_msgs_v3) StdoutLine: {'line': b'-- Installing: /home/huahai/dobot_ws/install/dobot_msgs_v3/share/dobot_msgs_v3/srv/MovJExt_Response.msg\n'}
[71.989302] (dobot_msgs_v3) StdoutLine: {'line': b'-- Installing: /home/huahai/dobot_ws/install/dobot_msgs_v3/share/dobot_msgs_v3/srv/MovJIO.srv\n'}
[71.989668] (dobot_msgs_v3) StdoutLine: {'line': b'-- Installing: /home/huahai/dobot_ws/install/dobot_msgs_v3/share/dobot_msgs_v3/srv/MovJIO_Request.msg\n'}
[71.989922] (dobot_msgs_v3) StdoutLine: {'line': b'-- Installing: /home/huahai/dobot_ws/install/dobot_msgs_v3/share/dobot_msgs_v3/srv/MovJIO_Response.msg\n'}
[71.990163] (dobot_msgs_v3) StdoutLine: {'line': b'-- Installing: /home/huahai/dobot_ws/install/dobot_msgs_v3/share/dobot_msgs_v3/srv/MovL.srv\n'}
[71.990272] (dobot_msgs_v3) StdoutLine: {'line': b'-- Installing: /home/huahai/dobot_ws/install/dobot_msgs_v3/share/dobot_msgs_v3/srv/MovL_Request.msg\n'}
[71.990445] (dobot_msgs_v3) StdoutLine: {'line': b'-- Installing: /home/huahai/dobot_ws/install/dobot_msgs_v3/share/dobot_msgs_v3/srv/MovL_Response.msg\n'}
[71.990688] (dobot_msgs_v3) StdoutLine: {'line': b'-- Installing: /home/huahai/dobot_ws/install/dobot_msgs_v3/share/dobot_msgs_v3/srv/MovLIO.srv\n'}
[71.991163] (dobot_msgs_v3) StdoutLine: {'line': b'-- Installing: /home/huahai/dobot_ws/install/dobot_msgs_v3/share/dobot_msgs_v3/srv/MovLIO_Request.msg\n'}
[71.991277] (dobot_msgs_v3) StdoutLine: {'line': b'-- Installing: /home/huahai/dobot_ws/install/dobot_msgs_v3/share/dobot_msgs_v3/srv/MovLIO_Response.msg\n'}
[71.991525] (dobot_msgs_v3) StdoutLine: {'line': b'-- Installing: /home/huahai/dobot_ws/install/dobot_msgs_v3/share/dobot_msgs_v3/srv/Pause.srv\n'}
[71.991758] (dobot_msgs_v3) StdoutLine: {'line': b'-- Installing: /home/huahai/dobot_ws/install/dobot_msgs_v3/share/dobot_msgs_v3/srv/Pause_Request.msg\n'}
[71.991935] (dobot_msgs_v3) StdoutLine: {'line': b'-- Installing: /home/huahai/dobot_ws/install/dobot_msgs_v3/share/dobot_msgs_v3/srv/Pause_Response.msg\n'}
[71.992136] (dobot_msgs_v3) StdoutLine: {'line': b'-- Installing: /home/huahai/dobot_ws/install/dobot_msgs_v3/share/dobot_msgs_v3/srv/PauseScript.srv\n'}
[71.992296] (dobot_msgs_v3) StdoutLine: {'line': b'-- Installing: /home/huahai/dobot_ws/install/dobot_msgs_v3/share/dobot_msgs_v3/srv/PauseScript_Request.msg\n'}
[71.992526] (dobot_msgs_v3) StdoutLine: {'line': b'-- Installing: /home/huahai/dobot_ws/install/dobot_msgs_v3/share/dobot_msgs_v3/srv/PauseScript_Response.msg\n'}
[71.992691] (dobot_msgs_v3) StdoutLine: {'line': b'-- Installing: /home/huahai/dobot_ws/install/dobot_msgs_v3/share/dobot_msgs_v3/srv/PayLoad.srv\n'}
[71.992858] (dobot_msgs_v3) StdoutLine: {'line': b'-- Installing: /home/huahai/dobot_ws/install/dobot_msgs_v3/share/dobot_msgs_v3/srv/PayLoad_Request.msg\n'}
[71.993045] (dobot_msgs_v3) StdoutLine: {'line': b'-- Installing: /home/huahai/dobot_ws/install/dobot_msgs_v3/share/dobot_msgs_v3/srv/PayLoad_Response.msg\n'}
[71.993292] (dobot_msgs_v3) StdoutLine: {'line': b'-- Installing: /home/huahai/dobot_ws/install/dobot_msgs_v3/share/dobot_msgs_v3/srv/PositiveSolution.srv\n'}
[71.993464] (dobot_msgs_v3) StdoutLine: {'line': b'-- Installing: /home/huahai/dobot_ws/install/dobot_msgs_v3/share/dobot_msgs_v3/srv/PositiveSolution_Request.msg\n'}
[71.993632] (dobot_msgs_v3) StdoutLine: {'line': b'-- Installing: /home/huahai/dobot_ws/install/dobot_msgs_v3/share/dobot_msgs_v3/srv/PositiveSolution_Response.msg\n'}
[71.993815] (dobot_msgs_v3) StdoutLine: {'line': b'-- Installing: /home/huahai/dobot_ws/install/dobot_msgs_v3/share/dobot_msgs_v3/srv/PowerOn.srv\n'}
[71.994106] (dobot_msgs_v3) StdoutLine: {'line': b'-- Installing: /home/huahai/dobot_ws/install/dobot_msgs_v3/share/dobot_msgs_v3/srv/PowerOn_Request.msg\n'}
[71.994357] (dobot_msgs_v3) StdoutLine: {'line': b'-- Installing: /home/huahai/dobot_ws/install/dobot_msgs_v3/share/dobot_msgs_v3/srv/PowerOn_Response.msg\n'}
[71.994420] (-) TimerEvent: {}
[71.994854] (dobot_msgs_v3) StdoutLine: {'line': b'-- Installing: /home/huahai/dobot_ws/install/dobot_msgs_v3/share/dobot_msgs_v3/srv/RelJointMovJ.srv\n'}
[71.994982] (dobot_msgs_v3) StdoutLine: {'line': b'-- Installing: /home/huahai/dobot_ws/install/dobot_msgs_v3/share/dobot_msgs_v3/srv/RelJointMovJ_Request.msg\n'}
[71.995087] (dobot_msgs_v3) StdoutLine: {'line': b'-- Installing: /home/huahai/dobot_ws/install/dobot_msgs_v3/share/dobot_msgs_v3/srv/RelJointMovJ_Response.msg\n'}
[71.995352] (dobot_msgs_v3) StdoutLine: {'line': b'-- Installing: /home/huahai/dobot_ws/install/dobot_msgs_v3/share/dobot_msgs_v3/srv/RelMovJ.srv\n'}
[71.995655] (dobot_msgs_v3) StdoutLine: {'line': b'-- Installing: /home/huahai/dobot_ws/install/dobot_msgs_v3/share/dobot_msgs_v3/srv/RelMovJ_Request.msg\n'}
[71.995889] (dobot_msgs_v3) StdoutLine: {'line': b'-- Installing: /home/huahai/dobot_ws/install/dobot_msgs_v3/share/dobot_msgs_v3/srv/RelMovJ_Response.msg\n'}
[71.996207] (dobot_msgs_v3) StdoutLine: {'line': b'-- Installing: /home/huahai/dobot_ws/install/dobot_msgs_v3/share/dobot_msgs_v3/srv/RelMovJUser.srv\n'}
[71.996511] (dobot_msgs_v3) StdoutLine: {'line': b'-- Installing: /home/huahai/dobot_ws/install/dobot_msgs_v3/share/dobot_msgs_v3/srv/RelMovJUser_Request.msg\n'}
[71.996786] (dobot_msgs_v3) StdoutLine: {'line': b'-- Installing: /home/huahai/dobot_ws/install/dobot_msgs_v3/share/dobot_msgs_v3/srv/RelMovJUser_Response.msg\n'}
[71.996898] (dobot_msgs_v3) StdoutLine: {'line': b'-- Installing: /home/huahai/dobot_ws/install/dobot_msgs_v3/share/dobot_msgs_v3/srv/RelMovJTool.srv\n'}
[71.997193] (dobot_msgs_v3) StdoutLine: {'line': b'-- Installing: /home/huahai/dobot_ws/install/dobot_msgs_v3/share/dobot_msgs_v3/srv/RelMovJTool_Request.msg\n'}
[71.997337] (dobot_msgs_v3) StdoutLine: {'line': b'-- Installing: /home/huahai/dobot_ws/install/dobot_msgs_v3/share/dobot_msgs_v3/srv/RelMovJTool_Response.msg\n'}
[71.997504] (dobot_msgs_v3) StdoutLine: {'line': b'-- Installing: /home/huahai/dobot_ws/install/dobot_msgs_v3/share/dobot_msgs_v3/srv/RelMovL.srv\n'}
[71.997682] (dobot_msgs_v3) StdoutLine: {'line': b'-- Installing: /home/huahai/dobot_ws/install/dobot_msgs_v3/share/dobot_msgs_v3/srv/RelMovL_Request.msg\n'}
[71.997998] (dobot_msgs_v3) StdoutLine: {'line': b'-- Installing: /home/huahai/dobot_ws/install/dobot_msgs_v3/share/dobot_msgs_v3/srv/RelMovL_Response.msg\n'}
[71.998177] (dobot_msgs_v3) StdoutLine: {'line': b'-- Installing: /home/huahai/dobot_ws/install/dobot_msgs_v3/share/dobot_msgs_v3/srv/RelMovLUser.srv\n'}
[71.998392] (dobot_msgs_v3) StdoutLine: {'line': b'-- Installing: /home/huahai/dobot_ws/install/dobot_msgs_v3/share/dobot_msgs_v3/srv/RelMovLUser_Request.msg\n'}
[71.998542] (dobot_msgs_v3) StdoutLine: {'line': b'-- Installing: /home/huahai/dobot_ws/install/dobot_msgs_v3/share/dobot_msgs_v3/srv/RelMovLUser_Response.msg\n'}
[71.998769] (dobot_msgs_v3) StdoutLine: {'line': b'-- Installing: /home/huahai/dobot_ws/install/dobot_msgs_v3/share/dobot_msgs_v3/srv/RelMovLTool.srv\n'}
[71.998955] (dobot_msgs_v3) StdoutLine: {'line': b'-- Installing: /home/huahai/dobot_ws/install/dobot_msgs_v3/share/dobot_msgs_v3/srv/RelMovLTool_Request.msg\n'}
[71.999137] (dobot_msgs_v3) StdoutLine: {'line': b'-- Installing: /home/huahai/dobot_ws/install/dobot_msgs_v3/share/dobot_msgs_v3/srv/RelMovLTool_Response.msg\n'}
[71.999298] (dobot_msgs_v3) StdoutLine: {'line': b'-- Installing: /home/huahai/dobot_ws/install/dobot_msgs_v3/share/dobot_msgs_v3/srv/ResetRobot.srv\n'}
[71.999540] (dobot_msgs_v3) StdoutLine: {'line': b'-- Installing: /home/huahai/dobot_ws/install/dobot_msgs_v3/share/dobot_msgs_v3/srv/ResetRobot_Request.msg\n'}
[71.999716] (dobot_msgs_v3) StdoutLine: {'line': b'-- Installing: /home/huahai/dobot_ws/install/dobot_msgs_v3/share/dobot_msgs_v3/srv/ResetRobot_Response.msg\n'}
[71.999893] (dobot_msgs_v3) StdoutLine: {'line': b'-- Installing: /home/huahai/dobot_ws/install/dobot_msgs_v3/share/dobot_msgs_v3/srv/RobotMode.srv\n'}
[72.000165] (dobot_msgs_v3) StdoutLine: {'line': b'-- Installing: /home/huahai/dobot_ws/install/dobot_msgs_v3/share/dobot_msgs_v3/srv/RobotMode_Request.msg\n'}
[72.000424] (dobot_msgs_v3) StdoutLine: {'line': b'-- Installing: /home/huahai/dobot_ws/install/dobot_msgs_v3/share/dobot_msgs_v3/srv/RobotMode_Response.msg\n'}
[72.000604] (dobot_msgs_v3) StdoutLine: {'line': b'-- Installing: /home/huahai/dobot_ws/install/dobot_msgs_v3/share/dobot_msgs_v3/srv/RunScript.srv\n'}
[72.000798] (dobot_msgs_v3) StdoutLine: {'line': b'-- Installing: /home/huahai/dobot_ws/install/dobot_msgs_v3/share/dobot_msgs_v3/srv/RunScript_Request.msg\n'}
[72.001041] (dobot_msgs_v3) StdoutLine: {'line': b'-- Installing: /home/huahai/dobot_ws/install/dobot_msgs_v3/share/dobot_msgs_v3/srv/RunScript_Response.msg\n'}
[72.001308] (dobot_msgs_v3) StdoutLine: {'line': b'-- Installing: /home/huahai/dobot_ws/install/dobot_msgs_v3/share/dobot_msgs_v3/srv/ServoJ.srv\n'}
[72.001584] (dobot_msgs_v3) StdoutLine: {'line': b'-- Installing: /home/huahai/dobot_ws/install/dobot_msgs_v3/share/dobot_msgs_v3/srv/ServoJ_Request.msg\n'}
[72.001659] (dobot_msgs_v3) StdoutLine: {'line': b'-- Installing: /home/huahai/dobot_ws/install/dobot_msgs_v3/share/dobot_msgs_v3/srv/ServoJ_Response.msg\n'}
[72.001948] (dobot_msgs_v3) StdoutLine: {'line': b'-- Installing: /home/huahai/dobot_ws/install/dobot_msgs_v3/share/dobot_msgs_v3/srv/ServoP.srv\n'}
[72.002275] (dobot_msgs_v3) StdoutLine: {'line': b'-- Installing: /home/huahai/dobot_ws/install/dobot_msgs_v3/share/dobot_msgs_v3/srv/ServoP_Request.msg\n'}
[72.002496] (dobot_msgs_v3) StdoutLine: {'line': b'-- Installing: /home/huahai/dobot_ws/install/dobot_msgs_v3/share/dobot_msgs_v3/srv/ServoP_Response.msg\n'}
[72.002657] (dobot_msgs_v3) StdoutLine: {'line': b'-- Installing: /home/huahai/dobot_ws/install/dobot_msgs_v3/share/dobot_msgs_v3/srv/SetArmOrientation.srv\n'}
[72.002844] (dobot_msgs_v3) StdoutLine: {'line': b'-- Installing: /home/huahai/dobot_ws/install/dobot_msgs_v3/share/dobot_msgs_v3/srv/SetArmOrientation_Request.msg\n'}
[72.003083] (dobot_msgs_v3) StdoutLine: {'line': b'-- Installing: /home/huahai/dobot_ws/install/dobot_msgs_v3/share/dobot_msgs_v3/srv/SetArmOrientation_Response.msg\n'}
[72.003256] (dobot_msgs_v3) StdoutLine: {'line': b'-- Installing: /home/huahai/dobot_ws/install/dobot_msgs_v3/share/dobot_msgs_v3/srv/SetCoils.srv\n'}
[72.003436] (dobot_msgs_v3) StdoutLine: {'line': b'-- Installing: /home/huahai/dobot_ws/install/dobot_msgs_v3/share/dobot_msgs_v3/srv/SetCoils_Request.msg\n'}
[72.003648] (dobot_msgs_v3) StdoutLine: {'line': b'-- Installing: /home/huahai/dobot_ws/install/dobot_msgs_v3/share/dobot_msgs_v3/srv/SetCoils_Response.msg\n'}
[72.003894] (dobot_msgs_v3) StdoutLine: {'line': b'-- Installing: /home/huahai/dobot_ws/install/dobot_msgs_v3/share/dobot_msgs_v3/srv/SetCollisionLevel.srv\n'}
[72.004070] (dobot_msgs_v3) StdoutLine: {'line': b'-- Installing: /home/huahai/dobot_ws/install/dobot_msgs_v3/share/dobot_msgs_v3/srv/SetCollisionLevel_Request.msg\n'}
[72.004250] (dobot_msgs_v3) StdoutLine: {'line': b'-- Installing: /home/huahai/dobot_ws/install/dobot_msgs_v3/share/dobot_msgs_v3/srv/SetCollisionLevel_Response.msg\n'}
[72.004430] (dobot_msgs_v3) StdoutLine: {'line': b'-- Installing: /home/huahai/dobot_ws/install/dobot_msgs_v3/share/dobot_msgs_v3/srv/SetHoldRegs.srv\n'}
[72.004665] (dobot_msgs_v3) StdoutLine: {'line': b'-- Installing: /home/huahai/dobot_ws/install/dobot_msgs_v3/share/dobot_msgs_v3/srv/SetHoldRegs_Request.msg\n'}
[72.004842] (dobot_msgs_v3) StdoutLine: {'line': b'-- Installing: /home/huahai/dobot_ws/install/dobot_msgs_v3/share/dobot_msgs_v3/srv/SetHoldRegs_Response.msg\n'}
[72.005071] (dobot_msgs_v3) StdoutLine: {'line': b'-- Installing: /home/huahai/dobot_ws/install/dobot_msgs_v3/share/dobot_msgs_v3/srv/SetObstacleAvoid.srv\n'}
[72.005351] (dobot_msgs_v3) StdoutLine: {'line': b'-- Installing: /home/huahai/dobot_ws/install/dobot_msgs_v3/share/dobot_msgs_v3/srv/SetObstacleAvoid_Request.msg\n'}
[72.005641] (dobot_msgs_v3) StdoutLine: {'line': b'-- Installing: /home/huahai/dobot_ws/install/dobot_msgs_v3/share/dobot_msgs_v3/srv/SetObstacleAvoid_Response.msg\n'}
[72.005868] (dobot_msgs_v3) StdoutLine: {'line': b'-- Installing: /home/huahai/dobot_ws/install/dobot_msgs_v3/share/dobot_msgs_v3/srv/SetPayload.srv\n'}
[72.006126] (dobot_msgs_v3) StdoutLine: {'line': b'-- Installing: /home/huahai/dobot_ws/install/dobot_msgs_v3/share/dobot_msgs_v3/srv/SetPayload_Request.msg\n'}
[72.006295] (dobot_msgs_v3) StdoutLine: {'line': b'-- Installing: /home/huahai/dobot_ws/install/dobot_msgs_v3/share/dobot_msgs_v3/srv/SetPayload_Response.msg\n'}
[72.006589] (dobot_msgs_v3) StdoutLine: {'line': b'-- Installing: /home/huahai/dobot_ws/install/dobot_msgs_v3/share/dobot_msgs_v3/srv/SetSafeSkin.srv\n'}
[72.006991] (dobot_msgs_v3) StdoutLine: {'line': b'-- Installing: /home/huahai/dobot_ws/install/dobot_msgs_v3/share/dobot_msgs_v3/srv/SetSafeSkin_Request.msg\n'}
[72.007076] (dobot_msgs_v3) StdoutLine: {'line': b'-- Installing: /home/huahai/dobot_ws/install/dobot_msgs_v3/share/dobot_msgs_v3/srv/SetSafeSkin_Response.msg\n'}
[72.007343] (dobot_msgs_v3) StdoutLine: {'line': b'-- Installing: /home/huahai/dobot_ws/install/dobot_msgs_v3/share/dobot_msgs_v3/srv/SpeedFactor.srv\n'}
[72.007571] (dobot_msgs_v3) StdoutLine: {'line': b'-- Installing: /home/huahai/dobot_ws/install/dobot_msgs_v3/share/dobot_msgs_v3/srv/SpeedFactor_Request.msg\n'}
[72.007949] (dobot_msgs_v3) StdoutLine: {'line': b'-- Installing: /home/huahai/dobot_ws/install/dobot_msgs_v3/share/dobot_msgs_v3/srv/SpeedFactor_Response.msg\n'}
[72.008037] (dobot_msgs_v3) StdoutLine: {'line': b'-- Installing: /home/huahai/dobot_ws/install/dobot_msgs_v3/share/dobot_msgs_v3/srv/SpeedJ.srv\n'}
[72.008299] (dobot_msgs_v3) StdoutLine: {'line': b'-- Installing: /home/huahai/dobot_ws/install/dobot_msgs_v3/share/dobot_msgs_v3/srv/SpeedJ_Request.msg\n'}
[72.008610] (dobot_msgs_v3) StdoutLine: {'line': b'-- Installing: /home/huahai/dobot_ws/install/dobot_msgs_v3/share/dobot_msgs_v3/srv/SpeedJ_Response.msg\n'}
[72.008815] (dobot_msgs_v3) StdoutLine: {'line': b'-- Installing: /home/huahai/dobot_ws/install/dobot_msgs_v3/share/dobot_msgs_v3/srv/SpeedL.srv\n'}
[72.008998] (dobot_msgs_v3) StdoutLine: {'line': b'-- Installing: /home/huahai/dobot_ws/install/dobot_msgs_v3/share/dobot_msgs_v3/srv/SpeedL_Request.msg\n'}
[72.009186] (dobot_msgs_v3) StdoutLine: {'line': b'-- Installing: /home/huahai/dobot_ws/install/dobot_msgs_v3/share/dobot_msgs_v3/srv/SpeedL_Response.msg\n'}
[72.009598] (dobot_msgs_v3) StdoutLine: {'line': b'-- Installing: /home/huahai/dobot_ws/install/dobot_msgs_v3/share/dobot_msgs_v3/srv/StartDrag.srv\n'}
[72.009862] (dobot_msgs_v3) StdoutLine: {'line': b'-- Installing: /home/huahai/dobot_ws/install/dobot_msgs_v3/share/dobot_msgs_v3/srv/StartDrag_Request.msg\n'}
[72.010175] (dobot_msgs_v3) StdoutLine: {'line': b'-- Installing: /home/huahai/dobot_ws/install/dobot_msgs_v3/share/dobot_msgs_v3/srv/StartDrag_Response.msg\n'}
[72.010368] (dobot_msgs_v3) StdoutLine: {'line': b'-- Installing: /home/huahai/dobot_ws/install/dobot_msgs_v3/share/dobot_msgs_v3/srv/StartFCTrace.srv\n'}
[72.010666] (dobot_msgs_v3) StdoutLine: {'line': b'-- Installing: /home/huahai/dobot_ws/install/dobot_msgs_v3/share/dobot_msgs_v3/srv/StartFCTrace_Request.msg\n'}
[72.010835] (dobot_msgs_v3) StdoutLine: {'line': b'-- Installing: /home/huahai/dobot_ws/install/dobot_msgs_v3/share/dobot_msgs_v3/srv/StartFCTrace_Response.msg\n'}
[72.011017] (dobot_msgs_v3) StdoutLine: {'line': b'-- Installing: /home/huahai/dobot_ws/install/dobot_msgs_v3/share/dobot_msgs_v3/srv/StartPath.srv\n'}
[72.011257] (dobot_msgs_v3) StdoutLine: {'line': b'-- Installing: /home/huahai/dobot_ws/install/dobot_msgs_v3/share/dobot_msgs_v3/srv/StartPath_Request.msg\n'}
[72.011531] (dobot_msgs_v3) StdoutLine: {'line': b'-- Installing: /home/huahai/dobot_ws/install/dobot_msgs_v3/share/dobot_msgs_v3/srv/StartPath_Response.msg\n'}
[72.011886] (dobot_msgs_v3) StdoutLine: {'line': b'-- Installing: /home/huahai/dobot_ws/install/dobot_msgs_v3/share/dobot_msgs_v3/srv/StartTrace.srv\n'}
[72.012004] (dobot_msgs_v3) StdoutLine: {'line': b'-- Installing: /home/huahai/dobot_ws/install/dobot_msgs_v3/share/dobot_msgs_v3/srv/StartTrace_Request.msg\n'}
[72.012251] (dobot_msgs_v3) StdoutLine: {'line': b'-- Installing: /home/huahai/dobot_ws/install/dobot_msgs_v3/share/dobot_msgs_v3/srv/StartTrace_Response.msg\n'}
[72.012496] (dobot_msgs_v3) StdoutLine: {'line': b'-- Installing: /home/huahai/dobot_ws/install/dobot_msgs_v3/share/dobot_msgs_v3/srv/StopDrag.srv\n'}
[72.012677] (dobot_msgs_v3) StdoutLine: {'line': b'-- Installing: /home/huahai/dobot_ws/install/dobot_msgs_v3/share/dobot_msgs_v3/srv/StopDrag_Request.msg\n'}
[72.012863] (dobot_msgs_v3) StdoutLine: {'line': b'-- Installing: /home/huahai/dobot_ws/install/dobot_msgs_v3/share/dobot_msgs_v3/srv/StopDrag_Response.msg\n'}
[72.013104] (dobot_msgs_v3) StdoutLine: {'line': b'-- Installing: /home/huahai/dobot_ws/install/dobot_msgs_v3/share/dobot_msgs_v3/srv/StopmoveJog.srv\n'}
[72.013416] (dobot_msgs_v3) StdoutLine: {'line': b'-- Installing: /home/huahai/dobot_ws/install/dobot_msgs_v3/share/dobot_msgs_v3/srv/StopmoveJog_Request.msg\n'}
[72.013593] (dobot_msgs_v3) StdoutLine: {'line': b'-- Installing: /home/huahai/dobot_ws/install/dobot_msgs_v3/share/dobot_msgs_v3/srv/StopmoveJog_Response.msg\n'}
[72.013851] (dobot_msgs_v3) StdoutLine: {'line': b'-- Installing: /home/huahai/dobot_ws/install/dobot_msgs_v3/share/dobot_msgs_v3/srv/StopScript.srv\n'}
[72.014168] (dobot_msgs_v3) StdoutLine: {'line': b'-- Installing: /home/huahai/dobot_ws/install/dobot_msgs_v3/share/dobot_msgs_v3/srv/StopScript_Request.msg\n'}
[72.014309] (dobot_msgs_v3) StdoutLine: {'line': b'-- Installing: /home/huahai/dobot_ws/install/dobot_msgs_v3/share/dobot_msgs_v3/srv/StopScript_Response.msg\n'}
[72.014473] (dobot_msgs_v3) StdoutLine: {'line': b'-- Installing: /home/huahai/dobot_ws/install/dobot_msgs_v3/share/dobot_msgs_v3/srv/Sync.srv\n'}
[72.014647] (dobot_msgs_v3) StdoutLine: {'line': b'-- Installing: /home/huahai/dobot_ws/install/dobot_msgs_v3/share/dobot_msgs_v3/srv/Sync_Request.msg\n'}
[72.014823] (dobot_msgs_v3) StdoutLine: {'line': b'-- Installing: /home/huahai/dobot_ws/install/dobot_msgs_v3/share/dobot_msgs_v3/srv/Sync_Response.msg\n'}
[72.015174] (dobot_msgs_v3) StdoutLine: {'line': b'-- Installing: /home/huahai/dobot_ws/install/dobot_msgs_v3/share/dobot_msgs_v3/srv/SyncAll.srv\n'}
[72.015385] (dobot_msgs_v3) StdoutLine: {'line': b'-- Installing: /home/huahai/dobot_ws/install/dobot_msgs_v3/share/dobot_msgs_v3/srv/SyncAll_Request.msg\n'}
[72.015559] (dobot_msgs_v3) StdoutLine: {'line': b'-- Installing: /home/huahai/dobot_ws/install/dobot_msgs_v3/share/dobot_msgs_v3/srv/SyncAll_Response.msg\n'}
[72.015737] (dobot_msgs_v3) StdoutLine: {'line': b'-- Installing: /home/huahai/dobot_ws/install/dobot_msgs_v3/share/dobot_msgs_v3/srv/Tool.srv\n'}
[72.016011] (dobot_msgs_v3) StdoutLine: {'line': b'-- Installing: /home/huahai/dobot_ws/install/dobot_msgs_v3/share/dobot_msgs_v3/srv/Tool_Request.msg\n'}
[72.016191] (dobot_msgs_v3) StdoutLine: {'line': b'-- Installing: /home/huahai/dobot_ws/install/dobot_msgs_v3/share/dobot_msgs_v3/srv/Tool_Response.msg\n'}
[72.016362] (dobot_msgs_v3) StdoutLine: {'line': b'-- Installing: /home/huahai/dobot_ws/install/dobot_msgs_v3/share/dobot_msgs_v3/srv/ToolDI.srv\n'}
[72.016527] (dobot_msgs_v3) StdoutLine: {'line': b'-- Installing: /home/huahai/dobot_ws/install/dobot_msgs_v3/share/dobot_msgs_v3/srv/ToolDI_Request.msg\n'}
[72.016795] (dobot_msgs_v3) StdoutLine: {'line': b'-- Installing: /home/huahai/dobot_ws/install/dobot_msgs_v3/share/dobot_msgs_v3/srv/ToolDI_Response.msg\n'}
[72.017815] (dobot_msgs_v3) StdoutLine: {'line': b'-- Installing: /home/huahai/dobot_ws/install/dobot_msgs_v3/share/dobot_msgs_v3/srv/ToolDO.srv\n'}
[72.017859] (dobot_msgs_v3) StdoutLine: {'line': b'-- Installing: /home/huahai/dobot_ws/install/dobot_msgs_v3/share/dobot_msgs_v3/srv/ToolDO_Request.msg\n'}
[72.017890] (dobot_msgs_v3) StdoutLine: {'line': b'-- Installing: /home/huahai/dobot_ws/install/dobot_msgs_v3/share/dobot_msgs_v3/srv/ToolDO_Response.msg\n'}
[72.017923] (dobot_msgs_v3) StdoutLine: {'line': b'-- Installing: /home/huahai/dobot_ws/install/dobot_msgs_v3/share/dobot_msgs_v3/srv/ToolDOExecute.srv\n'}
[72.017954] (dobot_msgs_v3) StdoutLine: {'line': b'-- Installing: /home/huahai/dobot_ws/install/dobot_msgs_v3/share/dobot_msgs_v3/srv/ToolDOExecute_Request.msg\n'}
[72.018841] (dobot_msgs_v3) StdoutLine: {'line': b'-- Installing: /home/huahai/dobot_ws/install/dobot_msgs_v3/share/dobot_msgs_v3/srv/ToolDOExecute_Response.msg\n'}
[72.018909] (dobot_msgs_v3) StdoutLine: {'line': b'-- Installing: /home/huahai/dobot_ws/install/dobot_msgs_v3/share/dobot_msgs_v3/srv/User.srv\n'}
[72.018944] (dobot_msgs_v3) StdoutLine: {'line': b'-- Installing: /home/huahai/dobot_ws/install/dobot_msgs_v3/share/dobot_msgs_v3/srv/User_Request.msg\n'}
[72.018976] (dobot_msgs_v3) StdoutLine: {'line': b'-- Installing: /home/huahai/dobot_ws/install/dobot_msgs_v3/share/dobot_msgs_v3/srv/User_Response.msg\n'}
[72.019008] (dobot_msgs_v3) StdoutLine: {'line': b'-- Installing: /home/huahai/dobot_ws/install/dobot_msgs_v3/share/dobot_msgs_v3/srv/Wait.srv\n'}
[72.019038] (dobot_msgs_v3) StdoutLine: {'line': b'-- Installing: /home/huahai/dobot_ws/install/dobot_msgs_v3/share/dobot_msgs_v3/srv/Wait_Request.msg\n'}
[72.019085] (dobot_msgs_v3) StdoutLine: {'line': b'-- Installing: /home/huahai/dobot_ws/install/dobot_msgs_v3/share/dobot_msgs_v3/srv/Wait_Response.msg\n'}
[72.019252] (dobot_msgs_v3) StdoutLine: {'line': b'-- Installing: /home/huahai/dobot_ws/install/dobot_msgs_v3/share/ament_index/resource_index/package_run_dependencies/dobot_msgs_v3\n'}
[72.019420] (dobot_msgs_v3) StdoutLine: {'line': b'-- Installing: /home/huahai/dobot_ws/install/dobot_msgs_v3/share/ament_index/resource_index/parent_prefix_path/dobot_msgs_v3\n'}
[72.019586] (dobot_msgs_v3) StdoutLine: {'line': b'-- Installing: /home/huahai/dobot_ws/install/dobot_msgs_v3/share/dobot_msgs_v3/environment/ament_prefix_path.sh\n'}
[72.019890] (dobot_msgs_v3) StdoutLine: {'line': b'-- Installing: /home/huahai/dobot_ws/install/dobot_msgs_v3/share/dobot_msgs_v3/environment/ament_prefix_path.dsv\n'}
[72.020076] (dobot_msgs_v3) StdoutLine: {'line': b'-- Installing: /home/huahai/dobot_ws/install/dobot_msgs_v3/share/dobot_msgs_v3/environment/path.sh\n'}
[72.020424] (dobot_msgs_v3) StdoutLine: {'line': b'-- Installing: /home/huahai/dobot_ws/install/dobot_msgs_v3/share/dobot_msgs_v3/environment/path.dsv\n'}
[72.020644] (dobot_msgs_v3) StdoutLine: {'line': b'-- Installing: /home/huahai/dobot_ws/install/dobot_msgs_v3/share/dobot_msgs_v3/local_setup.bash\n'}
[72.020950] (dobot_msgs_v3) StdoutLine: {'line': b'-- Installing: /home/huahai/dobot_ws/install/dobot_msgs_v3/share/dobot_msgs_v3/local_setup.sh\n'}
[72.021118] (dobot_msgs_v3) StdoutLine: {'line': b'-- Installing: /home/huahai/dobot_ws/install/dobot_msgs_v3/share/dobot_msgs_v3/local_setup.zsh\n'}
[72.021358] (dobot_msgs_v3) StdoutLine: {'line': b'-- Installing: /home/huahai/dobot_ws/install/dobot_msgs_v3/share/dobot_msgs_v3/local_setup.dsv\n'}
[72.021594] (dobot_msgs_v3) StdoutLine: {'line': b'-- Installing: /home/huahai/dobot_ws/install/dobot_msgs_v3/share/dobot_msgs_v3/package.dsv\n'}
[72.022012] (dobot_msgs_v3) StdoutLine: {'line': b'-- Installing: /home/huahai/dobot_ws/install/dobot_msgs_v3/share/ament_index/resource_index/packages/dobot_msgs_v3\n'}
[72.022252] (dobot_msgs_v3) StdoutLine: {'line': b'-- Installing: /home/huahai/dobot_ws/install/dobot_msgs_v3/share/dobot_msgs_v3/cmake/export_dobot_msgs_v3__rosidl_generator_cExport.cmake\n'}
[72.022360] (dobot_msgs_v3) StdoutLine: {'line': b'-- Installing: /home/huahai/dobot_ws/install/dobot_msgs_v3/share/dobot_msgs_v3/cmake/export_dobot_msgs_v3__rosidl_generator_cExport-noconfig.cmake\n'}
[72.022602] (dobot_msgs_v3) StdoutLine: {'line': b'-- Installing: /home/huahai/dobot_ws/install/dobot_msgs_v3/share/dobot_msgs_v3/cmake/export_dobot_msgs_v3__rosidl_typesupport_fastrtps_cExport.cmake\n'}
[72.022849] (dobot_msgs_v3) StdoutLine: {'line': b'-- Installing: /home/huahai/dobot_ws/install/dobot_msgs_v3/share/dobot_msgs_v3/cmake/export_dobot_msgs_v3__rosidl_typesupport_fastrtps_cExport-noconfig.cmake\n'}
[72.023068] (dobot_msgs_v3) StdoutLine: {'line': b'-- Installing: /home/huahai/dobot_ws/install/dobot_msgs_v3/share/dobot_msgs_v3/cmake/export_dobot_msgs_v3__rosidl_generator_cppExport.cmake\n'}
[72.023269] (dobot_msgs_v3) StdoutLine: {'line': b'-- Installing: /home/huahai/dobot_ws/install/dobot_msgs_v3/share/dobot_msgs_v3/cmake/export_dobot_msgs_v3__rosidl_typesupport_fastrtps_cppExport.cmake\n'}
[72.023441] (dobot_msgs_v3) StdoutLine: {'line': b'-- Installing: /home/huahai/dobot_ws/install/dobot_msgs_v3/share/dobot_msgs_v3/cmake/export_dobot_msgs_v3__rosidl_typesupport_fastrtps_cppExport-noconfig.cmake\n'}
[72.023686] (dobot_msgs_v3) StdoutLine: {'line': b'-- Installing: /home/huahai/dobot_ws/install/dobot_msgs_v3/share/dobot_msgs_v3/cmake/dobot_msgs_v3__rosidl_typesupport_introspection_cExport.cmake\n'}
[72.023891] (dobot_msgs_v3) StdoutLine: {'line': b'-- Installing: /home/huahai/dobot_ws/install/dobot_msgs_v3/share/dobot_msgs_v3/cmake/dobot_msgs_v3__rosidl_typesupport_introspection_cExport-noconfig.cmake\n'}
[72.024066] (dobot_msgs_v3) StdoutLine: {'line': b'-- Installing: /home/huahai/dobot_ws/install/dobot_msgs_v3/share/dobot_msgs_v3/cmake/dobot_msgs_v3__rosidl_typesupport_cExport.cmake\n'}
[72.024233] (dobot_msgs_v3) StdoutLine: {'line': b'-- Installing: /home/huahai/dobot_ws/install/dobot_msgs_v3/share/dobot_msgs_v3/cmake/dobot_msgs_v3__rosidl_typesupport_cExport-noconfig.cmake\n'}
[72.024514] (dobot_msgs_v3) StdoutLine: {'line': b'-- Installing: /home/huahai/dobot_ws/install/dobot_msgs_v3/share/dobot_msgs_v3/cmake/dobot_msgs_v3__rosidl_typesupport_introspection_cppExport.cmake\n'}
[72.024683] (dobot_msgs_v3) StdoutLine: {'line': b'-- Installing: /home/huahai/dobot_ws/install/dobot_msgs_v3/share/dobot_msgs_v3/cmake/dobot_msgs_v3__rosidl_typesupport_introspection_cppExport-noconfig.cmake\n'}
[72.024864] (dobot_msgs_v3) StdoutLine: {'line': b'-- Installing: /home/huahai/dobot_ws/install/dobot_msgs_v3/share/dobot_msgs_v3/cmake/dobot_msgs_v3__rosidl_typesupport_cppExport.cmake\n'}
[72.025028] (dobot_msgs_v3) StdoutLine: {'line': b'-- Installing: /home/huahai/dobot_ws/install/dobot_msgs_v3/share/dobot_msgs_v3/cmake/dobot_msgs_v3__rosidl_typesupport_cppExport-noconfig.cmake\n'}
[72.025291] (dobot_msgs_v3) StdoutLine: {'line': b'-- Installing: /home/huahai/dobot_ws/install/dobot_msgs_v3/share/dobot_msgs_v3/cmake/export_dobot_msgs_v3__rosidl_generator_pyExport.cmake\n'}
[72.025538] (dobot_msgs_v3) StdoutLine: {'line': b'-- Installing: /home/huahai/dobot_ws/install/dobot_msgs_v3/share/dobot_msgs_v3/cmake/export_dobot_msgs_v3__rosidl_generator_pyExport-noconfig.cmake\n'}
[72.025644] (dobot_msgs_v3) StdoutLine: {'line': b'-- Installing: /home/huahai/dobot_ws/install/dobot_msgs_v3/share/dobot_msgs_v3/cmake/rosidl_cmake-extras.cmake\n'}
[72.025872] (dobot_msgs_v3) StdoutLine: {'line': b'-- Installing: /home/huahai/dobot_ws/install/dobot_msgs_v3/share/dobot_msgs_v3/cmake/ament_cmake_export_dependencies-extras.cmake\n'}
[72.026105] (dobot_msgs_v3) StdoutLine: {'line': b'-- Installing: /home/huahai/dobot_ws/install/dobot_msgs_v3/share/dobot_msgs_v3/cmake/ament_cmake_export_include_directories-extras.cmake\n'}
[72.026296] (dobot_msgs_v3) StdoutLine: {'line': b'-- Installing: /home/huahai/dobot_ws/install/dobot_msgs_v3/share/dobot_msgs_v3/cmake/ament_cmake_export_libraries-extras.cmake\n'}
[72.026473] (dobot_msgs_v3) StdoutLine: {'line': b'-- Installing: /home/huahai/dobot_ws/install/dobot_msgs_v3/share/dobot_msgs_v3/cmake/ament_cmake_export_targets-extras.cmake\n'}
[72.026637] (dobot_msgs_v3) StdoutLine: {'line': b'-- Installing: /home/huahai/dobot_ws/install/dobot_msgs_v3/share/dobot_msgs_v3/cmake/rosidl_cmake_export_typesupport_targets-extras.cmake\n'}
[72.026875] (dobot_msgs_v3) StdoutLine: {'line': b'-- Installing: /home/huahai/dobot_ws/install/dobot_msgs_v3/share/dobot_msgs_v3/cmake/rosidl_cmake_export_typesupport_libraries-extras.cmake\n'}
[72.027062] (dobot_msgs_v3) StdoutLine: {'line': b'-- Installing: /home/huahai/dobot_ws/install/dobot_msgs_v3/share/dobot_msgs_v3/cmake/dobot_msgs_v3Config.cmake\n'}
[72.027135] (dobot_msgs_v3) StdoutLine: {'line': b'-- Installing: /home/huahai/dobot_ws/install/dobot_msgs_v3/share/dobot_msgs_v3/cmake/dobot_msgs_v3Config-version.cmake\n'}
[72.027308] (dobot_msgs_v3) StdoutLine: {'line': b'-- Installing: /home/huahai/dobot_ws/install/dobot_msgs_v3/share/dobot_msgs_v3/package.xml\n'}
[72.029839] (dobot_msgs_v3) CommandEnded: {'returncode': 0}
[72.044325] (dobot_msgs_v3) JobEnded: {'identifier': 'dobot_msgs_v3', 'rc': 0}
[72.046013] (dobot_bringup_v3) JobStarted: {'identifier': 'dobot_bringup_v3'}
[72.094542] (-) TimerEvent: {}
[72.196943] (-) TimerEvent: {}
[72.297210] (-) TimerEvent: {}
[72.397488] (-) TimerEvent: {}
[72.413401] (dobot_bringup_v3) Command: {'cmd': ['/usr/bin/python3', '-W', 'ignore:setup.py install is deprecated', '-W', 'ignore:easy_install command is deprecated', 'setup.py', 'egg_info', '--egg-base', '../../../build/dobot_bringup_v3', 'build', '--build-base', '/home/huahai/dobot_ws/build/dobot_bringup_v3/build', 'install', '--record', '/home/huahai/dobot_ws/build/dobot_bringup_v3/install.log', '--single-version-externally-managed', 'install_data'], 'cwd': '/home/huahai/dobot_ws/src/DOBOT_6Axis_ROS2_V3/dobot_bringup_v3', 'env': {'LESSOPEN': '| /usr/bin/lesspipe %s', 'LANGUAGE': 'zh_CN:en_US:en', 'USER': 'huahai', 'SSH_CLIENT': '192.168.112.1 11931 22', 'LC_TIME': 'zh_CN.UTF-8', 'XDG_SESSION_TYPE': 'tty', 'SHLVL': '1', 'LD_LIBRARY_PATH': '/home/huahai/dobot_ws/install/dobot_msgs_v3/lib:/opt/ros/humble/opt/rviz_ogre_vendor/lib:/opt/ros/humble/lib/x86_64-linux-gnu:/opt/ros/humble/lib', 'MOTD_SHOWN': 'pam', 'HOME': '/home/huahai', 'OLDPWD': '/home/huahai/dobot_ws/src', 'SSH_TTY': '/dev/pts/2', 'ROS_PYTHON_VERSION': '3', 'LC_MONETARY': 'zh_CN.UTF-8', 'DBUS_SESSION_BUS_ADDRESS': 'unix:path=/run/user/1000/bus', 'ROS_DISTRO': 'humble', 'LOGNAME': 'huahai', '_': '/usr/bin/colcon', 'ROS_VERSION': '2', 'XDG_SESSION_CLASS': 'user', 'TERM': 'xterm-256color', 'XDG_SESSION_ID': '8', 'ROS_LOCALHOST_ONLY': '0', 'PATH': '/opt/ros/humble/bin:/usr/local/sbin:/usr/local/bin:/usr/sbin:/usr/bin:/sbin:/bin:/usr/games:/usr/local/games:/snap/bin', 'PAPERSIZE': 'a4', 'LC_ADDRESS': 'zh_CN.UTF-8', 'XDG_RUNTIME_DIR': '/run/user/1000', 'LANG': 'zh_CN.UTF-8', 'LC_TELEPHONE': 'zh_CN.UTF-8', 'LS_COLORS': 'rs=0:di=01;34:ln=01;36:mh=00:pi=40;33:so=01;35:do=01;35:bd=40;33;01:cd=40;33;01:or=40;31;01:mi=00:su=37;41:sg=30;43:ca=30;41:tw=30;42:ow=34;42:st=37;44:ex=01;32:*.tar=01;31:*.tgz=01;31:*.arc=01;31:*.arj=01;31:*.taz=01;31:*.lha=01;31:*.lz4=01;31:*.lzh=01;31:*.lzma=01;31:*.tlz=01;31:*.txz=01;31:*.tzo=01;31:*.t7z=01;31:*.zip=01;31:*.z=01;31:*.dz=01;31:*.gz=01;31:*.lrz=01;31:*.lz=01;31:*.lzo=01;31:*.xz=01;31:*.zst=01;31:*.tzst=01;31:*.bz2=01;31:*.bz=01;31:*.tbz=01;31:*.tbz2=01;31:*.tz=01;31:*.deb=01;31:*.rpm=01;31:*.jar=01;31:*.war=01;31:*.ear=01;31:*.sar=01;31:*.rar=01;31:*.alz=01;31:*.ace=01;31:*.zoo=01;31:*.cpio=01;31:*.7z=01;31:*.rz=01;31:*.cab=01;31:*.wim=01;31:*.swm=01;31:*.dwm=01;31:*.esd=01;31:*.jpg=01;35:*.jpeg=01;35:*.mjpg=01;35:*.mjpeg=01;35:*.gif=01;35:*.bmp=01;35:*.pbm=01;35:*.pgm=01;35:*.ppm=01;35:*.tga=01;35:*.xbm=01;35:*.xpm=01;35:*.tif=01;35:*.tiff=01;35:*.png=01;35:*.svg=01;35:*.svgz=01;35:*.mng=01;35:*.pcx=01;35:*.mov=01;35:*.mpg=01;35:*.mpeg=01;35:*.m2v=01;35:*.mkv=01;35:*.webm=01;35:*.webp=01;35:*.ogm=01;35:*.mp4=01;35:*.m4v=01;35:*.mp4v=01;35:*.vob=01;35:*.qt=01;35:*.nuv=01;35:*.wmv=01;35:*.asf=01;35:*.rm=01;35:*.rmvb=01;35:*.flc=01;35:*.avi=01;35:*.fli=01;35:*.flv=01;35:*.gl=01;35:*.dl=01;35:*.xcf=01;35:*.xwd=01;35:*.yuv=01;35:*.cgm=01;35:*.emf=01;35:*.ogv=01;35:*.ogx=01;35:*.aac=00;36:*.au=00;36:*.flac=00;36:*.m4a=00;36:*.mid=00;36:*.midi=00;36:*.mka=00;36:*.mp3=00;36:*.mpc=00;36:*.ogg=00;36:*.ra=00;36:*.wav=00;36:*.oga=00;36:*.opus=00;36:*.spx=00;36:*.xspf=00;36:', 'AMENT_PREFIX_PATH': '/home/huahai/dobot_ws/install/dobot_msgs_v3:/opt/ros/humble', 'SHELL': '/bin/bash', 'LC_NAME': 'zh_CN.UTF-8', 'LESSCLOSE': '/usr/bin/lesspipe %s %s', 'LC_MEASUREMENT': 'zh_CN.UTF-8', 'LC_IDENTIFICATION': 'zh_CN.UTF-8', 'PWD': '/home/huahai/dobot_ws/build/dobot_bringup_v3', 'SSH_CONNECTION': '192.168.112.1 11931 192.168.124.127 22', 'XDG_DATA_DIRS': '/usr/share/gnome:/usr/local/share:/usr/share:/var/lib/snapd/desktop', 'PYTHONPATH': '/home/huahai/dobot_ws/build/dobot_bringup_v3/prefix_override:/usr/lib/python3/dist-packages/colcon_core/task/python/colcon_distutils_commands:/home/huahai/dobot_ws/install/dobot_bringup_v3/lib/python3.10/site-packages:/home/huahai/dobot_ws/install/dobot_msgs_v3/local/lib/python3.10/dist-packages:/opt/ros/humble/lib/python3.10/site-packages:/opt/ros/humble/local/lib/python3.10/dist-packages', 'LC_NUMERIC': 'zh_CN.UTF-8', 'LC_PAPER': 'zh_CN.UTF-8', 'COLCON': '1', 'CMAKE_PREFIX_PATH': '/home/huahai/dobot_ws/install/dobot_msgs_v3'}, 'shell': False}
[72.497586] (-) TimerEvent: {}
[72.558292] (dobot_bringup_v3) StdoutLine: {'line': b'running egg_info\n'}
[72.558937] (dobot_bringup_v3) StdoutLine: {'line': b'creating ../../../build/dobot_bringup_v3/dobot_bringup_v3.egg-info\n'}
[72.559121] (dobot_bringup_v3) StdoutLine: {'line': b'writing ../../../build/dobot_bringup_v3/dobot_bringup_v3.egg-info/PKG-INFO\n'}
[72.559355] (dobot_bringup_v3) StdoutLine: {'line': b'writing dependency_links to ../../../build/dobot_bringup_v3/dobot_bringup_v3.egg-info/dependency_links.txt\n'}
[72.559527] (dobot_bringup_v3) StdoutLine: {'line': b'writing entry points to ../../../build/dobot_bringup_v3/dobot_bringup_v3.egg-info/entry_points.txt\n'}
[72.559673] (dobot_bringup_v3) StdoutLine: {'line': b'writing requirements to ../../../build/dobot_bringup_v3/dobot_bringup_v3.egg-info/requires.txt\n'}
[72.559802] (dobot_bringup_v3) StdoutLine: {'line': b'writing top-level names to ../../../build/dobot_bringup_v3/dobot_bringup_v3.egg-info/top_level.txt\n'}
[72.560084] (dobot_bringup_v3) StdoutLine: {'line': b"writing manifest file '../../../build/dobot_bringup_v3/dobot_bringup_v3.egg-info/SOURCES.txt'\n"}
[72.561104] (dobot_bringup_v3) StdoutLine: {'line': b"reading manifest file '../../../build/dobot_bringup_v3/dobot_bringup_v3.egg-info/SOURCES.txt'\n"}
[72.561665] (dobot_bringup_v3) StdoutLine: {'line': b"writing manifest file '../../../build/dobot_bringup_v3/dobot_bringup_v3.egg-info/SOURCES.txt'\n"}
[72.561931] (dobot_bringup_v3) StdoutLine: {'line': b'running build\n'}
[72.562087] (dobot_bringup_v3) StdoutLine: {'line': b'running build_py\n'}
[72.562254] (dobot_bringup_v3) StdoutLine: {'line': b'creating /home/huahai/dobot_ws/build/dobot_bringup_v3/build\n'}
[72.562394] (dobot_bringup_v3) StdoutLine: {'line': b'creating /home/huahai/dobot_ws/build/dobot_bringup_v3/build/lib\n'}
[72.562505] (dobot_bringup_v3) StdoutLine: {'line': b'creating /home/huahai/dobot_ws/build/dobot_bringup_v3/build/lib/dobot_bringup_v3\n'}
[72.562729] (dobot_bringup_v3) StdoutLine: {'line': b'copying dobot_bringup_v3/__init__.py -> /home/huahai/dobot_ws/build/dobot_bringup_v3/build/lib/dobot_bringup_v3\n'}
[72.563085] (dobot_bringup_v3) StdoutLine: {'line': b'copying dobot_bringup_v3/dobot_bringup.py -> /home/huahai/dobot_ws/build/dobot_bringup_v3/build/lib/dobot_bringup_v3\n'}
[72.563189] (dobot_bringup_v3) StdoutLine: {'line': b'copying dobot_bringup_v3/feedback.py -> /home/huahai/dobot_ws/build/dobot_bringup_v3/build/lib/dobot_bringup_v3\n'}
[72.563684] (dobot_bringup_v3) StdoutLine: {'line': b'copying dobot_bringup_v3/dobot_api.py -> /home/huahai/dobot_ws/build/dobot_bringup_v3/build/lib/dobot_bringup_v3\n'}
[72.563802] (dobot_bringup_v3) StdoutLine: {'line': b'running install\n'}
[72.564352] (dobot_bringup_v3) StdoutLine: {'line': b'running install_lib\n'}
[72.564487] (dobot_bringup_v3) StdoutLine: {'line': b'creating /home/huahai/dobot_ws/install/dobot_bringup_v3/lib/python3.10/site-packages/dobot_bringup_v3\n'}
[72.564660] (dobot_bringup_v3) StdoutLine: {'line': b'copying /home/huahai/dobot_ws/build/dobot_bringup_v3/build/lib/dobot_bringup_v3/__init__.py -> /home/huahai/dobot_ws/install/dobot_bringup_v3/lib/python3.10/site-packages/dobot_bringup_v3\n'}
[72.564783] (dobot_bringup_v3) StdoutLine: {'line': b'copying /home/huahai/dobot_ws/build/dobot_bringup_v3/build/lib/dobot_bringup_v3/dobot_bringup.py -> /home/huahai/dobot_ws/install/dobot_bringup_v3/lib/python3.10/site-packages/dobot_bringup_v3\n'}
[72.565388] (dobot_bringup_v3) StdoutLine: {'line': b'copying /home/huahai/dobot_ws/build/dobot_bringup_v3/build/lib/dobot_bringup_v3/feedback.py -> /home/huahai/dobot_ws/install/dobot_bringup_v3/lib/python3.10/site-packages/dobot_bringup_v3\n'}
[72.565442] (dobot_bringup_v3) StdoutLine: {'line': b'copying /home/huahai/dobot_ws/build/dobot_bringup_v3/build/lib/dobot_bringup_v3/dobot_api.py -> /home/huahai/dobot_ws/install/dobot_bringup_v3/lib/python3.10/site-packages/dobot_bringup_v3\n'}
[72.565511] (dobot_bringup_v3) StdoutLine: {'line': b'byte-compiling /home/huahai/dobot_ws/install/dobot_bringup_v3/lib/python3.10/site-packages/dobot_bringup_v3/__init__.py to __init__.cpython-310.pyc\n'}
[72.565806] (dobot_bringup_v3) StdoutLine: {'line': b'byte-compiling /home/huahai/dobot_ws/install/dobot_bringup_v3/lib/python3.10/site-packages/dobot_bringup_v3/dobot_bringup.py to dobot_bringup.cpython-310.pyc\n'}
[72.568622] (dobot_bringup_v3) StdoutLine: {'line': b'byte-compiling /home/huahai/dobot_ws/install/dobot_bringup_v3/lib/python3.10/site-packages/dobot_bringup_v3/feedback.py to feedback.cpython-310.pyc\n'}
[72.569756] (dobot_bringup_v3) StdoutLine: {'line': b'byte-compiling /home/huahai/dobot_ws/install/dobot_bringup_v3/lib/python3.10/site-packages/dobot_bringup_v3/dobot_api.py to dobot_api.cpython-310.pyc\n'}
[72.571527] (dobot_bringup_v3) StdoutLine: {'line': b'running install_data\n'}
[72.571627] (dobot_bringup_v3) StdoutLine: {'line': b'creating /home/huahai/dobot_ws/install/dobot_bringup_v3/share/ament_index\n'}
[72.571680] (dobot_bringup_v3) StdoutLine: {'line': b'creating /home/huahai/dobot_ws/install/dobot_bringup_v3/share/ament_index/resource_index\n'}
[72.571727] (dobot_bringup_v3) StdoutLine: {'line': b'creating /home/huahai/dobot_ws/install/dobot_bringup_v3/share/ament_index/resource_index/packages\n'}
[72.571762] (dobot_bringup_v3) StdoutLine: {'line': b'copying resource/dobot_bringup_v3 -> /home/huahai/dobot_ws/install/dobot_bringup_v3/share/ament_index/resource_index/packages\n'}
[72.571817] (dobot_bringup_v3) StdoutLine: {'line': b'copying package.xml -> /home/huahai/dobot_ws/install/dobot_bringup_v3/share/dobot_bringup_v3\n'}
[72.571854] (dobot_bringup_v3) StdoutLine: {'line': b'creating /home/huahai/dobot_ws/install/dobot_bringup_v3/share/dobot_bringup_v3/launch\n'}
[72.572056] (dobot_bringup_v3) StdoutLine: {'line': b'copying launch/dobot_bringup_ros2.launch.py -> /home/huahai/dobot_ws/install/dobot_bringup_v3/share/dobot_bringup_v3/launch\n'}
[72.572118] (dobot_bringup_v3) StdoutLine: {'line': b'running install_egg_info\n'}
[72.573357] (dobot_bringup_v3) StdoutLine: {'line': b'Copying ../../../build/dobot_bringup_v3/dobot_bringup_v3.egg-info to /home/huahai/dobot_ws/install/dobot_bringup_v3/lib/python3.10/site-packages/dobot_bringup_v3-0.0.0-py3.10.egg-info\n'}
[72.573819] (dobot_bringup_v3) StdoutLine: {'line': b'running install_scripts\n'}
[72.586783] (dobot_bringup_v3) StdoutLine: {'line': b'Installing dobot_bringup script to /home/huahai/dobot_ws/install/dobot_bringup_v3/lib/dobot_bringup_v3\n'}
[72.586903] (dobot_bringup_v3) StdoutLine: {'line': b'Installing feedback script to /home/huahai/dobot_ws/install/dobot_bringup_v3/lib/dobot_bringup_v3\n'}
[72.587105] (dobot_bringup_v3) StdoutLine: {'line': b"writing list of installed files to '/home/huahai/dobot_ws/build/dobot_bringup_v3/install.log'\n"}
[72.597939] (-) TimerEvent: {}
[72.602252] (dobot_bringup_v3) CommandEnded: {'returncode': 0}
[72.606060] (dobot_bringup_v3) JobEnded: {'identifier': 'dobot_bringup_v3', 'rc': 0}
[72.606871] (-) EventReactorShutdown: {}
