[0.232s] DEBUG:colcon:Command line arguments: ['/usr/bin/colcon', 'build']
[0.232s] DEBUG:colcon:Parsed command line arguments: Namespace(log_base=None, log_level=None, verb_name='build', build_base='build', install_base='install', merge_install=False, symlink_install=False, test_result_base=None, continue_on_error=False, executor='parallel', parallel_workers=2, event_handlers=None, ignore_user_meta=False, metas=['./colcon.meta'], base_paths=['.'], packages_ignore=None, packages_ignore_regex=None, paths=None, packages_up_to=None, packages_up_to_regex=None, packages_above=None, packages_above_and_dependencies=None, packages_above_depth=None, packages_select_by_dep=None, packages_skip_by_dep=None, packages_skip_up_to=None, packages_select_build_failed=False, packages_skip_build_finished=False, packages_select_test_failures=False, packages_skip_test_passed=False, packages_select=None, packages_skip=None, packages_select_regex=None, packages_skip_regex=None, packages_start=None, packages_end=None, allow_overriding=[], cmake_args=None, cmake_target=None, cmake_target_skip_unavailable=False, cmake_clean_cache=False, cmake_clean_first=False, cmake_force_configure=False, ament_cmake_args=None, catkin_cmake_args=None, catkin_skip_building_tests=False, verb_parser=<colcon_defaults.argument_parser.defaults.DefaultArgumentsDecorator object at 0x731fe13ded10>, verb_extension=<colcon_core.verb.build.BuildVerb object at 0x731fe13de7d0>, main=<bound method BuildVerb.main of <colcon_core.verb.build.BuildVerb object at 0x731fe13de7d0>>)
[0.479s] Level 1:colcon.colcon_core.package_discovery:discover_packages(colcon_meta) check parameters
[0.479s] Level 1:colcon.colcon_core.package_discovery:discover_packages(recursive) check parameters
[0.479s] Level 1:colcon.colcon_core.package_discovery:discover_packages(ignore) check parameters
[0.479s] Level 1:colcon.colcon_core.package_discovery:discover_packages(path) check parameters
[0.479s] Level 1:colcon.colcon_core.package_discovery:discover_packages(colcon_meta) discover
[0.479s] Level 1:colcon.colcon_core.package_discovery:discover_packages(recursive) discover
[0.479s] INFO:colcon.colcon_core.package_discovery:Crawling recursively for packages in '/home/huahai/dobot_ws'
[0.479s] Level 1:colcon.colcon_core.package_identification:_identify(.) by extensions ['ignore', 'ignore_ament_install']
[0.479s] Level 1:colcon.colcon_core.package_identification:_identify(.) by extension 'ignore'
[0.479s] Level 1:colcon.colcon_core.package_identification:_identify(.) by extension 'ignore_ament_install'
[0.479s] Level 1:colcon.colcon_core.package_identification:_identify(.) by extensions ['colcon_pkg']
[0.479s] Level 1:colcon.colcon_core.package_identification:_identify(.) by extension 'colcon_pkg'
[0.479s] Level 1:colcon.colcon_core.package_identification:_identify(.) by extensions ['colcon_meta']
[0.479s] Level 1:colcon.colcon_core.package_identification:_identify(.) by extension 'colcon_meta'
[0.479s] Level 1:colcon.colcon_core.package_identification:_identify(.) by extensions ['ros']
[0.479s] Level 1:colcon.colcon_core.package_identification:_identify(.) by extension 'ros'
[0.492s] Level 1:colcon.colcon_core.package_identification:_identify(.) by extensions ['cmake', 'python']
[0.492s] Level 1:colcon.colcon_core.package_identification:_identify(.) by extension 'cmake'
[0.492s] Level 1:colcon.colcon_core.package_identification:_identify(.) by extension 'python'
[0.492s] Level 1:colcon.colcon_core.package_identification:_identify(.) by extensions ['python_setup_py']
[0.492s] Level 1:colcon.colcon_core.package_identification:_identify(.) by extension 'python_setup_py'
[0.492s] Level 1:colcon.colcon_core.package_identification:_identify(build) by extensions ['ignore', 'ignore_ament_install']
[0.492s] Level 1:colcon.colcon_core.package_identification:_identify(build) by extension 'ignore'
[0.492s] Level 1:colcon.colcon_core.package_identification:_identify(build) ignored
[0.492s] Level 1:colcon.colcon_core.package_identification:_identify(install) by extensions ['ignore', 'ignore_ament_install']
[0.492s] Level 1:colcon.colcon_core.package_identification:_identify(install) by extension 'ignore'
[0.492s] Level 1:colcon.colcon_core.package_identification:_identify(install) ignored
[0.492s] Level 1:colcon.colcon_core.package_identification:_identify(log) by extensions ['ignore', 'ignore_ament_install']
[0.492s] Level 1:colcon.colcon_core.package_identification:_identify(log) by extension 'ignore'
[0.492s] Level 1:colcon.colcon_core.package_identification:_identify(log) ignored
[0.492s] Level 1:colcon.colcon_core.package_identification:_identify(src) by extensions ['ignore', 'ignore_ament_install']
[0.492s] Level 1:colcon.colcon_core.package_identification:_identify(src) by extension 'ignore'
[0.493s] Level 1:colcon.colcon_core.package_identification:_identify(src) by extension 'ignore_ament_install'
[0.493s] Level 1:colcon.colcon_core.package_identification:_identify(src) by extensions ['colcon_pkg']
[0.493s] Level 1:colcon.colcon_core.package_identification:_identify(src) by extension 'colcon_pkg'
[0.493s] Level 1:colcon.colcon_core.package_identification:_identify(src) by extensions ['colcon_meta']
[0.493s] Level 1:colcon.colcon_core.package_identification:_identify(src) by extension 'colcon_meta'
[0.493s] Level 1:colcon.colcon_core.package_identification:_identify(src) by extensions ['ros']
[0.493s] Level 1:colcon.colcon_core.package_identification:_identify(src) by extension 'ros'
[0.493s] Level 1:colcon.colcon_core.package_identification:_identify(src) by extensions ['cmake', 'python']
[0.493s] Level 1:colcon.colcon_core.package_identification:_identify(src) by extension 'cmake'
[0.493s] Level 1:colcon.colcon_core.package_identification:_identify(src) by extension 'python'
[0.493s] Level 1:colcon.colcon_core.package_identification:_identify(src) by extensions ['python_setup_py']
[0.493s] Level 1:colcon.colcon_core.package_identification:_identify(src) by extension 'python_setup_py'
[0.493s] Level 1:colcon.colcon_core.package_identification:_identify(src/DOBOT_6Axis_ROS2_V3) by extensions ['ignore', 'ignore_ament_install']
[0.493s] Level 1:colcon.colcon_core.package_identification:_identify(src/DOBOT_6Axis_ROS2_V3) by extension 'ignore'
[0.493s] Level 1:colcon.colcon_core.package_identification:_identify(src/DOBOT_6Axis_ROS2_V3) by extension 'ignore_ament_install'
[0.493s] Level 1:colcon.colcon_core.package_identification:_identify(src/DOBOT_6Axis_ROS2_V3) by extensions ['colcon_pkg']
[0.493s] Level 1:colcon.colcon_core.package_identification:_identify(src/DOBOT_6Axis_ROS2_V3) by extension 'colcon_pkg'
[0.493s] Level 1:colcon.colcon_core.package_identification:_identify(src/DOBOT_6Axis_ROS2_V3) by extensions ['colcon_meta']
[0.493s] Level 1:colcon.colcon_core.package_identification:_identify(src/DOBOT_6Axis_ROS2_V3) by extension 'colcon_meta'
[0.493s] Level 1:colcon.colcon_core.package_identification:_identify(src/DOBOT_6Axis_ROS2_V3) by extensions ['ros']
[0.493s] Level 1:colcon.colcon_core.package_identification:_identify(src/DOBOT_6Axis_ROS2_V3) by extension 'ros'
[0.493s] Level 1:colcon.colcon_core.package_identification:_identify(src/DOBOT_6Axis_ROS2_V3) by extensions ['cmake', 'python']
[0.493s] Level 1:colcon.colcon_core.package_identification:_identify(src/DOBOT_6Axis_ROS2_V3) by extension 'cmake'
[0.493s] Level 1:colcon.colcon_core.package_identification:_identify(src/DOBOT_6Axis_ROS2_V3) by extension 'python'
[0.493s] Level 1:colcon.colcon_core.package_identification:_identify(src/DOBOT_6Axis_ROS2_V3) by extensions ['python_setup_py']
[0.493s] Level 1:colcon.colcon_core.package_identification:_identify(src/DOBOT_6Axis_ROS2_V3) by extension 'python_setup_py'
[0.493s] Level 1:colcon.colcon_core.package_identification:_identify(src/DOBOT_6Axis_ROS2_V3/cr10_moveit) by extensions ['ignore', 'ignore_ament_install']
[0.493s] Level 1:colcon.colcon_core.package_identification:_identify(src/DOBOT_6Axis_ROS2_V3/cr10_moveit) by extension 'ignore'
[0.493s] Level 1:colcon.colcon_core.package_identification:_identify(src/DOBOT_6Axis_ROS2_V3/cr10_moveit) by extension 'ignore_ament_install'
[0.493s] Level 1:colcon.colcon_core.package_identification:_identify(src/DOBOT_6Axis_ROS2_V3/cr10_moveit) by extensions ['colcon_pkg']
[0.493s] Level 1:colcon.colcon_core.package_identification:_identify(src/DOBOT_6Axis_ROS2_V3/cr10_moveit) by extension 'colcon_pkg'
[0.493s] Level 1:colcon.colcon_core.package_identification:_identify(src/DOBOT_6Axis_ROS2_V3/cr10_moveit) by extensions ['colcon_meta']
[0.493s] Level 1:colcon.colcon_core.package_identification:_identify(src/DOBOT_6Axis_ROS2_V3/cr10_moveit) by extension 'colcon_meta'
[0.493s] Level 1:colcon.colcon_core.package_identification:_identify(src/DOBOT_6Axis_ROS2_V3/cr10_moveit) by extensions ['ros']
[0.493s] Level 1:colcon.colcon_core.package_identification:_identify(src/DOBOT_6Axis_ROS2_V3/cr10_moveit) by extension 'ros'
[0.496s] DEBUG:colcon.colcon_core.package_identification:Package 'src/DOBOT_6Axis_ROS2_V3/cr10_moveit' with type 'ros.ament_cmake' and name 'cr10_moveit'
[0.496s] Level 1:colcon.colcon_core.package_identification:_identify(src/DOBOT_6Axis_ROS2_V3/cr12_moveit) by extensions ['ignore', 'ignore_ament_install']
[0.496s] Level 1:colcon.colcon_core.package_identification:_identify(src/DOBOT_6Axis_ROS2_V3/cr12_moveit) by extension 'ignore'
[0.496s] Level 1:colcon.colcon_core.package_identification:_identify(src/DOBOT_6Axis_ROS2_V3/cr12_moveit) by extension 'ignore_ament_install'
[0.496s] Level 1:colcon.colcon_core.package_identification:_identify(src/DOBOT_6Axis_ROS2_V3/cr12_moveit) by extensions ['colcon_pkg']
[0.496s] Level 1:colcon.colcon_core.package_identification:_identify(src/DOBOT_6Axis_ROS2_V3/cr12_moveit) by extension 'colcon_pkg'
[0.496s] Level 1:colcon.colcon_core.package_identification:_identify(src/DOBOT_6Axis_ROS2_V3/cr12_moveit) by extensions ['colcon_meta']
[0.496s] Level 1:colcon.colcon_core.package_identification:_identify(src/DOBOT_6Axis_ROS2_V3/cr12_moveit) by extension 'colcon_meta'
[0.496s] Level 1:colcon.colcon_core.package_identification:_identify(src/DOBOT_6Axis_ROS2_V3/cr12_moveit) by extensions ['ros']
[0.496s] Level 1:colcon.colcon_core.package_identification:_identify(src/DOBOT_6Axis_ROS2_V3/cr12_moveit) by extension 'ros'
[0.497s] DEBUG:colcon.colcon_core.package_identification:Package 'src/DOBOT_6Axis_ROS2_V3/cr12_moveit' with type 'ros.ament_cmake' and name 'cr12_moveit'
[0.497s] Level 1:colcon.colcon_core.package_identification:_identify(src/DOBOT_6Axis_ROS2_V3/cr16_moveit) by extensions ['ignore', 'ignore_ament_install']
[0.497s] Level 1:colcon.colcon_core.package_identification:_identify(src/DOBOT_6Axis_ROS2_V3/cr16_moveit) by extension 'ignore'
[0.497s] Level 1:colcon.colcon_core.package_identification:_identify(src/DOBOT_6Axis_ROS2_V3/cr16_moveit) by extension 'ignore_ament_install'
[0.497s] Level 1:colcon.colcon_core.package_identification:_identify(src/DOBOT_6Axis_ROS2_V3/cr16_moveit) by extensions ['colcon_pkg']
[0.497s] Level 1:colcon.colcon_core.package_identification:_identify(src/DOBOT_6Axis_ROS2_V3/cr16_moveit) by extension 'colcon_pkg'
[0.497s] Level 1:colcon.colcon_core.package_identification:_identify(src/DOBOT_6Axis_ROS2_V3/cr16_moveit) by extensions ['colcon_meta']
[0.497s] Level 1:colcon.colcon_core.package_identification:_identify(src/DOBOT_6Axis_ROS2_V3/cr16_moveit) by extension 'colcon_meta'
[0.497s] Level 1:colcon.colcon_core.package_identification:_identify(src/DOBOT_6Axis_ROS2_V3/cr16_moveit) by extensions ['ros']
[0.497s] Level 1:colcon.colcon_core.package_identification:_identify(src/DOBOT_6Axis_ROS2_V3/cr16_moveit) by extension 'ros'
[0.498s] DEBUG:colcon.colcon_core.package_identification:Package 'src/DOBOT_6Axis_ROS2_V3/cr16_moveit' with type 'ros.ament_cmake' and name 'cr16_moveit'
[0.498s] Level 1:colcon.colcon_core.package_identification:_identify(src/DOBOT_6Axis_ROS2_V3/cr3_moveit) by extensions ['ignore', 'ignore_ament_install']
[0.498s] Level 1:colcon.colcon_core.package_identification:_identify(src/DOBOT_6Axis_ROS2_V3/cr3_moveit) by extension 'ignore'
[0.498s] Level 1:colcon.colcon_core.package_identification:_identify(src/DOBOT_6Axis_ROS2_V3/cr3_moveit) by extension 'ignore_ament_install'
[0.498s] Level 1:colcon.colcon_core.package_identification:_identify(src/DOBOT_6Axis_ROS2_V3/cr3_moveit) by extensions ['colcon_pkg']
[0.498s] Level 1:colcon.colcon_core.package_identification:_identify(src/DOBOT_6Axis_ROS2_V3/cr3_moveit) by extension 'colcon_pkg'
[0.498s] Level 1:colcon.colcon_core.package_identification:_identify(src/DOBOT_6Axis_ROS2_V3/cr3_moveit) by extensions ['colcon_meta']
[0.498s] Level 1:colcon.colcon_core.package_identification:_identify(src/DOBOT_6Axis_ROS2_V3/cr3_moveit) by extension 'colcon_meta'
[0.498s] Level 1:colcon.colcon_core.package_identification:_identify(src/DOBOT_6Axis_ROS2_V3/cr3_moveit) by extensions ['ros']
[0.498s] Level 1:colcon.colcon_core.package_identification:_identify(src/DOBOT_6Axis_ROS2_V3/cr3_moveit) by extension 'ros'
[0.498s] DEBUG:colcon.colcon_core.package_identification:Package 'src/DOBOT_6Axis_ROS2_V3/cr3_moveit' with type 'ros.ament_cmake' and name 'cr3_moveit'
[0.499s] Level 1:colcon.colcon_core.package_identification:_identify(src/DOBOT_6Axis_ROS2_V3/cr5_moveit) by extensions ['ignore', 'ignore_ament_install']
[0.499s] Level 1:colcon.colcon_core.package_identification:_identify(src/DOBOT_6Axis_ROS2_V3/cr5_moveit) by extension 'ignore'
[0.499s] Level 1:colcon.colcon_core.package_identification:_identify(src/DOBOT_6Axis_ROS2_V3/cr5_moveit) by extension 'ignore_ament_install'
[0.499s] Level 1:colcon.colcon_core.package_identification:_identify(src/DOBOT_6Axis_ROS2_V3/cr5_moveit) by extensions ['colcon_pkg']
[0.499s] Level 1:colcon.colcon_core.package_identification:_identify(src/DOBOT_6Axis_ROS2_V3/cr5_moveit) by extension 'colcon_pkg'
[0.499s] Level 1:colcon.colcon_core.package_identification:_identify(src/DOBOT_6Axis_ROS2_V3/cr5_moveit) by extensions ['colcon_meta']
[0.499s] Level 1:colcon.colcon_core.package_identification:_identify(src/DOBOT_6Axis_ROS2_V3/cr5_moveit) by extension 'colcon_meta'
[0.499s] Level 1:colcon.colcon_core.package_identification:_identify(src/DOBOT_6Axis_ROS2_V3/cr5_moveit) by extensions ['ros']
[0.499s] Level 1:colcon.colcon_core.package_identification:_identify(src/DOBOT_6Axis_ROS2_V3/cr5_moveit) by extension 'ros'
[0.499s] DEBUG:colcon.colcon_core.package_identification:Package 'src/DOBOT_6Axis_ROS2_V3/cr5_moveit' with type 'ros.ament_cmake' and name 'cr5_moveit'
[0.499s] Level 1:colcon.colcon_core.package_identification:_identify(src/DOBOT_6Axis_ROS2_V3/cr7_moveit) by extensions ['ignore', 'ignore_ament_install']
[0.500s] Level 1:colcon.colcon_core.package_identification:_identify(src/DOBOT_6Axis_ROS2_V3/cr7_moveit) by extension 'ignore'
[0.500s] Level 1:colcon.colcon_core.package_identification:_identify(src/DOBOT_6Axis_ROS2_V3/cr7_moveit) by extension 'ignore_ament_install'
[0.500s] Level 1:colcon.colcon_core.package_identification:_identify(src/DOBOT_6Axis_ROS2_V3/cr7_moveit) by extensions ['colcon_pkg']
[0.500s] Level 1:colcon.colcon_core.package_identification:_identify(src/DOBOT_6Axis_ROS2_V3/cr7_moveit) by extension 'colcon_pkg'
[0.500s] Level 1:colcon.colcon_core.package_identification:_identify(src/DOBOT_6Axis_ROS2_V3/cr7_moveit) by extensions ['colcon_meta']
[0.500s] Level 1:colcon.colcon_core.package_identification:_identify(src/DOBOT_6Axis_ROS2_V3/cr7_moveit) by extension 'colcon_meta'
[0.500s] Level 1:colcon.colcon_core.package_identification:_identify(src/DOBOT_6Axis_ROS2_V3/cr7_moveit) by extensions ['ros']
[0.500s] Level 1:colcon.colcon_core.package_identification:_identify(src/DOBOT_6Axis_ROS2_V3/cr7_moveit) by extension 'ros'
[0.500s] DEBUG:colcon.colcon_core.package_identification:Package 'src/DOBOT_6Axis_ROS2_V3/cr7_moveit' with type 'ros.ament_cmake' and name 'cr7_moveit'
[0.500s] Level 1:colcon.colcon_core.package_identification:_identify(src/DOBOT_6Axis_ROS2_V3/cra_description) by extensions ['ignore', 'ignore_ament_install']
[0.500s] Level 1:colcon.colcon_core.package_identification:_identify(src/DOBOT_6Axis_ROS2_V3/cra_description) by extension 'ignore'
[0.500s] Level 1:colcon.colcon_core.package_identification:_identify(src/DOBOT_6Axis_ROS2_V3/cra_description) by extension 'ignore_ament_install'
[0.500s] Level 1:colcon.colcon_core.package_identification:_identify(src/DOBOT_6Axis_ROS2_V3/cra_description) by extensions ['colcon_pkg']
[0.500s] Level 1:colcon.colcon_core.package_identification:_identify(src/DOBOT_6Axis_ROS2_V3/cra_description) by extension 'colcon_pkg'
[0.500s] Level 1:colcon.colcon_core.package_identification:_identify(src/DOBOT_6Axis_ROS2_V3/cra_description) by extensions ['colcon_meta']
[0.500s] Level 1:colcon.colcon_core.package_identification:_identify(src/DOBOT_6Axis_ROS2_V3/cra_description) by extension 'colcon_meta'
[0.500s] Level 1:colcon.colcon_core.package_identification:_identify(src/DOBOT_6Axis_ROS2_V3/cra_description) by extensions ['ros']
[0.501s] Level 1:colcon.colcon_core.package_identification:_identify(src/DOBOT_6Axis_ROS2_V3/cra_description) by extension 'ros'
[0.501s] DEBUG:colcon.colcon_core.package_identification:Package 'src/DOBOT_6Axis_ROS2_V3/cra_description' with type 'ros.ament_cmake' and name 'cra_description'
[0.501s] Level 1:colcon.colcon_core.package_identification:_identify(src/DOBOT_6Axis_ROS2_V3/dobot_bringup_v3) by extensions ['ignore', 'ignore_ament_install']
[0.501s] Level 1:colcon.colcon_core.package_identification:_identify(src/DOBOT_6Axis_ROS2_V3/dobot_bringup_v3) by extension 'ignore'
[0.501s] Level 1:colcon.colcon_core.package_identification:_identify(src/DOBOT_6Axis_ROS2_V3/dobot_bringup_v3) by extension 'ignore_ament_install'
[0.501s] Level 1:colcon.colcon_core.package_identification:_identify(src/DOBOT_6Axis_ROS2_V3/dobot_bringup_v3) by extensions ['colcon_pkg']
[0.501s] Level 1:colcon.colcon_core.package_identification:_identify(src/DOBOT_6Axis_ROS2_V3/dobot_bringup_v3) by extension 'colcon_pkg'
[0.501s] Level 1:colcon.colcon_core.package_identification:_identify(src/DOBOT_6Axis_ROS2_V3/dobot_bringup_v3) by extensions ['colcon_meta']
[0.501s] Level 1:colcon.colcon_core.package_identification:_identify(src/DOBOT_6Axis_ROS2_V3/dobot_bringup_v3) by extension 'colcon_meta'
[0.501s] Level 1:colcon.colcon_core.package_identification:_identify(src/DOBOT_6Axis_ROS2_V3/dobot_bringup_v3) by extensions ['ros']
[0.501s] Level 1:colcon.colcon_core.package_identification:_identify(src/DOBOT_6Axis_ROS2_V3/dobot_bringup_v3) by extension 'ros'
[0.502s] DEBUG:colcon.colcon_core.package_identification:Package 'src/DOBOT_6Axis_ROS2_V3/dobot_bringup_v3' with type 'ros.ament_python' and name 'dobot_bringup_v3'
[0.502s] Level 1:colcon.colcon_core.package_identification:_identify(src/DOBOT_6Axis_ROS2_V3/dobot_demo) by extensions ['ignore', 'ignore_ament_install']
[0.502s] Level 1:colcon.colcon_core.package_identification:_identify(src/DOBOT_6Axis_ROS2_V3/dobot_demo) by extension 'ignore'
[0.502s] Level 1:colcon.colcon_core.package_identification:_identify(src/DOBOT_6Axis_ROS2_V3/dobot_demo) by extension 'ignore_ament_install'
[0.502s] Level 1:colcon.colcon_core.package_identification:_identify(src/DOBOT_6Axis_ROS2_V3/dobot_demo) by extensions ['colcon_pkg']
[0.502s] Level 1:colcon.colcon_core.package_identification:_identify(src/DOBOT_6Axis_ROS2_V3/dobot_demo) by extension 'colcon_pkg'
[0.502s] Level 1:colcon.colcon_core.package_identification:_identify(src/DOBOT_6Axis_ROS2_V3/dobot_demo) by extensions ['colcon_meta']
[0.502s] Level 1:colcon.colcon_core.package_identification:_identify(src/DOBOT_6Axis_ROS2_V3/dobot_demo) by extension 'colcon_meta'
[0.502s] Level 1:colcon.colcon_core.package_identification:_identify(src/DOBOT_6Axis_ROS2_V3/dobot_demo) by extensions ['ros']
[0.502s] Level 1:colcon.colcon_core.package_identification:_identify(src/DOBOT_6Axis_ROS2_V3/dobot_demo) by extension 'ros'
[0.502s] DEBUG:colcon.colcon_core.package_identification:Package 'src/DOBOT_6Axis_ROS2_V3/dobot_demo' with type 'ros.ament_python' and name 'dobot_demo'
[0.502s] Level 1:colcon.colcon_core.package_identification:_identify(src/DOBOT_6Axis_ROS2_V3/dobot_gazebo) by extensions ['ignore', 'ignore_ament_install']
[0.502s] Level 1:colcon.colcon_core.package_identification:_identify(src/DOBOT_6Axis_ROS2_V3/dobot_gazebo) by extension 'ignore'
[0.502s] Level 1:colcon.colcon_core.package_identification:_identify(src/DOBOT_6Axis_ROS2_V3/dobot_gazebo) by extension 'ignore_ament_install'
[0.502s] Level 1:colcon.colcon_core.package_identification:_identify(src/DOBOT_6Axis_ROS2_V3/dobot_gazebo) by extensions ['colcon_pkg']
[0.503s] Level 1:colcon.colcon_core.package_identification:_identify(src/DOBOT_6Axis_ROS2_V3/dobot_gazebo) by extension 'colcon_pkg'
[0.503s] Level 1:colcon.colcon_core.package_identification:_identify(src/DOBOT_6Axis_ROS2_V3/dobot_gazebo) by extensions ['colcon_meta']
[0.503s] Level 1:colcon.colcon_core.package_identification:_identify(src/DOBOT_6Axis_ROS2_V3/dobot_gazebo) by extension 'colcon_meta'
[0.503s] Level 1:colcon.colcon_core.package_identification:_identify(src/DOBOT_6Axis_ROS2_V3/dobot_gazebo) by extensions ['ros']
[0.503s] Level 1:colcon.colcon_core.package_identification:_identify(src/DOBOT_6Axis_ROS2_V3/dobot_gazebo) by extension 'ros'
[0.503s] DEBUG:colcon.colcon_core.package_identification:Package 'src/DOBOT_6Axis_ROS2_V3/dobot_gazebo' with type 'ros.ament_cmake' and name 'dobot_gazebo'
[0.503s] Level 1:colcon.colcon_core.package_identification:_identify(src/DOBOT_6Axis_ROS2_V3/dobot_moveit) by extensions ['ignore', 'ignore_ament_install']
[0.503s] Level 1:colcon.colcon_core.package_identification:_identify(src/DOBOT_6Axis_ROS2_V3/dobot_moveit) by extension 'ignore'
[0.503s] Level 1:colcon.colcon_core.package_identification:_identify(src/DOBOT_6Axis_ROS2_V3/dobot_moveit) by extension 'ignore_ament_install'
[0.503s] Level 1:colcon.colcon_core.package_identification:_identify(src/DOBOT_6Axis_ROS2_V3/dobot_moveit) by extensions ['colcon_pkg']
[0.503s] Level 1:colcon.colcon_core.package_identification:_identify(src/DOBOT_6Axis_ROS2_V3/dobot_moveit) by extension 'colcon_pkg'
[0.503s] Level 1:colcon.colcon_core.package_identification:_identify(src/DOBOT_6Axis_ROS2_V3/dobot_moveit) by extensions ['colcon_meta']
[0.503s] Level 1:colcon.colcon_core.package_identification:_identify(src/DOBOT_6Axis_ROS2_V3/dobot_moveit) by extension 'colcon_meta'
[0.503s] Level 1:colcon.colcon_core.package_identification:_identify(src/DOBOT_6Axis_ROS2_V3/dobot_moveit) by extensions ['ros']
[0.503s] Level 1:colcon.colcon_core.package_identification:_identify(src/DOBOT_6Axis_ROS2_V3/dobot_moveit) by extension 'ros'
[0.503s] DEBUG:colcon.colcon_core.package_identification:Package 'src/DOBOT_6Axis_ROS2_V3/dobot_moveit' with type 'ros.ament_python' and name 'dobot_moveit'
[0.503s] Level 1:colcon.colcon_core.package_identification:_identify(src/DOBOT_6Axis_ROS2_V3/dobot_msgs_v3) by extensions ['ignore', 'ignore_ament_install']
[0.504s] Level 1:colcon.colcon_core.package_identification:_identify(src/DOBOT_6Axis_ROS2_V3/dobot_msgs_v3) by extension 'ignore'
[0.504s] Level 1:colcon.colcon_core.package_identification:_identify(src/DOBOT_6Axis_ROS2_V3/dobot_msgs_v3) by extension 'ignore_ament_install'
[0.504s] Level 1:colcon.colcon_core.package_identification:_identify(src/DOBOT_6Axis_ROS2_V3/dobot_msgs_v3) by extensions ['colcon_pkg']
[0.504s] Level 1:colcon.colcon_core.package_identification:_identify(src/DOBOT_6Axis_ROS2_V3/dobot_msgs_v3) by extension 'colcon_pkg'
[0.504s] Level 1:colcon.colcon_core.package_identification:_identify(src/DOBOT_6Axis_ROS2_V3/dobot_msgs_v3) by extensions ['colcon_meta']
[0.504s] Level 1:colcon.colcon_core.package_identification:_identify(src/DOBOT_6Axis_ROS2_V3/dobot_msgs_v3) by extension 'colcon_meta'
[0.504s] Level 1:colcon.colcon_core.package_identification:_identify(src/DOBOT_6Axis_ROS2_V3/dobot_msgs_v3) by extensions ['ros']
[0.504s] Level 1:colcon.colcon_core.package_identification:_identify(src/DOBOT_6Axis_ROS2_V3/dobot_msgs_v3) by extension 'ros'
[0.504s] DEBUG:colcon.colcon_core.package_identification:Package 'src/DOBOT_6Axis_ROS2_V3/dobot_msgs_v3' with type 'ros.ament_cmake' and name 'dobot_msgs_v3'
[0.504s] Level 1:colcon.colcon_core.package_identification:_identify(src/DOBOT_6Axis_ROS2_V3/dobot_rviz) by extensions ['ignore', 'ignore_ament_install']
[0.504s] Level 1:colcon.colcon_core.package_identification:_identify(src/DOBOT_6Axis_ROS2_V3/dobot_rviz) by extension 'ignore'
[0.504s] Level 1:colcon.colcon_core.package_identification:_identify(src/DOBOT_6Axis_ROS2_V3/dobot_rviz) by extension 'ignore_ament_install'
[0.504s] Level 1:colcon.colcon_core.package_identification:_identify(src/DOBOT_6Axis_ROS2_V3/dobot_rviz) by extensions ['colcon_pkg']
[0.504s] Level 1:colcon.colcon_core.package_identification:_identify(src/DOBOT_6Axis_ROS2_V3/dobot_rviz) by extension 'colcon_pkg'
[0.504s] Level 1:colcon.colcon_core.package_identification:_identify(src/DOBOT_6Axis_ROS2_V3/dobot_rviz) by extensions ['colcon_meta']
[0.504s] Level 1:colcon.colcon_core.package_identification:_identify(src/DOBOT_6Axis_ROS2_V3/dobot_rviz) by extension 'colcon_meta'
[0.504s] Level 1:colcon.colcon_core.package_identification:_identify(src/DOBOT_6Axis_ROS2_V3/dobot_rviz) by extensions ['ros']
[0.504s] Level 1:colcon.colcon_core.package_identification:_identify(src/DOBOT_6Axis_ROS2_V3/dobot_rviz) by extension 'ros'
[0.505s] DEBUG:colcon.colcon_core.package_identification:Package 'src/DOBOT_6Axis_ROS2_V3/dobot_rviz' with type 'ros.ament_cmake' and name 'dobot_rviz'
[0.505s] Level 1:colcon.colcon_core.package_identification:_identify(src/DOBOT_6Axis_ROS2_V3/image) by extensions ['ignore', 'ignore_ament_install']
[0.505s] Level 1:colcon.colcon_core.package_identification:_identify(src/DOBOT_6Axis_ROS2_V3/image) by extension 'ignore'
[0.505s] Level 1:colcon.colcon_core.package_identification:_identify(src/DOBOT_6Axis_ROS2_V3/image) by extension 'ignore_ament_install'
[0.505s] Level 1:colcon.colcon_core.package_identification:_identify(src/DOBOT_6Axis_ROS2_V3/image) by extensions ['colcon_pkg']
[0.505s] Level 1:colcon.colcon_core.package_identification:_identify(src/DOBOT_6Axis_ROS2_V3/image) by extension 'colcon_pkg'
[0.505s] Level 1:colcon.colcon_core.package_identification:_identify(src/DOBOT_6Axis_ROS2_V3/image) by extensions ['colcon_meta']
[0.505s] Level 1:colcon.colcon_core.package_identification:_identify(src/DOBOT_6Axis_ROS2_V3/image) by extension 'colcon_meta'
[0.505s] Level 1:colcon.colcon_core.package_identification:_identify(src/DOBOT_6Axis_ROS2_V3/image) by extensions ['ros']
[0.505s] Level 1:colcon.colcon_core.package_identification:_identify(src/DOBOT_6Axis_ROS2_V3/image) by extension 'ros'
[0.505s] Level 1:colcon.colcon_core.package_identification:_identify(src/DOBOT_6Axis_ROS2_V3/image) by extensions ['cmake', 'python']
[0.505s] Level 1:colcon.colcon_core.package_identification:_identify(src/DOBOT_6Axis_ROS2_V3/image) by extension 'cmake'
[0.505s] Level 1:colcon.colcon_core.package_identification:_identify(src/DOBOT_6Axis_ROS2_V3/image) by extension 'python'
[0.505s] Level 1:colcon.colcon_core.package_identification:_identify(src/DOBOT_6Axis_ROS2_V3/image) by extensions ['python_setup_py']
[0.505s] Level 1:colcon.colcon_core.package_identification:_identify(src/DOBOT_6Axis_ROS2_V3/image) by extension 'python_setup_py'
[0.505s] Level 1:colcon.colcon_core.package_identification:_identify(src/DOBOT_6Axis_ROS2_V3/nova2_moveit) by extensions ['ignore', 'ignore_ament_install']
[0.505s] Level 1:colcon.colcon_core.package_identification:_identify(src/DOBOT_6Axis_ROS2_V3/nova2_moveit) by extension 'ignore'
[0.505s] Level 1:colcon.colcon_core.package_identification:_identify(src/DOBOT_6Axis_ROS2_V3/nova2_moveit) by extension 'ignore_ament_install'
[0.505s] Level 1:colcon.colcon_core.package_identification:_identify(src/DOBOT_6Axis_ROS2_V3/nova2_moveit) by extensions ['colcon_pkg']
[0.505s] Level 1:colcon.colcon_core.package_identification:_identify(src/DOBOT_6Axis_ROS2_V3/nova2_moveit) by extension 'colcon_pkg'
[0.505s] Level 1:colcon.colcon_core.package_identification:_identify(src/DOBOT_6Axis_ROS2_V3/nova2_moveit) by extensions ['colcon_meta']
[0.505s] Level 1:colcon.colcon_core.package_identification:_identify(src/DOBOT_6Axis_ROS2_V3/nova2_moveit) by extension 'colcon_meta'
[0.505s] Level 1:colcon.colcon_core.package_identification:_identify(src/DOBOT_6Axis_ROS2_V3/nova2_moveit) by extensions ['ros']
[0.505s] Level 1:colcon.colcon_core.package_identification:_identify(src/DOBOT_6Axis_ROS2_V3/nova2_moveit) by extension 'ros'
[0.506s] DEBUG:colcon.colcon_core.package_identification:Package 'src/DOBOT_6Axis_ROS2_V3/nova2_moveit' with type 'ros.ament_cmake' and name 'nova2_moveit'
[0.506s] Level 1:colcon.colcon_core.package_identification:_identify(src/DOBOT_6Axis_ROS2_V3/nova5_moveit) by extensions ['ignore', 'ignore_ament_install']
[0.506s] Level 1:colcon.colcon_core.package_identification:_identify(src/DOBOT_6Axis_ROS2_V3/nova5_moveit) by extension 'ignore'
[0.506s] Level 1:colcon.colcon_core.package_identification:_identify(src/DOBOT_6Axis_ROS2_V3/nova5_moveit) by extension 'ignore_ament_install'
[0.506s] Level 1:colcon.colcon_core.package_identification:_identify(src/DOBOT_6Axis_ROS2_V3/nova5_moveit) by extensions ['colcon_pkg']
[0.506s] Level 1:colcon.colcon_core.package_identification:_identify(src/DOBOT_6Axis_ROS2_V3/nova5_moveit) by extension 'colcon_pkg'
[0.506s] Level 1:colcon.colcon_core.package_identification:_identify(src/DOBOT_6Axis_ROS2_V3/nova5_moveit) by extensions ['colcon_meta']
[0.506s] Level 1:colcon.colcon_core.package_identification:_identify(src/DOBOT_6Axis_ROS2_V3/nova5_moveit) by extension 'colcon_meta'
[0.506s] Level 1:colcon.colcon_core.package_identification:_identify(src/DOBOT_6Axis_ROS2_V3/nova5_moveit) by extensions ['ros']
[0.506s] Level 1:colcon.colcon_core.package_identification:_identify(src/DOBOT_6Axis_ROS2_V3/nova5_moveit) by extension 'ros'
[0.507s] DEBUG:colcon.colcon_core.package_identification:Package 'src/DOBOT_6Axis_ROS2_V3/nova5_moveit' with type 'ros.ament_cmake' and name 'nova5_moveit'
[0.507s] Level 1:colcon.colcon_core.package_identification:_identify(src/DOBOT_6Axis_ROS2_V3/servo_action) by extensions ['ignore', 'ignore_ament_install']
[0.507s] Level 1:colcon.colcon_core.package_identification:_identify(src/DOBOT_6Axis_ROS2_V3/servo_action) by extension 'ignore'
[0.507s] Level 1:colcon.colcon_core.package_identification:_identify(src/DOBOT_6Axis_ROS2_V3/servo_action) by extension 'ignore_ament_install'
[0.507s] Level 1:colcon.colcon_core.package_identification:_identify(src/DOBOT_6Axis_ROS2_V3/servo_action) by extensions ['colcon_pkg']
[0.507s] Level 1:colcon.colcon_core.package_identification:_identify(src/DOBOT_6Axis_ROS2_V3/servo_action) by extension 'colcon_pkg'
[0.507s] Level 1:colcon.colcon_core.package_identification:_identify(src/DOBOT_6Axis_ROS2_V3/servo_action) by extensions ['colcon_meta']
[0.507s] Level 1:colcon.colcon_core.package_identification:_identify(src/DOBOT_6Axis_ROS2_V3/servo_action) by extension 'colcon_meta'
[0.507s] Level 1:colcon.colcon_core.package_identification:_identify(src/DOBOT_6Axis_ROS2_V3/servo_action) by extensions ['ros']
[0.507s] Level 1:colcon.colcon_core.package_identification:_identify(src/DOBOT_6Axis_ROS2_V3/servo_action) by extension 'ros'
[0.507s] DEBUG:colcon.colcon_core.package_identification:Package 'src/DOBOT_6Axis_ROS2_V3/servo_action' with type 'ros.ament_python' and name 'servo_action'
[0.507s] Level 1:colcon.colcon_core.package_discovery:discover_packages(recursive) using defaults
[0.507s] Level 1:colcon.colcon_core.package_discovery:discover_packages(ignore) discover
[0.507s] Level 1:colcon.colcon_core.package_discovery:discover_packages(ignore) using defaults
[0.507s] Level 1:colcon.colcon_core.package_discovery:discover_packages(path) discover
[0.507s] Level 1:colcon.colcon_core.package_discovery:discover_packages(path) using defaults
[0.544s] Level 1:colcon.colcon_core.package_discovery:discover_packages(prefix_path) check parameters
[0.544s] Level 1:colcon.colcon_core.package_discovery:discover_packages(prefix_path) discover
[0.548s] DEBUG:colcon.colcon_installed_package_information.package_discovery:Found 272 installed packages in /opt/ros/humble
[0.549s] Level 1:colcon.colcon_core.package_discovery:discover_packages(prefix_path) using defaults
[0.592s] Level 5:colcon.colcon_core.verb:set package 'cra_description' build argument 'cmake_args' from command line to 'None'
[0.593s] Level 5:colcon.colcon_core.verb:set package 'cra_description' build argument 'cmake_target' from command line to 'None'
[0.593s] Level 5:colcon.colcon_core.verb:set package 'cra_description' build argument 'cmake_target_skip_unavailable' from command line to 'False'
[0.593s] Level 5:colcon.colcon_core.verb:set package 'cra_description' build argument 'cmake_clean_cache' from command line to 'False'
[0.593s] Level 5:colcon.colcon_core.verb:set package 'cra_description' build argument 'cmake_clean_first' from command line to 'False'
[0.593s] Level 5:colcon.colcon_core.verb:set package 'cra_description' build argument 'cmake_force_configure' from command line to 'False'
[0.593s] Level 5:colcon.colcon_core.verb:set package 'cra_description' build argument 'ament_cmake_args' from command line to 'None'
[0.593s] Level 5:colcon.colcon_core.verb:set package 'cra_description' build argument 'catkin_cmake_args' from command line to 'None'
[0.593s] Level 5:colcon.colcon_core.verb:set package 'cra_description' build argument 'catkin_skip_building_tests' from command line to 'False'
[0.593s] DEBUG:colcon.colcon_core.verb:Building package 'cra_description' with the following arguments: {'ament_cmake_args': None, 'build_base': '/home/huahai/dobot_ws/build/cra_description', 'catkin_cmake_args': None, 'catkin_skip_building_tests': False, 'cmake_args': None, 'cmake_clean_cache': False, 'cmake_clean_first': False, 'cmake_force_configure': False, 'cmake_target': None, 'cmake_target_skip_unavailable': False, 'install_base': '/home/huahai/dobot_ws/install/cra_description', 'merge_install': False, 'path': '/home/huahai/dobot_ws/src/DOBOT_6Axis_ROS2_V3/cra_description', 'symlink_install': False, 'test_result_base': None}
[0.593s] Level 5:colcon.colcon_core.verb:set package 'dobot_demo' build argument 'cmake_args' from command line to 'None'
[0.593s] Level 5:colcon.colcon_core.verb:set package 'dobot_demo' build argument 'cmake_target' from command line to 'None'
[0.593s] Level 5:colcon.colcon_core.verb:set package 'dobot_demo' build argument 'cmake_target_skip_unavailable' from command line to 'False'
[0.593s] Level 5:colcon.colcon_core.verb:set package 'dobot_demo' build argument 'cmake_clean_cache' from command line to 'False'
[0.593s] Level 5:colcon.colcon_core.verb:set package 'dobot_demo' build argument 'cmake_clean_first' from command line to 'False'
[0.593s] Level 5:colcon.colcon_core.verb:set package 'dobot_demo' build argument 'cmake_force_configure' from command line to 'False'
[0.593s] Level 5:colcon.colcon_core.verb:set package 'dobot_demo' build argument 'ament_cmake_args' from command line to 'None'
[0.593s] Level 5:colcon.colcon_core.verb:set package 'dobot_demo' build argument 'catkin_cmake_args' from command line to 'None'
[0.593s] Level 5:colcon.colcon_core.verb:set package 'dobot_demo' build argument 'catkin_skip_building_tests' from command line to 'False'
[0.593s] DEBUG:colcon.colcon_core.verb:Building package 'dobot_demo' with the following arguments: {'ament_cmake_args': None, 'build_base': '/home/huahai/dobot_ws/build/dobot_demo', 'catkin_cmake_args': None, 'catkin_skip_building_tests': False, 'cmake_args': None, 'cmake_clean_cache': False, 'cmake_clean_first': False, 'cmake_force_configure': False, 'cmake_target': None, 'cmake_target_skip_unavailable': False, 'install_base': '/home/huahai/dobot_ws/install/dobot_demo', 'merge_install': False, 'path': '/home/huahai/dobot_ws/src/DOBOT_6Axis_ROS2_V3/dobot_demo', 'symlink_install': False, 'test_result_base': None}
[0.593s] Level 5:colcon.colcon_core.verb:set package 'dobot_moveit' build argument 'cmake_args' from command line to 'None'
[0.594s] Level 5:colcon.colcon_core.verb:set package 'dobot_moveit' build argument 'cmake_target' from command line to 'None'
[0.594s] Level 5:colcon.colcon_core.verb:set package 'dobot_moveit' build argument 'cmake_target_skip_unavailable' from command line to 'False'
[0.594s] Level 5:colcon.colcon_core.verb:set package 'dobot_moveit' build argument 'cmake_clean_cache' from command line to 'False'
[0.594s] Level 5:colcon.colcon_core.verb:set package 'dobot_moveit' build argument 'cmake_clean_first' from command line to 'False'
[0.594s] Level 5:colcon.colcon_core.verb:set package 'dobot_moveit' build argument 'cmake_force_configure' from command line to 'False'
[0.594s] Level 5:colcon.colcon_core.verb:set package 'dobot_moveit' build argument 'ament_cmake_args' from command line to 'None'
[0.594s] Level 5:colcon.colcon_core.verb:set package 'dobot_moveit' build argument 'catkin_cmake_args' from command line to 'None'
[0.594s] Level 5:colcon.colcon_core.verb:set package 'dobot_moveit' build argument 'catkin_skip_building_tests' from command line to 'False'
[0.594s] DEBUG:colcon.colcon_core.verb:Building package 'dobot_moveit' with the following arguments: {'ament_cmake_args': None, 'build_base': '/home/huahai/dobot_ws/build/dobot_moveit', 'catkin_cmake_args': None, 'catkin_skip_building_tests': False, 'cmake_args': None, 'cmake_clean_cache': False, 'cmake_clean_first': False, 'cmake_force_configure': False, 'cmake_target': None, 'cmake_target_skip_unavailable': False, 'install_base': '/home/huahai/dobot_ws/install/dobot_moveit', 'merge_install': False, 'path': '/home/huahai/dobot_ws/src/DOBOT_6Axis_ROS2_V3/dobot_moveit', 'symlink_install': False, 'test_result_base': None}
[0.594s] Level 5:colcon.colcon_core.verb:set package 'dobot_msgs_v3' build argument 'cmake_args' from command line to 'None'
[0.594s] Level 5:colcon.colcon_core.verb:set package 'dobot_msgs_v3' build argument 'cmake_target' from command line to 'None'
[0.594s] Level 5:colcon.colcon_core.verb:set package 'dobot_msgs_v3' build argument 'cmake_target_skip_unavailable' from command line to 'False'
[0.594s] Level 5:colcon.colcon_core.verb:set package 'dobot_msgs_v3' build argument 'cmake_clean_cache' from command line to 'False'
[0.594s] Level 5:colcon.colcon_core.verb:set package 'dobot_msgs_v3' build argument 'cmake_clean_first' from command line to 'False'
[0.594s] Level 5:colcon.colcon_core.verb:set package 'dobot_msgs_v3' build argument 'cmake_force_configure' from command line to 'False'
[0.594s] Level 5:colcon.colcon_core.verb:set package 'dobot_msgs_v3' build argument 'ament_cmake_args' from command line to 'None'
[0.594s] Level 5:colcon.colcon_core.verb:set package 'dobot_msgs_v3' build argument 'catkin_cmake_args' from command line to 'None'
[0.594s] Level 5:colcon.colcon_core.verb:set package 'dobot_msgs_v3' build argument 'catkin_skip_building_tests' from command line to 'False'
[0.594s] DEBUG:colcon.colcon_core.verb:Building package 'dobot_msgs_v3' with the following arguments: {'ament_cmake_args': None, 'build_base': '/home/huahai/dobot_ws/build/dobot_msgs_v3', 'catkin_cmake_args': None, 'catkin_skip_building_tests': False, 'cmake_args': None, 'cmake_clean_cache': False, 'cmake_clean_first': False, 'cmake_force_configure': False, 'cmake_target': None, 'cmake_target_skip_unavailable': False, 'install_base': '/home/huahai/dobot_ws/install/dobot_msgs_v3', 'merge_install': False, 'path': '/home/huahai/dobot_ws/src/DOBOT_6Axis_ROS2_V3/dobot_msgs_v3', 'symlink_install': False, 'test_result_base': None}
[0.594s] Level 5:colcon.colcon_core.verb:set package 'dobot_rviz' build argument 'cmake_args' from command line to 'None'
[0.594s] Level 5:colcon.colcon_core.verb:set package 'dobot_rviz' build argument 'cmake_target' from command line to 'None'
[0.594s] Level 5:colcon.colcon_core.verb:set package 'dobot_rviz' build argument 'cmake_target_skip_unavailable' from command line to 'False'
[0.594s] Level 5:colcon.colcon_core.verb:set package 'dobot_rviz' build argument 'cmake_clean_cache' from command line to 'False'
[0.594s] Level 5:colcon.colcon_core.verb:set package 'dobot_rviz' build argument 'cmake_clean_first' from command line to 'False'
[0.594s] Level 5:colcon.colcon_core.verb:set package 'dobot_rviz' build argument 'cmake_force_configure' from command line to 'False'
[0.594s] Level 5:colcon.colcon_core.verb:set package 'dobot_rviz' build argument 'ament_cmake_args' from command line to 'None'
[0.594s] Level 5:colcon.colcon_core.verb:set package 'dobot_rviz' build argument 'catkin_cmake_args' from command line to 'None'
[0.594s] Level 5:colcon.colcon_core.verb:set package 'dobot_rviz' build argument 'catkin_skip_building_tests' from command line to 'False'
[0.594s] DEBUG:colcon.colcon_core.verb:Building package 'dobot_rviz' with the following arguments: {'ament_cmake_args': None, 'build_base': '/home/huahai/dobot_ws/build/dobot_rviz', 'catkin_cmake_args': None, 'catkin_skip_building_tests': False, 'cmake_args': None, 'cmake_clean_cache': False, 'cmake_clean_first': False, 'cmake_force_configure': False, 'cmake_target': None, 'cmake_target_skip_unavailable': False, 'install_base': '/home/huahai/dobot_ws/install/dobot_rviz', 'merge_install': False, 'path': '/home/huahai/dobot_ws/src/DOBOT_6Axis_ROS2_V3/dobot_rviz', 'symlink_install': False, 'test_result_base': None}
[0.594s] Level 5:colcon.colcon_core.verb:set package 'servo_action' build argument 'cmake_args' from command line to 'None'
[0.594s] Level 5:colcon.colcon_core.verb:set package 'servo_action' build argument 'cmake_target' from command line to 'None'
[0.594s] Level 5:colcon.colcon_core.verb:set package 'servo_action' build argument 'cmake_target_skip_unavailable' from command line to 'False'
[0.594s] Level 5:colcon.colcon_core.verb:set package 'servo_action' build argument 'cmake_clean_cache' from command line to 'False'
[0.595s] Level 5:colcon.colcon_core.verb:set package 'servo_action' build argument 'cmake_clean_first' from command line to 'False'
[0.595s] Level 5:colcon.colcon_core.verb:set package 'servo_action' build argument 'cmake_force_configure' from command line to 'False'
[0.595s] Level 5:colcon.colcon_core.verb:set package 'servo_action' build argument 'ament_cmake_args' from command line to 'None'
[0.595s] Level 5:colcon.colcon_core.verb:set package 'servo_action' build argument 'catkin_cmake_args' from command line to 'None'
[0.595s] Level 5:colcon.colcon_core.verb:set package 'servo_action' build argument 'catkin_skip_building_tests' from command line to 'False'
[0.595s] DEBUG:colcon.colcon_core.verb:Building package 'servo_action' with the following arguments: {'ament_cmake_args': None, 'build_base': '/home/huahai/dobot_ws/build/servo_action', 'catkin_cmake_args': None, 'catkin_skip_building_tests': False, 'cmake_args': None, 'cmake_clean_cache': False, 'cmake_clean_first': False, 'cmake_force_configure': False, 'cmake_target': None, 'cmake_target_skip_unavailable': False, 'install_base': '/home/huahai/dobot_ws/install/servo_action', 'merge_install': False, 'path': '/home/huahai/dobot_ws/src/DOBOT_6Axis_ROS2_V3/servo_action', 'symlink_install': False, 'test_result_base': None}
[0.595s] Level 5:colcon.colcon_core.verb:set package 'cr10_moveit' build argument 'cmake_args' from command line to 'None'
[0.595s] Level 5:colcon.colcon_core.verb:set package 'cr10_moveit' build argument 'cmake_target' from command line to 'None'
[0.595s] Level 5:colcon.colcon_core.verb:set package 'cr10_moveit' build argument 'cmake_target_skip_unavailable' from command line to 'False'
[0.595s] Level 5:colcon.colcon_core.verb:set package 'cr10_moveit' build argument 'cmake_clean_cache' from command line to 'False'
[0.595s] Level 5:colcon.colcon_core.verb:set package 'cr10_moveit' build argument 'cmake_clean_first' from command line to 'False'
[0.595s] Level 5:colcon.colcon_core.verb:set package 'cr10_moveit' build argument 'cmake_force_configure' from command line to 'False'
[0.595s] Level 5:colcon.colcon_core.verb:set package 'cr10_moveit' build argument 'ament_cmake_args' from command line to 'None'
[0.595s] Level 5:colcon.colcon_core.verb:set package 'cr10_moveit' build argument 'catkin_cmake_args' from command line to 'None'
[0.595s] Level 5:colcon.colcon_core.verb:set package 'cr10_moveit' build argument 'catkin_skip_building_tests' from command line to 'False'
[0.595s] DEBUG:colcon.colcon_core.verb:Building package 'cr10_moveit' with the following arguments: {'ament_cmake_args': None, 'build_base': '/home/huahai/dobot_ws/build/cr10_moveit', 'catkin_cmake_args': None, 'catkin_skip_building_tests': False, 'cmake_args': None, 'cmake_clean_cache': False, 'cmake_clean_first': False, 'cmake_force_configure': False, 'cmake_target': None, 'cmake_target_skip_unavailable': False, 'install_base': '/home/huahai/dobot_ws/install/cr10_moveit', 'merge_install': False, 'path': '/home/huahai/dobot_ws/src/DOBOT_6Axis_ROS2_V3/cr10_moveit', 'symlink_install': False, 'test_result_base': None}
[0.595s] Level 5:colcon.colcon_core.verb:set package 'cr12_moveit' build argument 'cmake_args' from command line to 'None'
[0.595s] Level 5:colcon.colcon_core.verb:set package 'cr12_moveit' build argument 'cmake_target' from command line to 'None'
[0.595s] Level 5:colcon.colcon_core.verb:set package 'cr12_moveit' build argument 'cmake_target_skip_unavailable' from command line to 'False'
[0.595s] Level 5:colcon.colcon_core.verb:set package 'cr12_moveit' build argument 'cmake_clean_cache' from command line to 'False'
[0.595s] Level 5:colcon.colcon_core.verb:set package 'cr12_moveit' build argument 'cmake_clean_first' from command line to 'False'
[0.595s] Level 5:colcon.colcon_core.verb:set package 'cr12_moveit' build argument 'cmake_force_configure' from command line to 'False'
[0.595s] Level 5:colcon.colcon_core.verb:set package 'cr12_moveit' build argument 'ament_cmake_args' from command line to 'None'
[0.595s] Level 5:colcon.colcon_core.verb:set package 'cr12_moveit' build argument 'catkin_cmake_args' from command line to 'None'
[0.595s] Level 5:colcon.colcon_core.verb:set package 'cr12_moveit' build argument 'catkin_skip_building_tests' from command line to 'False'
[0.595s] DEBUG:colcon.colcon_core.verb:Building package 'cr12_moveit' with the following arguments: {'ament_cmake_args': None, 'build_base': '/home/huahai/dobot_ws/build/cr12_moveit', 'catkin_cmake_args': None, 'catkin_skip_building_tests': False, 'cmake_args': None, 'cmake_clean_cache': False, 'cmake_clean_first': False, 'cmake_force_configure': False, 'cmake_target': None, 'cmake_target_skip_unavailable': False, 'install_base': '/home/huahai/dobot_ws/install/cr12_moveit', 'merge_install': False, 'path': '/home/huahai/dobot_ws/src/DOBOT_6Axis_ROS2_V3/cr12_moveit', 'symlink_install': False, 'test_result_base': None}
[0.596s] Level 5:colcon.colcon_core.verb:set package 'cr16_moveit' build argument 'cmake_args' from command line to 'None'
[0.596s] Level 5:colcon.colcon_core.verb:set package 'cr16_moveit' build argument 'cmake_target' from command line to 'None'
[0.596s] Level 5:colcon.colcon_core.verb:set package 'cr16_moveit' build argument 'cmake_target_skip_unavailable' from command line to 'False'
[0.596s] Level 5:colcon.colcon_core.verb:set package 'cr16_moveit' build argument 'cmake_clean_cache' from command line to 'False'
[0.596s] Level 5:colcon.colcon_core.verb:set package 'cr16_moveit' build argument 'cmake_clean_first' from command line to 'False'
[0.596s] Level 5:colcon.colcon_core.verb:set package 'cr16_moveit' build argument 'cmake_force_configure' from command line to 'False'
[0.596s] Level 5:colcon.colcon_core.verb:set package 'cr16_moveit' build argument 'ament_cmake_args' from command line to 'None'
[0.596s] Level 5:colcon.colcon_core.verb:set package 'cr16_moveit' build argument 'catkin_cmake_args' from command line to 'None'
[0.596s] Level 5:colcon.colcon_core.verb:set package 'cr16_moveit' build argument 'catkin_skip_building_tests' from command line to 'False'
[0.596s] DEBUG:colcon.colcon_core.verb:Building package 'cr16_moveit' with the following arguments: {'ament_cmake_args': None, 'build_base': '/home/huahai/dobot_ws/build/cr16_moveit', 'catkin_cmake_args': None, 'catkin_skip_building_tests': False, 'cmake_args': None, 'cmake_clean_cache': False, 'cmake_clean_first': False, 'cmake_force_configure': False, 'cmake_target': None, 'cmake_target_skip_unavailable': False, 'install_base': '/home/huahai/dobot_ws/install/cr16_moveit', 'merge_install': False, 'path': '/home/huahai/dobot_ws/src/DOBOT_6Axis_ROS2_V3/cr16_moveit', 'symlink_install': False, 'test_result_base': None}
[0.596s] Level 5:colcon.colcon_core.verb:set package 'cr3_moveit' build argument 'cmake_args' from command line to 'None'
[0.596s] Level 5:colcon.colcon_core.verb:set package 'cr3_moveit' build argument 'cmake_target' from command line to 'None'
[0.596s] Level 5:colcon.colcon_core.verb:set package 'cr3_moveit' build argument 'cmake_target_skip_unavailable' from command line to 'False'
[0.596s] Level 5:colcon.colcon_core.verb:set package 'cr3_moveit' build argument 'cmake_clean_cache' from command line to 'False'
[0.596s] Level 5:colcon.colcon_core.verb:set package 'cr3_moveit' build argument 'cmake_clean_first' from command line to 'False'
[0.596s] Level 5:colcon.colcon_core.verb:set package 'cr3_moveit' build argument 'cmake_force_configure' from command line to 'False'
[0.596s] Level 5:colcon.colcon_core.verb:set package 'cr3_moveit' build argument 'ament_cmake_args' from command line to 'None'
[0.596s] Level 5:colcon.colcon_core.verb:set package 'cr3_moveit' build argument 'catkin_cmake_args' from command line to 'None'
[0.596s] Level 5:colcon.colcon_core.verb:set package 'cr3_moveit' build argument 'catkin_skip_building_tests' from command line to 'False'
[0.596s] DEBUG:colcon.colcon_core.verb:Building package 'cr3_moveit' with the following arguments: {'ament_cmake_args': None, 'build_base': '/home/huahai/dobot_ws/build/cr3_moveit', 'catkin_cmake_args': None, 'catkin_skip_building_tests': False, 'cmake_args': None, 'cmake_clean_cache': False, 'cmake_clean_first': False, 'cmake_force_configure': False, 'cmake_target': None, 'cmake_target_skip_unavailable': False, 'install_base': '/home/huahai/dobot_ws/install/cr3_moveit', 'merge_install': False, 'path': '/home/huahai/dobot_ws/src/DOBOT_6Axis_ROS2_V3/cr3_moveit', 'symlink_install': False, 'test_result_base': None}
[0.596s] Level 5:colcon.colcon_core.verb:set package 'cr5_moveit' build argument 'cmake_args' from command line to 'None'
[0.596s] Level 5:colcon.colcon_core.verb:set package 'cr5_moveit' build argument 'cmake_target' from command line to 'None'
[0.596s] Level 5:colcon.colcon_core.verb:set package 'cr5_moveit' build argument 'cmake_target_skip_unavailable' from command line to 'False'
[0.596s] Level 5:colcon.colcon_core.verb:set package 'cr5_moveit' build argument 'cmake_clean_cache' from command line to 'False'
[0.596s] Level 5:colcon.colcon_core.verb:set package 'cr5_moveit' build argument 'cmake_clean_first' from command line to 'False'
[0.596s] Level 5:colcon.colcon_core.verb:set package 'cr5_moveit' build argument 'cmake_force_configure' from command line to 'False'
[0.596s] Level 5:colcon.colcon_core.verb:set package 'cr5_moveit' build argument 'ament_cmake_args' from command line to 'None'
[0.596s] Level 5:colcon.colcon_core.verb:set package 'cr5_moveit' build argument 'catkin_cmake_args' from command line to 'None'
[0.596s] Level 5:colcon.colcon_core.verb:set package 'cr5_moveit' build argument 'catkin_skip_building_tests' from command line to 'False'
[0.596s] DEBUG:colcon.colcon_core.verb:Building package 'cr5_moveit' with the following arguments: {'ament_cmake_args': None, 'build_base': '/home/huahai/dobot_ws/build/cr5_moveit', 'catkin_cmake_args': None, 'catkin_skip_building_tests': False, 'cmake_args': None, 'cmake_clean_cache': False, 'cmake_clean_first': False, 'cmake_force_configure': False, 'cmake_target': None, 'cmake_target_skip_unavailable': False, 'install_base': '/home/huahai/dobot_ws/install/cr5_moveit', 'merge_install': False, 'path': '/home/huahai/dobot_ws/src/DOBOT_6Axis_ROS2_V3/cr5_moveit', 'symlink_install': False, 'test_result_base': None}
[0.596s] Level 5:colcon.colcon_core.verb:set package 'cr7_moveit' build argument 'cmake_args' from command line to 'None'
[0.596s] Level 5:colcon.colcon_core.verb:set package 'cr7_moveit' build argument 'cmake_target' from command line to 'None'
[0.597s] Level 5:colcon.colcon_core.verb:set package 'cr7_moveit' build argument 'cmake_target_skip_unavailable' from command line to 'False'
[0.597s] Level 5:colcon.colcon_core.verb:set package 'cr7_moveit' build argument 'cmake_clean_cache' from command line to 'False'
[0.597s] Level 5:colcon.colcon_core.verb:set package 'cr7_moveit' build argument 'cmake_clean_first' from command line to 'False'
[0.597s] Level 5:colcon.colcon_core.verb:set package 'cr7_moveit' build argument 'cmake_force_configure' from command line to 'False'
[0.597s] Level 5:colcon.colcon_core.verb:set package 'cr7_moveit' build argument 'ament_cmake_args' from command line to 'None'
[0.597s] Level 5:colcon.colcon_core.verb:set package 'cr7_moveit' build argument 'catkin_cmake_args' from command line to 'None'
[0.597s] Level 5:colcon.colcon_core.verb:set package 'cr7_moveit' build argument 'catkin_skip_building_tests' from command line to 'False'
[0.597s] DEBUG:colcon.colcon_core.verb:Building package 'cr7_moveit' with the following arguments: {'ament_cmake_args': None, 'build_base': '/home/huahai/dobot_ws/build/cr7_moveit', 'catkin_cmake_args': None, 'catkin_skip_building_tests': False, 'cmake_args': None, 'cmake_clean_cache': False, 'cmake_clean_first': False, 'cmake_force_configure': False, 'cmake_target': None, 'cmake_target_skip_unavailable': False, 'install_base': '/home/huahai/dobot_ws/install/cr7_moveit', 'merge_install': False, 'path': '/home/huahai/dobot_ws/src/DOBOT_6Axis_ROS2_V3/cr7_moveit', 'symlink_install': False, 'test_result_base': None}
[0.597s] Level 5:colcon.colcon_core.verb:set package 'dobot_bringup_v3' build argument 'cmake_args' from command line to 'None'
[0.597s] Level 5:colcon.colcon_core.verb:set package 'dobot_bringup_v3' build argument 'cmake_target' from command line to 'None'
[0.597s] Level 5:colcon.colcon_core.verb:set package 'dobot_bringup_v3' build argument 'cmake_target_skip_unavailable' from command line to 'False'
[0.597s] Level 5:colcon.colcon_core.verb:set package 'dobot_bringup_v3' build argument 'cmake_clean_cache' from command line to 'False'
[0.597s] Level 5:colcon.colcon_core.verb:set package 'dobot_bringup_v3' build argument 'cmake_clean_first' from command line to 'False'
[0.597s] Level 5:colcon.colcon_core.verb:set package 'dobot_bringup_v3' build argument 'cmake_force_configure' from command line to 'False'
[0.597s] Level 5:colcon.colcon_core.verb:set package 'dobot_bringup_v3' build argument 'ament_cmake_args' from command line to 'None'
[0.597s] Level 5:colcon.colcon_core.verb:set package 'dobot_bringup_v3' build argument 'catkin_cmake_args' from command line to 'None'
[0.597s] Level 5:colcon.colcon_core.verb:set package 'dobot_bringup_v3' build argument 'catkin_skip_building_tests' from command line to 'False'
[0.597s] DEBUG:colcon.colcon_core.verb:Building package 'dobot_bringup_v3' with the following arguments: {'ament_cmake_args': None, 'build_base': '/home/huahai/dobot_ws/build/dobot_bringup_v3', 'catkin_cmake_args': None, 'catkin_skip_building_tests': False, 'cmake_args': None, 'cmake_clean_cache': False, 'cmake_clean_first': False, 'cmake_force_configure': False, 'cmake_target': None, 'cmake_target_skip_unavailable': False, 'install_base': '/home/huahai/dobot_ws/install/dobot_bringup_v3', 'merge_install': False, 'path': '/home/huahai/dobot_ws/src/DOBOT_6Axis_ROS2_V3/dobot_bringup_v3', 'symlink_install': False, 'test_result_base': None}
[0.597s] Level 5:colcon.colcon_core.verb:set package 'dobot_gazebo' build argument 'cmake_args' from command line to 'None'
[0.597s] Level 5:colcon.colcon_core.verb:set package 'dobot_gazebo' build argument 'cmake_target' from command line to 'None'
[0.597s] Level 5:colcon.colcon_core.verb:set package 'dobot_gazebo' build argument 'cmake_target_skip_unavailable' from command line to 'False'
[0.597s] Level 5:colcon.colcon_core.verb:set package 'dobot_gazebo' build argument 'cmake_clean_cache' from command line to 'False'
[0.597s] Level 5:colcon.colcon_core.verb:set package 'dobot_gazebo' build argument 'cmake_clean_first' from command line to 'False'
[0.597s] Level 5:colcon.colcon_core.verb:set package 'dobot_gazebo' build argument 'cmake_force_configure' from command line to 'False'
[0.597s] Level 5:colcon.colcon_core.verb:set package 'dobot_gazebo' build argument 'ament_cmake_args' from command line to 'None'
[0.597s] Level 5:colcon.colcon_core.verb:set package 'dobot_gazebo' build argument 'catkin_cmake_args' from command line to 'None'
[0.597s] Level 5:colcon.colcon_core.verb:set package 'dobot_gazebo' build argument 'catkin_skip_building_tests' from command line to 'False'
[0.597s] DEBUG:colcon.colcon_core.verb:Building package 'dobot_gazebo' with the following arguments: {'ament_cmake_args': None, 'build_base': '/home/huahai/dobot_ws/build/dobot_gazebo', 'catkin_cmake_args': None, 'catkin_skip_building_tests': False, 'cmake_args': None, 'cmake_clean_cache': False, 'cmake_clean_first': False, 'cmake_force_configure': False, 'cmake_target': None, 'cmake_target_skip_unavailable': False, 'install_base': '/home/huahai/dobot_ws/install/dobot_gazebo', 'merge_install': False, 'path': '/home/huahai/dobot_ws/src/DOBOT_6Axis_ROS2_V3/dobot_gazebo', 'symlink_install': False, 'test_result_base': None}
[0.598s] Level 5:colcon.colcon_core.verb:set package 'nova2_moveit' build argument 'cmake_args' from command line to 'None'
[0.598s] Level 5:colcon.colcon_core.verb:set package 'nova2_moveit' build argument 'cmake_target' from command line to 'None'
[0.598s] Level 5:colcon.colcon_core.verb:set package 'nova2_moveit' build argument 'cmake_target_skip_unavailable' from command line to 'False'
[0.598s] Level 5:colcon.colcon_core.verb:set package 'nova2_moveit' build argument 'cmake_clean_cache' from command line to 'False'
[0.598s] Level 5:colcon.colcon_core.verb:set package 'nova2_moveit' build argument 'cmake_clean_first' from command line to 'False'
[0.598s] Level 5:colcon.colcon_core.verb:set package 'nova2_moveit' build argument 'cmake_force_configure' from command line to 'False'
[0.598s] Level 5:colcon.colcon_core.verb:set package 'nova2_moveit' build argument 'ament_cmake_args' from command line to 'None'
[0.598s] Level 5:colcon.colcon_core.verb:set package 'nova2_moveit' build argument 'catkin_cmake_args' from command line to 'None'
[0.598s] Level 5:colcon.colcon_core.verb:set package 'nova2_moveit' build argument 'catkin_skip_building_tests' from command line to 'False'
[0.598s] DEBUG:colcon.colcon_core.verb:Building package 'nova2_moveit' with the following arguments: {'ament_cmake_args': None, 'build_base': '/home/huahai/dobot_ws/build/nova2_moveit', 'catkin_cmake_args': None, 'catkin_skip_building_tests': False, 'cmake_args': None, 'cmake_clean_cache': False, 'cmake_clean_first': False, 'cmake_force_configure': False, 'cmake_target': None, 'cmake_target_skip_unavailable': False, 'install_base': '/home/huahai/dobot_ws/install/nova2_moveit', 'merge_install': False, 'path': '/home/huahai/dobot_ws/src/DOBOT_6Axis_ROS2_V3/nova2_moveit', 'symlink_install': False, 'test_result_base': None}
[0.598s] Level 5:colcon.colcon_core.verb:set package 'nova5_moveit' build argument 'cmake_args' from command line to 'None'
[0.598s] Level 5:colcon.colcon_core.verb:set package 'nova5_moveit' build argument 'cmake_target' from command line to 'None'
[0.598s] Level 5:colcon.colcon_core.verb:set package 'nova5_moveit' build argument 'cmake_target_skip_unavailable' from command line to 'False'
[0.598s] Level 5:colcon.colcon_core.verb:set package 'nova5_moveit' build argument 'cmake_clean_cache' from command line to 'False'
[0.598s] Level 5:colcon.colcon_core.verb:set package 'nova5_moveit' build argument 'cmake_clean_first' from command line to 'False'
[0.598s] Level 5:colcon.colcon_core.verb:set package 'nova5_moveit' build argument 'cmake_force_configure' from command line to 'False'
[0.598s] Level 5:colcon.colcon_core.verb:set package 'nova5_moveit' build argument 'ament_cmake_args' from command line to 'None'
[0.598s] Level 5:colcon.colcon_core.verb:set package 'nova5_moveit' build argument 'catkin_cmake_args' from command line to 'None'
[0.598s] Level 5:colcon.colcon_core.verb:set package 'nova5_moveit' build argument 'catkin_skip_building_tests' from command line to 'False'
[0.598s] DEBUG:colcon.colcon_core.verb:Building package 'nova5_moveit' with the following arguments: {'ament_cmake_args': None, 'build_base': '/home/huahai/dobot_ws/build/nova5_moveit', 'catkin_cmake_args': None, 'catkin_skip_building_tests': False, 'cmake_args': None, 'cmake_clean_cache': False, 'cmake_clean_first': False, 'cmake_force_configure': False, 'cmake_target': None, 'cmake_target_skip_unavailable': False, 'install_base': '/home/huahai/dobot_ws/install/nova5_moveit', 'merge_install': False, 'path': '/home/huahai/dobot_ws/src/DOBOT_6Axis_ROS2_V3/nova5_moveit', 'symlink_install': False, 'test_result_base': None}
[0.598s] INFO:colcon.colcon_core.executor:Executing jobs using 'parallel' executor
[0.599s] DEBUG:colcon.colcon_parallel_executor.executor.parallel:run_until_complete
[0.599s] INFO:colcon.colcon_ros.task.ament_cmake.build:Building ROS package in '/home/huahai/dobot_ws/src/DOBOT_6Axis_ROS2_V3/dobot_rviz' with build type 'ament_cmake'
[0.600s] INFO:colcon.colcon_cmake.task.cmake.build:Building CMake package in '/home/huahai/dobot_ws/src/DOBOT_6Axis_ROS2_V3/dobot_rviz'
[0.605s] INFO:colcon.colcon_core.plugin_system:Skipping extension 'colcon_core.shell.bat': Not used on non-Windows systems
[0.606s] INFO:colcon.colcon_core.shell:Skip shell extension 'powershell' for command environment: Not usable outside of PowerShell
[0.606s] DEBUG:colcon.colcon_core.shell:Skip shell extension 'dsv' for command environment
[0.608s] INFO:colcon.colcon_ros.task.ament_cmake.build:Building ROS package in '/home/huahai/dobot_ws/src/DOBOT_6Axis_ROS2_V3/cra_description' with build type 'ament_cmake'
[0.608s] INFO:colcon.colcon_cmake.task.cmake.build:Building CMake package in '/home/huahai/dobot_ws/src/DOBOT_6Axis_ROS2_V3/cra_description'
[0.608s] INFO:colcon.colcon_core.shell:Skip shell extension 'powershell' for command environment: Not usable outside of PowerShell
[0.608s] DEBUG:colcon.colcon_core.shell:Skip shell extension 'dsv' for command environment
[0.613s] DEBUG:colcon.colcon_core.event_handler.log_command:Invoking command in '/home/huahai/dobot_ws/build/dobot_rviz': CMAKE_PREFIX_PATH=/opt/ros/humble /usr/bin/cmake /home/huahai/dobot_ws/src/DOBOT_6Axis_ROS2_V3/dobot_rviz -DCMAKE_INSTALL_PREFIX=/home/huahai/dobot_ws/install/dobot_rviz
[0.618s] DEBUG:colcon.colcon_core.event_handler.log_command:Invoking command in '/home/huahai/dobot_ws/build/cra_description': CMAKE_PREFIX_PATH=/opt/ros/humble /usr/bin/cmake /home/huahai/dobot_ws/src/DOBOT_6Axis_ROS2_V3/cra_description -DCMAKE_INSTALL_PREFIX=/home/huahai/dobot_ws/install/cra_description
[1.296s] DEBUG:colcon.colcon_core.event_handler.log_command:Invoked command in '/home/huahai/dobot_ws/build/cra_description' returned '0': CMAKE_PREFIX_PATH=/opt/ros/humble /usr/bin/cmake /home/huahai/dobot_ws/src/DOBOT_6Axis_ROS2_V3/cra_description -DCMAKE_INSTALL_PREFIX=/home/huahai/dobot_ws/install/cra_description
[1.297s] DEBUG:colcon.colcon_core.event_handler.log_command:Invoking command in '/home/huahai/dobot_ws/build/cra_description': CMAKE_PREFIX_PATH=/opt/ros/humble /usr/bin/cmake --build /home/huahai/dobot_ws/build/cra_description -- -j2 -l2
[1.326s] DEBUG:colcon.colcon_core.event_handler.log_command:Invoked command in '/home/huahai/dobot_ws/build/dobot_rviz' returned '0': CMAKE_PREFIX_PATH=/opt/ros/humble /usr/bin/cmake /home/huahai/dobot_ws/src/DOBOT_6Axis_ROS2_V3/dobot_rviz -DCMAKE_INSTALL_PREFIX=/home/huahai/dobot_ws/install/dobot_rviz
[1.329s] DEBUG:colcon.colcon_core.event_handler.log_command:Invoking command in '/home/huahai/dobot_ws/build/dobot_rviz': CMAKE_PREFIX_PATH=/opt/ros/humble /usr/bin/cmake --build /home/huahai/dobot_ws/build/dobot_rviz -- -j2 -l2
[1.335s] DEBUG:colcon.colcon_core.event_handler.log_command:Invoked command in '/home/huahai/dobot_ws/build/cra_description' returned '0': CMAKE_PREFIX_PATH=/opt/ros/humble /usr/bin/cmake --build /home/huahai/dobot_ws/build/cra_description -- -j2 -l2
[1.345s] DEBUG:colcon.colcon_core.event_handler.log_command:Invoking command in '/home/huahai/dobot_ws/build/cra_description': CMAKE_PREFIX_PATH=/opt/ros/humble /usr/bin/cmake --install /home/huahai/dobot_ws/build/cra_description
[1.368s] DEBUG:colcon.colcon_core.event_handler.log_command:Invoked command in '/home/huahai/dobot_ws/build/dobot_rviz' returned '0': CMAKE_PREFIX_PATH=/opt/ros/humble /usr/bin/cmake --build /home/huahai/dobot_ws/build/dobot_rviz -- -j2 -l2
[1.372s] DEBUG:colcon.colcon_core.event_handler.log_command:Invoking command in '/home/huahai/dobot_ws/build/dobot_rviz': CMAKE_PREFIX_PATH=/opt/ros/humble /usr/bin/cmake --install /home/huahai/dobot_ws/build/dobot_rviz
[1.384s] Level 1:colcon.colcon_core.environment:create_environment_scripts_only(cra_description)
[1.385s] DEBUG:colcon.colcon_core.event_handler.log_command:Invoked command in '/home/huahai/dobot_ws/build/cra_description' returned '0': CMAKE_PREFIX_PATH=/opt/ros/humble /usr/bin/cmake --install /home/huahai/dobot_ws/build/cra_description
[1.392s] Level 1:colcon.colcon_core.environment:checking '/home/huahai/dobot_ws/install/cra_description' for CMake module files
[1.392s] Level 1:colcon.colcon_core.environment:checking '/home/huahai/dobot_ws/install/cra_description' for CMake config files
[1.393s] Level 1:colcon.colcon_core.shell:create_environment_hook('cra_description', 'cmake_prefix_path')
[1.393s] INFO:colcon.colcon_core.shell:Creating environment hook '/home/huahai/dobot_ws/install/cra_description/share/cra_description/hook/cmake_prefix_path.ps1'
[1.394s] INFO:colcon.colcon_core.shell:Creating environment descriptor '/home/huahai/dobot_ws/install/cra_description/share/cra_description/hook/cmake_prefix_path.dsv'
[1.395s] INFO:colcon.colcon_core.shell:Creating environment hook '/home/huahai/dobot_ws/install/cra_description/share/cra_description/hook/cmake_prefix_path.sh'
[1.397s] Level 1:colcon.colcon_core.environment:checking '/home/huahai/dobot_ws/install/cra_description/bin'
[1.397s] Level 1:colcon.colcon_core.environment:checking '/home/huahai/dobot_ws/install/cra_description/lib/pkgconfig/cra_description.pc'
[1.397s] Level 1:colcon.colcon_core.environment:checking '/home/huahai/dobot_ws/install/cra_description/lib/python3.10/site-packages'
[1.397s] Level 1:colcon.colcon_core.environment:checking '/home/huahai/dobot_ws/install/cra_description/bin'
[1.397s] INFO:colcon.colcon_core.shell:Creating package script '/home/huahai/dobot_ws/install/cra_description/share/cra_description/package.ps1'
[1.398s] INFO:colcon.colcon_core.shell:Creating package descriptor '/home/huahai/dobot_ws/install/cra_description/share/cra_description/package.dsv'
[1.399s] INFO:colcon.colcon_core.shell:Creating package script '/home/huahai/dobot_ws/install/cra_description/share/cra_description/package.sh'
[1.400s] INFO:colcon.colcon_core.shell:Creating package script '/home/huahai/dobot_ws/install/cra_description/share/cra_description/package.bash'
[1.401s] INFO:colcon.colcon_core.shell:Creating package script '/home/huahai/dobot_ws/install/cra_description/share/cra_description/package.zsh'
[1.402s] Level 1:colcon.colcon_core.environment:create_file_with_runtime_dependencies(/home/huahai/dobot_ws/install/cra_description/share/colcon-core/packages/cra_description)
[1.403s] Level 1:colcon.colcon_core.environment:create_environment_scripts_only(cra_description)
[1.403s] Level 1:colcon.colcon_core.environment:checking '/home/huahai/dobot_ws/install/cra_description' for CMake module files
[1.404s] Level 1:colcon.colcon_core.environment:checking '/home/huahai/dobot_ws/install/cra_description' for CMake config files
[1.405s] Level 1:colcon.colcon_core.shell:create_environment_hook('cra_description', 'cmake_prefix_path')
[1.405s] INFO:colcon.colcon_core.shell:Creating environment hook '/home/huahai/dobot_ws/install/cra_description/share/cra_description/hook/cmake_prefix_path.ps1'
[1.405s] INFO:colcon.colcon_core.shell:Creating environment descriptor '/home/huahai/dobot_ws/install/cra_description/share/cra_description/hook/cmake_prefix_path.dsv'
[1.406s] INFO:colcon.colcon_core.shell:Creating environment hook '/home/huahai/dobot_ws/install/cra_description/share/cra_description/hook/cmake_prefix_path.sh'
[1.407s] Level 1:colcon.colcon_core.environment:checking '/home/huahai/dobot_ws/install/cra_description/bin'
[1.408s] Level 1:colcon.colcon_core.environment:checking '/home/huahai/dobot_ws/install/cra_description/lib/pkgconfig/cra_description.pc'
[1.408s] Level 1:colcon.colcon_core.environment:checking '/home/huahai/dobot_ws/install/cra_description/lib/python3.10/site-packages'
[1.408s] Level 1:colcon.colcon_core.environment:checking '/home/huahai/dobot_ws/install/cra_description/bin'
[1.408s] INFO:colcon.colcon_core.shell:Creating package script '/home/huahai/dobot_ws/install/cra_description/share/cra_description/package.ps1'
[1.409s] INFO:colcon.colcon_core.shell:Creating package descriptor '/home/huahai/dobot_ws/install/cra_description/share/cra_description/package.dsv'
[1.411s] INFO:colcon.colcon_core.shell:Creating package script '/home/huahai/dobot_ws/install/cra_description/share/cra_description/package.sh'
[1.412s] INFO:colcon.colcon_core.shell:Creating package script '/home/huahai/dobot_ws/install/cra_description/share/cra_description/package.bash'
[1.412s] INFO:colcon.colcon_core.shell:Creating package script '/home/huahai/dobot_ws/install/cra_description/share/cra_description/package.zsh'
[1.413s] Level 1:colcon.colcon_core.environment:create_file_with_runtime_dependencies(/home/huahai/dobot_ws/install/cra_description/share/colcon-core/packages/cra_description)
[1.413s] INFO:colcon.colcon_ros.task.ament_cmake.build:Building ROS package in '/home/huahai/dobot_ws/src/DOBOT_6Axis_ROS2_V3/dobot_msgs_v3' with build type 'ament_cmake'
[1.413s] INFO:colcon.colcon_cmake.task.cmake.build:Building CMake package in '/home/huahai/dobot_ws/src/DOBOT_6Axis_ROS2_V3/dobot_msgs_v3'
[1.413s] INFO:colcon.colcon_core.shell:Skip shell extension 'powershell' for command environment: Not usable outside of PowerShell
[1.413s] DEBUG:colcon.colcon_core.shell:Skip shell extension 'dsv' for command environment
[1.422s] DEBUG:colcon.colcon_core.event_handler.log_command:Invoking command in '/home/huahai/dobot_ws/build/dobot_msgs_v3': CMAKE_PREFIX_PATH=/opt/ros/humble /usr/bin/cmake /home/huahai/dobot_ws/src/DOBOT_6Axis_ROS2_V3/dobot_msgs_v3 -DCMAKE_INSTALL_PREFIX=/home/huahai/dobot_ws/install/dobot_msgs_v3
[1.431s] Level 1:colcon.colcon_core.environment:create_environment_scripts_only(dobot_rviz)
[1.431s] Level 1:colcon.colcon_core.environment:checking '/home/huahai/dobot_ws/install/dobot_rviz' for CMake module files
[1.431s] Level 1:colcon.colcon_core.environment:checking '/home/huahai/dobot_ws/install/dobot_rviz' for CMake config files
[1.431s] DEBUG:colcon.colcon_core.event_handler.log_command:Invoked command in '/home/huahai/dobot_ws/build/dobot_rviz' returned '0': CMAKE_PREFIX_PATH=/opt/ros/humble /usr/bin/cmake --install /home/huahai/dobot_ws/build/dobot_rviz
[1.432s] Level 1:colcon.colcon_core.shell:create_environment_hook('dobot_rviz', 'cmake_prefix_path')
[1.432s] INFO:colcon.colcon_core.shell:Creating environment hook '/home/huahai/dobot_ws/install/dobot_rviz/share/dobot_rviz/hook/cmake_prefix_path.ps1'
[1.432s] INFO:colcon.colcon_core.shell:Creating environment descriptor '/home/huahai/dobot_ws/install/dobot_rviz/share/dobot_rviz/hook/cmake_prefix_path.dsv'
[1.432s] INFO:colcon.colcon_core.shell:Creating environment hook '/home/huahai/dobot_ws/install/dobot_rviz/share/dobot_rviz/hook/cmake_prefix_path.sh'
[1.433s] Level 1:colcon.colcon_core.environment:checking '/home/huahai/dobot_ws/install/dobot_rviz/bin'
[1.433s] Level 1:colcon.colcon_core.environment:checking '/home/huahai/dobot_ws/install/dobot_rviz/lib/pkgconfig/dobot_rviz.pc'
[1.433s] Level 1:colcon.colcon_core.environment:checking '/home/huahai/dobot_ws/install/dobot_rviz/lib/python3.10/site-packages'
[1.433s] Level 1:colcon.colcon_core.environment:checking '/home/huahai/dobot_ws/install/dobot_rviz/bin'
[1.433s] INFO:colcon.colcon_core.shell:Creating package script '/home/huahai/dobot_ws/install/dobot_rviz/share/dobot_rviz/package.ps1'
[1.434s] INFO:colcon.colcon_core.shell:Creating package descriptor '/home/huahai/dobot_ws/install/dobot_rviz/share/dobot_rviz/package.dsv'
[1.434s] INFO:colcon.colcon_core.shell:Creating package script '/home/huahai/dobot_ws/install/dobot_rviz/share/dobot_rviz/package.sh'
[1.435s] INFO:colcon.colcon_core.shell:Creating package script '/home/huahai/dobot_ws/install/dobot_rviz/share/dobot_rviz/package.bash'
[1.435s] INFO:colcon.colcon_core.shell:Creating package script '/home/huahai/dobot_ws/install/dobot_rviz/share/dobot_rviz/package.zsh'
[1.435s] Level 1:colcon.colcon_core.environment:create_file_with_runtime_dependencies(/home/huahai/dobot_ws/install/dobot_rviz/share/colcon-core/packages/dobot_rviz)
[1.435s] Level 1:colcon.colcon_core.environment:create_environment_scripts_only(dobot_rviz)
[1.436s] Level 1:colcon.colcon_core.environment:checking '/home/huahai/dobot_ws/install/dobot_rviz' for CMake module files
[1.436s] Level 1:colcon.colcon_core.environment:checking '/home/huahai/dobot_ws/install/dobot_rviz' for CMake config files
[1.436s] Level 1:colcon.colcon_core.shell:create_environment_hook('dobot_rviz', 'cmake_prefix_path')
[1.436s] INFO:colcon.colcon_core.shell:Creating environment hook '/home/huahai/dobot_ws/install/dobot_rviz/share/dobot_rviz/hook/cmake_prefix_path.ps1'
[1.436s] INFO:colcon.colcon_core.shell:Creating environment descriptor '/home/huahai/dobot_ws/install/dobot_rviz/share/dobot_rviz/hook/cmake_prefix_path.dsv'
[1.437s] INFO:colcon.colcon_core.shell:Creating environment hook '/home/huahai/dobot_ws/install/dobot_rviz/share/dobot_rviz/hook/cmake_prefix_path.sh'
[1.437s] Level 1:colcon.colcon_core.environment:checking '/home/huahai/dobot_ws/install/dobot_rviz/bin'
[1.437s] Level 1:colcon.colcon_core.environment:checking '/home/huahai/dobot_ws/install/dobot_rviz/lib/pkgconfig/dobot_rviz.pc'
[1.437s] Level 1:colcon.colcon_core.environment:checking '/home/huahai/dobot_ws/install/dobot_rviz/lib/python3.10/site-packages'
[1.437s] Level 1:colcon.colcon_core.environment:checking '/home/huahai/dobot_ws/install/dobot_rviz/bin'
[1.437s] INFO:colcon.colcon_core.shell:Creating package script '/home/huahai/dobot_ws/install/dobot_rviz/share/dobot_rviz/package.ps1'
[1.438s] INFO:colcon.colcon_core.shell:Creating package descriptor '/home/huahai/dobot_ws/install/dobot_rviz/share/dobot_rviz/package.dsv'
[1.438s] INFO:colcon.colcon_core.shell:Creating package script '/home/huahai/dobot_ws/install/dobot_rviz/share/dobot_rviz/package.sh'
[1.439s] INFO:colcon.colcon_core.shell:Creating package script '/home/huahai/dobot_ws/install/dobot_rviz/share/dobot_rviz/package.bash'
[1.439s] INFO:colcon.colcon_core.shell:Creating package script '/home/huahai/dobot_ws/install/dobot_rviz/share/dobot_rviz/package.zsh'
[1.439s] Level 1:colcon.colcon_core.environment:create_file_with_runtime_dependencies(/home/huahai/dobot_ws/install/dobot_rviz/share/colcon-core/packages/dobot_rviz)
[1.440s] INFO:colcon.colcon_ros.task.ament_python.build:Building ROS package in '/home/huahai/dobot_ws/src/DOBOT_6Axis_ROS2_V3/dobot_demo' with build type 'ament_python'
[1.440s] Level 1:colcon.colcon_core.shell:create_environment_hook('dobot_demo', 'ament_prefix_path')
[1.440s] INFO:colcon.colcon_core.shell:Creating environment hook '/home/huahai/dobot_ws/install/dobot_demo/share/dobot_demo/hook/ament_prefix_path.ps1'
[1.441s] INFO:colcon.colcon_core.shell:Creating environment descriptor '/home/huahai/dobot_ws/install/dobot_demo/share/dobot_demo/hook/ament_prefix_path.dsv'
[1.441s] INFO:colcon.colcon_core.shell:Creating environment hook '/home/huahai/dobot_ws/install/dobot_demo/share/dobot_demo/hook/ament_prefix_path.sh'
[1.442s] INFO:colcon.colcon_core.shell:Skip shell extension 'powershell' for command environment: Not usable outside of PowerShell
[1.442s] DEBUG:colcon.colcon_core.shell:Skip shell extension 'dsv' for command environment
[1.622s] INFO:colcon.colcon_core.task.python.build:Building Python package in '/home/huahai/dobot_ws/src/DOBOT_6Axis_ROS2_V3/dobot_demo'
[1.622s] INFO:colcon.colcon_core.shell:Skip shell extension 'powershell' for command environment: Not usable outside of PowerShell
[1.622s] DEBUG:colcon.colcon_core.shell:Skip shell extension 'dsv' for command environment
[2.016s] DEBUG:colcon.colcon_core.event_handler.log_command:Invoking command in '/home/huahai/dobot_ws/src/DOBOT_6Axis_ROS2_V3/dobot_demo': PYTHONPATH=/home/huahai/dobot_ws/build/dobot_demo/prefix_override:/usr/lib/python3/dist-packages/colcon_core/task/python/colcon_distutils_commands:/home/huahai/dobot_ws/install/dobot_demo/lib/python3.10/site-packages:${PYTHONPATH} /usr/bin/python3 -W ignore:setup.py install is deprecated -W ignore:easy_install command is deprecated setup.py egg_info --egg-base ../../../build/dobot_demo build --build-base /home/huahai/dobot_ws/build/dobot_demo/build install --record /home/huahai/dobot_ws/build/dobot_demo/install.log --single-version-externally-managed install_data
[2.243s] Level 1:colcon.colcon_core.environment:checking '/home/huahai/dobot_ws/install/dobot_demo' for CMake module files
[2.243s] Level 1:colcon.colcon_core.environment:checking '/home/huahai/dobot_ws/install/dobot_demo' for CMake config files
[2.243s] DEBUG:colcon.colcon_core.event_handler.log_command:Invoked command in '/home/huahai/dobot_ws/src/DOBOT_6Axis_ROS2_V3/dobot_demo' returned '0': PYTHONPATH=/home/huahai/dobot_ws/build/dobot_demo/prefix_override:/usr/lib/python3/dist-packages/colcon_core/task/python/colcon_distutils_commands:/home/huahai/dobot_ws/install/dobot_demo/lib/python3.10/site-packages:${PYTHONPATH} /usr/bin/python3 -W ignore:setup.py install is deprecated -W ignore:easy_install command is deprecated setup.py egg_info --egg-base ../../../build/dobot_demo build --build-base /home/huahai/dobot_ws/build/dobot_demo/build install --record /home/huahai/dobot_ws/build/dobot_demo/install.log --single-version-externally-managed install_data
[2.244s] Level 1:colcon.colcon_core.environment:checking '/home/huahai/dobot_ws/install/dobot_demo/lib'
[2.244s] Level 1:colcon.colcon_core.environment:checking '/home/huahai/dobot_ws/install/dobot_demo/bin'
[2.244s] Level 1:colcon.colcon_core.environment:checking '/home/huahai/dobot_ws/install/dobot_demo/lib/pkgconfig/dobot_demo.pc'
[2.244s] Level 1:colcon.colcon_core.environment:checking '/home/huahai/dobot_ws/install/dobot_demo/lib/python3.10/site-packages'
[2.244s] Level 1:colcon.colcon_core.shell:create_environment_hook('dobot_demo', 'pythonpath')
[2.244s] INFO:colcon.colcon_core.shell:Creating environment hook '/home/huahai/dobot_ws/install/dobot_demo/share/dobot_demo/hook/pythonpath.ps1'
[2.245s] INFO:colcon.colcon_core.shell:Creating environment descriptor '/home/huahai/dobot_ws/install/dobot_demo/share/dobot_demo/hook/pythonpath.dsv'
[2.245s] INFO:colcon.colcon_core.shell:Creating environment hook '/home/huahai/dobot_ws/install/dobot_demo/share/dobot_demo/hook/pythonpath.sh'
[2.245s] Level 1:colcon.colcon_core.environment:checking '/home/huahai/dobot_ws/install/dobot_demo/bin'
[2.245s] Level 1:colcon.colcon_core.environment:create_environment_scripts_only(dobot_demo)
[2.245s] INFO:colcon.colcon_core.shell:Creating package script '/home/huahai/dobot_ws/install/dobot_demo/share/dobot_demo/package.ps1'
[2.246s] INFO:colcon.colcon_core.shell:Creating package descriptor '/home/huahai/dobot_ws/install/dobot_demo/share/dobot_demo/package.dsv'
[2.246s] INFO:colcon.colcon_core.shell:Creating package script '/home/huahai/dobot_ws/install/dobot_demo/share/dobot_demo/package.sh'
[2.246s] INFO:colcon.colcon_core.shell:Creating package script '/home/huahai/dobot_ws/install/dobot_demo/share/dobot_demo/package.bash'
[2.246s] INFO:colcon.colcon_core.shell:Creating package script '/home/huahai/dobot_ws/install/dobot_demo/share/dobot_demo/package.zsh'
[2.247s] Level 1:colcon.colcon_core.environment:create_file_with_runtime_dependencies(/home/huahai/dobot_ws/install/dobot_demo/share/colcon-core/packages/dobot_demo)
[2.248s] INFO:colcon.colcon_ros.task.ament_python.build:Building ROS package in '/home/huahai/dobot_ws/src/DOBOT_6Axis_ROS2_V3/dobot_moveit' with build type 'ament_python'
[2.248s] Level 1:colcon.colcon_core.shell:create_environment_hook('dobot_moveit', 'ament_prefix_path')
[2.248s] INFO:colcon.colcon_core.shell:Creating environment hook '/home/huahai/dobot_ws/install/dobot_moveit/share/dobot_moveit/hook/ament_prefix_path.ps1'
[2.249s] INFO:colcon.colcon_core.shell:Creating environment descriptor '/home/huahai/dobot_ws/install/dobot_moveit/share/dobot_moveit/hook/ament_prefix_path.dsv'
[2.249s] INFO:colcon.colcon_core.shell:Creating environment hook '/home/huahai/dobot_ws/install/dobot_moveit/share/dobot_moveit/hook/ament_prefix_path.sh'
[2.250s] INFO:colcon.colcon_core.shell:Skip shell extension 'powershell' for command environment: Not usable outside of PowerShell
[2.250s] DEBUG:colcon.colcon_core.shell:Skip shell extension 'dsv' for command environment
[2.418s] INFO:colcon.colcon_core.task.python.build:Building Python package in '/home/huahai/dobot_ws/src/DOBOT_6Axis_ROS2_V3/dobot_moveit'
[2.418s] INFO:colcon.colcon_core.shell:Skip shell extension 'powershell' for command environment: Not usable outside of PowerShell
[2.418s] DEBUG:colcon.colcon_core.shell:Skip shell extension 'dsv' for command environment
[2.633s] DEBUG:colcon.colcon_core.event_handler.log_command:Invoking command in '/home/huahai/dobot_ws/src/DOBOT_6Axis_ROS2_V3/dobot_moveit': PYTHONPATH=/home/huahai/dobot_ws/build/dobot_moveit/prefix_override:/usr/lib/python3/dist-packages/colcon_core/task/python/colcon_distutils_commands:/home/huahai/dobot_ws/install/dobot_moveit/lib/python3.10/site-packages:${PYTHONPATH} /usr/bin/python3 -W ignore:setup.py install is deprecated -W ignore:easy_install command is deprecated setup.py egg_info --egg-base ../../../build/dobot_moveit build --build-base /home/huahai/dobot_ws/build/dobot_moveit/build install --record /home/huahai/dobot_ws/build/dobot_moveit/install.log --single-version-externally-managed install_data
[2.800s] Level 1:colcon.colcon_core.environment:checking '/home/huahai/dobot_ws/install/dobot_moveit' for CMake module files
[2.800s] DEBUG:colcon.colcon_core.event_handler.log_command:Invoked command in '/home/huahai/dobot_ws/src/DOBOT_6Axis_ROS2_V3/dobot_moveit' returned '0': PYTHONPATH=/home/huahai/dobot_ws/build/dobot_moveit/prefix_override:/usr/lib/python3/dist-packages/colcon_core/task/python/colcon_distutils_commands:/home/huahai/dobot_ws/install/dobot_moveit/lib/python3.10/site-packages:${PYTHONPATH} /usr/bin/python3 -W ignore:setup.py install is deprecated -W ignore:easy_install command is deprecated setup.py egg_info --egg-base ../../../build/dobot_moveit build --build-base /home/huahai/dobot_ws/build/dobot_moveit/build install --record /home/huahai/dobot_ws/build/dobot_moveit/install.log --single-version-externally-managed install_data
[2.800s] Level 1:colcon.colcon_core.environment:checking '/home/huahai/dobot_ws/install/dobot_moveit' for CMake config files
[2.801s] Level 1:colcon.colcon_core.environment:checking '/home/huahai/dobot_ws/install/dobot_moveit/lib'
[2.801s] Level 1:colcon.colcon_core.environment:checking '/home/huahai/dobot_ws/install/dobot_moveit/bin'
[2.801s] Level 1:colcon.colcon_core.environment:checking '/home/huahai/dobot_ws/install/dobot_moveit/lib/pkgconfig/dobot_moveit.pc'
[2.801s] Level 1:colcon.colcon_core.environment:checking '/home/huahai/dobot_ws/install/dobot_moveit/lib/python3.10/site-packages'
[2.801s] Level 1:colcon.colcon_core.shell:create_environment_hook('dobot_moveit', 'pythonpath')
[2.801s] INFO:colcon.colcon_core.shell:Creating environment hook '/home/huahai/dobot_ws/install/dobot_moveit/share/dobot_moveit/hook/pythonpath.ps1'
[2.801s] INFO:colcon.colcon_core.shell:Creating environment descriptor '/home/huahai/dobot_ws/install/dobot_moveit/share/dobot_moveit/hook/pythonpath.dsv'
[2.802s] INFO:colcon.colcon_core.shell:Creating environment hook '/home/huahai/dobot_ws/install/dobot_moveit/share/dobot_moveit/hook/pythonpath.sh'
[2.802s] Level 1:colcon.colcon_core.environment:checking '/home/huahai/dobot_ws/install/dobot_moveit/bin'
[2.802s] Level 1:colcon.colcon_core.environment:create_environment_scripts_only(dobot_moveit)
[2.802s] INFO:colcon.colcon_core.shell:Creating package script '/home/huahai/dobot_ws/install/dobot_moveit/share/dobot_moveit/package.ps1'
[2.802s] INFO:colcon.colcon_core.shell:Creating package descriptor '/home/huahai/dobot_ws/install/dobot_moveit/share/dobot_moveit/package.dsv'
[2.803s] INFO:colcon.colcon_core.shell:Creating package script '/home/huahai/dobot_ws/install/dobot_moveit/share/dobot_moveit/package.sh'
[2.803s] INFO:colcon.colcon_core.shell:Creating package script '/home/huahai/dobot_ws/install/dobot_moveit/share/dobot_moveit/package.bash'
[2.803s] INFO:colcon.colcon_core.shell:Creating package script '/home/huahai/dobot_ws/install/dobot_moveit/share/dobot_moveit/package.zsh'
[2.803s] Level 1:colcon.colcon_core.environment:create_file_with_runtime_dependencies(/home/huahai/dobot_ws/install/dobot_moveit/share/colcon-core/packages/dobot_moveit)
[2.804s] INFO:colcon.colcon_ros.task.ament_python.build:Building ROS package in '/home/huahai/dobot_ws/src/DOBOT_6Axis_ROS2_V3/servo_action' with build type 'ament_python'
[2.804s] Level 1:colcon.colcon_core.shell:create_environment_hook('servo_action', 'ament_prefix_path')
[2.804s] INFO:colcon.colcon_core.shell:Creating environment hook '/home/huahai/dobot_ws/install/servo_action/share/servo_action/hook/ament_prefix_path.ps1'
[2.804s] INFO:colcon.colcon_core.shell:Creating environment descriptor '/home/huahai/dobot_ws/install/servo_action/share/servo_action/hook/ament_prefix_path.dsv'
[2.804s] INFO:colcon.colcon_core.shell:Creating environment hook '/home/huahai/dobot_ws/install/servo_action/share/servo_action/hook/ament_prefix_path.sh'
[2.805s] INFO:colcon.colcon_core.shell:Skip shell extension 'powershell' for command environment: Not usable outside of PowerShell
[2.805s] DEBUG:colcon.colcon_core.shell:Skip shell extension 'dsv' for command environment
[2.962s] INFO:colcon.colcon_core.task.python.build:Building Python package in '/home/huahai/dobot_ws/src/DOBOT_6Axis_ROS2_V3/servo_action'
[2.963s] INFO:colcon.colcon_core.shell:Skip shell extension 'powershell' for command environment: Not usable outside of PowerShell
[2.963s] DEBUG:colcon.colcon_core.shell:Skip shell extension 'dsv' for command environment
[3.176s] DEBUG:colcon.colcon_core.event_handler.log_command:Invoking command in '/home/huahai/dobot_ws/src/DOBOT_6Axis_ROS2_V3/servo_action': PYTHONPATH=/home/huahai/dobot_ws/build/servo_action/prefix_override:/usr/lib/python3/dist-packages/colcon_core/task/python/colcon_distutils_commands:/home/huahai/dobot_ws/install/servo_action/lib/python3.10/site-packages:${PYTHONPATH} /usr/bin/python3 -W ignore:setup.py install is deprecated -W ignore:easy_install command is deprecated setup.py egg_info --egg-base ../../../build/servo_action build --build-base /home/huahai/dobot_ws/build/servo_action/build install --record /home/huahai/dobot_ws/build/servo_action/install.log --single-version-externally-managed install_data
[3.361s] Level 1:colcon.colcon_core.environment:checking '/home/huahai/dobot_ws/install/servo_action' for CMake module files
[3.361s] DEBUG:colcon.colcon_core.event_handler.log_command:Invoked command in '/home/huahai/dobot_ws/src/DOBOT_6Axis_ROS2_V3/servo_action' returned '0': PYTHONPATH=/home/huahai/dobot_ws/build/servo_action/prefix_override:/usr/lib/python3/dist-packages/colcon_core/task/python/colcon_distutils_commands:/home/huahai/dobot_ws/install/servo_action/lib/python3.10/site-packages:${PYTHONPATH} /usr/bin/python3 -W ignore:setup.py install is deprecated -W ignore:easy_install command is deprecated setup.py egg_info --egg-base ../../../build/servo_action build --build-base /home/huahai/dobot_ws/build/servo_action/build install --record /home/huahai/dobot_ws/build/servo_action/install.log --single-version-externally-managed install_data
[3.361s] Level 1:colcon.colcon_core.environment:checking '/home/huahai/dobot_ws/install/servo_action' for CMake config files
[3.362s] Level 1:colcon.colcon_core.environment:checking '/home/huahai/dobot_ws/install/servo_action/lib'
[3.362s] Level 1:colcon.colcon_core.environment:checking '/home/huahai/dobot_ws/install/servo_action/bin'
[3.362s] Level 1:colcon.colcon_core.environment:checking '/home/huahai/dobot_ws/install/servo_action/lib/pkgconfig/servo_action.pc'
[3.362s] Level 1:colcon.colcon_core.environment:checking '/home/huahai/dobot_ws/install/servo_action/lib/python3.10/site-packages'
[3.362s] Level 1:colcon.colcon_core.shell:create_environment_hook('servo_action', 'pythonpath')
[3.362s] INFO:colcon.colcon_core.shell:Creating environment hook '/home/huahai/dobot_ws/install/servo_action/share/servo_action/hook/pythonpath.ps1'
[3.362s] INFO:colcon.colcon_core.shell:Creating environment descriptor '/home/huahai/dobot_ws/install/servo_action/share/servo_action/hook/pythonpath.dsv'
[3.363s] INFO:colcon.colcon_core.shell:Creating environment hook '/home/huahai/dobot_ws/install/servo_action/share/servo_action/hook/pythonpath.sh'
[3.363s] Level 1:colcon.colcon_core.environment:checking '/home/huahai/dobot_ws/install/servo_action/bin'
[3.363s] Level 1:colcon.colcon_core.environment:create_environment_scripts_only(servo_action)
[3.363s] INFO:colcon.colcon_core.shell:Creating package script '/home/huahai/dobot_ws/install/servo_action/share/servo_action/package.ps1'
[3.364s] INFO:colcon.colcon_core.shell:Creating package descriptor '/home/huahai/dobot_ws/install/servo_action/share/servo_action/package.dsv'
[3.364s] INFO:colcon.colcon_core.shell:Creating package script '/home/huahai/dobot_ws/install/servo_action/share/servo_action/package.sh'
[3.364s] INFO:colcon.colcon_core.shell:Creating package script '/home/huahai/dobot_ws/install/servo_action/share/servo_action/package.bash'
[3.364s] INFO:colcon.colcon_core.shell:Creating package script '/home/huahai/dobot_ws/install/servo_action/share/servo_action/package.zsh'
[3.364s] Level 1:colcon.colcon_core.environment:create_file_with_runtime_dependencies(/home/huahai/dobot_ws/install/servo_action/share/colcon-core/packages/servo_action)
[3.365s] INFO:colcon.colcon_ros.task.ament_cmake.build:Building ROS package in '/home/huahai/dobot_ws/src/DOBOT_6Axis_ROS2_V3/cr10_moveit' with build type 'ament_cmake'
[3.365s] INFO:colcon.colcon_cmake.task.cmake.build:Building CMake package in '/home/huahai/dobot_ws/src/DOBOT_6Axis_ROS2_V3/cr10_moveit'
[3.365s] INFO:colcon.colcon_core.shell:Skip shell extension 'powershell' for command environment: Not usable outside of PowerShell
[3.365s] DEBUG:colcon.colcon_core.shell:Skip shell extension 'dsv' for command environment
[3.375s] DEBUG:colcon.colcon_core.event_handler.log_command:Invoking command in '/home/huahai/dobot_ws/build/cr10_moveit': AMENT_PREFIX_PATH=/home/huahai/dobot_ws/install/dobot_rviz:${AMENT_PREFIX_PATH} CMAKE_PREFIX_PATH=/home/huahai/dobot_ws/install/dobot_rviz:/opt/ros/humble /usr/bin/cmake /home/huahai/dobot_ws/src/DOBOT_6Axis_ROS2_V3/cr10_moveit -DCMAKE_INSTALL_PREFIX=/home/huahai/dobot_ws/install/cr10_moveit
[3.761s] DEBUG:colcon.colcon_core.event_handler.log_command:Invoked command in '/home/huahai/dobot_ws/build/dobot_msgs_v3' returned '0': CMAKE_PREFIX_PATH=/opt/ros/humble /usr/bin/cmake /home/huahai/dobot_ws/src/DOBOT_6Axis_ROS2_V3/dobot_msgs_v3 -DCMAKE_INSTALL_PREFIX=/home/huahai/dobot_ws/install/dobot_msgs_v3
[3.764s] DEBUG:colcon.colcon_core.event_handler.log_command:Invoking command in '/home/huahai/dobot_ws/build/dobot_msgs_v3': CMAKE_PREFIX_PATH=/opt/ros/humble /usr/bin/cmake --build /home/huahai/dobot_ws/build/dobot_msgs_v3 -- -j2 -l2
[3.796s] DEBUG:colcon.colcon_core.event_handler.log_command:Invoked command in '/home/huahai/dobot_ws/build/cr10_moveit' returned '0': AMENT_PREFIX_PATH=/home/huahai/dobot_ws/install/dobot_rviz:${AMENT_PREFIX_PATH} CMAKE_PREFIX_PATH=/home/huahai/dobot_ws/install/dobot_rviz:/opt/ros/humble /usr/bin/cmake /home/huahai/dobot_ws/src/DOBOT_6Axis_ROS2_V3/cr10_moveit -DCMAKE_INSTALL_PREFIX=/home/huahai/dobot_ws/install/cr10_moveit
[3.799s] DEBUG:colcon.colcon_core.event_handler.log_command:Invoking command in '/home/huahai/dobot_ws/build/cr10_moveit': AMENT_PREFIX_PATH=/home/huahai/dobot_ws/install/dobot_rviz:${AMENT_PREFIX_PATH} CMAKE_PREFIX_PATH=/home/huahai/dobot_ws/install/dobot_rviz:/opt/ros/humble /usr/bin/cmake --build /home/huahai/dobot_ws/build/cr10_moveit -- -j2 -l2
[3.829s] DEBUG:colcon.colcon_core.event_handler.log_command:Invoked command in '/home/huahai/dobot_ws/build/cr10_moveit' returned '0': AMENT_PREFIX_PATH=/home/huahai/dobot_ws/install/dobot_rviz:${AMENT_PREFIX_PATH} CMAKE_PREFIX_PATH=/home/huahai/dobot_ws/install/dobot_rviz:/opt/ros/humble /usr/bin/cmake --build /home/huahai/dobot_ws/build/cr10_moveit -- -j2 -l2
[3.830s] DEBUG:colcon.colcon_core.event_handler.log_command:Invoking command in '/home/huahai/dobot_ws/build/cr10_moveit': AMENT_PREFIX_PATH=/home/huahai/dobot_ws/install/dobot_rviz:${AMENT_PREFIX_PATH} CMAKE_PREFIX_PATH=/home/huahai/dobot_ws/install/dobot_rviz:/opt/ros/humble /usr/bin/cmake --install /home/huahai/dobot_ws/build/cr10_moveit
[3.847s] Level 1:colcon.colcon_core.environment:create_environment_scripts_only(cr10_moveit)
[3.848s] Level 1:colcon.colcon_core.environment:checking '/home/huahai/dobot_ws/install/cr10_moveit' for CMake module files
[3.848s] Level 1:colcon.colcon_core.environment:checking '/home/huahai/dobot_ws/install/cr10_moveit' for CMake config files
[3.848s] Level 1:colcon.colcon_core.shell:create_environment_hook('cr10_moveit', 'cmake_prefix_path')
[3.848s] INFO:colcon.colcon_core.shell:Creating environment hook '/home/huahai/dobot_ws/install/cr10_moveit/share/cr10_moveit/hook/cmake_prefix_path.ps1'
[3.849s] INFO:colcon.colcon_core.shell:Creating environment descriptor '/home/huahai/dobot_ws/install/cr10_moveit/share/cr10_moveit/hook/cmake_prefix_path.dsv'
[3.849s] INFO:colcon.colcon_core.shell:Creating environment hook '/home/huahai/dobot_ws/install/cr10_moveit/share/cr10_moveit/hook/cmake_prefix_path.sh'
[3.850s] DEBUG:colcon.colcon_core.event_handler.log_command:Invoked command in '/home/huahai/dobot_ws/build/cr10_moveit' returned '0': AMENT_PREFIX_PATH=/home/huahai/dobot_ws/install/dobot_rviz:${AMENT_PREFIX_PATH} CMAKE_PREFIX_PATH=/home/huahai/dobot_ws/install/dobot_rviz:/opt/ros/humble /usr/bin/cmake --install /home/huahai/dobot_ws/build/cr10_moveit
[3.851s] Level 1:colcon.colcon_core.environment:checking '/home/huahai/dobot_ws/install/cr10_moveit/bin'
[3.851s] Level 1:colcon.colcon_core.environment:checking '/home/huahai/dobot_ws/install/cr10_moveit/lib/pkgconfig/cr10_moveit.pc'
[3.851s] Level 1:colcon.colcon_core.environment:checking '/home/huahai/dobot_ws/install/cr10_moveit/lib/python3.10/site-packages'
[3.851s] Level 1:colcon.colcon_core.environment:checking '/home/huahai/dobot_ws/install/cr10_moveit/bin'
[3.851s] INFO:colcon.colcon_core.shell:Creating package script '/home/huahai/dobot_ws/install/cr10_moveit/share/cr10_moveit/package.ps1'
[3.851s] INFO:colcon.colcon_core.shell:Creating package descriptor '/home/huahai/dobot_ws/install/cr10_moveit/share/cr10_moveit/package.dsv'
[3.852s] INFO:colcon.colcon_core.shell:Creating package script '/home/huahai/dobot_ws/install/cr10_moveit/share/cr10_moveit/package.sh'
[3.855s] INFO:colcon.colcon_core.shell:Creating package script '/home/huahai/dobot_ws/install/cr10_moveit/share/cr10_moveit/package.bash'
[3.855s] INFO:colcon.colcon_core.shell:Creating package script '/home/huahai/dobot_ws/install/cr10_moveit/share/cr10_moveit/package.zsh'
[3.856s] Level 1:colcon.colcon_core.environment:create_file_with_runtime_dependencies(/home/huahai/dobot_ws/install/cr10_moveit/share/colcon-core/packages/cr10_moveit)
[3.856s] Level 1:colcon.colcon_core.environment:create_environment_scripts_only(cr10_moveit)
[3.856s] Level 1:colcon.colcon_core.environment:checking '/home/huahai/dobot_ws/install/cr10_moveit' for CMake module files
[3.856s] Level 1:colcon.colcon_core.environment:checking '/home/huahai/dobot_ws/install/cr10_moveit' for CMake config files
[3.857s] Level 1:colcon.colcon_core.shell:create_environment_hook('cr10_moveit', 'cmake_prefix_path')
[3.857s] INFO:colcon.colcon_core.shell:Creating environment hook '/home/huahai/dobot_ws/install/cr10_moveit/share/cr10_moveit/hook/cmake_prefix_path.ps1'
[3.859s] INFO:colcon.colcon_core.shell:Creating environment descriptor '/home/huahai/dobot_ws/install/cr10_moveit/share/cr10_moveit/hook/cmake_prefix_path.dsv'
[3.859s] INFO:colcon.colcon_core.shell:Creating environment hook '/home/huahai/dobot_ws/install/cr10_moveit/share/cr10_moveit/hook/cmake_prefix_path.sh'
[3.860s] Level 1:colcon.colcon_core.environment:checking '/home/huahai/dobot_ws/install/cr10_moveit/bin'
[3.860s] Level 1:colcon.colcon_core.environment:checking '/home/huahai/dobot_ws/install/cr10_moveit/lib/pkgconfig/cr10_moveit.pc'
[3.860s] Level 1:colcon.colcon_core.environment:checking '/home/huahai/dobot_ws/install/cr10_moveit/lib/python3.10/site-packages'
[3.860s] Level 1:colcon.colcon_core.environment:checking '/home/huahai/dobot_ws/install/cr10_moveit/bin'
[3.861s] INFO:colcon.colcon_core.shell:Creating package script '/home/huahai/dobot_ws/install/cr10_moveit/share/cr10_moveit/package.ps1'
[3.862s] INFO:colcon.colcon_core.shell:Creating package descriptor '/home/huahai/dobot_ws/install/cr10_moveit/share/cr10_moveit/package.dsv'
[3.863s] INFO:colcon.colcon_core.shell:Creating package script '/home/huahai/dobot_ws/install/cr10_moveit/share/cr10_moveit/package.sh'
[3.863s] INFO:colcon.colcon_core.shell:Creating package script '/home/huahai/dobot_ws/install/cr10_moveit/share/cr10_moveit/package.bash'
[3.864s] INFO:colcon.colcon_core.shell:Creating package script '/home/huahai/dobot_ws/install/cr10_moveit/share/cr10_moveit/package.zsh'
[3.864s] Level 1:colcon.colcon_core.environment:create_file_with_runtime_dependencies(/home/huahai/dobot_ws/install/cr10_moveit/share/colcon-core/packages/cr10_moveit)
[3.865s] INFO:colcon.colcon_ros.task.ament_cmake.build:Building ROS package in '/home/huahai/dobot_ws/src/DOBOT_6Axis_ROS2_V3/cr12_moveit' with build type 'ament_cmake'
[3.867s] INFO:colcon.colcon_cmake.task.cmake.build:Building CMake package in '/home/huahai/dobot_ws/src/DOBOT_6Axis_ROS2_V3/cr12_moveit'
[3.867s] INFO:colcon.colcon_core.shell:Skip shell extension 'powershell' for command environment: Not usable outside of PowerShell
[3.867s] DEBUG:colcon.colcon_core.shell:Skip shell extension 'dsv' for command environment
[3.877s] DEBUG:colcon.colcon_core.event_handler.log_command:Invoking command in '/home/huahai/dobot_ws/build/cr12_moveit': AMENT_PREFIX_PATH=/home/huahai/dobot_ws/install/dobot_rviz:${AMENT_PREFIX_PATH} CMAKE_PREFIX_PATH=/home/huahai/dobot_ws/install/dobot_rviz:/opt/ros/humble /usr/bin/cmake /home/huahai/dobot_ws/src/DOBOT_6Axis_ROS2_V3/cr12_moveit -DCMAKE_INSTALL_PREFIX=/home/huahai/dobot_ws/install/cr12_moveit
[4.695s] DEBUG:colcon.colcon_core.event_handler.log_command:Invoked command in '/home/huahai/dobot_ws/build/cr12_moveit' returned '0': AMENT_PREFIX_PATH=/home/huahai/dobot_ws/install/dobot_rviz:${AMENT_PREFIX_PATH} CMAKE_PREFIX_PATH=/home/huahai/dobot_ws/install/dobot_rviz:/opt/ros/humble /usr/bin/cmake /home/huahai/dobot_ws/src/DOBOT_6Axis_ROS2_V3/cr12_moveit -DCMAKE_INSTALL_PREFIX=/home/huahai/dobot_ws/install/cr12_moveit
[4.696s] DEBUG:colcon.colcon_core.event_handler.log_command:Invoking command in '/home/huahai/dobot_ws/build/cr12_moveit': AMENT_PREFIX_PATH=/home/huahai/dobot_ws/install/dobot_rviz:${AMENT_PREFIX_PATH} CMAKE_PREFIX_PATH=/home/huahai/dobot_ws/install/dobot_rviz:/opt/ros/humble /usr/bin/cmake --build /home/huahai/dobot_ws/build/cr12_moveit -- -j2 -l2
[4.764s] DEBUG:colcon.colcon_core.event_handler.log_command:Invoked command in '/home/huahai/dobot_ws/build/cr12_moveit' returned '0': AMENT_PREFIX_PATH=/home/huahai/dobot_ws/install/dobot_rviz:${AMENT_PREFIX_PATH} CMAKE_PREFIX_PATH=/home/huahai/dobot_ws/install/dobot_rviz:/opt/ros/humble /usr/bin/cmake --build /home/huahai/dobot_ws/build/cr12_moveit -- -j2 -l2
[4.764s] DEBUG:colcon.colcon_core.event_handler.log_command:Invoking command in '/home/huahai/dobot_ws/build/cr12_moveit': AMENT_PREFIX_PATH=/home/huahai/dobot_ws/install/dobot_rviz:${AMENT_PREFIX_PATH} CMAKE_PREFIX_PATH=/home/huahai/dobot_ws/install/dobot_rviz:/opt/ros/humble /usr/bin/cmake --install /home/huahai/dobot_ws/build/cr12_moveit
[4.780s] Level 1:colcon.colcon_core.environment:create_environment_scripts_only(cr12_moveit)
[4.780s] Level 1:colcon.colcon_core.environment:checking '/home/huahai/dobot_ws/install/cr12_moveit' for CMake module files
[4.781s] Level 1:colcon.colcon_core.environment:checking '/home/huahai/dobot_ws/install/cr12_moveit' for CMake config files
[4.781s] Level 1:colcon.colcon_core.shell:create_environment_hook('cr12_moveit', 'cmake_prefix_path')
[4.781s] INFO:colcon.colcon_core.shell:Creating environment hook '/home/huahai/dobot_ws/install/cr12_moveit/share/cr12_moveit/hook/cmake_prefix_path.ps1'
[4.781s] DEBUG:colcon.colcon_core.event_handler.log_command:Invoked command in '/home/huahai/dobot_ws/build/cr12_moveit' returned '0': AMENT_PREFIX_PATH=/home/huahai/dobot_ws/install/dobot_rviz:${AMENT_PREFIX_PATH} CMAKE_PREFIX_PATH=/home/huahai/dobot_ws/install/dobot_rviz:/opt/ros/humble /usr/bin/cmake --install /home/huahai/dobot_ws/build/cr12_moveit
[4.781s] INFO:colcon.colcon_core.shell:Creating environment descriptor '/home/huahai/dobot_ws/install/cr12_moveit/share/cr12_moveit/hook/cmake_prefix_path.dsv'
[4.782s] INFO:colcon.colcon_core.shell:Creating environment hook '/home/huahai/dobot_ws/install/cr12_moveit/share/cr12_moveit/hook/cmake_prefix_path.sh'
[4.782s] Level 1:colcon.colcon_core.environment:checking '/home/huahai/dobot_ws/install/cr12_moveit/bin'
[4.782s] Level 1:colcon.colcon_core.environment:checking '/home/huahai/dobot_ws/install/cr12_moveit/lib/pkgconfig/cr12_moveit.pc'
[4.782s] Level 1:colcon.colcon_core.environment:checking '/home/huahai/dobot_ws/install/cr12_moveit/lib/python3.10/site-packages'
[4.782s] Level 1:colcon.colcon_core.environment:checking '/home/huahai/dobot_ws/install/cr12_moveit/bin'
[4.783s] INFO:colcon.colcon_core.shell:Creating package script '/home/huahai/dobot_ws/install/cr12_moveit/share/cr12_moveit/package.ps1'
[4.784s] INFO:colcon.colcon_core.shell:Creating package descriptor '/home/huahai/dobot_ws/install/cr12_moveit/share/cr12_moveit/package.dsv'
[4.784s] INFO:colcon.colcon_core.shell:Creating package script '/home/huahai/dobot_ws/install/cr12_moveit/share/cr12_moveit/package.sh'
[4.785s] INFO:colcon.colcon_core.shell:Creating package script '/home/huahai/dobot_ws/install/cr12_moveit/share/cr12_moveit/package.bash'
[4.785s] INFO:colcon.colcon_core.shell:Creating package script '/home/huahai/dobot_ws/install/cr12_moveit/share/cr12_moveit/package.zsh'
[4.785s] Level 1:colcon.colcon_core.environment:create_file_with_runtime_dependencies(/home/huahai/dobot_ws/install/cr12_moveit/share/colcon-core/packages/cr12_moveit)
[4.785s] Level 1:colcon.colcon_core.environment:create_environment_scripts_only(cr12_moveit)
[4.785s] Level 1:colcon.colcon_core.environment:checking '/home/huahai/dobot_ws/install/cr12_moveit' for CMake module files
[4.786s] Level 1:colcon.colcon_core.environment:checking '/home/huahai/dobot_ws/install/cr12_moveit' for CMake config files
[4.788s] Level 1:colcon.colcon_core.shell:create_environment_hook('cr12_moveit', 'cmake_prefix_path')
[4.788s] INFO:colcon.colcon_core.shell:Creating environment hook '/home/huahai/dobot_ws/install/cr12_moveit/share/cr12_moveit/hook/cmake_prefix_path.ps1'
[4.789s] INFO:colcon.colcon_core.shell:Creating environment descriptor '/home/huahai/dobot_ws/install/cr12_moveit/share/cr12_moveit/hook/cmake_prefix_path.dsv'
[4.789s] INFO:colcon.colcon_core.shell:Creating environment hook '/home/huahai/dobot_ws/install/cr12_moveit/share/cr12_moveit/hook/cmake_prefix_path.sh'
[4.789s] Level 1:colcon.colcon_core.environment:checking '/home/huahai/dobot_ws/install/cr12_moveit/bin'
[4.789s] Level 1:colcon.colcon_core.environment:checking '/home/huahai/dobot_ws/install/cr12_moveit/lib/pkgconfig/cr12_moveit.pc'
[4.789s] Level 1:colcon.colcon_core.environment:checking '/home/huahai/dobot_ws/install/cr12_moveit/lib/python3.10/site-packages'
[4.790s] Level 1:colcon.colcon_core.environment:checking '/home/huahai/dobot_ws/install/cr12_moveit/bin'
[4.790s] INFO:colcon.colcon_core.shell:Creating package script '/home/huahai/dobot_ws/install/cr12_moveit/share/cr12_moveit/package.ps1'
[4.792s] INFO:colcon.colcon_core.shell:Creating package descriptor '/home/huahai/dobot_ws/install/cr12_moveit/share/cr12_moveit/package.dsv'
[4.793s] INFO:colcon.colcon_core.shell:Creating package script '/home/huahai/dobot_ws/install/cr12_moveit/share/cr12_moveit/package.sh'
[4.793s] INFO:colcon.colcon_core.shell:Creating package script '/home/huahai/dobot_ws/install/cr12_moveit/share/cr12_moveit/package.bash'
[4.793s] INFO:colcon.colcon_core.shell:Creating package script '/home/huahai/dobot_ws/install/cr12_moveit/share/cr12_moveit/package.zsh'
[4.793s] Level 1:colcon.colcon_core.environment:create_file_with_runtime_dependencies(/home/huahai/dobot_ws/install/cr12_moveit/share/colcon-core/packages/cr12_moveit)
[4.794s] INFO:colcon.colcon_ros.task.ament_cmake.build:Building ROS package in '/home/huahai/dobot_ws/src/DOBOT_6Axis_ROS2_V3/cr16_moveit' with build type 'ament_cmake'
[4.794s] INFO:colcon.colcon_cmake.task.cmake.build:Building CMake package in '/home/huahai/dobot_ws/src/DOBOT_6Axis_ROS2_V3/cr16_moveit'
[4.796s] INFO:colcon.colcon_core.shell:Skip shell extension 'powershell' for command environment: Not usable outside of PowerShell
[4.796s] DEBUG:colcon.colcon_core.shell:Skip shell extension 'dsv' for command environment
[4.811s] DEBUG:colcon.colcon_core.event_handler.log_command:Invoking command in '/home/huahai/dobot_ws/build/cr16_moveit': AMENT_PREFIX_PATH=/home/huahai/dobot_ws/install/dobot_rviz:${AMENT_PREFIX_PATH} CMAKE_PREFIX_PATH=/home/huahai/dobot_ws/install/dobot_rviz:/opt/ros/humble /usr/bin/cmake /home/huahai/dobot_ws/src/DOBOT_6Axis_ROS2_V3/cr16_moveit -DCMAKE_INSTALL_PREFIX=/home/huahai/dobot_ws/install/cr16_moveit
[5.621s] DEBUG:colcon.colcon_core.event_handler.log_command:Invoked command in '/home/huahai/dobot_ws/build/cr16_moveit' returned '0': AMENT_PREFIX_PATH=/home/huahai/dobot_ws/install/dobot_rviz:${AMENT_PREFIX_PATH} CMAKE_PREFIX_PATH=/home/huahai/dobot_ws/install/dobot_rviz:/opt/ros/humble /usr/bin/cmake /home/huahai/dobot_ws/src/DOBOT_6Axis_ROS2_V3/cr16_moveit -DCMAKE_INSTALL_PREFIX=/home/huahai/dobot_ws/install/cr16_moveit
[5.622s] DEBUG:colcon.colcon_core.event_handler.log_command:Invoking command in '/home/huahai/dobot_ws/build/cr16_moveit': AMENT_PREFIX_PATH=/home/huahai/dobot_ws/install/dobot_rviz:${AMENT_PREFIX_PATH} CMAKE_PREFIX_PATH=/home/huahai/dobot_ws/install/dobot_rviz:/opt/ros/humble /usr/bin/cmake --build /home/huahai/dobot_ws/build/cr16_moveit -- -j2 -l2
[5.686s] DEBUG:colcon.colcon_core.event_handler.log_command:Invoked command in '/home/huahai/dobot_ws/build/cr16_moveit' returned '0': AMENT_PREFIX_PATH=/home/huahai/dobot_ws/install/dobot_rviz:${AMENT_PREFIX_PATH} CMAKE_PREFIX_PATH=/home/huahai/dobot_ws/install/dobot_rviz:/opt/ros/humble /usr/bin/cmake --build /home/huahai/dobot_ws/build/cr16_moveit -- -j2 -l2
[5.688s] DEBUG:colcon.colcon_core.event_handler.log_command:Invoking command in '/home/huahai/dobot_ws/build/cr16_moveit': AMENT_PREFIX_PATH=/home/huahai/dobot_ws/install/dobot_rviz:${AMENT_PREFIX_PATH} CMAKE_PREFIX_PATH=/home/huahai/dobot_ws/install/dobot_rviz:/opt/ros/humble /usr/bin/cmake --install /home/huahai/dobot_ws/build/cr16_moveit
[5.706s] Level 1:colcon.colcon_core.environment:create_environment_scripts_only(cr16_moveit)
[5.707s] Level 1:colcon.colcon_core.environment:checking '/home/huahai/dobot_ws/install/cr16_moveit' for CMake module files
[5.707s] Level 1:colcon.colcon_core.environment:checking '/home/huahai/dobot_ws/install/cr16_moveit' for CMake config files
[5.707s] Level 1:colcon.colcon_core.shell:create_environment_hook('cr16_moveit', 'cmake_prefix_path')
[5.707s] INFO:colcon.colcon_core.shell:Creating environment hook '/home/huahai/dobot_ws/install/cr16_moveit/share/cr16_moveit/hook/cmake_prefix_path.ps1'
[5.708s] INFO:colcon.colcon_core.shell:Creating environment descriptor '/home/huahai/dobot_ws/install/cr16_moveit/share/cr16_moveit/hook/cmake_prefix_path.dsv'
[5.708s] INFO:colcon.colcon_core.shell:Creating environment hook '/home/huahai/dobot_ws/install/cr16_moveit/share/cr16_moveit/hook/cmake_prefix_path.sh'
[5.709s] DEBUG:colcon.colcon_core.event_handler.log_command:Invoked command in '/home/huahai/dobot_ws/build/cr16_moveit' returned '0': AMENT_PREFIX_PATH=/home/huahai/dobot_ws/install/dobot_rviz:${AMENT_PREFIX_PATH} CMAKE_PREFIX_PATH=/home/huahai/dobot_ws/install/dobot_rviz:/opt/ros/humble /usr/bin/cmake --install /home/huahai/dobot_ws/build/cr16_moveit
[5.709s] Level 1:colcon.colcon_core.environment:checking '/home/huahai/dobot_ws/install/cr16_moveit/bin'
[5.709s] Level 1:colcon.colcon_core.environment:checking '/home/huahai/dobot_ws/install/cr16_moveit/lib/pkgconfig/cr16_moveit.pc'
[5.709s] Level 1:colcon.colcon_core.environment:checking '/home/huahai/dobot_ws/install/cr16_moveit/lib/python3.10/site-packages'
[5.710s] Level 1:colcon.colcon_core.environment:checking '/home/huahai/dobot_ws/install/cr16_moveit/bin'
[5.710s] INFO:colcon.colcon_core.shell:Creating package script '/home/huahai/dobot_ws/install/cr16_moveit/share/cr16_moveit/package.ps1'
[5.710s] INFO:colcon.colcon_core.shell:Creating package descriptor '/home/huahai/dobot_ws/install/cr16_moveit/share/cr16_moveit/package.dsv'
[5.711s] INFO:colcon.colcon_core.shell:Creating package script '/home/huahai/dobot_ws/install/cr16_moveit/share/cr16_moveit/package.sh'
[5.712s] INFO:colcon.colcon_core.shell:Creating package script '/home/huahai/dobot_ws/install/cr16_moveit/share/cr16_moveit/package.bash'
[5.712s] INFO:colcon.colcon_core.shell:Creating package script '/home/huahai/dobot_ws/install/cr16_moveit/share/cr16_moveit/package.zsh'
[5.712s] Level 1:colcon.colcon_core.environment:create_file_with_runtime_dependencies(/home/huahai/dobot_ws/install/cr16_moveit/share/colcon-core/packages/cr16_moveit)
[5.713s] Level 1:colcon.colcon_core.environment:create_environment_scripts_only(cr16_moveit)
[5.713s] Level 1:colcon.colcon_core.environment:checking '/home/huahai/dobot_ws/install/cr16_moveit' for CMake module files
[5.713s] Level 1:colcon.colcon_core.environment:checking '/home/huahai/dobot_ws/install/cr16_moveit' for CMake config files
[5.713s] Level 1:colcon.colcon_core.shell:create_environment_hook('cr16_moveit', 'cmake_prefix_path')
[5.713s] INFO:colcon.colcon_core.shell:Creating environment hook '/home/huahai/dobot_ws/install/cr16_moveit/share/cr16_moveit/hook/cmake_prefix_path.ps1'
[5.714s] INFO:colcon.colcon_core.shell:Creating environment descriptor '/home/huahai/dobot_ws/install/cr16_moveit/share/cr16_moveit/hook/cmake_prefix_path.dsv'
[5.717s] INFO:colcon.colcon_core.shell:Creating environment hook '/home/huahai/dobot_ws/install/cr16_moveit/share/cr16_moveit/hook/cmake_prefix_path.sh'
[5.718s] Level 1:colcon.colcon_core.environment:checking '/home/huahai/dobot_ws/install/cr16_moveit/bin'
[5.718s] Level 1:colcon.colcon_core.environment:checking '/home/huahai/dobot_ws/install/cr16_moveit/lib/pkgconfig/cr16_moveit.pc'
[5.718s] Level 1:colcon.colcon_core.environment:checking '/home/huahai/dobot_ws/install/cr16_moveit/lib/python3.10/site-packages'
[5.718s] Level 1:colcon.colcon_core.environment:checking '/home/huahai/dobot_ws/install/cr16_moveit/bin'
[5.718s] INFO:colcon.colcon_core.shell:Creating package script '/home/huahai/dobot_ws/install/cr16_moveit/share/cr16_moveit/package.ps1'
[5.719s] INFO:colcon.colcon_core.shell:Creating package descriptor '/home/huahai/dobot_ws/install/cr16_moveit/share/cr16_moveit/package.dsv'
[5.721s] INFO:colcon.colcon_core.shell:Creating package script '/home/huahai/dobot_ws/install/cr16_moveit/share/cr16_moveit/package.sh'
[5.722s] INFO:colcon.colcon_core.shell:Creating package script '/home/huahai/dobot_ws/install/cr16_moveit/share/cr16_moveit/package.bash'
[5.722s] INFO:colcon.colcon_core.shell:Creating package script '/home/huahai/dobot_ws/install/cr16_moveit/share/cr16_moveit/package.zsh'
[5.722s] Level 1:colcon.colcon_core.environment:create_file_with_runtime_dependencies(/home/huahai/dobot_ws/install/cr16_moveit/share/colcon-core/packages/cr16_moveit)
[5.726s] INFO:colcon.colcon_ros.task.ament_cmake.build:Building ROS package in '/home/huahai/dobot_ws/src/DOBOT_6Axis_ROS2_V3/cr3_moveit' with build type 'ament_cmake'
[5.726s] INFO:colcon.colcon_cmake.task.cmake.build:Building CMake package in '/home/huahai/dobot_ws/src/DOBOT_6Axis_ROS2_V3/cr3_moveit'
[5.726s] INFO:colcon.colcon_core.shell:Skip shell extension 'powershell' for command environment: Not usable outside of PowerShell
[5.726s] DEBUG:colcon.colcon_core.shell:Skip shell extension 'dsv' for command environment
[5.736s] DEBUG:colcon.colcon_core.event_handler.log_command:Invoking command in '/home/huahai/dobot_ws/build/cr3_moveit': AMENT_PREFIX_PATH=/home/huahai/dobot_ws/install/dobot_rviz:${AMENT_PREFIX_PATH} CMAKE_PREFIX_PATH=/home/huahai/dobot_ws/install/dobot_rviz:/opt/ros/humble /usr/bin/cmake /home/huahai/dobot_ws/src/DOBOT_6Axis_ROS2_V3/cr3_moveit -DCMAKE_INSTALL_PREFIX=/home/huahai/dobot_ws/install/cr3_moveit
[6.608s] DEBUG:colcon.colcon_core.event_handler.log_command:Invoked command in '/home/huahai/dobot_ws/build/cr3_moveit' returned '0': AMENT_PREFIX_PATH=/home/huahai/dobot_ws/install/dobot_rviz:${AMENT_PREFIX_PATH} CMAKE_PREFIX_PATH=/home/huahai/dobot_ws/install/dobot_rviz:/opt/ros/humble /usr/bin/cmake /home/huahai/dobot_ws/src/DOBOT_6Axis_ROS2_V3/cr3_moveit -DCMAKE_INSTALL_PREFIX=/home/huahai/dobot_ws/install/cr3_moveit
[6.609s] DEBUG:colcon.colcon_core.event_handler.log_command:Invoking command in '/home/huahai/dobot_ws/build/cr3_moveit': AMENT_PREFIX_PATH=/home/huahai/dobot_ws/install/dobot_rviz:${AMENT_PREFIX_PATH} CMAKE_PREFIX_PATH=/home/huahai/dobot_ws/install/dobot_rviz:/opt/ros/humble /usr/bin/cmake --build /home/huahai/dobot_ws/build/cr3_moveit -- -j2 -l2
[6.644s] DEBUG:colcon.colcon_core.event_handler.log_command:Invoked command in '/home/huahai/dobot_ws/build/cr3_moveit' returned '0': AMENT_PREFIX_PATH=/home/huahai/dobot_ws/install/dobot_rviz:${AMENT_PREFIX_PATH} CMAKE_PREFIX_PATH=/home/huahai/dobot_ws/install/dobot_rviz:/opt/ros/humble /usr/bin/cmake --build /home/huahai/dobot_ws/build/cr3_moveit -- -j2 -l2
[6.645s] DEBUG:colcon.colcon_core.event_handler.log_command:Invoking command in '/home/huahai/dobot_ws/build/cr3_moveit': AMENT_PREFIX_PATH=/home/huahai/dobot_ws/install/dobot_rviz:${AMENT_PREFIX_PATH} CMAKE_PREFIX_PATH=/home/huahai/dobot_ws/install/dobot_rviz:/opt/ros/humble /usr/bin/cmake --install /home/huahai/dobot_ws/build/cr3_moveit
[6.662s] Level 1:colcon.colcon_core.environment:create_environment_scripts_only(cr3_moveit)
[6.662s] Level 1:colcon.colcon_core.environment:checking '/home/huahai/dobot_ws/install/cr3_moveit' for CMake module files
[6.663s] Level 1:colcon.colcon_core.environment:checking '/home/huahai/dobot_ws/install/cr3_moveit' for CMake config files
[6.663s] Level 1:colcon.colcon_core.shell:create_environment_hook('cr3_moveit', 'cmake_prefix_path')
[6.663s] INFO:colcon.colcon_core.shell:Creating environment hook '/home/huahai/dobot_ws/install/cr3_moveit/share/cr3_moveit/hook/cmake_prefix_path.ps1'
[6.663s] INFO:colcon.colcon_core.shell:Creating environment descriptor '/home/huahai/dobot_ws/install/cr3_moveit/share/cr3_moveit/hook/cmake_prefix_path.dsv'
[6.664s] INFO:colcon.colcon_core.shell:Creating environment hook '/home/huahai/dobot_ws/install/cr3_moveit/share/cr3_moveit/hook/cmake_prefix_path.sh'
[6.664s] DEBUG:colcon.colcon_core.event_handler.log_command:Invoked command in '/home/huahai/dobot_ws/build/cr3_moveit' returned '0': AMENT_PREFIX_PATH=/home/huahai/dobot_ws/install/dobot_rviz:${AMENT_PREFIX_PATH} CMAKE_PREFIX_PATH=/home/huahai/dobot_ws/install/dobot_rviz:/opt/ros/humble /usr/bin/cmake --install /home/huahai/dobot_ws/build/cr3_moveit
[6.664s] Level 1:colcon.colcon_core.environment:checking '/home/huahai/dobot_ws/install/cr3_moveit/bin'
[6.664s] Level 1:colcon.colcon_core.environment:checking '/home/huahai/dobot_ws/install/cr3_moveit/lib/pkgconfig/cr3_moveit.pc'
[6.664s] Level 1:colcon.colcon_core.environment:checking '/home/huahai/dobot_ws/install/cr3_moveit/lib/python3.10/site-packages'
[6.665s] Level 1:colcon.colcon_core.environment:checking '/home/huahai/dobot_ws/install/cr3_moveit/bin'
[6.665s] INFO:colcon.colcon_core.shell:Creating package script '/home/huahai/dobot_ws/install/cr3_moveit/share/cr3_moveit/package.ps1'
[6.665s] INFO:colcon.colcon_core.shell:Creating package descriptor '/home/huahai/dobot_ws/install/cr3_moveit/share/cr3_moveit/package.dsv'
[6.666s] INFO:colcon.colcon_core.shell:Creating package script '/home/huahai/dobot_ws/install/cr3_moveit/share/cr3_moveit/package.sh'
[6.666s] INFO:colcon.colcon_core.shell:Creating package script '/home/huahai/dobot_ws/install/cr3_moveit/share/cr3_moveit/package.bash'
[6.666s] INFO:colcon.colcon_core.shell:Creating package script '/home/huahai/dobot_ws/install/cr3_moveit/share/cr3_moveit/package.zsh'
[6.666s] Level 1:colcon.colcon_core.environment:create_file_with_runtime_dependencies(/home/huahai/dobot_ws/install/cr3_moveit/share/colcon-core/packages/cr3_moveit)
[6.667s] Level 1:colcon.colcon_core.environment:create_environment_scripts_only(cr3_moveit)
[6.667s] Level 1:colcon.colcon_core.environment:checking '/home/huahai/dobot_ws/install/cr3_moveit' for CMake module files
[6.667s] Level 1:colcon.colcon_core.environment:checking '/home/huahai/dobot_ws/install/cr3_moveit' for CMake config files
[6.667s] Level 1:colcon.colcon_core.shell:create_environment_hook('cr3_moveit', 'cmake_prefix_path')
[6.667s] INFO:colcon.colcon_core.shell:Creating environment hook '/home/huahai/dobot_ws/install/cr3_moveit/share/cr3_moveit/hook/cmake_prefix_path.ps1'
[6.668s] INFO:colcon.colcon_core.shell:Creating environment descriptor '/home/huahai/dobot_ws/install/cr3_moveit/share/cr3_moveit/hook/cmake_prefix_path.dsv'
[6.668s] INFO:colcon.colcon_core.shell:Creating environment hook '/home/huahai/dobot_ws/install/cr3_moveit/share/cr3_moveit/hook/cmake_prefix_path.sh'
[6.668s] Level 1:colcon.colcon_core.environment:checking '/home/huahai/dobot_ws/install/cr3_moveit/bin'
[6.669s] Level 1:colcon.colcon_core.environment:checking '/home/huahai/dobot_ws/install/cr3_moveit/lib/pkgconfig/cr3_moveit.pc'
[6.669s] Level 1:colcon.colcon_core.environment:checking '/home/huahai/dobot_ws/install/cr3_moveit/lib/python3.10/site-packages'
[6.669s] Level 1:colcon.colcon_core.environment:checking '/home/huahai/dobot_ws/install/cr3_moveit/bin'
[6.669s] INFO:colcon.colcon_core.shell:Creating package script '/home/huahai/dobot_ws/install/cr3_moveit/share/cr3_moveit/package.ps1'
[6.669s] INFO:colcon.colcon_core.shell:Creating package descriptor '/home/huahai/dobot_ws/install/cr3_moveit/share/cr3_moveit/package.dsv'
[6.670s] INFO:colcon.colcon_core.shell:Creating package script '/home/huahai/dobot_ws/install/cr3_moveit/share/cr3_moveit/package.sh'
[6.670s] INFO:colcon.colcon_core.shell:Creating package script '/home/huahai/dobot_ws/install/cr3_moveit/share/cr3_moveit/package.bash'
[6.671s] INFO:colcon.colcon_core.shell:Creating package script '/home/huahai/dobot_ws/install/cr3_moveit/share/cr3_moveit/package.zsh'
[6.671s] Level 1:colcon.colcon_core.environment:create_file_with_runtime_dependencies(/home/huahai/dobot_ws/install/cr3_moveit/share/colcon-core/packages/cr3_moveit)
[6.672s] INFO:colcon.colcon_ros.task.ament_cmake.build:Building ROS package in '/home/huahai/dobot_ws/src/DOBOT_6Axis_ROS2_V3/cr5_moveit' with build type 'ament_cmake'
[6.672s] INFO:colcon.colcon_cmake.task.cmake.build:Building CMake package in '/home/huahai/dobot_ws/src/DOBOT_6Axis_ROS2_V3/cr5_moveit'
[6.672s] INFO:colcon.colcon_core.shell:Skip shell extension 'powershell' for command environment: Not usable outside of PowerShell
[6.673s] DEBUG:colcon.colcon_core.shell:Skip shell extension 'dsv' for command environment
[6.678s] DEBUG:colcon.colcon_core.event_handler.log_command:Invoking command in '/home/huahai/dobot_ws/build/cr5_moveit': AMENT_PREFIX_PATH=/home/huahai/dobot_ws/install/dobot_rviz:${AMENT_PREFIX_PATH} CMAKE_PREFIX_PATH=/home/huahai/dobot_ws/install/dobot_rviz:/opt/ros/humble /usr/bin/cmake /home/huahai/dobot_ws/src/DOBOT_6Axis_ROS2_V3/cr5_moveit -DCMAKE_INSTALL_PREFIX=/home/huahai/dobot_ws/install/cr5_moveit
[7.283s] DEBUG:colcon.colcon_core.event_handler.log_command:Invoked command in '/home/huahai/dobot_ws/build/cr5_moveit' returned '0': AMENT_PREFIX_PATH=/home/huahai/dobot_ws/install/dobot_rviz:${AMENT_PREFIX_PATH} CMAKE_PREFIX_PATH=/home/huahai/dobot_ws/install/dobot_rviz:/opt/ros/humble /usr/bin/cmake /home/huahai/dobot_ws/src/DOBOT_6Axis_ROS2_V3/cr5_moveit -DCMAKE_INSTALL_PREFIX=/home/huahai/dobot_ws/install/cr5_moveit
[7.283s] DEBUG:colcon.colcon_core.event_handler.log_command:Invoking command in '/home/huahai/dobot_ws/build/cr5_moveit': AMENT_PREFIX_PATH=/home/huahai/dobot_ws/install/dobot_rviz:${AMENT_PREFIX_PATH} CMAKE_PREFIX_PATH=/home/huahai/dobot_ws/install/dobot_rviz:/opt/ros/humble /usr/bin/cmake --build /home/huahai/dobot_ws/build/cr5_moveit -- -j2 -l2
[7.311s] DEBUG:colcon.colcon_core.event_handler.log_command:Invoked command in '/home/huahai/dobot_ws/build/cr5_moveit' returned '0': AMENT_PREFIX_PATH=/home/huahai/dobot_ws/install/dobot_rviz:${AMENT_PREFIX_PATH} CMAKE_PREFIX_PATH=/home/huahai/dobot_ws/install/dobot_rviz:/opt/ros/humble /usr/bin/cmake --build /home/huahai/dobot_ws/build/cr5_moveit -- -j2 -l2
[7.314s] DEBUG:colcon.colcon_core.event_handler.log_command:Invoking command in '/home/huahai/dobot_ws/build/cr5_moveit': AMENT_PREFIX_PATH=/home/huahai/dobot_ws/install/dobot_rviz:${AMENT_PREFIX_PATH} CMAKE_PREFIX_PATH=/home/huahai/dobot_ws/install/dobot_rviz:/opt/ros/humble /usr/bin/cmake --install /home/huahai/dobot_ws/build/cr5_moveit
[7.324s] Level 1:colcon.colcon_core.environment:create_environment_scripts_only(cr5_moveit)
[7.324s] Level 1:colcon.colcon_core.environment:checking '/home/huahai/dobot_ws/install/cr5_moveit' for CMake module files
[7.325s] Level 1:colcon.colcon_core.environment:checking '/home/huahai/dobot_ws/install/cr5_moveit' for CMake config files
[7.325s] Level 1:colcon.colcon_core.shell:create_environment_hook('cr5_moveit', 'cmake_prefix_path')
[7.325s] INFO:colcon.colcon_core.shell:Creating environment hook '/home/huahai/dobot_ws/install/cr5_moveit/share/cr5_moveit/hook/cmake_prefix_path.ps1'
[7.325s] INFO:colcon.colcon_core.shell:Creating environment descriptor '/home/huahai/dobot_ws/install/cr5_moveit/share/cr5_moveit/hook/cmake_prefix_path.dsv'
[7.325s] INFO:colcon.colcon_core.shell:Creating environment hook '/home/huahai/dobot_ws/install/cr5_moveit/share/cr5_moveit/hook/cmake_prefix_path.sh'
[7.325s] Level 1:colcon.colcon_core.environment:checking '/home/huahai/dobot_ws/install/cr5_moveit/bin'
[7.326s] Level 1:colcon.colcon_core.environment:checking '/home/huahai/dobot_ws/install/cr5_moveit/lib/pkgconfig/cr5_moveit.pc'
[7.326s] Level 1:colcon.colcon_core.environment:checking '/home/huahai/dobot_ws/install/cr5_moveit/lib/python3.10/site-packages'
[7.326s] DEBUG:colcon.colcon_core.event_handler.log_command:Invoked command in '/home/huahai/dobot_ws/build/cr5_moveit' returned '0': AMENT_PREFIX_PATH=/home/huahai/dobot_ws/install/dobot_rviz:${AMENT_PREFIX_PATH} CMAKE_PREFIX_PATH=/home/huahai/dobot_ws/install/dobot_rviz:/opt/ros/humble /usr/bin/cmake --install /home/huahai/dobot_ws/build/cr5_moveit
[7.327s] Level 1:colcon.colcon_core.environment:checking '/home/huahai/dobot_ws/install/cr5_moveit/bin'
[7.327s] INFO:colcon.colcon_core.shell:Creating package script '/home/huahai/dobot_ws/install/cr5_moveit/share/cr5_moveit/package.ps1'
[7.327s] INFO:colcon.colcon_core.shell:Creating package descriptor '/home/huahai/dobot_ws/install/cr5_moveit/share/cr5_moveit/package.dsv'
[7.328s] INFO:colcon.colcon_core.shell:Creating package script '/home/huahai/dobot_ws/install/cr5_moveit/share/cr5_moveit/package.sh'
[7.328s] INFO:colcon.colcon_core.shell:Creating package script '/home/huahai/dobot_ws/install/cr5_moveit/share/cr5_moveit/package.bash'
[7.328s] INFO:colcon.colcon_core.shell:Creating package script '/home/huahai/dobot_ws/install/cr5_moveit/share/cr5_moveit/package.zsh'
[7.328s] Level 1:colcon.colcon_core.environment:create_file_with_runtime_dependencies(/home/huahai/dobot_ws/install/cr5_moveit/share/colcon-core/packages/cr5_moveit)
[7.329s] Level 1:colcon.colcon_core.environment:create_environment_scripts_only(cr5_moveit)
[7.329s] Level 1:colcon.colcon_core.environment:checking '/home/huahai/dobot_ws/install/cr5_moveit' for CMake module files
[7.330s] Level 1:colcon.colcon_core.environment:checking '/home/huahai/dobot_ws/install/cr5_moveit' for CMake config files
[7.330s] Level 1:colcon.colcon_core.shell:create_environment_hook('cr5_moveit', 'cmake_prefix_path')
[7.330s] INFO:colcon.colcon_core.shell:Creating environment hook '/home/huahai/dobot_ws/install/cr5_moveit/share/cr5_moveit/hook/cmake_prefix_path.ps1'
[7.331s] INFO:colcon.colcon_core.shell:Creating environment descriptor '/home/huahai/dobot_ws/install/cr5_moveit/share/cr5_moveit/hook/cmake_prefix_path.dsv'
[7.331s] INFO:colcon.colcon_core.shell:Creating environment hook '/home/huahai/dobot_ws/install/cr5_moveit/share/cr5_moveit/hook/cmake_prefix_path.sh'
[7.332s] Level 1:colcon.colcon_core.environment:checking '/home/huahai/dobot_ws/install/cr5_moveit/bin'
[7.332s] Level 1:colcon.colcon_core.environment:checking '/home/huahai/dobot_ws/install/cr5_moveit/lib/pkgconfig/cr5_moveit.pc'
[7.332s] Level 1:colcon.colcon_core.environment:checking '/home/huahai/dobot_ws/install/cr5_moveit/lib/python3.10/site-packages'
[7.332s] Level 1:colcon.colcon_core.environment:checking '/home/huahai/dobot_ws/install/cr5_moveit/bin'
[7.333s] INFO:colcon.colcon_core.shell:Creating package script '/home/huahai/dobot_ws/install/cr5_moveit/share/cr5_moveit/package.ps1'
[7.333s] INFO:colcon.colcon_core.shell:Creating package descriptor '/home/huahai/dobot_ws/install/cr5_moveit/share/cr5_moveit/package.dsv'
[7.333s] INFO:colcon.colcon_core.shell:Creating package script '/home/huahai/dobot_ws/install/cr5_moveit/share/cr5_moveit/package.sh'
[7.334s] INFO:colcon.colcon_core.shell:Creating package script '/home/huahai/dobot_ws/install/cr5_moveit/share/cr5_moveit/package.bash'
[7.334s] INFO:colcon.colcon_core.shell:Creating package script '/home/huahai/dobot_ws/install/cr5_moveit/share/cr5_moveit/package.zsh'
[7.335s] Level 1:colcon.colcon_core.environment:create_file_with_runtime_dependencies(/home/huahai/dobot_ws/install/cr5_moveit/share/colcon-core/packages/cr5_moveit)
[7.336s] INFO:colcon.colcon_ros.task.ament_cmake.build:Building ROS package in '/home/huahai/dobot_ws/src/DOBOT_6Axis_ROS2_V3/cr7_moveit' with build type 'ament_cmake'
[7.337s] INFO:colcon.colcon_cmake.task.cmake.build:Building CMake package in '/home/huahai/dobot_ws/src/DOBOT_6Axis_ROS2_V3/cr7_moveit'
[7.337s] INFO:colcon.colcon_core.shell:Skip shell extension 'powershell' for command environment: Not usable outside of PowerShell
[7.337s] DEBUG:colcon.colcon_core.shell:Skip shell extension 'dsv' for command environment
[7.345s] DEBUG:colcon.colcon_core.event_handler.log_command:Invoking command in '/home/huahai/dobot_ws/build/cr7_moveit': AMENT_PREFIX_PATH=/home/huahai/dobot_ws/install/dobot_rviz:${AMENT_PREFIX_PATH} CMAKE_PREFIX_PATH=/home/huahai/dobot_ws/install/dobot_rviz:/opt/ros/humble /usr/bin/cmake /home/huahai/dobot_ws/src/DOBOT_6Axis_ROS2_V3/cr7_moveit -DCMAKE_INSTALL_PREFIX=/home/huahai/dobot_ws/install/cr7_moveit
[7.927s] DEBUG:colcon.colcon_core.event_handler.log_command:Invoked command in '/home/huahai/dobot_ws/build/cr7_moveit' returned '0': AMENT_PREFIX_PATH=/home/huahai/dobot_ws/install/dobot_rviz:${AMENT_PREFIX_PATH} CMAKE_PREFIX_PATH=/home/huahai/dobot_ws/install/dobot_rviz:/opt/ros/humble /usr/bin/cmake /home/huahai/dobot_ws/src/DOBOT_6Axis_ROS2_V3/cr7_moveit -DCMAKE_INSTALL_PREFIX=/home/huahai/dobot_ws/install/cr7_moveit
[7.930s] DEBUG:colcon.colcon_core.event_handler.log_command:Invoking command in '/home/huahai/dobot_ws/build/cr7_moveit': AMENT_PREFIX_PATH=/home/huahai/dobot_ws/install/dobot_rviz:${AMENT_PREFIX_PATH} CMAKE_PREFIX_PATH=/home/huahai/dobot_ws/install/dobot_rviz:/opt/ros/humble /usr/bin/cmake --build /home/huahai/dobot_ws/build/cr7_moveit -- -j2 -l2
[8.001s] DEBUG:colcon.colcon_core.event_handler.log_command:Invoked command in '/home/huahai/dobot_ws/build/cr7_moveit' returned '0': AMENT_PREFIX_PATH=/home/huahai/dobot_ws/install/dobot_rviz:${AMENT_PREFIX_PATH} CMAKE_PREFIX_PATH=/home/huahai/dobot_ws/install/dobot_rviz:/opt/ros/humble /usr/bin/cmake --build /home/huahai/dobot_ws/build/cr7_moveit -- -j2 -l2
[8.001s] DEBUG:colcon.colcon_core.event_handler.log_command:Invoking command in '/home/huahai/dobot_ws/build/cr7_moveit': AMENT_PREFIX_PATH=/home/huahai/dobot_ws/install/dobot_rviz:${AMENT_PREFIX_PATH} CMAKE_PREFIX_PATH=/home/huahai/dobot_ws/install/dobot_rviz:/opt/ros/humble /usr/bin/cmake --install /home/huahai/dobot_ws/build/cr7_moveit
[8.022s] Level 1:colcon.colcon_core.environment:create_environment_scripts_only(cr7_moveit)
[8.022s] Level 1:colcon.colcon_core.environment:checking '/home/huahai/dobot_ws/install/cr7_moveit' for CMake module files
[8.022s] Level 1:colcon.colcon_core.environment:checking '/home/huahai/dobot_ws/install/cr7_moveit' for CMake config files
[8.022s] Level 1:colcon.colcon_core.shell:create_environment_hook('cr7_moveit', 'cmake_prefix_path')
[8.022s] INFO:colcon.colcon_core.shell:Creating environment hook '/home/huahai/dobot_ws/install/cr7_moveit/share/cr7_moveit/hook/cmake_prefix_path.ps1'
[8.025s] DEBUG:colcon.colcon_core.event_handler.log_command:Invoked command in '/home/huahai/dobot_ws/build/cr7_moveit' returned '0': AMENT_PREFIX_PATH=/home/huahai/dobot_ws/install/dobot_rviz:${AMENT_PREFIX_PATH} CMAKE_PREFIX_PATH=/home/huahai/dobot_ws/install/dobot_rviz:/opt/ros/humble /usr/bin/cmake --install /home/huahai/dobot_ws/build/cr7_moveit
[8.025s] INFO:colcon.colcon_core.shell:Creating environment descriptor '/home/huahai/dobot_ws/install/cr7_moveit/share/cr7_moveit/hook/cmake_prefix_path.dsv'
[8.025s] INFO:colcon.colcon_core.shell:Creating environment hook '/home/huahai/dobot_ws/install/cr7_moveit/share/cr7_moveit/hook/cmake_prefix_path.sh'
[8.026s] Level 1:colcon.colcon_core.environment:checking '/home/huahai/dobot_ws/install/cr7_moveit/bin'
[8.026s] Level 1:colcon.colcon_core.environment:checking '/home/huahai/dobot_ws/install/cr7_moveit/lib/pkgconfig/cr7_moveit.pc'
[8.026s] Level 1:colcon.colcon_core.environment:checking '/home/huahai/dobot_ws/install/cr7_moveit/lib/python3.10/site-packages'
[8.026s] Level 1:colcon.colcon_core.environment:checking '/home/huahai/dobot_ws/install/cr7_moveit/bin'
[8.027s] INFO:colcon.colcon_core.shell:Creating package script '/home/huahai/dobot_ws/install/cr7_moveit/share/cr7_moveit/package.ps1'
[8.027s] INFO:colcon.colcon_core.shell:Creating package descriptor '/home/huahai/dobot_ws/install/cr7_moveit/share/cr7_moveit/package.dsv'
[8.029s] INFO:colcon.colcon_core.shell:Creating package script '/home/huahai/dobot_ws/install/cr7_moveit/share/cr7_moveit/package.sh'
[8.030s] INFO:colcon.colcon_core.shell:Creating package script '/home/huahai/dobot_ws/install/cr7_moveit/share/cr7_moveit/package.bash'
[8.030s] INFO:colcon.colcon_core.shell:Creating package script '/home/huahai/dobot_ws/install/cr7_moveit/share/cr7_moveit/package.zsh'
[8.030s] Level 1:colcon.colcon_core.environment:create_file_with_runtime_dependencies(/home/huahai/dobot_ws/install/cr7_moveit/share/colcon-core/packages/cr7_moveit)
[8.030s] Level 1:colcon.colcon_core.environment:create_environment_scripts_only(cr7_moveit)
[8.030s] Level 1:colcon.colcon_core.environment:checking '/home/huahai/dobot_ws/install/cr7_moveit' for CMake module files
[8.031s] Level 1:colcon.colcon_core.environment:checking '/home/huahai/dobot_ws/install/cr7_moveit' for CMake config files
[8.033s] Level 1:colcon.colcon_core.shell:create_environment_hook('cr7_moveit', 'cmake_prefix_path')
[8.033s] INFO:colcon.colcon_core.shell:Creating environment hook '/home/huahai/dobot_ws/install/cr7_moveit/share/cr7_moveit/hook/cmake_prefix_path.ps1'
[8.033s] INFO:colcon.colcon_core.shell:Creating environment descriptor '/home/huahai/dobot_ws/install/cr7_moveit/share/cr7_moveit/hook/cmake_prefix_path.dsv'
[8.034s] INFO:colcon.colcon_core.shell:Creating environment hook '/home/huahai/dobot_ws/install/cr7_moveit/share/cr7_moveit/hook/cmake_prefix_path.sh'
[8.034s] Level 1:colcon.colcon_core.environment:checking '/home/huahai/dobot_ws/install/cr7_moveit/bin'
[8.034s] Level 1:colcon.colcon_core.environment:checking '/home/huahai/dobot_ws/install/cr7_moveit/lib/pkgconfig/cr7_moveit.pc'
[8.034s] Level 1:colcon.colcon_core.environment:checking '/home/huahai/dobot_ws/install/cr7_moveit/lib/python3.10/site-packages'
[8.035s] Level 1:colcon.colcon_core.environment:checking '/home/huahai/dobot_ws/install/cr7_moveit/bin'
[8.035s] INFO:colcon.colcon_core.shell:Creating package script '/home/huahai/dobot_ws/install/cr7_moveit/share/cr7_moveit/package.ps1'
[8.037s] INFO:colcon.colcon_core.shell:Creating package descriptor '/home/huahai/dobot_ws/install/cr7_moveit/share/cr7_moveit/package.dsv'
[8.038s] INFO:colcon.colcon_core.shell:Creating package script '/home/huahai/dobot_ws/install/cr7_moveit/share/cr7_moveit/package.sh'
[8.038s] INFO:colcon.colcon_core.shell:Creating package script '/home/huahai/dobot_ws/install/cr7_moveit/share/cr7_moveit/package.bash'
[8.039s] INFO:colcon.colcon_core.shell:Creating package script '/home/huahai/dobot_ws/install/cr7_moveit/share/cr7_moveit/package.zsh'
[8.041s] Level 1:colcon.colcon_core.environment:create_file_with_runtime_dependencies(/home/huahai/dobot_ws/install/cr7_moveit/share/colcon-core/packages/cr7_moveit)
[8.042s] INFO:colcon.colcon_ros.task.ament_cmake.build:Building ROS package in '/home/huahai/dobot_ws/src/DOBOT_6Axis_ROS2_V3/dobot_gazebo' with build type 'ament_cmake'
[8.042s] INFO:colcon.colcon_cmake.task.cmake.build:Building CMake package in '/home/huahai/dobot_ws/src/DOBOT_6Axis_ROS2_V3/dobot_gazebo'
[8.043s] INFO:colcon.colcon_core.shell:Skip shell extension 'powershell' for command environment: Not usable outside of PowerShell
[8.043s] DEBUG:colcon.colcon_core.shell:Skip shell extension 'dsv' for command environment
[8.059s] DEBUG:colcon.colcon_core.event_handler.log_command:Invoking command in '/home/huahai/dobot_ws/build/dobot_gazebo': AMENT_PREFIX_PATH=/home/huahai/dobot_ws/install/cra_description:${AMENT_PREFIX_PATH} CMAKE_PREFIX_PATH=/home/huahai/dobot_ws/install/cra_description:/opt/ros/humble /usr/bin/cmake /home/huahai/dobot_ws/src/DOBOT_6Axis_ROS2_V3/dobot_gazebo -DCMAKE_INSTALL_PREFIX=/home/huahai/dobot_ws/install/dobot_gazebo
[8.763s] DEBUG:colcon.colcon_core.event_handler.log_command:Invoked command in '/home/huahai/dobot_ws/build/dobot_gazebo' returned '0': AMENT_PREFIX_PATH=/home/huahai/dobot_ws/install/cra_description:${AMENT_PREFIX_PATH} CMAKE_PREFIX_PATH=/home/huahai/dobot_ws/install/cra_description:/opt/ros/humble /usr/bin/cmake /home/huahai/dobot_ws/src/DOBOT_6Axis_ROS2_V3/dobot_gazebo -DCMAKE_INSTALL_PREFIX=/home/huahai/dobot_ws/install/dobot_gazebo
[8.763s] DEBUG:colcon.colcon_core.event_handler.log_command:Invoking command in '/home/huahai/dobot_ws/build/dobot_gazebo': AMENT_PREFIX_PATH=/home/huahai/dobot_ws/install/cra_description:${AMENT_PREFIX_PATH} CMAKE_PREFIX_PATH=/home/huahai/dobot_ws/install/cra_description:/opt/ros/humble /usr/bin/cmake --build /home/huahai/dobot_ws/build/dobot_gazebo -- -j2 -l2
[8.831s] DEBUG:colcon.colcon_core.event_handler.log_command:Invoked command in '/home/huahai/dobot_ws/build/dobot_gazebo' returned '0': AMENT_PREFIX_PATH=/home/huahai/dobot_ws/install/cra_description:${AMENT_PREFIX_PATH} CMAKE_PREFIX_PATH=/home/huahai/dobot_ws/install/cra_description:/opt/ros/humble /usr/bin/cmake --build /home/huahai/dobot_ws/build/dobot_gazebo -- -j2 -l2
[8.832s] DEBUG:colcon.colcon_core.event_handler.log_command:Invoking command in '/home/huahai/dobot_ws/build/dobot_gazebo': AMENT_PREFIX_PATH=/home/huahai/dobot_ws/install/cra_description:${AMENT_PREFIX_PATH} CMAKE_PREFIX_PATH=/home/huahai/dobot_ws/install/cra_description:/opt/ros/humble /usr/bin/cmake --install /home/huahai/dobot_ws/build/dobot_gazebo
[8.851s] Level 1:colcon.colcon_core.environment:create_environment_scripts_only(dobot_gazebo)
[8.852s] Level 1:colcon.colcon_core.environment:checking '/home/huahai/dobot_ws/install/dobot_gazebo' for CMake module files
[8.852s] Level 1:colcon.colcon_core.environment:checking '/home/huahai/dobot_ws/install/dobot_gazebo' for CMake config files
[8.854s] Level 1:colcon.colcon_core.shell:create_environment_hook('dobot_gazebo', 'cmake_prefix_path')
[8.854s] INFO:colcon.colcon_core.shell:Creating environment hook '/home/huahai/dobot_ws/install/dobot_gazebo/share/dobot_gazebo/hook/cmake_prefix_path.ps1'
[8.855s] INFO:colcon.colcon_core.shell:Creating environment descriptor '/home/huahai/dobot_ws/install/dobot_gazebo/share/dobot_gazebo/hook/cmake_prefix_path.dsv'
[8.855s] INFO:colcon.colcon_core.shell:Creating environment hook '/home/huahai/dobot_ws/install/dobot_gazebo/share/dobot_gazebo/hook/cmake_prefix_path.sh'
[8.855s] Level 1:colcon.colcon_core.environment:checking '/home/huahai/dobot_ws/install/dobot_gazebo/bin'
[8.855s] Level 1:colcon.colcon_core.environment:checking '/home/huahai/dobot_ws/install/dobot_gazebo/lib/pkgconfig/dobot_gazebo.pc'
[8.855s] Level 1:colcon.colcon_core.environment:checking '/home/huahai/dobot_ws/install/dobot_gazebo/lib/python3.10/site-packages'
[8.856s] Level 1:colcon.colcon_core.environment:checking '/home/huahai/dobot_ws/install/dobot_gazebo/bin'
[8.856s] INFO:colcon.colcon_core.shell:Creating package script '/home/huahai/dobot_ws/install/dobot_gazebo/share/dobot_gazebo/package.ps1'
[8.858s] INFO:colcon.colcon_core.shell:Creating package descriptor '/home/huahai/dobot_ws/install/dobot_gazebo/share/dobot_gazebo/package.dsv'
[8.859s] INFO:colcon.colcon_core.shell:Creating package script '/home/huahai/dobot_ws/install/dobot_gazebo/share/dobot_gazebo/package.sh'
[8.859s] DEBUG:colcon.colcon_core.event_handler.log_command:Invoked command in '/home/huahai/dobot_ws/build/dobot_gazebo' returned '0': AMENT_PREFIX_PATH=/home/huahai/dobot_ws/install/cra_description:${AMENT_PREFIX_PATH} CMAKE_PREFIX_PATH=/home/huahai/dobot_ws/install/cra_description:/opt/ros/humble /usr/bin/cmake --install /home/huahai/dobot_ws/build/dobot_gazebo
[8.860s] INFO:colcon.colcon_core.shell:Creating package script '/home/huahai/dobot_ws/install/dobot_gazebo/share/dobot_gazebo/package.bash'
[8.860s] INFO:colcon.colcon_core.shell:Creating package script '/home/huahai/dobot_ws/install/dobot_gazebo/share/dobot_gazebo/package.zsh'
[8.860s] Level 1:colcon.colcon_core.environment:create_file_with_runtime_dependencies(/home/huahai/dobot_ws/install/dobot_gazebo/share/colcon-core/packages/dobot_gazebo)
[8.860s] Level 1:colcon.colcon_core.environment:create_environment_scripts_only(dobot_gazebo)
[8.861s] Level 1:colcon.colcon_core.environment:checking '/home/huahai/dobot_ws/install/dobot_gazebo' for CMake module files
[8.861s] Level 1:colcon.colcon_core.environment:checking '/home/huahai/dobot_ws/install/dobot_gazebo' for CMake config files
[8.861s] Level 1:colcon.colcon_core.shell:create_environment_hook('dobot_gazebo', 'cmake_prefix_path')
[8.861s] INFO:colcon.colcon_core.shell:Creating environment hook '/home/huahai/dobot_ws/install/dobot_gazebo/share/dobot_gazebo/hook/cmake_prefix_path.ps1'
[8.862s] INFO:colcon.colcon_core.shell:Creating environment descriptor '/home/huahai/dobot_ws/install/dobot_gazebo/share/dobot_gazebo/hook/cmake_prefix_path.dsv'
[8.864s] INFO:colcon.colcon_core.shell:Creating environment hook '/home/huahai/dobot_ws/install/dobot_gazebo/share/dobot_gazebo/hook/cmake_prefix_path.sh'
[8.865s] Level 1:colcon.colcon_core.environment:checking '/home/huahai/dobot_ws/install/dobot_gazebo/bin'
[8.865s] Level 1:colcon.colcon_core.environment:checking '/home/huahai/dobot_ws/install/dobot_gazebo/lib/pkgconfig/dobot_gazebo.pc'
[8.865s] Level 1:colcon.colcon_core.environment:checking '/home/huahai/dobot_ws/install/dobot_gazebo/lib/python3.10/site-packages'
[8.865s] Level 1:colcon.colcon_core.environment:checking '/home/huahai/dobot_ws/install/dobot_gazebo/bin'
[8.866s] INFO:colcon.colcon_core.shell:Creating package script '/home/huahai/dobot_ws/install/dobot_gazebo/share/dobot_gazebo/package.ps1'
[8.868s] INFO:colcon.colcon_core.shell:Creating package descriptor '/home/huahai/dobot_ws/install/dobot_gazebo/share/dobot_gazebo/package.dsv'
[8.868s] INFO:colcon.colcon_core.shell:Creating package script '/home/huahai/dobot_ws/install/dobot_gazebo/share/dobot_gazebo/package.sh'
[8.869s] INFO:colcon.colcon_core.shell:Creating package script '/home/huahai/dobot_ws/install/dobot_gazebo/share/dobot_gazebo/package.bash'
[8.869s] INFO:colcon.colcon_core.shell:Creating package script '/home/huahai/dobot_ws/install/dobot_gazebo/share/dobot_gazebo/package.zsh'
[8.870s] Level 1:colcon.colcon_core.environment:create_file_with_runtime_dependencies(/home/huahai/dobot_ws/install/dobot_gazebo/share/colcon-core/packages/dobot_gazebo)
[8.873s] INFO:colcon.colcon_ros.task.ament_cmake.build:Building ROS package in '/home/huahai/dobot_ws/src/DOBOT_6Axis_ROS2_V3/nova2_moveit' with build type 'ament_cmake'
[8.873s] INFO:colcon.colcon_cmake.task.cmake.build:Building CMake package in '/home/huahai/dobot_ws/src/DOBOT_6Axis_ROS2_V3/nova2_moveit'
[8.873s] INFO:colcon.colcon_core.shell:Skip shell extension 'powershell' for command environment: Not usable outside of PowerShell
[8.873s] DEBUG:colcon.colcon_core.shell:Skip shell extension 'dsv' for command environment
[8.886s] DEBUG:colcon.colcon_core.event_handler.log_command:Invoking command in '/home/huahai/dobot_ws/build/nova2_moveit': AMENT_PREFIX_PATH=/home/huahai/dobot_ws/install/dobot_rviz:${AMENT_PREFIX_PATH} CMAKE_PREFIX_PATH=/home/huahai/dobot_ws/install/dobot_rviz:/opt/ros/humble /usr/bin/cmake /home/huahai/dobot_ws/src/DOBOT_6Axis_ROS2_V3/nova2_moveit -DCMAKE_INSTALL_PREFIX=/home/huahai/dobot_ws/install/nova2_moveit
[9.537s] DEBUG:colcon.colcon_core.event_handler.log_command:Invoked command in '/home/huahai/dobot_ws/build/nova2_moveit' returned '0': AMENT_PREFIX_PATH=/home/huahai/dobot_ws/install/dobot_rviz:${AMENT_PREFIX_PATH} CMAKE_PREFIX_PATH=/home/huahai/dobot_ws/install/dobot_rviz:/opt/ros/humble /usr/bin/cmake /home/huahai/dobot_ws/src/DOBOT_6Axis_ROS2_V3/nova2_moveit -DCMAKE_INSTALL_PREFIX=/home/huahai/dobot_ws/install/nova2_moveit
[9.538s] DEBUG:colcon.colcon_core.event_handler.log_command:Invoking command in '/home/huahai/dobot_ws/build/nova2_moveit': AMENT_PREFIX_PATH=/home/huahai/dobot_ws/install/dobot_rviz:${AMENT_PREFIX_PATH} CMAKE_PREFIX_PATH=/home/huahai/dobot_ws/install/dobot_rviz:/opt/ros/humble /usr/bin/cmake --build /home/huahai/dobot_ws/build/nova2_moveit -- -j2 -l2
[9.590s] DEBUG:colcon.colcon_core.event_handler.log_command:Invoked command in '/home/huahai/dobot_ws/build/nova2_moveit' returned '0': AMENT_PREFIX_PATH=/home/huahai/dobot_ws/install/dobot_rviz:${AMENT_PREFIX_PATH} CMAKE_PREFIX_PATH=/home/huahai/dobot_ws/install/dobot_rviz:/opt/ros/humble /usr/bin/cmake --build /home/huahai/dobot_ws/build/nova2_moveit -- -j2 -l2
[9.590s] DEBUG:colcon.colcon_core.event_handler.log_command:Invoking command in '/home/huahai/dobot_ws/build/nova2_moveit': AMENT_PREFIX_PATH=/home/huahai/dobot_ws/install/dobot_rviz:${AMENT_PREFIX_PATH} CMAKE_PREFIX_PATH=/home/huahai/dobot_ws/install/dobot_rviz:/opt/ros/humble /usr/bin/cmake --install /home/huahai/dobot_ws/build/nova2_moveit
[9.605s] Level 1:colcon.colcon_core.environment:create_environment_scripts_only(nova2_moveit)
[9.605s] DEBUG:colcon.colcon_core.event_handler.log_command:Invoked command in '/home/huahai/dobot_ws/build/nova2_moveit' returned '0': AMENT_PREFIX_PATH=/home/huahai/dobot_ws/install/dobot_rviz:${AMENT_PREFIX_PATH} CMAKE_PREFIX_PATH=/home/huahai/dobot_ws/install/dobot_rviz:/opt/ros/humble /usr/bin/cmake --install /home/huahai/dobot_ws/build/nova2_moveit
[9.605s] Level 1:colcon.colcon_core.environment:checking '/home/huahai/dobot_ws/install/nova2_moveit' for CMake module files
[9.605s] Level 1:colcon.colcon_core.environment:checking '/home/huahai/dobot_ws/install/nova2_moveit' for CMake config files
[9.605s] Level 1:colcon.colcon_core.shell:create_environment_hook('nova2_moveit', 'cmake_prefix_path')
[9.606s] INFO:colcon.colcon_core.shell:Creating environment hook '/home/huahai/dobot_ws/install/nova2_moveit/share/nova2_moveit/hook/cmake_prefix_path.ps1'
[9.606s] INFO:colcon.colcon_core.shell:Creating environment descriptor '/home/huahai/dobot_ws/install/nova2_moveit/share/nova2_moveit/hook/cmake_prefix_path.dsv'
[9.606s] INFO:colcon.colcon_core.shell:Creating environment hook '/home/huahai/dobot_ws/install/nova2_moveit/share/nova2_moveit/hook/cmake_prefix_path.sh'
[9.606s] Level 1:colcon.colcon_core.environment:checking '/home/huahai/dobot_ws/install/nova2_moveit/bin'
[9.606s] Level 1:colcon.colcon_core.environment:checking '/home/huahai/dobot_ws/install/nova2_moveit/lib/pkgconfig/nova2_moveit.pc'
[9.607s] Level 1:colcon.colcon_core.environment:checking '/home/huahai/dobot_ws/install/nova2_moveit/lib/python3.10/site-packages'
[9.607s] Level 1:colcon.colcon_core.environment:checking '/home/huahai/dobot_ws/install/nova2_moveit/bin'
[9.607s] INFO:colcon.colcon_core.shell:Creating package script '/home/huahai/dobot_ws/install/nova2_moveit/share/nova2_moveit/package.ps1'
[9.607s] INFO:colcon.colcon_core.shell:Creating package descriptor '/home/huahai/dobot_ws/install/nova2_moveit/share/nova2_moveit/package.dsv'
[9.608s] INFO:colcon.colcon_core.shell:Creating package script '/home/huahai/dobot_ws/install/nova2_moveit/share/nova2_moveit/package.sh'
[9.608s] INFO:colcon.colcon_core.shell:Creating package script '/home/huahai/dobot_ws/install/nova2_moveit/share/nova2_moveit/package.bash'
[9.608s] INFO:colcon.colcon_core.shell:Creating package script '/home/huahai/dobot_ws/install/nova2_moveit/share/nova2_moveit/package.zsh'
[9.608s] Level 1:colcon.colcon_core.environment:create_file_with_runtime_dependencies(/home/huahai/dobot_ws/install/nova2_moveit/share/colcon-core/packages/nova2_moveit)
[9.609s] Level 1:colcon.colcon_core.environment:create_environment_scripts_only(nova2_moveit)
[9.609s] Level 1:colcon.colcon_core.environment:checking '/home/huahai/dobot_ws/install/nova2_moveit' for CMake module files
[9.609s] Level 1:colcon.colcon_core.environment:checking '/home/huahai/dobot_ws/install/nova2_moveit' for CMake config files
[9.609s] Level 1:colcon.colcon_core.shell:create_environment_hook('nova2_moveit', 'cmake_prefix_path')
[9.609s] INFO:colcon.colcon_core.shell:Creating environment hook '/home/huahai/dobot_ws/install/nova2_moveit/share/nova2_moveit/hook/cmake_prefix_path.ps1'
[9.610s] INFO:colcon.colcon_core.shell:Creating environment descriptor '/home/huahai/dobot_ws/install/nova2_moveit/share/nova2_moveit/hook/cmake_prefix_path.dsv'
[9.610s] INFO:colcon.colcon_core.shell:Creating environment hook '/home/huahai/dobot_ws/install/nova2_moveit/share/nova2_moveit/hook/cmake_prefix_path.sh'
[9.611s] Level 1:colcon.colcon_core.environment:checking '/home/huahai/dobot_ws/install/nova2_moveit/bin'
[9.611s] Level 1:colcon.colcon_core.environment:checking '/home/huahai/dobot_ws/install/nova2_moveit/lib/pkgconfig/nova2_moveit.pc'
[9.611s] Level 1:colcon.colcon_core.environment:checking '/home/huahai/dobot_ws/install/nova2_moveit/lib/python3.10/site-packages'
[9.612s] Level 1:colcon.colcon_core.environment:checking '/home/huahai/dobot_ws/install/nova2_moveit/bin'
[9.612s] INFO:colcon.colcon_core.shell:Creating package script '/home/huahai/dobot_ws/install/nova2_moveit/share/nova2_moveit/package.ps1'
[9.612s] INFO:colcon.colcon_core.shell:Creating package descriptor '/home/huahai/dobot_ws/install/nova2_moveit/share/nova2_moveit/package.dsv'
[9.614s] INFO:colcon.colcon_core.shell:Creating package script '/home/huahai/dobot_ws/install/nova2_moveit/share/nova2_moveit/package.sh'
[9.614s] INFO:colcon.colcon_core.shell:Creating package script '/home/huahai/dobot_ws/install/nova2_moveit/share/nova2_moveit/package.bash'
[9.615s] INFO:colcon.colcon_core.shell:Creating package script '/home/huahai/dobot_ws/install/nova2_moveit/share/nova2_moveit/package.zsh'
[9.616s] Level 1:colcon.colcon_core.environment:create_file_with_runtime_dependencies(/home/huahai/dobot_ws/install/nova2_moveit/share/colcon-core/packages/nova2_moveit)
[9.617s] INFO:colcon.colcon_ros.task.ament_cmake.build:Building ROS package in '/home/huahai/dobot_ws/src/DOBOT_6Axis_ROS2_V3/nova5_moveit' with build type 'ament_cmake'
[9.618s] INFO:colcon.colcon_cmake.task.cmake.build:Building CMake package in '/home/huahai/dobot_ws/src/DOBOT_6Axis_ROS2_V3/nova5_moveit'
[9.618s] INFO:colcon.colcon_core.shell:Skip shell extension 'powershell' for command environment: Not usable outside of PowerShell
[9.618s] DEBUG:colcon.colcon_core.shell:Skip shell extension 'dsv' for command environment
[9.630s] DEBUG:colcon.colcon_core.event_handler.log_command:Invoking command in '/home/huahai/dobot_ws/build/nova5_moveit': AMENT_PREFIX_PATH=/home/huahai/dobot_ws/install/dobot_rviz:${AMENT_PREFIX_PATH} CMAKE_PREFIX_PATH=/home/huahai/dobot_ws/install/dobot_rviz:/opt/ros/humble /usr/bin/cmake /home/huahai/dobot_ws/src/DOBOT_6Axis_ROS2_V3/nova5_moveit -DCMAKE_INSTALL_PREFIX=/home/huahai/dobot_ws/install/nova5_moveit
[10.126s] DEBUG:colcon.colcon_core.event_handler.log_command:Invoked command in '/home/huahai/dobot_ws/build/nova5_moveit' returned '0': AMENT_PREFIX_PATH=/home/huahai/dobot_ws/install/dobot_rviz:${AMENT_PREFIX_PATH} CMAKE_PREFIX_PATH=/home/huahai/dobot_ws/install/dobot_rviz:/opt/ros/humble /usr/bin/cmake /home/huahai/dobot_ws/src/DOBOT_6Axis_ROS2_V3/nova5_moveit -DCMAKE_INSTALL_PREFIX=/home/huahai/dobot_ws/install/nova5_moveit
[10.127s] DEBUG:colcon.colcon_core.event_handler.log_command:Invoking command in '/home/huahai/dobot_ws/build/nova5_moveit': AMENT_PREFIX_PATH=/home/huahai/dobot_ws/install/dobot_rviz:${AMENT_PREFIX_PATH} CMAKE_PREFIX_PATH=/home/huahai/dobot_ws/install/dobot_rviz:/opt/ros/humble /usr/bin/cmake --build /home/huahai/dobot_ws/build/nova5_moveit -- -j2 -l2
[10.156s] DEBUG:colcon.colcon_core.event_handler.log_command:Invoked command in '/home/huahai/dobot_ws/build/nova5_moveit' returned '0': AMENT_PREFIX_PATH=/home/huahai/dobot_ws/install/dobot_rviz:${AMENT_PREFIX_PATH} CMAKE_PREFIX_PATH=/home/huahai/dobot_ws/install/dobot_rviz:/opt/ros/humble /usr/bin/cmake --build /home/huahai/dobot_ws/build/nova5_moveit -- -j2 -l2
[10.156s] DEBUG:colcon.colcon_core.event_handler.log_command:Invoking command in '/home/huahai/dobot_ws/build/nova5_moveit': AMENT_PREFIX_PATH=/home/huahai/dobot_ws/install/dobot_rviz:${AMENT_PREFIX_PATH} CMAKE_PREFIX_PATH=/home/huahai/dobot_ws/install/dobot_rviz:/opt/ros/humble /usr/bin/cmake --install /home/huahai/dobot_ws/build/nova5_moveit
[10.170s] Level 1:colcon.colcon_core.environment:create_environment_scripts_only(nova5_moveit)
[10.171s] Level 1:colcon.colcon_core.environment:checking '/home/huahai/dobot_ws/install/nova5_moveit' for CMake module files
[10.171s] Level 1:colcon.colcon_core.environment:checking '/home/huahai/dobot_ws/install/nova5_moveit' for CMake config files
[10.171s] Level 1:colcon.colcon_core.shell:create_environment_hook('nova5_moveit', 'cmake_prefix_path')
[10.172s] INFO:colcon.colcon_core.shell:Creating environment hook '/home/huahai/dobot_ws/install/nova5_moveit/share/nova5_moveit/hook/cmake_prefix_path.ps1'
[10.172s] DEBUG:colcon.colcon_core.event_handler.log_command:Invoked command in '/home/huahai/dobot_ws/build/nova5_moveit' returned '0': AMENT_PREFIX_PATH=/home/huahai/dobot_ws/install/dobot_rviz:${AMENT_PREFIX_PATH} CMAKE_PREFIX_PATH=/home/huahai/dobot_ws/install/dobot_rviz:/opt/ros/humble /usr/bin/cmake --install /home/huahai/dobot_ws/build/nova5_moveit
[10.173s] INFO:colcon.colcon_core.shell:Creating environment descriptor '/home/huahai/dobot_ws/install/nova5_moveit/share/nova5_moveit/hook/cmake_prefix_path.dsv'
[10.173s] INFO:colcon.colcon_core.shell:Creating environment hook '/home/huahai/dobot_ws/install/nova5_moveit/share/nova5_moveit/hook/cmake_prefix_path.sh'
[10.173s] Level 1:colcon.colcon_core.environment:checking '/home/huahai/dobot_ws/install/nova5_moveit/bin'
[10.173s] Level 1:colcon.colcon_core.environment:checking '/home/huahai/dobot_ws/install/nova5_moveit/lib/pkgconfig/nova5_moveit.pc'
[10.174s] Level 1:colcon.colcon_core.environment:checking '/home/huahai/dobot_ws/install/nova5_moveit/lib/python3.10/site-packages'
[10.174s] Level 1:colcon.colcon_core.environment:checking '/home/huahai/dobot_ws/install/nova5_moveit/bin'
[10.174s] INFO:colcon.colcon_core.shell:Creating package script '/home/huahai/dobot_ws/install/nova5_moveit/share/nova5_moveit/package.ps1'
[10.174s] INFO:colcon.colcon_core.shell:Creating package descriptor '/home/huahai/dobot_ws/install/nova5_moveit/share/nova5_moveit/package.dsv'
[10.175s] INFO:colcon.colcon_core.shell:Creating package script '/home/huahai/dobot_ws/install/nova5_moveit/share/nova5_moveit/package.sh'
[10.175s] INFO:colcon.colcon_core.shell:Creating package script '/home/huahai/dobot_ws/install/nova5_moveit/share/nova5_moveit/package.bash'
[10.175s] INFO:colcon.colcon_core.shell:Creating package script '/home/huahai/dobot_ws/install/nova5_moveit/share/nova5_moveit/package.zsh'
[10.175s] Level 1:colcon.colcon_core.environment:create_file_with_runtime_dependencies(/home/huahai/dobot_ws/install/nova5_moveit/share/colcon-core/packages/nova5_moveit)
[10.176s] Level 1:colcon.colcon_core.environment:create_environment_scripts_only(nova5_moveit)
[10.176s] Level 1:colcon.colcon_core.environment:checking '/home/huahai/dobot_ws/install/nova5_moveit' for CMake module files
[10.176s] Level 1:colcon.colcon_core.environment:checking '/home/huahai/dobot_ws/install/nova5_moveit' for CMake config files
[10.176s] Level 1:colcon.colcon_core.shell:create_environment_hook('nova5_moveit', 'cmake_prefix_path')
[10.176s] INFO:colcon.colcon_core.shell:Creating environment hook '/home/huahai/dobot_ws/install/nova5_moveit/share/nova5_moveit/hook/cmake_prefix_path.ps1'
[10.177s] INFO:colcon.colcon_core.shell:Creating environment descriptor '/home/huahai/dobot_ws/install/nova5_moveit/share/nova5_moveit/hook/cmake_prefix_path.dsv'
[10.177s] INFO:colcon.colcon_core.shell:Creating environment hook '/home/huahai/dobot_ws/install/nova5_moveit/share/nova5_moveit/hook/cmake_prefix_path.sh'
[10.178s] Level 1:colcon.colcon_core.environment:checking '/home/huahai/dobot_ws/install/nova5_moveit/bin'
[10.178s] Level 1:colcon.colcon_core.environment:checking '/home/huahai/dobot_ws/install/nova5_moveit/lib/pkgconfig/nova5_moveit.pc'
[10.178s] Level 1:colcon.colcon_core.environment:checking '/home/huahai/dobot_ws/install/nova5_moveit/lib/python3.10/site-packages'
[10.178s] Level 1:colcon.colcon_core.environment:checking '/home/huahai/dobot_ws/install/nova5_moveit/bin'
[10.178s] INFO:colcon.colcon_core.shell:Creating package script '/home/huahai/dobot_ws/install/nova5_moveit/share/nova5_moveit/package.ps1'
[10.178s] INFO:colcon.colcon_core.shell:Creating package descriptor '/home/huahai/dobot_ws/install/nova5_moveit/share/nova5_moveit/package.dsv'
[10.179s] INFO:colcon.colcon_core.shell:Creating package script '/home/huahai/dobot_ws/install/nova5_moveit/share/nova5_moveit/package.sh'
[10.179s] INFO:colcon.colcon_core.shell:Creating package script '/home/huahai/dobot_ws/install/nova5_moveit/share/nova5_moveit/package.bash'
[10.180s] INFO:colcon.colcon_core.shell:Creating package script '/home/huahai/dobot_ws/install/nova5_moveit/share/nova5_moveit/package.zsh'
[10.180s] Level 1:colcon.colcon_core.environment:create_file_with_runtime_dependencies(/home/huahai/dobot_ws/install/nova5_moveit/share/colcon-core/packages/nova5_moveit)
[72.284s] DEBUG:colcon.colcon_core.event_handler.log_command:Invoked command in '/home/huahai/dobot_ws/build/dobot_msgs_v3' returned '0': CMAKE_PREFIX_PATH=/opt/ros/humble /usr/bin/cmake --build /home/huahai/dobot_ws/build/dobot_msgs_v3 -- -j2 -l2
[72.284s] DEBUG:colcon.colcon_core.event_handler.log_command:Invoking command in '/home/huahai/dobot_ws/build/dobot_msgs_v3': CMAKE_PREFIX_PATH=/opt/ros/humble /usr/bin/cmake --install /home/huahai/dobot_ws/build/dobot_msgs_v3
[72.628s] Level 1:colcon.colcon_core.environment:create_environment_scripts_only(dobot_msgs_v3)
[72.629s] Level 1:colcon.colcon_core.environment:checking '/home/huahai/dobot_ws/install/dobot_msgs_v3' for CMake module files
[72.629s] DEBUG:colcon.colcon_core.event_handler.log_command:Invoked command in '/home/huahai/dobot_ws/build/dobot_msgs_v3' returned '0': CMAKE_PREFIX_PATH=/opt/ros/humble /usr/bin/cmake --install /home/huahai/dobot_ws/build/dobot_msgs_v3
[72.629s] Level 1:colcon.colcon_core.environment:checking '/home/huahai/dobot_ws/install/dobot_msgs_v3' for CMake config files
[72.631s] Level 1:colcon.colcon_core.shell:create_environment_hook('dobot_msgs_v3', 'cmake_prefix_path')
[72.631s] INFO:colcon.colcon_core.shell:Creating environment hook '/home/huahai/dobot_ws/install/dobot_msgs_v3/share/dobot_msgs_v3/hook/cmake_prefix_path.ps1'
[72.631s] INFO:colcon.colcon_core.shell:Creating environment descriptor '/home/huahai/dobot_ws/install/dobot_msgs_v3/share/dobot_msgs_v3/hook/cmake_prefix_path.dsv'
[72.631s] INFO:colcon.colcon_core.shell:Creating environment hook '/home/huahai/dobot_ws/install/dobot_msgs_v3/share/dobot_msgs_v3/hook/cmake_prefix_path.sh'
[72.632s] Level 1:colcon.colcon_core.environment:checking '/home/huahai/dobot_ws/install/dobot_msgs_v3/lib'
[72.632s] Level 1:colcon.colcon_core.shell:create_environment_hook('dobot_msgs_v3', 'ld_library_path_lib')
[72.632s] INFO:colcon.colcon_core.shell:Creating environment hook '/home/huahai/dobot_ws/install/dobot_msgs_v3/share/dobot_msgs_v3/hook/ld_library_path_lib.ps1'
[72.632s] INFO:colcon.colcon_core.shell:Creating environment descriptor '/home/huahai/dobot_ws/install/dobot_msgs_v3/share/dobot_msgs_v3/hook/ld_library_path_lib.dsv'
[72.632s] INFO:colcon.colcon_core.shell:Creating environment hook '/home/huahai/dobot_ws/install/dobot_msgs_v3/share/dobot_msgs_v3/hook/ld_library_path_lib.sh'
[72.632s] Level 1:colcon.colcon_core.environment:checking '/home/huahai/dobot_ws/install/dobot_msgs_v3/bin'
[72.632s] Level 1:colcon.colcon_core.environment:checking '/home/huahai/dobot_ws/install/dobot_msgs_v3/lib/pkgconfig/dobot_msgs_v3.pc'
[72.633s] Level 1:colcon.colcon_core.environment:checking '/home/huahai/dobot_ws/install/dobot_msgs_v3/lib/python3.10/site-packages'
[72.633s] Level 1:colcon.colcon_core.environment:checking '/home/huahai/dobot_ws/install/dobot_msgs_v3/bin'
[72.633s] INFO:colcon.colcon_core.shell:Creating package script '/home/huahai/dobot_ws/install/dobot_msgs_v3/share/dobot_msgs_v3/package.ps1'
[72.633s] INFO:colcon.colcon_core.shell:Creating package descriptor '/home/huahai/dobot_ws/install/dobot_msgs_v3/share/dobot_msgs_v3/package.dsv'
[72.634s] INFO:colcon.colcon_core.shell:Creating package script '/home/huahai/dobot_ws/install/dobot_msgs_v3/share/dobot_msgs_v3/package.sh'
[72.634s] INFO:colcon.colcon_core.shell:Creating package script '/home/huahai/dobot_ws/install/dobot_msgs_v3/share/dobot_msgs_v3/package.bash'
[72.634s] INFO:colcon.colcon_core.shell:Creating package script '/home/huahai/dobot_ws/install/dobot_msgs_v3/share/dobot_msgs_v3/package.zsh'
[72.635s] Level 1:colcon.colcon_core.environment:create_file_with_runtime_dependencies(/home/huahai/dobot_ws/install/dobot_msgs_v3/share/colcon-core/packages/dobot_msgs_v3)
[72.635s] Level 1:colcon.colcon_core.environment:create_environment_scripts_only(dobot_msgs_v3)
[72.635s] Level 1:colcon.colcon_core.environment:checking '/home/huahai/dobot_ws/install/dobot_msgs_v3' for CMake module files
[72.636s] Level 1:colcon.colcon_core.environment:checking '/home/huahai/dobot_ws/install/dobot_msgs_v3' for CMake config files
[72.637s] Level 1:colcon.colcon_core.shell:create_environment_hook('dobot_msgs_v3', 'cmake_prefix_path')
[72.638s] INFO:colcon.colcon_core.shell:Creating environment hook '/home/huahai/dobot_ws/install/dobot_msgs_v3/share/dobot_msgs_v3/hook/cmake_prefix_path.ps1'
[72.638s] INFO:colcon.colcon_core.shell:Creating environment descriptor '/home/huahai/dobot_ws/install/dobot_msgs_v3/share/dobot_msgs_v3/hook/cmake_prefix_path.dsv'
[72.638s] INFO:colcon.colcon_core.shell:Creating environment hook '/home/huahai/dobot_ws/install/dobot_msgs_v3/share/dobot_msgs_v3/hook/cmake_prefix_path.sh'
[72.639s] Level 1:colcon.colcon_core.environment:checking '/home/huahai/dobot_ws/install/dobot_msgs_v3/lib'
[72.639s] Level 1:colcon.colcon_core.shell:create_environment_hook('dobot_msgs_v3', 'ld_library_path_lib')
[72.639s] INFO:colcon.colcon_core.shell:Creating environment hook '/home/huahai/dobot_ws/install/dobot_msgs_v3/share/dobot_msgs_v3/hook/ld_library_path_lib.ps1'
[72.639s] INFO:colcon.colcon_core.shell:Creating environment descriptor '/home/huahai/dobot_ws/install/dobot_msgs_v3/share/dobot_msgs_v3/hook/ld_library_path_lib.dsv'
[72.640s] INFO:colcon.colcon_core.shell:Creating environment hook '/home/huahai/dobot_ws/install/dobot_msgs_v3/share/dobot_msgs_v3/hook/ld_library_path_lib.sh'
[72.640s] Level 1:colcon.colcon_core.environment:checking '/home/huahai/dobot_ws/install/dobot_msgs_v3/bin'
[72.640s] Level 1:colcon.colcon_core.environment:checking '/home/huahai/dobot_ws/install/dobot_msgs_v3/lib/pkgconfig/dobot_msgs_v3.pc'
[72.640s] Level 1:colcon.colcon_core.environment:checking '/home/huahai/dobot_ws/install/dobot_msgs_v3/lib/python3.10/site-packages'
[72.641s] Level 1:colcon.colcon_core.environment:checking '/home/huahai/dobot_ws/install/dobot_msgs_v3/bin'
[72.641s] INFO:colcon.colcon_core.shell:Creating package script '/home/huahai/dobot_ws/install/dobot_msgs_v3/share/dobot_msgs_v3/package.ps1'
[72.641s] INFO:colcon.colcon_core.shell:Creating package descriptor '/home/huahai/dobot_ws/install/dobot_msgs_v3/share/dobot_msgs_v3/package.dsv'
[72.642s] INFO:colcon.colcon_core.shell:Creating package script '/home/huahai/dobot_ws/install/dobot_msgs_v3/share/dobot_msgs_v3/package.sh'
[72.642s] INFO:colcon.colcon_core.shell:Creating package script '/home/huahai/dobot_ws/install/dobot_msgs_v3/share/dobot_msgs_v3/package.bash'
[72.642s] INFO:colcon.colcon_core.shell:Creating package script '/home/huahai/dobot_ws/install/dobot_msgs_v3/share/dobot_msgs_v3/package.zsh'
[72.643s] Level 1:colcon.colcon_core.environment:create_file_with_runtime_dependencies(/home/huahai/dobot_ws/install/dobot_msgs_v3/share/colcon-core/packages/dobot_msgs_v3)
[72.643s] INFO:colcon.colcon_ros.task.ament_python.build:Building ROS package in '/home/huahai/dobot_ws/src/DOBOT_6Axis_ROS2_V3/dobot_bringup_v3' with build type 'ament_python'
[72.643s] Level 1:colcon.colcon_core.shell:create_environment_hook('dobot_bringup_v3', 'ament_prefix_path')
[72.643s] INFO:colcon.colcon_core.shell:Creating environment hook '/home/huahai/dobot_ws/install/dobot_bringup_v3/share/dobot_bringup_v3/hook/ament_prefix_path.ps1'
[72.644s] INFO:colcon.colcon_core.shell:Creating environment descriptor '/home/huahai/dobot_ws/install/dobot_bringup_v3/share/dobot_bringup_v3/hook/ament_prefix_path.dsv'
[72.645s] INFO:colcon.colcon_core.shell:Creating environment hook '/home/huahai/dobot_ws/install/dobot_bringup_v3/share/dobot_bringup_v3/hook/ament_prefix_path.sh'
[72.645s] INFO:colcon.colcon_core.shell:Skip shell extension 'powershell' for command environment: Not usable outside of PowerShell
[72.645s] DEBUG:colcon.colcon_core.shell:Skip shell extension 'dsv' for command environment
[72.806s] INFO:colcon.colcon_core.task.python.build:Building Python package in '/home/huahai/dobot_ws/src/DOBOT_6Axis_ROS2_V3/dobot_bringup_v3'
[72.806s] INFO:colcon.colcon_core.shell:Skip shell extension 'powershell' for command environment: Not usable outside of PowerShell
[72.806s] DEBUG:colcon.colcon_core.shell:Skip shell extension 'dsv' for command environment
[73.015s] DEBUG:colcon.colcon_core.event_handler.log_command:Invoking command in '/home/huahai/dobot_ws/src/DOBOT_6Axis_ROS2_V3/dobot_bringup_v3': AMENT_PREFIX_PATH=/home/huahai/dobot_ws/install/dobot_msgs_v3:${AMENT_PREFIX_PATH} CMAKE_PREFIX_PATH=/home/huahai/dobot_ws/install/dobot_msgs_v3 LD_LIBRARY_PATH=/home/huahai/dobot_ws/install/dobot_msgs_v3/lib:${LD_LIBRARY_PATH} PYTHONPATH=/home/huahai/dobot_ws/build/dobot_bringup_v3/prefix_override:/usr/lib/python3/dist-packages/colcon_core/task/python/colcon_distutils_commands:/home/huahai/dobot_ws/install/dobot_bringup_v3/lib/python3.10/site-packages:/home/huahai/dobot_ws/install/dobot_msgs_v3/local/lib/python3.10/dist-packages:${PYTHONPATH} /usr/bin/python3 -W ignore:setup.py install is deprecated -W ignore:easy_install command is deprecated setup.py egg_info --egg-base ../../../build/dobot_bringup_v3 build --build-base /home/huahai/dobot_ws/build/dobot_bringup_v3/build install --record /home/huahai/dobot_ws/build/dobot_bringup_v3/install.log --single-version-externally-managed install_data
[73.201s] Level 1:colcon.colcon_core.environment:checking '/home/huahai/dobot_ws/install/dobot_bringup_v3' for CMake module files
[73.202s] DEBUG:colcon.colcon_core.event_handler.log_command:Invoked command in '/home/huahai/dobot_ws/src/DOBOT_6Axis_ROS2_V3/dobot_bringup_v3' returned '0': AMENT_PREFIX_PATH=/home/huahai/dobot_ws/install/dobot_msgs_v3:${AMENT_PREFIX_PATH} CMAKE_PREFIX_PATH=/home/huahai/dobot_ws/install/dobot_msgs_v3 LD_LIBRARY_PATH=/home/huahai/dobot_ws/install/dobot_msgs_v3/lib:${LD_LIBRARY_PATH} PYTHONPATH=/home/huahai/dobot_ws/build/dobot_bringup_v3/prefix_override:/usr/lib/python3/dist-packages/colcon_core/task/python/colcon_distutils_commands:/home/huahai/dobot_ws/install/dobot_bringup_v3/lib/python3.10/site-packages:/home/huahai/dobot_ws/install/dobot_msgs_v3/local/lib/python3.10/dist-packages:${PYTHONPATH} /usr/bin/python3 -W ignore:setup.py install is deprecated -W ignore:easy_install command is deprecated setup.py egg_info --egg-base ../../../build/dobot_bringup_v3 build --build-base /home/huahai/dobot_ws/build/dobot_bringup_v3/build install --record /home/huahai/dobot_ws/build/dobot_bringup_v3/install.log --single-version-externally-managed install_data
[73.202s] Level 1:colcon.colcon_core.environment:checking '/home/huahai/dobot_ws/install/dobot_bringup_v3' for CMake config files
[73.202s] Level 1:colcon.colcon_core.environment:checking '/home/huahai/dobot_ws/install/dobot_bringup_v3/lib'
[73.202s] Level 1:colcon.colcon_core.environment:checking '/home/huahai/dobot_ws/install/dobot_bringup_v3/bin'
[73.202s] Level 1:colcon.colcon_core.environment:checking '/home/huahai/dobot_ws/install/dobot_bringup_v3/lib/pkgconfig/dobot_bringup_v3.pc'
[73.202s] Level 1:colcon.colcon_core.environment:checking '/home/huahai/dobot_ws/install/dobot_bringup_v3/lib/python3.10/site-packages'
[73.203s] Level 1:colcon.colcon_core.shell:create_environment_hook('dobot_bringup_v3', 'pythonpath')
[73.203s] INFO:colcon.colcon_core.shell:Creating environment hook '/home/huahai/dobot_ws/install/dobot_bringup_v3/share/dobot_bringup_v3/hook/pythonpath.ps1'
[73.203s] INFO:colcon.colcon_core.shell:Creating environment descriptor '/home/huahai/dobot_ws/install/dobot_bringup_v3/share/dobot_bringup_v3/hook/pythonpath.dsv'
[73.203s] INFO:colcon.colcon_core.shell:Creating environment hook '/home/huahai/dobot_ws/install/dobot_bringup_v3/share/dobot_bringup_v3/hook/pythonpath.sh'
[73.204s] Level 1:colcon.colcon_core.environment:checking '/home/huahai/dobot_ws/install/dobot_bringup_v3/bin'
[73.204s] Level 1:colcon.colcon_core.environment:create_environment_scripts_only(dobot_bringup_v3)
[73.204s] INFO:colcon.colcon_core.shell:Creating package script '/home/huahai/dobot_ws/install/dobot_bringup_v3/share/dobot_bringup_v3/package.ps1'
[73.204s] INFO:colcon.colcon_core.shell:Creating package descriptor '/home/huahai/dobot_ws/install/dobot_bringup_v3/share/dobot_bringup_v3/package.dsv'
[73.204s] INFO:colcon.colcon_core.shell:Creating package script '/home/huahai/dobot_ws/install/dobot_bringup_v3/share/dobot_bringup_v3/package.sh'
[73.205s] INFO:colcon.colcon_core.shell:Creating package script '/home/huahai/dobot_ws/install/dobot_bringup_v3/share/dobot_bringup_v3/package.bash'
[73.205s] INFO:colcon.colcon_core.shell:Creating package script '/home/huahai/dobot_ws/install/dobot_bringup_v3/share/dobot_bringup_v3/package.zsh'
[73.205s] Level 1:colcon.colcon_core.environment:create_file_with_runtime_dependencies(/home/huahai/dobot_ws/install/dobot_bringup_v3/share/colcon-core/packages/dobot_bringup_v3)
[73.205s] DEBUG:colcon.colcon_parallel_executor.executor.parallel:closing loop
[73.206s] DEBUG:colcon.colcon_parallel_executor.executor.parallel:loop closed
[73.206s] DEBUG:colcon.colcon_parallel_executor.executor.parallel:run_until_complete finished with '0'
[73.206s] DEBUG:colcon.colcon_core.event_reactor:joining thread
[73.213s] INFO:colcon.colcon_core.plugin_system:Skipping extension 'colcon_notification.desktop_notification.terminal_notifier': Not used on non-Darwin systems
[73.213s] INFO:colcon.colcon_core.plugin_system:Skipping extension 'colcon_notification.desktop_notification.win32': Not used on non-Windows systems
[73.213s] INFO:colcon.colcon_notification.desktop_notification:Sending desktop notification using 'notify2'
[73.241s] DEBUG:colcon.colcon_core.event_reactor:joined thread
[73.241s] INFO:colcon.colcon_core.shell:Creating prefix script '/home/huahai/dobot_ws/install/local_setup.ps1'
[73.242s] INFO:colcon.colcon_core.shell:Creating prefix util module '/home/huahai/dobot_ws/install/_local_setup_util_ps1.py'
[73.244s] INFO:colcon.colcon_core.shell:Creating prefix chain script '/home/huahai/dobot_ws/install/setup.ps1'
[73.245s] INFO:colcon.colcon_core.shell:Creating prefix script '/home/huahai/dobot_ws/install/local_setup.sh'
[73.246s] INFO:colcon.colcon_core.shell:Creating prefix util module '/home/huahai/dobot_ws/install/_local_setup_util_sh.py'
[73.247s] INFO:colcon.colcon_core.shell:Creating prefix chain script '/home/huahai/dobot_ws/install/setup.sh'
[73.248s] INFO:colcon.colcon_core.shell:Creating prefix script '/home/huahai/dobot_ws/install/local_setup.bash'
[73.248s] INFO:colcon.colcon_core.shell:Creating prefix chain script '/home/huahai/dobot_ws/install/setup.bash'
[73.249s] INFO:colcon.colcon_core.shell:Creating prefix script '/home/huahai/dobot_ws/install/local_setup.zsh'
[73.250s] INFO:colcon.colcon_core.shell:Creating prefix chain script '/home/huahai/dobot_ws/install/setup.zsh'
