[0.081s] DEBUG:colcon:Command line arguments: ['/usr/bin/colcon', 'build']
[0.081s] DEBUG:colcon:Parsed command line arguments: Namespace(log_base=None, log_level=None, verb_name='build', build_base='build', install_base='install', merge_install=False, symlink_install=False, test_result_base=None, continue_on_error=False, executor='parallel', parallel_workers=2, event_handlers=None, ignore_user_meta=False, metas=['./colcon.meta'], base_paths=['.'], packages_ignore=None, packages_ignore_regex=None, paths=None, packages_up_to=None, packages_up_to_regex=None, packages_above=None, packages_above_and_dependencies=None, packages_above_depth=None, packages_select_by_dep=None, packages_skip_by_dep=None, packages_skip_up_to=None, packages_select_build_failed=False, packages_skip_build_finished=False, packages_select_test_failures=False, packages_skip_test_passed=False, packages_select=None, packages_skip=None, packages_select_regex=None, packages_skip_regex=None, packages_start=None, packages_end=None, allow_overriding=[], cmake_args=None, cmake_target=None, cmake_target_skip_unavailable=False, cmake_clean_cache=False, cmake_clean_first=False, cmake_force_configure=False, ament_cmake_args=None, catkin_cmake_args=None, catkin_skip_building_tests=False, verb_parser=<colcon_defaults.argument_parser.defaults.DefaultArgumentsDecorator object at 0x7f6225e61b70>, verb_extension=<colcon_core.verb.build.BuildVerb object at 0x7f6225e61630>, main=<bound method BuildVerb.main of <colcon_core.verb.build.BuildVerb object at 0x7f6225e61630>>)
[0.198s] Level 1:colcon.colcon_core.package_discovery:discover_packages(colcon_meta) check parameters
[0.198s] Level 1:colcon.colcon_core.package_discovery:discover_packages(recursive) check parameters
[0.198s] Level 1:colcon.colcon_core.package_discovery:discover_packages(ignore) check parameters
[0.198s] Level 1:colcon.colcon_core.package_discovery:discover_packages(path) check parameters
[0.198s] Level 1:colcon.colcon_core.package_discovery:discover_packages(colcon_meta) discover
[0.198s] Level 1:colcon.colcon_core.package_discovery:discover_packages(recursive) discover
[0.199s] INFO:colcon.colcon_core.package_discovery:Crawling recursively for packages in '/home/huahai/dobot_ws'
[0.199s] Level 1:colcon.colcon_core.package_identification:_identify(.) by extensions ['ignore', 'ignore_ament_install']
[0.199s] Level 1:colcon.colcon_core.package_identification:_identify(.) by extension 'ignore'
[0.199s] Level 1:colcon.colcon_core.package_identification:_identify(.) by extension 'ignore_ament_install'
[0.199s] Level 1:colcon.colcon_core.package_identification:_identify(.) by extensions ['colcon_pkg']
[0.199s] Level 1:colcon.colcon_core.package_identification:_identify(.) by extension 'colcon_pkg'
[0.199s] Level 1:colcon.colcon_core.package_identification:_identify(.) by extensions ['colcon_meta']
[0.199s] Level 1:colcon.colcon_core.package_identification:_identify(.) by extension 'colcon_meta'
[0.199s] Level 1:colcon.colcon_core.package_identification:_identify(.) by extensions ['ros']
[0.199s] Level 1:colcon.colcon_core.package_identification:_identify(.) by extension 'ros'
[0.208s] Level 1:colcon.colcon_core.package_identification:_identify(.) by extensions ['cmake', 'python']
[0.208s] Level 1:colcon.colcon_core.package_identification:_identify(.) by extension 'cmake'
[0.208s] Level 1:colcon.colcon_core.package_identification:_identify(.) by extension 'python'
[0.208s] Level 1:colcon.colcon_core.package_identification:_identify(.) by extensions ['python_setup_py']
[0.208s] Level 1:colcon.colcon_core.package_identification:_identify(.) by extension 'python_setup_py'
[0.209s] Level 1:colcon.colcon_core.package_identification:_identify(build) by extensions ['ignore', 'ignore_ament_install']
[0.209s] Level 1:colcon.colcon_core.package_identification:_identify(build) by extension 'ignore'
[0.209s] Level 1:colcon.colcon_core.package_identification:_identify(build) ignored
[0.209s] Level 1:colcon.colcon_core.package_identification:_identify(install) by extensions ['ignore', 'ignore_ament_install']
[0.209s] Level 1:colcon.colcon_core.package_identification:_identify(install) by extension 'ignore'
[0.209s] Level 1:colcon.colcon_core.package_identification:_identify(install) ignored
[0.209s] Level 1:colcon.colcon_core.package_identification:_identify(log) by extensions ['ignore', 'ignore_ament_install']
[0.209s] Level 1:colcon.colcon_core.package_identification:_identify(log) by extension 'ignore'
[0.209s] Level 1:colcon.colcon_core.package_identification:_identify(log) ignored
[0.209s] Level 1:colcon.colcon_core.package_identification:_identify(src) by extensions ['ignore', 'ignore_ament_install']
[0.209s] Level 1:colcon.colcon_core.package_identification:_identify(src) by extension 'ignore'
[0.209s] Level 1:colcon.colcon_core.package_identification:_identify(src) by extension 'ignore_ament_install'
[0.209s] Level 1:colcon.colcon_core.package_identification:_identify(src) by extensions ['colcon_pkg']
[0.209s] Level 1:colcon.colcon_core.package_identification:_identify(src) by extension 'colcon_pkg'
[0.209s] Level 1:colcon.colcon_core.package_identification:_identify(src) by extensions ['colcon_meta']
[0.209s] Level 1:colcon.colcon_core.package_identification:_identify(src) by extension 'colcon_meta'
[0.209s] Level 1:colcon.colcon_core.package_identification:_identify(src) by extensions ['ros']
[0.209s] Level 1:colcon.colcon_core.package_identification:_identify(src) by extension 'ros'
[0.209s] Level 1:colcon.colcon_core.package_identification:_identify(src) by extensions ['cmake', 'python']
[0.209s] Level 1:colcon.colcon_core.package_identification:_identify(src) by extension 'cmake'
[0.209s] Level 1:colcon.colcon_core.package_identification:_identify(src) by extension 'python'
[0.209s] Level 1:colcon.colcon_core.package_identification:_identify(src) by extensions ['python_setup_py']
[0.209s] Level 1:colcon.colcon_core.package_identification:_identify(src) by extension 'python_setup_py'
[0.209s] Level 1:colcon.colcon_core.package_identification:_identify(src/DOBOT_6Axis_ROS2_V3) by extensions ['ignore', 'ignore_ament_install']
[0.209s] Level 1:colcon.colcon_core.package_identification:_identify(src/DOBOT_6Axis_ROS2_V3) by extension 'ignore'
[0.209s] Level 1:colcon.colcon_core.package_identification:_identify(src/DOBOT_6Axis_ROS2_V3) by extension 'ignore_ament_install'
[0.209s] Level 1:colcon.colcon_core.package_identification:_identify(src/DOBOT_6Axis_ROS2_V3) by extensions ['colcon_pkg']
[0.209s] Level 1:colcon.colcon_core.package_identification:_identify(src/DOBOT_6Axis_ROS2_V3) by extension 'colcon_pkg'
[0.210s] Level 1:colcon.colcon_core.package_identification:_identify(src/DOBOT_6Axis_ROS2_V3) by extensions ['colcon_meta']
[0.210s] Level 1:colcon.colcon_core.package_identification:_identify(src/DOBOT_6Axis_ROS2_V3) by extension 'colcon_meta'
[0.210s] Level 1:colcon.colcon_core.package_identification:_identify(src/DOBOT_6Axis_ROS2_V3) by extensions ['ros']
[0.210s] Level 1:colcon.colcon_core.package_identification:_identify(src/DOBOT_6Axis_ROS2_V3) by extension 'ros'
[0.210s] Level 1:colcon.colcon_core.package_identification:_identify(src/DOBOT_6Axis_ROS2_V3) by extensions ['cmake', 'python']
[0.210s] Level 1:colcon.colcon_core.package_identification:_identify(src/DOBOT_6Axis_ROS2_V3) by extension 'cmake'
[0.210s] Level 1:colcon.colcon_core.package_identification:_identify(src/DOBOT_6Axis_ROS2_V3) by extension 'python'
[0.210s] Level 1:colcon.colcon_core.package_identification:_identify(src/DOBOT_6Axis_ROS2_V3) by extensions ['python_setup_py']
[0.210s] Level 1:colcon.colcon_core.package_identification:_identify(src/DOBOT_6Axis_ROS2_V3) by extension 'python_setup_py'
[0.210s] Level 1:colcon.colcon_core.package_identification:_identify(src/DOBOT_6Axis_ROS2_V3/cr10_moveit) by extensions ['ignore', 'ignore_ament_install']
[0.210s] Level 1:colcon.colcon_core.package_identification:_identify(src/DOBOT_6Axis_ROS2_V3/cr10_moveit) by extension 'ignore'
[0.210s] Level 1:colcon.colcon_core.package_identification:_identify(src/DOBOT_6Axis_ROS2_V3/cr10_moveit) by extension 'ignore_ament_install'
[0.210s] Level 1:colcon.colcon_core.package_identification:_identify(src/DOBOT_6Axis_ROS2_V3/cr10_moveit) by extensions ['colcon_pkg']
[0.210s] Level 1:colcon.colcon_core.package_identification:_identify(src/DOBOT_6Axis_ROS2_V3/cr10_moveit) by extension 'colcon_pkg'
[0.210s] Level 1:colcon.colcon_core.package_identification:_identify(src/DOBOT_6Axis_ROS2_V3/cr10_moveit) by extensions ['colcon_meta']
[0.210s] Level 1:colcon.colcon_core.package_identification:_identify(src/DOBOT_6Axis_ROS2_V3/cr10_moveit) by extension 'colcon_meta'
[0.210s] Level 1:colcon.colcon_core.package_identification:_identify(src/DOBOT_6Axis_ROS2_V3/cr10_moveit) by extensions ['ros']
[0.210s] Level 1:colcon.colcon_core.package_identification:_identify(src/DOBOT_6Axis_ROS2_V3/cr10_moveit) by extension 'ros'
[0.212s] DEBUG:colcon.colcon_core.package_identification:Package 'src/DOBOT_6Axis_ROS2_V3/cr10_moveit' with type 'ros.ament_cmake' and name 'cr10_moveit'
[0.212s] Level 1:colcon.colcon_core.package_identification:_identify(src/DOBOT_6Axis_ROS2_V3/cr12_moveit) by extensions ['ignore', 'ignore_ament_install']
[0.212s] Level 1:colcon.colcon_core.package_identification:_identify(src/DOBOT_6Axis_ROS2_V3/cr12_moveit) by extension 'ignore'
[0.212s] Level 1:colcon.colcon_core.package_identification:_identify(src/DOBOT_6Axis_ROS2_V3/cr12_moveit) by extension 'ignore_ament_install'
[0.212s] Level 1:colcon.colcon_core.package_identification:_identify(src/DOBOT_6Axis_ROS2_V3/cr12_moveit) by extensions ['colcon_pkg']
[0.212s] Level 1:colcon.colcon_core.package_identification:_identify(src/DOBOT_6Axis_ROS2_V3/cr12_moveit) by extension 'colcon_pkg'
[0.212s] Level 1:colcon.colcon_core.package_identification:_identify(src/DOBOT_6Axis_ROS2_V3/cr12_moveit) by extensions ['colcon_meta']
[0.212s] Level 1:colcon.colcon_core.package_identification:_identify(src/DOBOT_6Axis_ROS2_V3/cr12_moveit) by extension 'colcon_meta'
[0.212s] Level 1:colcon.colcon_core.package_identification:_identify(src/DOBOT_6Axis_ROS2_V3/cr12_moveit) by extensions ['ros']
[0.212s] Level 1:colcon.colcon_core.package_identification:_identify(src/DOBOT_6Axis_ROS2_V3/cr12_moveit) by extension 'ros'
[0.213s] DEBUG:colcon.colcon_core.package_identification:Package 'src/DOBOT_6Axis_ROS2_V3/cr12_moveit' with type 'ros.ament_cmake' and name 'cr12_moveit'
[0.213s] Level 1:colcon.colcon_core.package_identification:_identify(src/DOBOT_6Axis_ROS2_V3/cr16_moveit) by extensions ['ignore', 'ignore_ament_install']
[0.213s] Level 1:colcon.colcon_core.package_identification:_identify(src/DOBOT_6Axis_ROS2_V3/cr16_moveit) by extension 'ignore'
[0.213s] Level 1:colcon.colcon_core.package_identification:_identify(src/DOBOT_6Axis_ROS2_V3/cr16_moveit) by extension 'ignore_ament_install'
[0.213s] Level 1:colcon.colcon_core.package_identification:_identify(src/DOBOT_6Axis_ROS2_V3/cr16_moveit) by extensions ['colcon_pkg']
[0.213s] Level 1:colcon.colcon_core.package_identification:_identify(src/DOBOT_6Axis_ROS2_V3/cr16_moveit) by extension 'colcon_pkg'
[0.214s] Level 1:colcon.colcon_core.package_identification:_identify(src/DOBOT_6Axis_ROS2_V3/cr16_moveit) by extensions ['colcon_meta']
[0.214s] Level 1:colcon.colcon_core.package_identification:_identify(src/DOBOT_6Axis_ROS2_V3/cr16_moveit) by extension 'colcon_meta'
[0.214s] Level 1:colcon.colcon_core.package_identification:_identify(src/DOBOT_6Axis_ROS2_V3/cr16_moveit) by extensions ['ros']
[0.214s] Level 1:colcon.colcon_core.package_identification:_identify(src/DOBOT_6Axis_ROS2_V3/cr16_moveit) by extension 'ros'
[0.214s] DEBUG:colcon.colcon_core.package_identification:Package 'src/DOBOT_6Axis_ROS2_V3/cr16_moveit' with type 'ros.ament_cmake' and name 'cr16_moveit'
[0.214s] Level 1:colcon.colcon_core.package_identification:_identify(src/DOBOT_6Axis_ROS2_V3/cr3_moveit) by extensions ['ignore', 'ignore_ament_install']
[0.214s] Level 1:colcon.colcon_core.package_identification:_identify(src/DOBOT_6Axis_ROS2_V3/cr3_moveit) by extension 'ignore'
[0.215s] Level 1:colcon.colcon_core.package_identification:_identify(src/DOBOT_6Axis_ROS2_V3/cr3_moveit) by extension 'ignore_ament_install'
[0.215s] Level 1:colcon.colcon_core.package_identification:_identify(src/DOBOT_6Axis_ROS2_V3/cr3_moveit) by extensions ['colcon_pkg']
[0.215s] Level 1:colcon.colcon_core.package_identification:_identify(src/DOBOT_6Axis_ROS2_V3/cr3_moveit) by extension 'colcon_pkg'
[0.215s] Level 1:colcon.colcon_core.package_identification:_identify(src/DOBOT_6Axis_ROS2_V3/cr3_moveit) by extensions ['colcon_meta']
[0.215s] Level 1:colcon.colcon_core.package_identification:_identify(src/DOBOT_6Axis_ROS2_V3/cr3_moveit) by extension 'colcon_meta'
[0.215s] Level 1:colcon.colcon_core.package_identification:_identify(src/DOBOT_6Axis_ROS2_V3/cr3_moveit) by extensions ['ros']
[0.215s] Level 1:colcon.colcon_core.package_identification:_identify(src/DOBOT_6Axis_ROS2_V3/cr3_moveit) by extension 'ros'
[0.216s] DEBUG:colcon.colcon_core.package_identification:Package 'src/DOBOT_6Axis_ROS2_V3/cr3_moveit' with type 'ros.ament_cmake' and name 'cr3_moveit'
[0.216s] Level 1:colcon.colcon_core.package_identification:_identify(src/DOBOT_6Axis_ROS2_V3/cr5_moveit) by extensions ['ignore', 'ignore_ament_install']
[0.216s] Level 1:colcon.colcon_core.package_identification:_identify(src/DOBOT_6Axis_ROS2_V3/cr5_moveit) by extension 'ignore'
[0.216s] Level 1:colcon.colcon_core.package_identification:_identify(src/DOBOT_6Axis_ROS2_V3/cr5_moveit) by extension 'ignore_ament_install'
[0.216s] Level 1:colcon.colcon_core.package_identification:_identify(src/DOBOT_6Axis_ROS2_V3/cr5_moveit) by extensions ['colcon_pkg']
[0.216s] Level 1:colcon.colcon_core.package_identification:_identify(src/DOBOT_6Axis_ROS2_V3/cr5_moveit) by extension 'colcon_pkg'
[0.216s] Level 1:colcon.colcon_core.package_identification:_identify(src/DOBOT_6Axis_ROS2_V3/cr5_moveit) by extensions ['colcon_meta']
[0.216s] Level 1:colcon.colcon_core.package_identification:_identify(src/DOBOT_6Axis_ROS2_V3/cr5_moveit) by extension 'colcon_meta'
[0.216s] Level 1:colcon.colcon_core.package_identification:_identify(src/DOBOT_6Axis_ROS2_V3/cr5_moveit) by extensions ['ros']
[0.216s] Level 1:colcon.colcon_core.package_identification:_identify(src/DOBOT_6Axis_ROS2_V3/cr5_moveit) by extension 'ros'
[0.217s] DEBUG:colcon.colcon_core.package_identification:Package 'src/DOBOT_6Axis_ROS2_V3/cr5_moveit' with type 'ros.ament_cmake' and name 'cr5_moveit'
[0.217s] Level 1:colcon.colcon_core.package_identification:_identify(src/DOBOT_6Axis_ROS2_V3/cr7_moveit) by extensions ['ignore', 'ignore_ament_install']
[0.217s] Level 1:colcon.colcon_core.package_identification:_identify(src/DOBOT_6Axis_ROS2_V3/cr7_moveit) by extension 'ignore'
[0.218s] Level 1:colcon.colcon_core.package_identification:_identify(src/DOBOT_6Axis_ROS2_V3/cr7_moveit) by extension 'ignore_ament_install'
[0.218s] Level 1:colcon.colcon_core.package_identification:_identify(src/DOBOT_6Axis_ROS2_V3/cr7_moveit) by extensions ['colcon_pkg']
[0.218s] Level 1:colcon.colcon_core.package_identification:_identify(src/DOBOT_6Axis_ROS2_V3/cr7_moveit) by extension 'colcon_pkg'
[0.218s] Level 1:colcon.colcon_core.package_identification:_identify(src/DOBOT_6Axis_ROS2_V3/cr7_moveit) by extensions ['colcon_meta']
[0.218s] Level 1:colcon.colcon_core.package_identification:_identify(src/DOBOT_6Axis_ROS2_V3/cr7_moveit) by extension 'colcon_meta'
[0.219s] Level 1:colcon.colcon_core.package_identification:_identify(src/DOBOT_6Axis_ROS2_V3/cr7_moveit) by extensions ['ros']
[0.219s] Level 1:colcon.colcon_core.package_identification:_identify(src/DOBOT_6Axis_ROS2_V3/cr7_moveit) by extension 'ros'
[0.220s] DEBUG:colcon.colcon_core.package_identification:Package 'src/DOBOT_6Axis_ROS2_V3/cr7_moveit' with type 'ros.ament_cmake' and name 'cr7_moveit'
[0.220s] Level 1:colcon.colcon_core.package_identification:_identify(src/DOBOT_6Axis_ROS2_V3/cra_description) by extensions ['ignore', 'ignore_ament_install']
[0.220s] Level 1:colcon.colcon_core.package_identification:_identify(src/DOBOT_6Axis_ROS2_V3/cra_description) by extension 'ignore'
[0.220s] Level 1:colcon.colcon_core.package_identification:_identify(src/DOBOT_6Axis_ROS2_V3/cra_description) by extension 'ignore_ament_install'
[0.220s] Level 1:colcon.colcon_core.package_identification:_identify(src/DOBOT_6Axis_ROS2_V3/cra_description) by extensions ['colcon_pkg']
[0.220s] Level 1:colcon.colcon_core.package_identification:_identify(src/DOBOT_6Axis_ROS2_V3/cra_description) by extension 'colcon_pkg'
[0.221s] Level 1:colcon.colcon_core.package_identification:_identify(src/DOBOT_6Axis_ROS2_V3/cra_description) by extensions ['colcon_meta']
[0.221s] Level 1:colcon.colcon_core.package_identification:_identify(src/DOBOT_6Axis_ROS2_V3/cra_description) by extension 'colcon_meta'
[0.221s] Level 1:colcon.colcon_core.package_identification:_identify(src/DOBOT_6Axis_ROS2_V3/cra_description) by extensions ['ros']
[0.221s] Level 1:colcon.colcon_core.package_identification:_identify(src/DOBOT_6Axis_ROS2_V3/cra_description) by extension 'ros'
[0.221s] DEBUG:colcon.colcon_core.package_identification:Package 'src/DOBOT_6Axis_ROS2_V3/cra_description' with type 'ros.ament_cmake' and name 'cra_description'
[0.221s] Level 1:colcon.colcon_core.package_identification:_identify(src/DOBOT_6Axis_ROS2_V3/dobot_bringup_v3) by extensions ['ignore', 'ignore_ament_install']
[0.221s] Level 1:colcon.colcon_core.package_identification:_identify(src/DOBOT_6Axis_ROS2_V3/dobot_bringup_v3) by extension 'ignore'
[0.221s] Level 1:colcon.colcon_core.package_identification:_identify(src/DOBOT_6Axis_ROS2_V3/dobot_bringup_v3) by extension 'ignore_ament_install'
[0.221s] Level 1:colcon.colcon_core.package_identification:_identify(src/DOBOT_6Axis_ROS2_V3/dobot_bringup_v3) by extensions ['colcon_pkg']
[0.221s] Level 1:colcon.colcon_core.package_identification:_identify(src/DOBOT_6Axis_ROS2_V3/dobot_bringup_v3) by extension 'colcon_pkg'
[0.222s] Level 1:colcon.colcon_core.package_identification:_identify(src/DOBOT_6Axis_ROS2_V3/dobot_bringup_v3) by extensions ['colcon_meta']
[0.222s] Level 1:colcon.colcon_core.package_identification:_identify(src/DOBOT_6Axis_ROS2_V3/dobot_bringup_v3) by extension 'colcon_meta'
[0.222s] Level 1:colcon.colcon_core.package_identification:_identify(src/DOBOT_6Axis_ROS2_V3/dobot_bringup_v3) by extensions ['ros']
[0.222s] Level 1:colcon.colcon_core.package_identification:_identify(src/DOBOT_6Axis_ROS2_V3/dobot_bringup_v3) by extension 'ros'
[0.223s] DEBUG:colcon.colcon_core.package_identification:Package 'src/DOBOT_6Axis_ROS2_V3/dobot_bringup_v3' with type 'ros.ament_python' and name 'dobot_bringup_v3'
[0.223s] Level 1:colcon.colcon_core.package_identification:_identify(src/DOBOT_6Axis_ROS2_V3/dobot_demo) by extensions ['ignore', 'ignore_ament_install']
[0.224s] Level 1:colcon.colcon_core.package_identification:_identify(src/DOBOT_6Axis_ROS2_V3/dobot_demo) by extension 'ignore'
[0.224s] Level 1:colcon.colcon_core.package_identification:_identify(src/DOBOT_6Axis_ROS2_V3/dobot_demo) by extension 'ignore_ament_install'
[0.224s] Level 1:colcon.colcon_core.package_identification:_identify(src/DOBOT_6Axis_ROS2_V3/dobot_demo) by extensions ['colcon_pkg']
[0.224s] Level 1:colcon.colcon_core.package_identification:_identify(src/DOBOT_6Axis_ROS2_V3/dobot_demo) by extension 'colcon_pkg'
[0.224s] Level 1:colcon.colcon_core.package_identification:_identify(src/DOBOT_6Axis_ROS2_V3/dobot_demo) by extensions ['colcon_meta']
[0.224s] Level 1:colcon.colcon_core.package_identification:_identify(src/DOBOT_6Axis_ROS2_V3/dobot_demo) by extension 'colcon_meta'
[0.224s] Level 1:colcon.colcon_core.package_identification:_identify(src/DOBOT_6Axis_ROS2_V3/dobot_demo) by extensions ['ros']
[0.224s] Level 1:colcon.colcon_core.package_identification:_identify(src/DOBOT_6Axis_ROS2_V3/dobot_demo) by extension 'ros'
[0.225s] DEBUG:colcon.colcon_core.package_identification:Package 'src/DOBOT_6Axis_ROS2_V3/dobot_demo' with type 'ros.ament_python' and name 'dobot_demo'
[0.225s] Level 1:colcon.colcon_core.package_identification:_identify(src/DOBOT_6Axis_ROS2_V3/dobot_gazebo) by extensions ['ignore', 'ignore_ament_install']
[0.225s] Level 1:colcon.colcon_core.package_identification:_identify(src/DOBOT_6Axis_ROS2_V3/dobot_gazebo) by extension 'ignore'
[0.225s] Level 1:colcon.colcon_core.package_identification:_identify(src/DOBOT_6Axis_ROS2_V3/dobot_gazebo) by extension 'ignore_ament_install'
[0.225s] Level 1:colcon.colcon_core.package_identification:_identify(src/DOBOT_6Axis_ROS2_V3/dobot_gazebo) by extensions ['colcon_pkg']
[0.226s] Level 1:colcon.colcon_core.package_identification:_identify(src/DOBOT_6Axis_ROS2_V3/dobot_gazebo) by extension 'colcon_pkg'
[0.226s] Level 1:colcon.colcon_core.package_identification:_identify(src/DOBOT_6Axis_ROS2_V3/dobot_gazebo) by extensions ['colcon_meta']
[0.226s] Level 1:colcon.colcon_core.package_identification:_identify(src/DOBOT_6Axis_ROS2_V3/dobot_gazebo) by extension 'colcon_meta'
[0.226s] Level 1:colcon.colcon_core.package_identification:_identify(src/DOBOT_6Axis_ROS2_V3/dobot_gazebo) by extensions ['ros']
[0.226s] Level 1:colcon.colcon_core.package_identification:_identify(src/DOBOT_6Axis_ROS2_V3/dobot_gazebo) by extension 'ros'
[0.226s] DEBUG:colcon.colcon_core.package_identification:Package 'src/DOBOT_6Axis_ROS2_V3/dobot_gazebo' with type 'ros.ament_cmake' and name 'dobot_gazebo'
[0.226s] Level 1:colcon.colcon_core.package_identification:_identify(src/DOBOT_6Axis_ROS2_V3/dobot_moveit) by extensions ['ignore', 'ignore_ament_install']
[0.226s] Level 1:colcon.colcon_core.package_identification:_identify(src/DOBOT_6Axis_ROS2_V3/dobot_moveit) by extension 'ignore'
[0.226s] Level 1:colcon.colcon_core.package_identification:_identify(src/DOBOT_6Axis_ROS2_V3/dobot_moveit) by extension 'ignore_ament_install'
[0.227s] Level 1:colcon.colcon_core.package_identification:_identify(src/DOBOT_6Axis_ROS2_V3/dobot_moveit) by extensions ['colcon_pkg']
[0.227s] Level 1:colcon.colcon_core.package_identification:_identify(src/DOBOT_6Axis_ROS2_V3/dobot_moveit) by extension 'colcon_pkg'
[0.227s] Level 1:colcon.colcon_core.package_identification:_identify(src/DOBOT_6Axis_ROS2_V3/dobot_moveit) by extensions ['colcon_meta']
[0.227s] Level 1:colcon.colcon_core.package_identification:_identify(src/DOBOT_6Axis_ROS2_V3/dobot_moveit) by extension 'colcon_meta'
[0.227s] Level 1:colcon.colcon_core.package_identification:_identify(src/DOBOT_6Axis_ROS2_V3/dobot_moveit) by extensions ['ros']
[0.227s] Level 1:colcon.colcon_core.package_identification:_identify(src/DOBOT_6Axis_ROS2_V3/dobot_moveit) by extension 'ros'
[0.228s] DEBUG:colcon.colcon_core.package_identification:Package 'src/DOBOT_6Axis_ROS2_V3/dobot_moveit' with type 'ros.ament_python' and name 'dobot_moveit'
[0.228s] Level 1:colcon.colcon_core.package_identification:_identify(src/DOBOT_6Axis_ROS2_V3/dobot_msgs_v3) by extensions ['ignore', 'ignore_ament_install']
[0.228s] Level 1:colcon.colcon_core.package_identification:_identify(src/DOBOT_6Axis_ROS2_V3/dobot_msgs_v3) by extension 'ignore'
[0.228s] Level 1:colcon.colcon_core.package_identification:_identify(src/DOBOT_6Axis_ROS2_V3/dobot_msgs_v3) by extension 'ignore_ament_install'
[0.228s] Level 1:colcon.colcon_core.package_identification:_identify(src/DOBOT_6Axis_ROS2_V3/dobot_msgs_v3) by extensions ['colcon_pkg']
[0.228s] Level 1:colcon.colcon_core.package_identification:_identify(src/DOBOT_6Axis_ROS2_V3/dobot_msgs_v3) by extension 'colcon_pkg'
[0.228s] Level 1:colcon.colcon_core.package_identification:_identify(src/DOBOT_6Axis_ROS2_V3/dobot_msgs_v3) by extensions ['colcon_meta']
[0.228s] Level 1:colcon.colcon_core.package_identification:_identify(src/DOBOT_6Axis_ROS2_V3/dobot_msgs_v3) by extension 'colcon_meta'
[0.228s] Level 1:colcon.colcon_core.package_identification:_identify(src/DOBOT_6Axis_ROS2_V3/dobot_msgs_v3) by extensions ['ros']
[0.228s] Level 1:colcon.colcon_core.package_identification:_identify(src/DOBOT_6Axis_ROS2_V3/dobot_msgs_v3) by extension 'ros'
[0.229s] DEBUG:colcon.colcon_core.package_identification:Package 'src/DOBOT_6Axis_ROS2_V3/dobot_msgs_v3' with type 'ros.ament_cmake' and name 'dobot_msgs_v3'
[0.229s] Level 1:colcon.colcon_core.package_identification:_identify(src/DOBOT_6Axis_ROS2_V3/dobot_rviz) by extensions ['ignore', 'ignore_ament_install']
[0.229s] Level 1:colcon.colcon_core.package_identification:_identify(src/DOBOT_6Axis_ROS2_V3/dobot_rviz) by extension 'ignore'
[0.229s] Level 1:colcon.colcon_core.package_identification:_identify(src/DOBOT_6Axis_ROS2_V3/dobot_rviz) by extension 'ignore_ament_install'
[0.229s] Level 1:colcon.colcon_core.package_identification:_identify(src/DOBOT_6Axis_ROS2_V3/dobot_rviz) by extensions ['colcon_pkg']
[0.229s] Level 1:colcon.colcon_core.package_identification:_identify(src/DOBOT_6Axis_ROS2_V3/dobot_rviz) by extension 'colcon_pkg'
[0.229s] Level 1:colcon.colcon_core.package_identification:_identify(src/DOBOT_6Axis_ROS2_V3/dobot_rviz) by extensions ['colcon_meta']
[0.229s] Level 1:colcon.colcon_core.package_identification:_identify(src/DOBOT_6Axis_ROS2_V3/dobot_rviz) by extension 'colcon_meta'
[0.230s] Level 1:colcon.colcon_core.package_identification:_identify(src/DOBOT_6Axis_ROS2_V3/dobot_rviz) by extensions ['ros']
[0.230s] Level 1:colcon.colcon_core.package_identification:_identify(src/DOBOT_6Axis_ROS2_V3/dobot_rviz) by extension 'ros'
[0.230s] DEBUG:colcon.colcon_core.package_identification:Package 'src/DOBOT_6Axis_ROS2_V3/dobot_rviz' with type 'ros.ament_cmake' and name 'dobot_rviz'
[0.230s] Level 1:colcon.colcon_core.package_identification:_identify(src/DOBOT_6Axis_ROS2_V3/image) by extensions ['ignore', 'ignore_ament_install']
[0.230s] Level 1:colcon.colcon_core.package_identification:_identify(src/DOBOT_6Axis_ROS2_V3/image) by extension 'ignore'
[0.230s] Level 1:colcon.colcon_core.package_identification:_identify(src/DOBOT_6Axis_ROS2_V3/image) by extension 'ignore_ament_install'
[0.230s] Level 1:colcon.colcon_core.package_identification:_identify(src/DOBOT_6Axis_ROS2_V3/image) by extensions ['colcon_pkg']
[0.230s] Level 1:colcon.colcon_core.package_identification:_identify(src/DOBOT_6Axis_ROS2_V3/image) by extension 'colcon_pkg'
[0.230s] Level 1:colcon.colcon_core.package_identification:_identify(src/DOBOT_6Axis_ROS2_V3/image) by extensions ['colcon_meta']
[0.230s] Level 1:colcon.colcon_core.package_identification:_identify(src/DOBOT_6Axis_ROS2_V3/image) by extension 'colcon_meta'
[0.230s] Level 1:colcon.colcon_core.package_identification:_identify(src/DOBOT_6Axis_ROS2_V3/image) by extensions ['ros']
[0.230s] Level 1:colcon.colcon_core.package_identification:_identify(src/DOBOT_6Axis_ROS2_V3/image) by extension 'ros'
[0.230s] Level 1:colcon.colcon_core.package_identification:_identify(src/DOBOT_6Axis_ROS2_V3/image) by extensions ['cmake', 'python']
[0.230s] Level 1:colcon.colcon_core.package_identification:_identify(src/DOBOT_6Axis_ROS2_V3/image) by extension 'cmake'
[0.230s] Level 1:colcon.colcon_core.package_identification:_identify(src/DOBOT_6Axis_ROS2_V3/image) by extension 'python'
[0.230s] Level 1:colcon.colcon_core.package_identification:_identify(src/DOBOT_6Axis_ROS2_V3/image) by extensions ['python_setup_py']
[0.230s] Level 1:colcon.colcon_core.package_identification:_identify(src/DOBOT_6Axis_ROS2_V3/image) by extension 'python_setup_py'
[0.230s] Level 1:colcon.colcon_core.package_identification:_identify(src/DOBOT_6Axis_ROS2_V3/nova2_moveit) by extensions ['ignore', 'ignore_ament_install']
[0.230s] Level 1:colcon.colcon_core.package_identification:_identify(src/DOBOT_6Axis_ROS2_V3/nova2_moveit) by extension 'ignore'
[0.231s] Level 1:colcon.colcon_core.package_identification:_identify(src/DOBOT_6Axis_ROS2_V3/nova2_moveit) by extension 'ignore_ament_install'
[0.231s] Level 1:colcon.colcon_core.package_identification:_identify(src/DOBOT_6Axis_ROS2_V3/nova2_moveit) by extensions ['colcon_pkg']
[0.231s] Level 1:colcon.colcon_core.package_identification:_identify(src/DOBOT_6Axis_ROS2_V3/nova2_moveit) by extension 'colcon_pkg'
[0.231s] Level 1:colcon.colcon_core.package_identification:_identify(src/DOBOT_6Axis_ROS2_V3/nova2_moveit) by extensions ['colcon_meta']
[0.231s] Level 1:colcon.colcon_core.package_identification:_identify(src/DOBOT_6Axis_ROS2_V3/nova2_moveit) by extension 'colcon_meta'
[0.231s] Level 1:colcon.colcon_core.package_identification:_identify(src/DOBOT_6Axis_ROS2_V3/nova2_moveit) by extensions ['ros']
[0.231s] Level 1:colcon.colcon_core.package_identification:_identify(src/DOBOT_6Axis_ROS2_V3/nova2_moveit) by extension 'ros'
[0.231s] DEBUG:colcon.colcon_core.package_identification:Package 'src/DOBOT_6Axis_ROS2_V3/nova2_moveit' with type 'ros.ament_cmake' and name 'nova2_moveit'
[0.231s] Level 1:colcon.colcon_core.package_identification:_identify(src/DOBOT_6Axis_ROS2_V3/nova5_moveit) by extensions ['ignore', 'ignore_ament_install']
[0.231s] Level 1:colcon.colcon_core.package_identification:_identify(src/DOBOT_6Axis_ROS2_V3/nova5_moveit) by extension 'ignore'
[0.231s] Level 1:colcon.colcon_core.package_identification:_identify(src/DOBOT_6Axis_ROS2_V3/nova5_moveit) by extension 'ignore_ament_install'
[0.232s] Level 1:colcon.colcon_core.package_identification:_identify(src/DOBOT_6Axis_ROS2_V3/nova5_moveit) by extensions ['colcon_pkg']
[0.232s] Level 1:colcon.colcon_core.package_identification:_identify(src/DOBOT_6Axis_ROS2_V3/nova5_moveit) by extension 'colcon_pkg'
[0.232s] Level 1:colcon.colcon_core.package_identification:_identify(src/DOBOT_6Axis_ROS2_V3/nova5_moveit) by extensions ['colcon_meta']
[0.232s] Level 1:colcon.colcon_core.package_identification:_identify(src/DOBOT_6Axis_ROS2_V3/nova5_moveit) by extension 'colcon_meta'
[0.232s] Level 1:colcon.colcon_core.package_identification:_identify(src/DOBOT_6Axis_ROS2_V3/nova5_moveit) by extensions ['ros']
[0.232s] Level 1:colcon.colcon_core.package_identification:_identify(src/DOBOT_6Axis_ROS2_V3/nova5_moveit) by extension 'ros'
[0.232s] DEBUG:colcon.colcon_core.package_identification:Package 'src/DOBOT_6Axis_ROS2_V3/nova5_moveit' with type 'ros.ament_cmake' and name 'nova5_moveit'
[0.232s] Level 1:colcon.colcon_core.package_identification:_identify(src/DOBOT_6Axis_ROS2_V3/servo_action) by extensions ['ignore', 'ignore_ament_install']
[0.232s] Level 1:colcon.colcon_core.package_identification:_identify(src/DOBOT_6Axis_ROS2_V3/servo_action) by extension 'ignore'
[0.232s] Level 1:colcon.colcon_core.package_identification:_identify(src/DOBOT_6Axis_ROS2_V3/servo_action) by extension 'ignore_ament_install'
[0.232s] Level 1:colcon.colcon_core.package_identification:_identify(src/DOBOT_6Axis_ROS2_V3/servo_action) by extensions ['colcon_pkg']
[0.232s] Level 1:colcon.colcon_core.package_identification:_identify(src/DOBOT_6Axis_ROS2_V3/servo_action) by extension 'colcon_pkg'
[0.232s] Level 1:colcon.colcon_core.package_identification:_identify(src/DOBOT_6Axis_ROS2_V3/servo_action) by extensions ['colcon_meta']
[0.233s] Level 1:colcon.colcon_core.package_identification:_identify(src/DOBOT_6Axis_ROS2_V3/servo_action) by extension 'colcon_meta'
[0.233s] Level 1:colcon.colcon_core.package_identification:_identify(src/DOBOT_6Axis_ROS2_V3/servo_action) by extensions ['ros']
[0.233s] Level 1:colcon.colcon_core.package_identification:_identify(src/DOBOT_6Axis_ROS2_V3/servo_action) by extension 'ros'
[0.235s] DEBUG:colcon.colcon_core.package_identification:Package 'src/DOBOT_6Axis_ROS2_V3/servo_action' with type 'ros.ament_python' and name 'servo_action'
[0.235s] Level 1:colcon.colcon_core.package_identification:_identify(src/qt_robot_control) by extensions ['ignore', 'ignore_ament_install']
[0.235s] Level 1:colcon.colcon_core.package_identification:_identify(src/qt_robot_control) by extension 'ignore'
[0.236s] Level 1:colcon.colcon_core.package_identification:_identify(src/qt_robot_control) by extension 'ignore_ament_install'
[0.236s] Level 1:colcon.colcon_core.package_identification:_identify(src/qt_robot_control) by extensions ['colcon_pkg']
[0.236s] Level 1:colcon.colcon_core.package_identification:_identify(src/qt_robot_control) by extension 'colcon_pkg'
[0.236s] Level 1:colcon.colcon_core.package_identification:_identify(src/qt_robot_control) by extensions ['colcon_meta']
[0.236s] Level 1:colcon.colcon_core.package_identification:_identify(src/qt_robot_control) by extension 'colcon_meta'
[0.236s] Level 1:colcon.colcon_core.package_identification:_identify(src/qt_robot_control) by extensions ['ros']
[0.236s] Level 1:colcon.colcon_core.package_identification:_identify(src/qt_robot_control) by extension 'ros'
[0.237s] DEBUG:colcon.colcon_core.package_identification:Package 'src/qt_robot_control' with type 'ros.ament_python' and name 'qt_robot_control'
[0.237s] Level 1:colcon.colcon_core.package_identification:_identify(src/robot_control_api) by extensions ['ignore', 'ignore_ament_install']
[0.237s] Level 1:colcon.colcon_core.package_identification:_identify(src/robot_control_api) by extension 'ignore'
[0.237s] Level 1:colcon.colcon_core.package_identification:_identify(src/robot_control_api) by extension 'ignore_ament_install'
[0.237s] Level 1:colcon.colcon_core.package_identification:_identify(src/robot_control_api) by extensions ['colcon_pkg']
[0.237s] Level 1:colcon.colcon_core.package_identification:_identify(src/robot_control_api) by extension 'colcon_pkg'
[0.237s] Level 1:colcon.colcon_core.package_identification:_identify(src/robot_control_api) by extensions ['colcon_meta']
[0.237s] Level 1:colcon.colcon_core.package_identification:_identify(src/robot_control_api) by extension 'colcon_meta'
[0.237s] Level 1:colcon.colcon_core.package_identification:_identify(src/robot_control_api) by extensions ['ros']
[0.237s] Level 1:colcon.colcon_core.package_identification:_identify(src/robot_control_api) by extension 'ros'
[0.238s] DEBUG:colcon.colcon_core.package_identification:Package 'src/robot_control_api' with type 'ros.ament_python' and name 'robot_control_api'
[0.238s] Level 1:colcon.colcon_core.package_discovery:discover_packages(recursive) using defaults
[0.238s] Level 1:colcon.colcon_core.package_discovery:discover_packages(ignore) discover
[0.238s] Level 1:colcon.colcon_core.package_discovery:discover_packages(ignore) using defaults
[0.238s] Level 1:colcon.colcon_core.package_discovery:discover_packages(path) discover
[0.238s] Level 1:colcon.colcon_core.package_discovery:discover_packages(path) using defaults
[0.268s] Level 1:colcon.colcon_core.package_discovery:discover_packages(prefix_path) check parameters
[0.268s] Level 1:colcon.colcon_core.package_discovery:discover_packages(prefix_path) discover
[0.270s] DEBUG:colcon.colcon_installed_package_information.package_discovery:Found 18 installed packages in /home/huahai/dobot_ws/install
[0.272s] DEBUG:colcon.colcon_installed_package_information.package_discovery:Found 359 installed packages in /opt/ros/humble
[0.273s] Level 1:colcon.colcon_core.package_discovery:discover_packages(prefix_path) using defaults
[0.308s] Level 5:colcon.colcon_core.verb:set package 'cra_description' build argument 'cmake_args' from command line to 'None'
[0.308s] Level 5:colcon.colcon_core.verb:set package 'cra_description' build argument 'cmake_target' from command line to 'None'
[0.308s] Level 5:colcon.colcon_core.verb:set package 'cra_description' build argument 'cmake_target_skip_unavailable' from command line to 'False'
[0.308s] Level 5:colcon.colcon_core.verb:set package 'cra_description' build argument 'cmake_clean_cache' from command line to 'False'
[0.308s] Level 5:colcon.colcon_core.verb:set package 'cra_description' build argument 'cmake_clean_first' from command line to 'False'
[0.308s] Level 5:colcon.colcon_core.verb:set package 'cra_description' build argument 'cmake_force_configure' from command line to 'False'
[0.308s] Level 5:colcon.colcon_core.verb:set package 'cra_description' build argument 'ament_cmake_args' from command line to 'None'
[0.308s] Level 5:colcon.colcon_core.verb:set package 'cra_description' build argument 'catkin_cmake_args' from command line to 'None'
[0.308s] Level 5:colcon.colcon_core.verb:set package 'cra_description' build argument 'catkin_skip_building_tests' from command line to 'False'
[0.308s] DEBUG:colcon.colcon_core.verb:Building package 'cra_description' with the following arguments: {'ament_cmake_args': None, 'build_base': '/home/huahai/dobot_ws/build/cra_description', 'catkin_cmake_args': None, 'catkin_skip_building_tests': False, 'cmake_args': None, 'cmake_clean_cache': False, 'cmake_clean_first': False, 'cmake_force_configure': False, 'cmake_target': None, 'cmake_target_skip_unavailable': False, 'install_base': '/home/huahai/dobot_ws/install/cra_description', 'merge_install': False, 'path': '/home/huahai/dobot_ws/src/DOBOT_6Axis_ROS2_V3/cra_description', 'symlink_install': False, 'test_result_base': None}
[0.309s] Level 5:colcon.colcon_core.verb:set package 'dobot_demo' build argument 'cmake_args' from command line to 'None'
[0.309s] Level 5:colcon.colcon_core.verb:set package 'dobot_demo' build argument 'cmake_target' from command line to 'None'
[0.309s] Level 5:colcon.colcon_core.verb:set package 'dobot_demo' build argument 'cmake_target_skip_unavailable' from command line to 'False'
[0.309s] Level 5:colcon.colcon_core.verb:set package 'dobot_demo' build argument 'cmake_clean_cache' from command line to 'False'
[0.309s] Level 5:colcon.colcon_core.verb:set package 'dobot_demo' build argument 'cmake_clean_first' from command line to 'False'
[0.309s] Level 5:colcon.colcon_core.verb:set package 'dobot_demo' build argument 'cmake_force_configure' from command line to 'False'
[0.309s] Level 5:colcon.colcon_core.verb:set package 'dobot_demo' build argument 'ament_cmake_args' from command line to 'None'
[0.309s] Level 5:colcon.colcon_core.verb:set package 'dobot_demo' build argument 'catkin_cmake_args' from command line to 'None'
[0.309s] Level 5:colcon.colcon_core.verb:set package 'dobot_demo' build argument 'catkin_skip_building_tests' from command line to 'False'
[0.309s] DEBUG:colcon.colcon_core.verb:Building package 'dobot_demo' with the following arguments: {'ament_cmake_args': None, 'build_base': '/home/huahai/dobot_ws/build/dobot_demo', 'catkin_cmake_args': None, 'catkin_skip_building_tests': False, 'cmake_args': None, 'cmake_clean_cache': False, 'cmake_clean_first': False, 'cmake_force_configure': False, 'cmake_target': None, 'cmake_target_skip_unavailable': False, 'install_base': '/home/huahai/dobot_ws/install/dobot_demo', 'merge_install': False, 'path': '/home/huahai/dobot_ws/src/DOBOT_6Axis_ROS2_V3/dobot_demo', 'symlink_install': False, 'test_result_base': None}
[0.309s] Level 5:colcon.colcon_core.verb:set package 'dobot_moveit' build argument 'cmake_args' from command line to 'None'
[0.309s] Level 5:colcon.colcon_core.verb:set package 'dobot_moveit' build argument 'cmake_target' from command line to 'None'
[0.309s] Level 5:colcon.colcon_core.verb:set package 'dobot_moveit' build argument 'cmake_target_skip_unavailable' from command line to 'False'
[0.309s] Level 5:colcon.colcon_core.verb:set package 'dobot_moveit' build argument 'cmake_clean_cache' from command line to 'False'
[0.309s] Level 5:colcon.colcon_core.verb:set package 'dobot_moveit' build argument 'cmake_clean_first' from command line to 'False'
[0.309s] Level 5:colcon.colcon_core.verb:set package 'dobot_moveit' build argument 'cmake_force_configure' from command line to 'False'
[0.309s] Level 5:colcon.colcon_core.verb:set package 'dobot_moveit' build argument 'ament_cmake_args' from command line to 'None'
[0.309s] Level 5:colcon.colcon_core.verb:set package 'dobot_moveit' build argument 'catkin_cmake_args' from command line to 'None'
[0.309s] Level 5:colcon.colcon_core.verb:set package 'dobot_moveit' build argument 'catkin_skip_building_tests' from command line to 'False'
[0.309s] DEBUG:colcon.colcon_core.verb:Building package 'dobot_moveit' with the following arguments: {'ament_cmake_args': None, 'build_base': '/home/huahai/dobot_ws/build/dobot_moveit', 'catkin_cmake_args': None, 'catkin_skip_building_tests': False, 'cmake_args': None, 'cmake_clean_cache': False, 'cmake_clean_first': False, 'cmake_force_configure': False, 'cmake_target': None, 'cmake_target_skip_unavailable': False, 'install_base': '/home/huahai/dobot_ws/install/dobot_moveit', 'merge_install': False, 'path': '/home/huahai/dobot_ws/src/DOBOT_6Axis_ROS2_V3/dobot_moveit', 'symlink_install': False, 'test_result_base': None}
[0.309s] Level 5:colcon.colcon_core.verb:set package 'dobot_msgs_v3' build argument 'cmake_args' from command line to 'None'
[0.310s] Level 5:colcon.colcon_core.verb:set package 'dobot_msgs_v3' build argument 'cmake_target' from command line to 'None'
[0.310s] Level 5:colcon.colcon_core.verb:set package 'dobot_msgs_v3' build argument 'cmake_target_skip_unavailable' from command line to 'False'
[0.310s] Level 5:colcon.colcon_core.verb:set package 'dobot_msgs_v3' build argument 'cmake_clean_cache' from command line to 'False'
[0.310s] Level 5:colcon.colcon_core.verb:set package 'dobot_msgs_v3' build argument 'cmake_clean_first' from command line to 'False'
[0.310s] Level 5:colcon.colcon_core.verb:set package 'dobot_msgs_v3' build argument 'cmake_force_configure' from command line to 'False'
[0.310s] Level 5:colcon.colcon_core.verb:set package 'dobot_msgs_v3' build argument 'ament_cmake_args' from command line to 'None'
[0.310s] Level 5:colcon.colcon_core.verb:set package 'dobot_msgs_v3' build argument 'catkin_cmake_args' from command line to 'None'
[0.310s] Level 5:colcon.colcon_core.verb:set package 'dobot_msgs_v3' build argument 'catkin_skip_building_tests' from command line to 'False'
[0.310s] DEBUG:colcon.colcon_core.verb:Building package 'dobot_msgs_v3' with the following arguments: {'ament_cmake_args': None, 'build_base': '/home/huahai/dobot_ws/build/dobot_msgs_v3', 'catkin_cmake_args': None, 'catkin_skip_building_tests': False, 'cmake_args': None, 'cmake_clean_cache': False, 'cmake_clean_first': False, 'cmake_force_configure': False, 'cmake_target': None, 'cmake_target_skip_unavailable': False, 'install_base': '/home/huahai/dobot_ws/install/dobot_msgs_v3', 'merge_install': False, 'path': '/home/huahai/dobot_ws/src/DOBOT_6Axis_ROS2_V3/dobot_msgs_v3', 'symlink_install': False, 'test_result_base': None}
[0.310s] Level 5:colcon.colcon_core.verb:set package 'dobot_rviz' build argument 'cmake_args' from command line to 'None'
[0.310s] Level 5:colcon.colcon_core.verb:set package 'dobot_rviz' build argument 'cmake_target' from command line to 'None'
[0.310s] Level 5:colcon.colcon_core.verb:set package 'dobot_rviz' build argument 'cmake_target_skip_unavailable' from command line to 'False'
[0.310s] Level 5:colcon.colcon_core.verb:set package 'dobot_rviz' build argument 'cmake_clean_cache' from command line to 'False'
[0.310s] Level 5:colcon.colcon_core.verb:set package 'dobot_rviz' build argument 'cmake_clean_first' from command line to 'False'
[0.310s] Level 5:colcon.colcon_core.verb:set package 'dobot_rviz' build argument 'cmake_force_configure' from command line to 'False'
[0.310s] Level 5:colcon.colcon_core.verb:set package 'dobot_rviz' build argument 'ament_cmake_args' from command line to 'None'
[0.310s] Level 5:colcon.colcon_core.verb:set package 'dobot_rviz' build argument 'catkin_cmake_args' from command line to 'None'
[0.310s] Level 5:colcon.colcon_core.verb:set package 'dobot_rviz' build argument 'catkin_skip_building_tests' from command line to 'False'
[0.310s] DEBUG:colcon.colcon_core.verb:Building package 'dobot_rviz' with the following arguments: {'ament_cmake_args': None, 'build_base': '/home/huahai/dobot_ws/build/dobot_rviz', 'catkin_cmake_args': None, 'catkin_skip_building_tests': False, 'cmake_args': None, 'cmake_clean_cache': False, 'cmake_clean_first': False, 'cmake_force_configure': False, 'cmake_target': None, 'cmake_target_skip_unavailable': False, 'install_base': '/home/huahai/dobot_ws/install/dobot_rviz', 'merge_install': False, 'path': '/home/huahai/dobot_ws/src/DOBOT_6Axis_ROS2_V3/dobot_rviz', 'symlink_install': False, 'test_result_base': None}
[0.310s] Level 5:colcon.colcon_core.verb:set package 'servo_action' build argument 'cmake_args' from command line to 'None'
[0.310s] Level 5:colcon.colcon_core.verb:set package 'servo_action' build argument 'cmake_target' from command line to 'None'
[0.310s] Level 5:colcon.colcon_core.verb:set package 'servo_action' build argument 'cmake_target_skip_unavailable' from command line to 'False'
[0.310s] Level 5:colcon.colcon_core.verb:set package 'servo_action' build argument 'cmake_clean_cache' from command line to 'False'
[0.310s] Level 5:colcon.colcon_core.verb:set package 'servo_action' build argument 'cmake_clean_first' from command line to 'False'
[0.310s] Level 5:colcon.colcon_core.verb:set package 'servo_action' build argument 'cmake_force_configure' from command line to 'False'
[0.310s] Level 5:colcon.colcon_core.verb:set package 'servo_action' build argument 'ament_cmake_args' from command line to 'None'
[0.310s] Level 5:colcon.colcon_core.verb:set package 'servo_action' build argument 'catkin_cmake_args' from command line to 'None'
[0.310s] Level 5:colcon.colcon_core.verb:set package 'servo_action' build argument 'catkin_skip_building_tests' from command line to 'False'
[0.310s] DEBUG:colcon.colcon_core.verb:Building package 'servo_action' with the following arguments: {'ament_cmake_args': None, 'build_base': '/home/huahai/dobot_ws/build/servo_action', 'catkin_cmake_args': None, 'catkin_skip_building_tests': False, 'cmake_args': None, 'cmake_clean_cache': False, 'cmake_clean_first': False, 'cmake_force_configure': False, 'cmake_target': None, 'cmake_target_skip_unavailable': False, 'install_base': '/home/huahai/dobot_ws/install/servo_action', 'merge_install': False, 'path': '/home/huahai/dobot_ws/src/DOBOT_6Axis_ROS2_V3/servo_action', 'symlink_install': False, 'test_result_base': None}
[0.310s] Level 5:colcon.colcon_core.verb:set package 'cr10_moveit' build argument 'cmake_args' from command line to 'None'
[0.311s] Level 5:colcon.colcon_core.verb:set package 'cr10_moveit' build argument 'cmake_target' from command line to 'None'
[0.311s] Level 5:colcon.colcon_core.verb:set package 'cr10_moveit' build argument 'cmake_target_skip_unavailable' from command line to 'False'
[0.311s] Level 5:colcon.colcon_core.verb:set package 'cr10_moveit' build argument 'cmake_clean_cache' from command line to 'False'
[0.311s] Level 5:colcon.colcon_core.verb:set package 'cr10_moveit' build argument 'cmake_clean_first' from command line to 'False'
[0.311s] Level 5:colcon.colcon_core.verb:set package 'cr10_moveit' build argument 'cmake_force_configure' from command line to 'False'
[0.311s] Level 5:colcon.colcon_core.verb:set package 'cr10_moveit' build argument 'ament_cmake_args' from command line to 'None'
[0.311s] Level 5:colcon.colcon_core.verb:set package 'cr10_moveit' build argument 'catkin_cmake_args' from command line to 'None'
[0.311s] Level 5:colcon.colcon_core.verb:set package 'cr10_moveit' build argument 'catkin_skip_building_tests' from command line to 'False'
[0.311s] DEBUG:colcon.colcon_core.verb:Building package 'cr10_moveit' with the following arguments: {'ament_cmake_args': None, 'build_base': '/home/huahai/dobot_ws/build/cr10_moveit', 'catkin_cmake_args': None, 'catkin_skip_building_tests': False, 'cmake_args': None, 'cmake_clean_cache': False, 'cmake_clean_first': False, 'cmake_force_configure': False, 'cmake_target': None, 'cmake_target_skip_unavailable': False, 'install_base': '/home/huahai/dobot_ws/install/cr10_moveit', 'merge_install': False, 'path': '/home/huahai/dobot_ws/src/DOBOT_6Axis_ROS2_V3/cr10_moveit', 'symlink_install': False, 'test_result_base': None}
[0.311s] Level 5:colcon.colcon_core.verb:set package 'cr12_moveit' build argument 'cmake_args' from command line to 'None'
[0.311s] Level 5:colcon.colcon_core.verb:set package 'cr12_moveit' build argument 'cmake_target' from command line to 'None'
[0.311s] Level 5:colcon.colcon_core.verb:set package 'cr12_moveit' build argument 'cmake_target_skip_unavailable' from command line to 'False'
[0.311s] Level 5:colcon.colcon_core.verb:set package 'cr12_moveit' build argument 'cmake_clean_cache' from command line to 'False'
[0.311s] Level 5:colcon.colcon_core.verb:set package 'cr12_moveit' build argument 'cmake_clean_first' from command line to 'False'
[0.311s] Level 5:colcon.colcon_core.verb:set package 'cr12_moveit' build argument 'cmake_force_configure' from command line to 'False'
[0.311s] Level 5:colcon.colcon_core.verb:set package 'cr12_moveit' build argument 'ament_cmake_args' from command line to 'None'
[0.311s] Level 5:colcon.colcon_core.verb:set package 'cr12_moveit' build argument 'catkin_cmake_args' from command line to 'None'
[0.311s] Level 5:colcon.colcon_core.verb:set package 'cr12_moveit' build argument 'catkin_skip_building_tests' from command line to 'False'
[0.311s] DEBUG:colcon.colcon_core.verb:Building package 'cr12_moveit' with the following arguments: {'ament_cmake_args': None, 'build_base': '/home/huahai/dobot_ws/build/cr12_moveit', 'catkin_cmake_args': None, 'catkin_skip_building_tests': False, 'cmake_args': None, 'cmake_clean_cache': False, 'cmake_clean_first': False, 'cmake_force_configure': False, 'cmake_target': None, 'cmake_target_skip_unavailable': False, 'install_base': '/home/huahai/dobot_ws/install/cr12_moveit', 'merge_install': False, 'path': '/home/huahai/dobot_ws/src/DOBOT_6Axis_ROS2_V3/cr12_moveit', 'symlink_install': False, 'test_result_base': None}
[0.311s] Level 5:colcon.colcon_core.verb:set package 'cr16_moveit' build argument 'cmake_args' from command line to 'None'
[0.312s] Level 5:colcon.colcon_core.verb:set package 'cr16_moveit' build argument 'cmake_target' from command line to 'None'
[0.312s] Level 5:colcon.colcon_core.verb:set package 'cr16_moveit' build argument 'cmake_target_skip_unavailable' from command line to 'False'
[0.312s] Level 5:colcon.colcon_core.verb:set package 'cr16_moveit' build argument 'cmake_clean_cache' from command line to 'False'
[0.312s] Level 5:colcon.colcon_core.verb:set package 'cr16_moveit' build argument 'cmake_clean_first' from command line to 'False'
[0.312s] Level 5:colcon.colcon_core.verb:set package 'cr16_moveit' build argument 'cmake_force_configure' from command line to 'False'
[0.312s] Level 5:colcon.colcon_core.verb:set package 'cr16_moveit' build argument 'ament_cmake_args' from command line to 'None'
[0.312s] Level 5:colcon.colcon_core.verb:set package 'cr16_moveit' build argument 'catkin_cmake_args' from command line to 'None'
[0.312s] Level 5:colcon.colcon_core.verb:set package 'cr16_moveit' build argument 'catkin_skip_building_tests' from command line to 'False'
[0.312s] DEBUG:colcon.colcon_core.verb:Building package 'cr16_moveit' with the following arguments: {'ament_cmake_args': None, 'build_base': '/home/huahai/dobot_ws/build/cr16_moveit', 'catkin_cmake_args': None, 'catkin_skip_building_tests': False, 'cmake_args': None, 'cmake_clean_cache': False, 'cmake_clean_first': False, 'cmake_force_configure': False, 'cmake_target': None, 'cmake_target_skip_unavailable': False, 'install_base': '/home/huahai/dobot_ws/install/cr16_moveit', 'merge_install': False, 'path': '/home/huahai/dobot_ws/src/DOBOT_6Axis_ROS2_V3/cr16_moveit', 'symlink_install': False, 'test_result_base': None}
[0.312s] Level 5:colcon.colcon_core.verb:set package 'cr3_moveit' build argument 'cmake_args' from command line to 'None'
[0.312s] Level 5:colcon.colcon_core.verb:set package 'cr3_moveit' build argument 'cmake_target' from command line to 'None'
[0.312s] Level 5:colcon.colcon_core.verb:set package 'cr3_moveit' build argument 'cmake_target_skip_unavailable' from command line to 'False'
[0.312s] Level 5:colcon.colcon_core.verb:set package 'cr3_moveit' build argument 'cmake_clean_cache' from command line to 'False'
[0.312s] Level 5:colcon.colcon_core.verb:set package 'cr3_moveit' build argument 'cmake_clean_first' from command line to 'False'
[0.312s] Level 5:colcon.colcon_core.verb:set package 'cr3_moveit' build argument 'cmake_force_configure' from command line to 'False'
[0.312s] Level 5:colcon.colcon_core.verb:set package 'cr3_moveit' build argument 'ament_cmake_args' from command line to 'None'
[0.312s] Level 5:colcon.colcon_core.verb:set package 'cr3_moveit' build argument 'catkin_cmake_args' from command line to 'None'
[0.312s] Level 5:colcon.colcon_core.verb:set package 'cr3_moveit' build argument 'catkin_skip_building_tests' from command line to 'False'
[0.312s] DEBUG:colcon.colcon_core.verb:Building package 'cr3_moveit' with the following arguments: {'ament_cmake_args': None, 'build_base': '/home/huahai/dobot_ws/build/cr3_moveit', 'catkin_cmake_args': None, 'catkin_skip_building_tests': False, 'cmake_args': None, 'cmake_clean_cache': False, 'cmake_clean_first': False, 'cmake_force_configure': False, 'cmake_target': None, 'cmake_target_skip_unavailable': False, 'install_base': '/home/huahai/dobot_ws/install/cr3_moveit', 'merge_install': False, 'path': '/home/huahai/dobot_ws/src/DOBOT_6Axis_ROS2_V3/cr3_moveit', 'symlink_install': False, 'test_result_base': None}
[0.312s] Level 5:colcon.colcon_core.verb:set package 'cr5_moveit' build argument 'cmake_args' from command line to 'None'
[0.312s] Level 5:colcon.colcon_core.verb:set package 'cr5_moveit' build argument 'cmake_target' from command line to 'None'
[0.312s] Level 5:colcon.colcon_core.verb:set package 'cr5_moveit' build argument 'cmake_target_skip_unavailable' from command line to 'False'
[0.312s] Level 5:colcon.colcon_core.verb:set package 'cr5_moveit' build argument 'cmake_clean_cache' from command line to 'False'
[0.312s] Level 5:colcon.colcon_core.verb:set package 'cr5_moveit' build argument 'cmake_clean_first' from command line to 'False'
[0.312s] Level 5:colcon.colcon_core.verb:set package 'cr5_moveit' build argument 'cmake_force_configure' from command line to 'False'
[0.312s] Level 5:colcon.colcon_core.verb:set package 'cr5_moveit' build argument 'ament_cmake_args' from command line to 'None'
[0.312s] Level 5:colcon.colcon_core.verb:set package 'cr5_moveit' build argument 'catkin_cmake_args' from command line to 'None'
[0.312s] Level 5:colcon.colcon_core.verb:set package 'cr5_moveit' build argument 'catkin_skip_building_tests' from command line to 'False'
[0.312s] DEBUG:colcon.colcon_core.verb:Building package 'cr5_moveit' with the following arguments: {'ament_cmake_args': None, 'build_base': '/home/huahai/dobot_ws/build/cr5_moveit', 'catkin_cmake_args': None, 'catkin_skip_building_tests': False, 'cmake_args': None, 'cmake_clean_cache': False, 'cmake_clean_first': False, 'cmake_force_configure': False, 'cmake_target': None, 'cmake_target_skip_unavailable': False, 'install_base': '/home/huahai/dobot_ws/install/cr5_moveit', 'merge_install': False, 'path': '/home/huahai/dobot_ws/src/DOBOT_6Axis_ROS2_V3/cr5_moveit', 'symlink_install': False, 'test_result_base': None}
[0.313s] Level 5:colcon.colcon_core.verb:set package 'cr7_moveit' build argument 'cmake_args' from command line to 'None'
[0.313s] Level 5:colcon.colcon_core.verb:set package 'cr7_moveit' build argument 'cmake_target' from command line to 'None'
[0.313s] Level 5:colcon.colcon_core.verb:set package 'cr7_moveit' build argument 'cmake_target_skip_unavailable' from command line to 'False'
[0.313s] Level 5:colcon.colcon_core.verb:set package 'cr7_moveit' build argument 'cmake_clean_cache' from command line to 'False'
[0.313s] Level 5:colcon.colcon_core.verb:set package 'cr7_moveit' build argument 'cmake_clean_first' from command line to 'False'
[0.313s] Level 5:colcon.colcon_core.verb:set package 'cr7_moveit' build argument 'cmake_force_configure' from command line to 'False'
[0.313s] Level 5:colcon.colcon_core.verb:set package 'cr7_moveit' build argument 'ament_cmake_args' from command line to 'None'
[0.313s] Level 5:colcon.colcon_core.verb:set package 'cr7_moveit' build argument 'catkin_cmake_args' from command line to 'None'
[0.313s] Level 5:colcon.colcon_core.verb:set package 'cr7_moveit' build argument 'catkin_skip_building_tests' from command line to 'False'
[0.313s] DEBUG:colcon.colcon_core.verb:Building package 'cr7_moveit' with the following arguments: {'ament_cmake_args': None, 'build_base': '/home/huahai/dobot_ws/build/cr7_moveit', 'catkin_cmake_args': None, 'catkin_skip_building_tests': False, 'cmake_args': None, 'cmake_clean_cache': False, 'cmake_clean_first': False, 'cmake_force_configure': False, 'cmake_target': None, 'cmake_target_skip_unavailable': False, 'install_base': '/home/huahai/dobot_ws/install/cr7_moveit', 'merge_install': False, 'path': '/home/huahai/dobot_ws/src/DOBOT_6Axis_ROS2_V3/cr7_moveit', 'symlink_install': False, 'test_result_base': None}
[0.314s] Level 5:colcon.colcon_core.verb:set package 'dobot_bringup_v3' build argument 'cmake_args' from command line to 'None'
[0.314s] Level 5:colcon.colcon_core.verb:set package 'dobot_bringup_v3' build argument 'cmake_target' from command line to 'None'
[0.314s] Level 5:colcon.colcon_core.verb:set package 'dobot_bringup_v3' build argument 'cmake_target_skip_unavailable' from command line to 'False'
[0.314s] Level 5:colcon.colcon_core.verb:set package 'dobot_bringup_v3' build argument 'cmake_clean_cache' from command line to 'False'
[0.314s] Level 5:colcon.colcon_core.verb:set package 'dobot_bringup_v3' build argument 'cmake_clean_first' from command line to 'False'
[0.314s] Level 5:colcon.colcon_core.verb:set package 'dobot_bringup_v3' build argument 'cmake_force_configure' from command line to 'False'
[0.314s] Level 5:colcon.colcon_core.verb:set package 'dobot_bringup_v3' build argument 'ament_cmake_args' from command line to 'None'
[0.314s] Level 5:colcon.colcon_core.verb:set package 'dobot_bringup_v3' build argument 'catkin_cmake_args' from command line to 'None'
[0.314s] Level 5:colcon.colcon_core.verb:set package 'dobot_bringup_v3' build argument 'catkin_skip_building_tests' from command line to 'False'
[0.314s] DEBUG:colcon.colcon_core.verb:Building package 'dobot_bringup_v3' with the following arguments: {'ament_cmake_args': None, 'build_base': '/home/huahai/dobot_ws/build/dobot_bringup_v3', 'catkin_cmake_args': None, 'catkin_skip_building_tests': False, 'cmake_args': None, 'cmake_clean_cache': False, 'cmake_clean_first': False, 'cmake_force_configure': False, 'cmake_target': None, 'cmake_target_skip_unavailable': False, 'install_base': '/home/huahai/dobot_ws/install/dobot_bringup_v3', 'merge_install': False, 'path': '/home/huahai/dobot_ws/src/DOBOT_6Axis_ROS2_V3/dobot_bringup_v3', 'symlink_install': False, 'test_result_base': None}
[0.314s] Level 5:colcon.colcon_core.verb:set package 'dobot_gazebo' build argument 'cmake_args' from command line to 'None'
[0.314s] Level 5:colcon.colcon_core.verb:set package 'dobot_gazebo' build argument 'cmake_target' from command line to 'None'
[0.314s] Level 5:colcon.colcon_core.verb:set package 'dobot_gazebo' build argument 'cmake_target_skip_unavailable' from command line to 'False'
[0.314s] Level 5:colcon.colcon_core.verb:set package 'dobot_gazebo' build argument 'cmake_clean_cache' from command line to 'False'
[0.314s] Level 5:colcon.colcon_core.verb:set package 'dobot_gazebo' build argument 'cmake_clean_first' from command line to 'False'
[0.314s] Level 5:colcon.colcon_core.verb:set package 'dobot_gazebo' build argument 'cmake_force_configure' from command line to 'False'
[0.314s] Level 5:colcon.colcon_core.verb:set package 'dobot_gazebo' build argument 'ament_cmake_args' from command line to 'None'
[0.314s] Level 5:colcon.colcon_core.verb:set package 'dobot_gazebo' build argument 'catkin_cmake_args' from command line to 'None'
[0.314s] Level 5:colcon.colcon_core.verb:set package 'dobot_gazebo' build argument 'catkin_skip_building_tests' from command line to 'False'
[0.314s] DEBUG:colcon.colcon_core.verb:Building package 'dobot_gazebo' with the following arguments: {'ament_cmake_args': None, 'build_base': '/home/huahai/dobot_ws/build/dobot_gazebo', 'catkin_cmake_args': None, 'catkin_skip_building_tests': False, 'cmake_args': None, 'cmake_clean_cache': False, 'cmake_clean_first': False, 'cmake_force_configure': False, 'cmake_target': None, 'cmake_target_skip_unavailable': False, 'install_base': '/home/huahai/dobot_ws/install/dobot_gazebo', 'merge_install': False, 'path': '/home/huahai/dobot_ws/src/DOBOT_6Axis_ROS2_V3/dobot_gazebo', 'symlink_install': False, 'test_result_base': None}
[0.314s] Level 5:colcon.colcon_core.verb:set package 'nova2_moveit' build argument 'cmake_args' from command line to 'None'
[0.314s] Level 5:colcon.colcon_core.verb:set package 'nova2_moveit' build argument 'cmake_target' from command line to 'None'
[0.314s] Level 5:colcon.colcon_core.verb:set package 'nova2_moveit' build argument 'cmake_target_skip_unavailable' from command line to 'False'
[0.314s] Level 5:colcon.colcon_core.verb:set package 'nova2_moveit' build argument 'cmake_clean_cache' from command line to 'False'
[0.314s] Level 5:colcon.colcon_core.verb:set package 'nova2_moveit' build argument 'cmake_clean_first' from command line to 'False'
[0.314s] Level 5:colcon.colcon_core.verb:set package 'nova2_moveit' build argument 'cmake_force_configure' from command line to 'False'
[0.315s] Level 5:colcon.colcon_core.verb:set package 'nova2_moveit' build argument 'ament_cmake_args' from command line to 'None'
[0.315s] Level 5:colcon.colcon_core.verb:set package 'nova2_moveit' build argument 'catkin_cmake_args' from command line to 'None'
[0.315s] Level 5:colcon.colcon_core.verb:set package 'nova2_moveit' build argument 'catkin_skip_building_tests' from command line to 'False'
[0.315s] DEBUG:colcon.colcon_core.verb:Building package 'nova2_moveit' with the following arguments: {'ament_cmake_args': None, 'build_base': '/home/huahai/dobot_ws/build/nova2_moveit', 'catkin_cmake_args': None, 'catkin_skip_building_tests': False, 'cmake_args': None, 'cmake_clean_cache': False, 'cmake_clean_first': False, 'cmake_force_configure': False, 'cmake_target': None, 'cmake_target_skip_unavailable': False, 'install_base': '/home/huahai/dobot_ws/install/nova2_moveit', 'merge_install': False, 'path': '/home/huahai/dobot_ws/src/DOBOT_6Axis_ROS2_V3/nova2_moveit', 'symlink_install': False, 'test_result_base': None}
[0.315s] Level 5:colcon.colcon_core.verb:set package 'nova5_moveit' build argument 'cmake_args' from command line to 'None'
[0.315s] Level 5:colcon.colcon_core.verb:set package 'nova5_moveit' build argument 'cmake_target' from command line to 'None'
[0.315s] Level 5:colcon.colcon_core.verb:set package 'nova5_moveit' build argument 'cmake_target_skip_unavailable' from command line to 'False'
[0.315s] Level 5:colcon.colcon_core.verb:set package 'nova5_moveit' build argument 'cmake_clean_cache' from command line to 'False'
[0.315s] Level 5:colcon.colcon_core.verb:set package 'nova5_moveit' build argument 'cmake_clean_first' from command line to 'False'
[0.315s] Level 5:colcon.colcon_core.verb:set package 'nova5_moveit' build argument 'cmake_force_configure' from command line to 'False'
[0.315s] Level 5:colcon.colcon_core.verb:set package 'nova5_moveit' build argument 'ament_cmake_args' from command line to 'None'
[0.315s] Level 5:colcon.colcon_core.verb:set package 'nova5_moveit' build argument 'catkin_cmake_args' from command line to 'None'
[0.315s] Level 5:colcon.colcon_core.verb:set package 'nova5_moveit' build argument 'catkin_skip_building_tests' from command line to 'False'
[0.315s] DEBUG:colcon.colcon_core.verb:Building package 'nova5_moveit' with the following arguments: {'ament_cmake_args': None, 'build_base': '/home/huahai/dobot_ws/build/nova5_moveit', 'catkin_cmake_args': None, 'catkin_skip_building_tests': False, 'cmake_args': None, 'cmake_clean_cache': False, 'cmake_clean_first': False, 'cmake_force_configure': False, 'cmake_target': None, 'cmake_target_skip_unavailable': False, 'install_base': '/home/huahai/dobot_ws/install/nova5_moveit', 'merge_install': False, 'path': '/home/huahai/dobot_ws/src/DOBOT_6Axis_ROS2_V3/nova5_moveit', 'symlink_install': False, 'test_result_base': None}
[0.315s] Level 5:colcon.colcon_core.verb:set package 'qt_robot_control' build argument 'cmake_args' from command line to 'None'
[0.315s] Level 5:colcon.colcon_core.verb:set package 'qt_robot_control' build argument 'cmake_target' from command line to 'None'
[0.315s] Level 5:colcon.colcon_core.verb:set package 'qt_robot_control' build argument 'cmake_target_skip_unavailable' from command line to 'False'
[0.315s] Level 5:colcon.colcon_core.verb:set package 'qt_robot_control' build argument 'cmake_clean_cache' from command line to 'False'
[0.315s] Level 5:colcon.colcon_core.verb:set package 'qt_robot_control' build argument 'cmake_clean_first' from command line to 'False'
[0.315s] Level 5:colcon.colcon_core.verb:set package 'qt_robot_control' build argument 'cmake_force_configure' from command line to 'False'
[0.315s] Level 5:colcon.colcon_core.verb:set package 'qt_robot_control' build argument 'ament_cmake_args' from command line to 'None'
[0.315s] Level 5:colcon.colcon_core.verb:set package 'qt_robot_control' build argument 'catkin_cmake_args' from command line to 'None'
[0.315s] Level 5:colcon.colcon_core.verb:set package 'qt_robot_control' build argument 'catkin_skip_building_tests' from command line to 'False'
[0.315s] DEBUG:colcon.colcon_core.verb:Building package 'qt_robot_control' with the following arguments: {'ament_cmake_args': None, 'build_base': '/home/huahai/dobot_ws/build/qt_robot_control', 'catkin_cmake_args': None, 'catkin_skip_building_tests': False, 'cmake_args': None, 'cmake_clean_cache': False, 'cmake_clean_first': False, 'cmake_force_configure': False, 'cmake_target': None, 'cmake_target_skip_unavailable': False, 'install_base': '/home/huahai/dobot_ws/install/qt_robot_control', 'merge_install': False, 'path': '/home/huahai/dobot_ws/src/qt_robot_control', 'symlink_install': False, 'test_result_base': None}
[0.315s] Level 5:colcon.colcon_core.verb:set package 'robot_control_api' build argument 'cmake_args' from command line to 'None'
[0.315s] Level 5:colcon.colcon_core.verb:set package 'robot_control_api' build argument 'cmake_target' from command line to 'None'
[0.316s] Level 5:colcon.colcon_core.verb:set package 'robot_control_api' build argument 'cmake_target_skip_unavailable' from command line to 'False'
[0.316s] Level 5:colcon.colcon_core.verb:set package 'robot_control_api' build argument 'cmake_clean_cache' from command line to 'False'
[0.316s] Level 5:colcon.colcon_core.verb:set package 'robot_control_api' build argument 'cmake_clean_first' from command line to 'False'
[0.316s] Level 5:colcon.colcon_core.verb:set package 'robot_control_api' build argument 'cmake_force_configure' from command line to 'False'
[0.316s] Level 5:colcon.colcon_core.verb:set package 'robot_control_api' build argument 'ament_cmake_args' from command line to 'None'
[0.316s] Level 5:colcon.colcon_core.verb:set package 'robot_control_api' build argument 'catkin_cmake_args' from command line to 'None'
[0.316s] Level 5:colcon.colcon_core.verb:set package 'robot_control_api' build argument 'catkin_skip_building_tests' from command line to 'False'
[0.316s] DEBUG:colcon.colcon_core.verb:Building package 'robot_control_api' with the following arguments: {'ament_cmake_args': None, 'build_base': '/home/huahai/dobot_ws/build/robot_control_api', 'catkin_cmake_args': None, 'catkin_skip_building_tests': False, 'cmake_args': None, 'cmake_clean_cache': False, 'cmake_clean_first': False, 'cmake_force_configure': False, 'cmake_target': None, 'cmake_target_skip_unavailable': False, 'install_base': '/home/huahai/dobot_ws/install/robot_control_api', 'merge_install': False, 'path': '/home/huahai/dobot_ws/src/robot_control_api', 'symlink_install': False, 'test_result_base': None}
[0.316s] INFO:colcon.colcon_core.executor:Executing jobs using 'parallel' executor
[0.317s] DEBUG:colcon.colcon_parallel_executor.executor.parallel:run_until_complete
[0.317s] INFO:colcon.colcon_ros.task.ament_cmake.build:Building ROS package in '/home/huahai/dobot_ws/src/DOBOT_6Axis_ROS2_V3/dobot_rviz' with build type 'ament_cmake'
[0.317s] INFO:colcon.colcon_cmake.task.cmake.build:Building CMake package in '/home/huahai/dobot_ws/src/DOBOT_6Axis_ROS2_V3/dobot_rviz'
[0.321s] INFO:colcon.colcon_core.plugin_system:Skipping extension 'colcon_core.shell.bat': Not used on non-Windows systems
[0.321s] INFO:colcon.colcon_core.shell:Skip shell extension 'powershell' for command environment: Not usable outside of PowerShell
[0.321s] DEBUG:colcon.colcon_core.shell:Skip shell extension 'dsv' for command environment
[0.328s] INFO:colcon.colcon_ros.task.ament_cmake.build:Building ROS package in '/home/huahai/dobot_ws/src/DOBOT_6Axis_ROS2_V3/dobot_msgs_v3' with build type 'ament_cmake'
[0.328s] INFO:colcon.colcon_cmake.task.cmake.build:Building CMake package in '/home/huahai/dobot_ws/src/DOBOT_6Axis_ROS2_V3/dobot_msgs_v3'
[0.328s] INFO:colcon.colcon_core.shell:Skip shell extension 'powershell' for command environment: Not usable outside of PowerShell
[0.328s] DEBUG:colcon.colcon_core.shell:Skip shell extension 'dsv' for command environment
[0.342s] DEBUG:colcon.colcon_core.event_handler.log_command:Invoking command in '/home/huahai/dobot_ws/build/dobot_rviz': CMAKE_PREFIX_PATH=${CMAKE_PREFIX_PATH}:/home/huahai/dobot_ws/install/robot_control_api:/home/huahai/dobot_ws/install/qt_robot_control:/home/huahai/dobot_ws/install/servo_action:/home/huahai/dobot_ws/install/dobot_bringup_v3:/home/huahai/dobot_ws/install/dobot_moveit:/home/huahai/dobot_ws/install/dobot_demo:/opt/ros/humble /usr/bin/cmake --build /home/huahai/dobot_ws/build/dobot_rviz -- -j2 -l2
[0.355s] DEBUG:colcon.colcon_core.event_handler.log_command:Invoking command in '/home/huahai/dobot_ws/build/dobot_msgs_v3': CMAKE_PREFIX_PATH=${CMAKE_PREFIX_PATH}:/home/huahai/dobot_ws/install/robot_control_api:/home/huahai/dobot_ws/install/qt_robot_control:/home/huahai/dobot_ws/install/servo_action:/home/huahai/dobot_ws/install/dobot_bringup_v3:/home/huahai/dobot_ws/install/dobot_moveit:/home/huahai/dobot_ws/install/dobot_demo:/opt/ros/humble /usr/bin/cmake --build /home/huahai/dobot_ws/build/dobot_msgs_v3 -- -j2 -l2
[0.446s] DEBUG:colcon.colcon_core.event_handler.log_command:Invoked command in '/home/huahai/dobot_ws/build/dobot_rviz' returned '0': CMAKE_PREFIX_PATH=${CMAKE_PREFIX_PATH}:/home/huahai/dobot_ws/install/robot_control_api:/home/huahai/dobot_ws/install/qt_robot_control:/home/huahai/dobot_ws/install/servo_action:/home/huahai/dobot_ws/install/dobot_bringup_v3:/home/huahai/dobot_ws/install/dobot_moveit:/home/huahai/dobot_ws/install/dobot_demo:/opt/ros/humble /usr/bin/cmake --build /home/huahai/dobot_ws/build/dobot_rviz -- -j2 -l2
[0.459s] DEBUG:colcon.colcon_core.event_handler.log_command:Invoking command in '/home/huahai/dobot_ws/build/dobot_rviz': CMAKE_PREFIX_PATH=${CMAKE_PREFIX_PATH}:/home/huahai/dobot_ws/install/robot_control_api:/home/huahai/dobot_ws/install/qt_robot_control:/home/huahai/dobot_ws/install/servo_action:/home/huahai/dobot_ws/install/dobot_bringup_v3:/home/huahai/dobot_ws/install/dobot_moveit:/home/huahai/dobot_ws/install/dobot_demo:/opt/ros/humble /usr/bin/cmake --install /home/huahai/dobot_ws/build/dobot_rviz
[0.478s] Level 1:colcon.colcon_core.environment:create_environment_scripts_only(dobot_rviz)
[0.480s] Level 1:colcon.colcon_core.environment:checking '/home/huahai/dobot_ws/install/dobot_rviz' for CMake module files
[0.480s] DEBUG:colcon.colcon_core.event_handler.log_command:Invoked command in '/home/huahai/dobot_ws/build/dobot_rviz' returned '0': CMAKE_PREFIX_PATH=${CMAKE_PREFIX_PATH}:/home/huahai/dobot_ws/install/robot_control_api:/home/huahai/dobot_ws/install/qt_robot_control:/home/huahai/dobot_ws/install/servo_action:/home/huahai/dobot_ws/install/dobot_bringup_v3:/home/huahai/dobot_ws/install/dobot_moveit:/home/huahai/dobot_ws/install/dobot_demo:/opt/ros/humble /usr/bin/cmake --install /home/huahai/dobot_ws/build/dobot_rviz
[0.481s] Level 1:colcon.colcon_core.environment:checking '/home/huahai/dobot_ws/install/dobot_rviz' for CMake config files
[0.481s] Level 1:colcon.colcon_core.shell:create_environment_hook('dobot_rviz', 'cmake_prefix_path')
[0.481s] INFO:colcon.colcon_core.shell:Creating environment hook '/home/huahai/dobot_ws/install/dobot_rviz/share/dobot_rviz/hook/cmake_prefix_path.ps1'
[0.482s] INFO:colcon.colcon_core.shell:Creating environment descriptor '/home/huahai/dobot_ws/install/dobot_rviz/share/dobot_rviz/hook/cmake_prefix_path.dsv'
[0.486s] INFO:colcon.colcon_core.shell:Creating environment hook '/home/huahai/dobot_ws/install/dobot_rviz/share/dobot_rviz/hook/cmake_prefix_path.sh'
[0.488s] Level 1:colcon.colcon_core.environment:checking '/home/huahai/dobot_ws/install/dobot_rviz/bin'
[0.488s] Level 1:colcon.colcon_core.environment:checking '/home/huahai/dobot_ws/install/dobot_rviz/lib/pkgconfig/dobot_rviz.pc'
[0.488s] Level 1:colcon.colcon_core.environment:checking '/home/huahai/dobot_ws/install/dobot_rviz/lib/python3.10/site-packages'
[0.489s] Level 1:colcon.colcon_core.environment:checking '/home/huahai/dobot_ws/install/dobot_rviz/bin'
[0.489s] INFO:colcon.colcon_core.shell:Creating package script '/home/huahai/dobot_ws/install/dobot_rviz/share/dobot_rviz/package.ps1'
[0.490s] INFO:colcon.colcon_core.shell:Creating package descriptor '/home/huahai/dobot_ws/install/dobot_rviz/share/dobot_rviz/package.dsv'
[0.490s] INFO:colcon.colcon_core.shell:Creating package script '/home/huahai/dobot_ws/install/dobot_rviz/share/dobot_rviz/package.sh'
[0.491s] INFO:colcon.colcon_core.shell:Creating package script '/home/huahai/dobot_ws/install/dobot_rviz/share/dobot_rviz/package.bash'
[0.492s] INFO:colcon.colcon_core.shell:Creating package script '/home/huahai/dobot_ws/install/dobot_rviz/share/dobot_rviz/package.zsh'
[0.492s] Level 1:colcon.colcon_core.environment:create_file_with_runtime_dependencies(/home/huahai/dobot_ws/install/dobot_rviz/share/colcon-core/packages/dobot_rviz)
[0.492s] Level 1:colcon.colcon_core.environment:create_environment_scripts_only(dobot_rviz)
[0.493s] Level 1:colcon.colcon_core.environment:checking '/home/huahai/dobot_ws/install/dobot_rviz' for CMake module files
[0.494s] Level 1:colcon.colcon_core.environment:checking '/home/huahai/dobot_ws/install/dobot_rviz' for CMake config files
[0.494s] Level 1:colcon.colcon_core.shell:create_environment_hook('dobot_rviz', 'cmake_prefix_path')
[0.494s] INFO:colcon.colcon_core.shell:Creating environment hook '/home/huahai/dobot_ws/install/dobot_rviz/share/dobot_rviz/hook/cmake_prefix_path.ps1'
[0.494s] INFO:colcon.colcon_core.shell:Creating environment descriptor '/home/huahai/dobot_ws/install/dobot_rviz/share/dobot_rviz/hook/cmake_prefix_path.dsv'
[0.495s] INFO:colcon.colcon_core.shell:Creating environment hook '/home/huahai/dobot_ws/install/dobot_rviz/share/dobot_rviz/hook/cmake_prefix_path.sh'
[0.495s] Level 1:colcon.colcon_core.environment:checking '/home/huahai/dobot_ws/install/dobot_rviz/bin'
[0.495s] Level 1:colcon.colcon_core.environment:checking '/home/huahai/dobot_ws/install/dobot_rviz/lib/pkgconfig/dobot_rviz.pc'
[0.495s] Level 1:colcon.colcon_core.environment:checking '/home/huahai/dobot_ws/install/dobot_rviz/lib/python3.10/site-packages'
[0.496s] Level 1:colcon.colcon_core.environment:checking '/home/huahai/dobot_ws/install/dobot_rviz/bin'
[0.496s] INFO:colcon.colcon_core.shell:Creating package script '/home/huahai/dobot_ws/install/dobot_rviz/share/dobot_rviz/package.ps1'
[0.496s] INFO:colcon.colcon_core.shell:Creating package descriptor '/home/huahai/dobot_ws/install/dobot_rviz/share/dobot_rviz/package.dsv'
[0.497s] INFO:colcon.colcon_core.shell:Creating package script '/home/huahai/dobot_ws/install/dobot_rviz/share/dobot_rviz/package.sh'
[0.497s] INFO:colcon.colcon_core.shell:Creating package script '/home/huahai/dobot_ws/install/dobot_rviz/share/dobot_rviz/package.bash'
[0.497s] INFO:colcon.colcon_core.shell:Creating package script '/home/huahai/dobot_ws/install/dobot_rviz/share/dobot_rviz/package.zsh'
[0.498s] Level 1:colcon.colcon_core.environment:create_file_with_runtime_dependencies(/home/huahai/dobot_ws/install/dobot_rviz/share/colcon-core/packages/dobot_rviz)
[0.499s] INFO:colcon.colcon_ros.task.ament_cmake.build:Building ROS package in '/home/huahai/dobot_ws/src/DOBOT_6Axis_ROS2_V3/cra_description' with build type 'ament_cmake'
[0.499s] INFO:colcon.colcon_cmake.task.cmake.build:Building CMake package in '/home/huahai/dobot_ws/src/DOBOT_6Axis_ROS2_V3/cra_description'
[0.500s] INFO:colcon.colcon_core.shell:Skip shell extension 'powershell' for command environment: Not usable outside of PowerShell
[0.500s] DEBUG:colcon.colcon_core.shell:Skip shell extension 'dsv' for command environment
[0.515s] DEBUG:colcon.colcon_core.event_handler.log_command:Invoking command in '/home/huahai/dobot_ws/build/cra_description': CMAKE_PREFIX_PATH=${CMAKE_PREFIX_PATH}:/home/huahai/dobot_ws/install/robot_control_api:/home/huahai/dobot_ws/install/qt_robot_control:/home/huahai/dobot_ws/install/servo_action:/home/huahai/dobot_ws/install/dobot_bringup_v3:/home/huahai/dobot_ws/install/dobot_moveit:/home/huahai/dobot_ws/install/dobot_demo:/opt/ros/humble /usr/bin/cmake --build /home/huahai/dobot_ws/build/cra_description -- -j2 -l2
[0.588s] DEBUG:colcon.colcon_core.event_handler.log_command:Invoked command in '/home/huahai/dobot_ws/build/cra_description' returned '0': CMAKE_PREFIX_PATH=${CMAKE_PREFIX_PATH}:/home/huahai/dobot_ws/install/robot_control_api:/home/huahai/dobot_ws/install/qt_robot_control:/home/huahai/dobot_ws/install/servo_action:/home/huahai/dobot_ws/install/dobot_bringup_v3:/home/huahai/dobot_ws/install/dobot_moveit:/home/huahai/dobot_ws/install/dobot_demo:/opt/ros/humble /usr/bin/cmake --build /home/huahai/dobot_ws/build/cra_description -- -j2 -l2
[0.590s] DEBUG:colcon.colcon_core.event_handler.log_command:Invoking command in '/home/huahai/dobot_ws/build/cra_description': CMAKE_PREFIX_PATH=${CMAKE_PREFIX_PATH}:/home/huahai/dobot_ws/install/robot_control_api:/home/huahai/dobot_ws/install/qt_robot_control:/home/huahai/dobot_ws/install/servo_action:/home/huahai/dobot_ws/install/dobot_bringup_v3:/home/huahai/dobot_ws/install/dobot_moveit:/home/huahai/dobot_ws/install/dobot_demo:/opt/ros/humble /usr/bin/cmake --install /home/huahai/dobot_ws/build/cra_description
[0.630s] Level 1:colcon.colcon_core.environment:create_environment_scripts_only(cra_description)
[0.630s] Level 1:colcon.colcon_core.environment:checking '/home/huahai/dobot_ws/install/cra_description' for CMake module files
[0.630s] DEBUG:colcon.colcon_core.event_handler.log_command:Invoked command in '/home/huahai/dobot_ws/build/cra_description' returned '0': CMAKE_PREFIX_PATH=${CMAKE_PREFIX_PATH}:/home/huahai/dobot_ws/install/robot_control_api:/home/huahai/dobot_ws/install/qt_robot_control:/home/huahai/dobot_ws/install/servo_action:/home/huahai/dobot_ws/install/dobot_bringup_v3:/home/huahai/dobot_ws/install/dobot_moveit:/home/huahai/dobot_ws/install/dobot_demo:/opt/ros/humble /usr/bin/cmake --install /home/huahai/dobot_ws/build/cra_description
[0.631s] Level 1:colcon.colcon_core.environment:checking '/home/huahai/dobot_ws/install/cra_description' for CMake config files
[0.631s] Level 1:colcon.colcon_core.shell:create_environment_hook('cra_description', 'cmake_prefix_path')
[0.631s] INFO:colcon.colcon_core.shell:Creating environment hook '/home/huahai/dobot_ws/install/cra_description/share/cra_description/hook/cmake_prefix_path.ps1'
[0.632s] INFO:colcon.colcon_core.shell:Creating environment descriptor '/home/huahai/dobot_ws/install/cra_description/share/cra_description/hook/cmake_prefix_path.dsv'
[0.633s] INFO:colcon.colcon_core.shell:Creating environment hook '/home/huahai/dobot_ws/install/cra_description/share/cra_description/hook/cmake_prefix_path.sh'
[0.634s] Level 1:colcon.colcon_core.environment:checking '/home/huahai/dobot_ws/install/cra_description/bin'
[0.634s] Level 1:colcon.colcon_core.environment:checking '/home/huahai/dobot_ws/install/cra_description/lib/pkgconfig/cra_description.pc'
[0.634s] Level 1:colcon.colcon_core.environment:checking '/home/huahai/dobot_ws/install/cra_description/lib/python3.10/site-packages'
[0.634s] Level 1:colcon.colcon_core.environment:checking '/home/huahai/dobot_ws/install/cra_description/bin'
[0.635s] INFO:colcon.colcon_core.shell:Creating package script '/home/huahai/dobot_ws/install/cra_description/share/cra_description/package.ps1'
[0.635s] INFO:colcon.colcon_core.shell:Creating package descriptor '/home/huahai/dobot_ws/install/cra_description/share/cra_description/package.dsv'
[0.636s] INFO:colcon.colcon_core.shell:Creating package script '/home/huahai/dobot_ws/install/cra_description/share/cra_description/package.sh'
[0.637s] INFO:colcon.colcon_core.shell:Creating package script '/home/huahai/dobot_ws/install/cra_description/share/cra_description/package.bash'
[0.637s] INFO:colcon.colcon_core.shell:Creating package script '/home/huahai/dobot_ws/install/cra_description/share/cra_description/package.zsh'
[0.638s] Level 1:colcon.colcon_core.environment:create_file_with_runtime_dependencies(/home/huahai/dobot_ws/install/cra_description/share/colcon-core/packages/cra_description)
[0.639s] Level 1:colcon.colcon_core.environment:create_environment_scripts_only(cra_description)
[0.639s] Level 1:colcon.colcon_core.environment:checking '/home/huahai/dobot_ws/install/cra_description' for CMake module files
[0.639s] Level 1:colcon.colcon_core.environment:checking '/home/huahai/dobot_ws/install/cra_description' for CMake config files
[0.640s] Level 1:colcon.colcon_core.shell:create_environment_hook('cra_description', 'cmake_prefix_path')
[0.640s] INFO:colcon.colcon_core.shell:Creating environment hook '/home/huahai/dobot_ws/install/cra_description/share/cra_description/hook/cmake_prefix_path.ps1'
[0.641s] INFO:colcon.colcon_core.shell:Creating environment descriptor '/home/huahai/dobot_ws/install/cra_description/share/cra_description/hook/cmake_prefix_path.dsv'
[0.641s] INFO:colcon.colcon_core.shell:Creating environment hook '/home/huahai/dobot_ws/install/cra_description/share/cra_description/hook/cmake_prefix_path.sh'
[0.642s] Level 1:colcon.colcon_core.environment:checking '/home/huahai/dobot_ws/install/cra_description/bin'
[0.642s] Level 1:colcon.colcon_core.environment:checking '/home/huahai/dobot_ws/install/cra_description/lib/pkgconfig/cra_description.pc'
[0.643s] Level 1:colcon.colcon_core.environment:checking '/home/huahai/dobot_ws/install/cra_description/lib/python3.10/site-packages'
[0.643s] Level 1:colcon.colcon_core.environment:checking '/home/huahai/dobot_ws/install/cra_description/bin'
[0.643s] INFO:colcon.colcon_core.shell:Creating package script '/home/huahai/dobot_ws/install/cra_description/share/cra_description/package.ps1'
[0.644s] INFO:colcon.colcon_core.shell:Creating package descriptor '/home/huahai/dobot_ws/install/cra_description/share/cra_description/package.dsv'
[0.644s] INFO:colcon.colcon_core.shell:Creating package script '/home/huahai/dobot_ws/install/cra_description/share/cra_description/package.sh'
[0.645s] INFO:colcon.colcon_core.shell:Creating package script '/home/huahai/dobot_ws/install/cra_description/share/cra_description/package.bash'
[0.645s] INFO:colcon.colcon_core.shell:Creating package script '/home/huahai/dobot_ws/install/cra_description/share/cra_description/package.zsh'
[0.645s] Level 1:colcon.colcon_core.environment:create_file_with_runtime_dependencies(/home/huahai/dobot_ws/install/cra_description/share/colcon-core/packages/cra_description)
[0.646s] INFO:colcon.colcon_ros.task.ament_python.build:Building ROS package in '/home/huahai/dobot_ws/src/DOBOT_6Axis_ROS2_V3/dobot_demo' with build type 'ament_python'
[0.646s] Level 1:colcon.colcon_core.shell:create_environment_hook('dobot_demo', 'ament_prefix_path')
[0.647s] INFO:colcon.colcon_core.shell:Creating environment hook '/home/huahai/dobot_ws/install/dobot_demo/share/dobot_demo/hook/ament_prefix_path.ps1'
[0.648s] INFO:colcon.colcon_core.shell:Creating environment descriptor '/home/huahai/dobot_ws/install/dobot_demo/share/dobot_demo/hook/ament_prefix_path.dsv'
[0.649s] INFO:colcon.colcon_core.shell:Creating environment hook '/home/huahai/dobot_ws/install/dobot_demo/share/dobot_demo/hook/ament_prefix_path.sh'
[0.649s] INFO:colcon.colcon_core.shell:Skip shell extension 'powershell' for command environment: Not usable outside of PowerShell
[0.649s] DEBUG:colcon.colcon_core.shell:Skip shell extension 'dsv' for command environment
[1.171s] INFO:colcon.colcon_core.task.python.build:Building Python package in '/home/huahai/dobot_ws/src/DOBOT_6Axis_ROS2_V3/dobot_demo'
[1.171s] INFO:colcon.colcon_core.shell:Skip shell extension 'powershell' for command environment: Not usable outside of PowerShell
[1.171s] DEBUG:colcon.colcon_core.shell:Skip shell extension 'dsv' for command environment
[1.856s] DEBUG:colcon.colcon_core.event_handler.log_command:Invoking command in '/home/huahai/dobot_ws/src/DOBOT_6Axis_ROS2_V3/dobot_demo': PYTHONPATH=/home/huahai/dobot_ws/build/dobot_demo/prefix_override:/usr/lib/python3/dist-packages/colcon_core/task/python/colcon_distutils_commands:/home/huahai/dobot_ws/install/dobot_demo/lib/python3.10/site-packages:${PYTHONPATH} /usr/bin/python3 -W ignore:setup.py install is deprecated -W ignore:easy_install command is deprecated setup.py egg_info --egg-base ../../../build/dobot_demo build --build-base /home/huahai/dobot_ws/build/dobot_demo/build install --record /home/huahai/dobot_ws/build/dobot_demo/install.log --single-version-externally-managed install_data
[2.253s] Level 1:colcon.colcon_core.environment:checking '/home/huahai/dobot_ws/install/dobot_demo' for CMake module files
[2.254s] Level 1:colcon.colcon_core.environment:checking '/home/huahai/dobot_ws/install/dobot_demo' for CMake config files
[2.255s] DEBUG:colcon.colcon_core.event_handler.log_command:Invoked command in '/home/huahai/dobot_ws/src/DOBOT_6Axis_ROS2_V3/dobot_demo' returned '0': PYTHONPATH=/home/huahai/dobot_ws/build/dobot_demo/prefix_override:/usr/lib/python3/dist-packages/colcon_core/task/python/colcon_distutils_commands:/home/huahai/dobot_ws/install/dobot_demo/lib/python3.10/site-packages:${PYTHONPATH} /usr/bin/python3 -W ignore:setup.py install is deprecated -W ignore:easy_install command is deprecated setup.py egg_info --egg-base ../../../build/dobot_demo build --build-base /home/huahai/dobot_ws/build/dobot_demo/build install --record /home/huahai/dobot_ws/build/dobot_demo/install.log --single-version-externally-managed install_data
[2.256s] Level 1:colcon.colcon_core.environment:checking '/home/huahai/dobot_ws/install/dobot_demo/lib'
[2.256s] Level 1:colcon.colcon_core.environment:checking '/home/huahai/dobot_ws/install/dobot_demo/bin'
[2.256s] Level 1:colcon.colcon_core.environment:checking '/home/huahai/dobot_ws/install/dobot_demo/lib/pkgconfig/dobot_demo.pc'
[2.257s] Level 1:colcon.colcon_core.environment:checking '/home/huahai/dobot_ws/install/dobot_demo/lib/python3.10/site-packages'
[2.257s] Level 1:colcon.colcon_core.shell:create_environment_hook('dobot_demo', 'pythonpath')
[2.257s] INFO:colcon.colcon_core.shell:Creating environment hook '/home/huahai/dobot_ws/install/dobot_demo/share/dobot_demo/hook/pythonpath.ps1'
[2.258s] INFO:colcon.colcon_core.shell:Creating environment descriptor '/home/huahai/dobot_ws/install/dobot_demo/share/dobot_demo/hook/pythonpath.dsv'
[2.258s] INFO:colcon.colcon_core.shell:Creating environment hook '/home/huahai/dobot_ws/install/dobot_demo/share/dobot_demo/hook/pythonpath.sh'
[2.259s] Level 1:colcon.colcon_core.environment:checking '/home/huahai/dobot_ws/install/dobot_demo/bin'
[2.259s] Level 1:colcon.colcon_core.environment:create_environment_scripts_only(dobot_demo)
[2.260s] INFO:colcon.colcon_core.shell:Creating package script '/home/huahai/dobot_ws/install/dobot_demo/share/dobot_demo/package.ps1'
[2.260s] INFO:colcon.colcon_core.shell:Creating package descriptor '/home/huahai/dobot_ws/install/dobot_demo/share/dobot_demo/package.dsv'
[2.261s] INFO:colcon.colcon_core.shell:Creating package script '/home/huahai/dobot_ws/install/dobot_demo/share/dobot_demo/package.sh'
[2.262s] INFO:colcon.colcon_core.shell:Creating package script '/home/huahai/dobot_ws/install/dobot_demo/share/dobot_demo/package.bash'
[2.262s] INFO:colcon.colcon_core.shell:Creating package script '/home/huahai/dobot_ws/install/dobot_demo/share/dobot_demo/package.zsh'
[2.263s] Level 1:colcon.colcon_core.environment:create_file_with_runtime_dependencies(/home/huahai/dobot_ws/install/dobot_demo/share/colcon-core/packages/dobot_demo)
[2.264s] INFO:colcon.colcon_ros.task.ament_python.build:Building ROS package in '/home/huahai/dobot_ws/src/DOBOT_6Axis_ROS2_V3/dobot_moveit' with build type 'ament_python'
[2.265s] Level 1:colcon.colcon_core.shell:create_environment_hook('dobot_moveit', 'ament_prefix_path')
[2.265s] INFO:colcon.colcon_core.shell:Creating environment hook '/home/huahai/dobot_ws/install/dobot_moveit/share/dobot_moveit/hook/ament_prefix_path.ps1'
[2.266s] INFO:colcon.colcon_core.shell:Creating environment descriptor '/home/huahai/dobot_ws/install/dobot_moveit/share/dobot_moveit/hook/ament_prefix_path.dsv'
[2.267s] INFO:colcon.colcon_core.shell:Creating environment hook '/home/huahai/dobot_ws/install/dobot_moveit/share/dobot_moveit/hook/ament_prefix_path.sh'
[2.268s] INFO:colcon.colcon_core.shell:Skip shell extension 'powershell' for command environment: Not usable outside of PowerShell
[2.268s] DEBUG:colcon.colcon_core.shell:Skip shell extension 'dsv' for command environment
[2.279s] DEBUG:colcon.colcon_core.event_handler.log_command:Invoked command in '/home/huahai/dobot_ws/build/dobot_msgs_v3' returned '0': CMAKE_PREFIX_PATH=${CMAKE_PREFIX_PATH}:/home/huahai/dobot_ws/install/robot_control_api:/home/huahai/dobot_ws/install/qt_robot_control:/home/huahai/dobot_ws/install/servo_action:/home/huahai/dobot_ws/install/dobot_bringup_v3:/home/huahai/dobot_ws/install/dobot_moveit:/home/huahai/dobot_ws/install/dobot_demo:/opt/ros/humble /usr/bin/cmake --build /home/huahai/dobot_ws/build/dobot_msgs_v3 -- -j2 -l2
[2.284s] DEBUG:colcon.colcon_core.event_handler.log_command:Invoking command in '/home/huahai/dobot_ws/build/dobot_msgs_v3': CMAKE_PREFIX_PATH=${CMAKE_PREFIX_PATH}:/home/huahai/dobot_ws/install/robot_control_api:/home/huahai/dobot_ws/install/qt_robot_control:/home/huahai/dobot_ws/install/servo_action:/home/huahai/dobot_ws/install/dobot_bringup_v3:/home/huahai/dobot_ws/install/dobot_moveit:/home/huahai/dobot_ws/install/dobot_demo:/opt/ros/humble /usr/bin/cmake --install /home/huahai/dobot_ws/build/dobot_msgs_v3
[2.758s] INFO:colcon.colcon_core.task.python.build:Building Python package in '/home/huahai/dobot_ws/src/DOBOT_6Axis_ROS2_V3/dobot_moveit'
[2.759s] INFO:colcon.colcon_core.shell:Skip shell extension 'powershell' for command environment: Not usable outside of PowerShell
[2.759s] DEBUG:colcon.colcon_core.shell:Skip shell extension 'dsv' for command environment
[2.765s] Level 1:colcon.colcon_core.environment:create_environment_scripts_only(dobot_msgs_v3)
[2.766s] DEBUG:colcon.colcon_core.event_handler.log_command:Invoked command in '/home/huahai/dobot_ws/build/dobot_msgs_v3' returned '0': CMAKE_PREFIX_PATH=${CMAKE_PREFIX_PATH}:/home/huahai/dobot_ws/install/robot_control_api:/home/huahai/dobot_ws/install/qt_robot_control:/home/huahai/dobot_ws/install/servo_action:/home/huahai/dobot_ws/install/dobot_bringup_v3:/home/huahai/dobot_ws/install/dobot_moveit:/home/huahai/dobot_ws/install/dobot_demo:/opt/ros/humble /usr/bin/cmake --install /home/huahai/dobot_ws/build/dobot_msgs_v3
[2.766s] Level 1:colcon.colcon_core.environment:checking '/home/huahai/dobot_ws/install/dobot_msgs_v3' for CMake module files
[2.767s] Level 1:colcon.colcon_core.environment:checking '/home/huahai/dobot_ws/install/dobot_msgs_v3' for CMake config files
[2.770s] Level 1:colcon.colcon_core.shell:create_environment_hook('dobot_msgs_v3', 'cmake_prefix_path')
[2.770s] INFO:colcon.colcon_core.shell:Creating environment hook '/home/huahai/dobot_ws/install/dobot_msgs_v3/share/dobot_msgs_v3/hook/cmake_prefix_path.ps1'
[2.771s] INFO:colcon.colcon_core.shell:Creating environment descriptor '/home/huahai/dobot_ws/install/dobot_msgs_v3/share/dobot_msgs_v3/hook/cmake_prefix_path.dsv'
[2.772s] INFO:colcon.colcon_core.shell:Creating environment hook '/home/huahai/dobot_ws/install/dobot_msgs_v3/share/dobot_msgs_v3/hook/cmake_prefix_path.sh'
[2.774s] Level 1:colcon.colcon_core.environment:checking '/home/huahai/dobot_ws/install/dobot_msgs_v3/lib'
[2.774s] Level 1:colcon.colcon_core.shell:create_environment_hook('dobot_msgs_v3', 'ld_library_path_lib')
[2.774s] INFO:colcon.colcon_core.shell:Creating environment hook '/home/huahai/dobot_ws/install/dobot_msgs_v3/share/dobot_msgs_v3/hook/ld_library_path_lib.ps1'
[2.774s] INFO:colcon.colcon_core.shell:Creating environment descriptor '/home/huahai/dobot_ws/install/dobot_msgs_v3/share/dobot_msgs_v3/hook/ld_library_path_lib.dsv'
[2.775s] INFO:colcon.colcon_core.shell:Creating environment hook '/home/huahai/dobot_ws/install/dobot_msgs_v3/share/dobot_msgs_v3/hook/ld_library_path_lib.sh'
[2.775s] Level 1:colcon.colcon_core.environment:checking '/home/huahai/dobot_ws/install/dobot_msgs_v3/bin'
[2.776s] Level 1:colcon.colcon_core.environment:checking '/home/huahai/dobot_ws/install/dobot_msgs_v3/lib/pkgconfig/dobot_msgs_v3.pc'
[2.776s] Level 1:colcon.colcon_core.environment:checking '/home/huahai/dobot_ws/install/dobot_msgs_v3/lib/python3.10/site-packages'
[2.776s] Level 1:colcon.colcon_core.environment:checking '/home/huahai/dobot_ws/install/dobot_msgs_v3/bin'
[2.776s] INFO:colcon.colcon_core.shell:Creating package script '/home/huahai/dobot_ws/install/dobot_msgs_v3/share/dobot_msgs_v3/package.ps1'
[2.776s] INFO:colcon.colcon_core.shell:Creating package descriptor '/home/huahai/dobot_ws/install/dobot_msgs_v3/share/dobot_msgs_v3/package.dsv'
[2.777s] INFO:colcon.colcon_core.shell:Creating package script '/home/huahai/dobot_ws/install/dobot_msgs_v3/share/dobot_msgs_v3/package.sh'
[2.778s] INFO:colcon.colcon_core.shell:Creating package script '/home/huahai/dobot_ws/install/dobot_msgs_v3/share/dobot_msgs_v3/package.bash'
[2.778s] INFO:colcon.colcon_core.shell:Creating package script '/home/huahai/dobot_ws/install/dobot_msgs_v3/share/dobot_msgs_v3/package.zsh'
[2.778s] Level 1:colcon.colcon_core.environment:create_file_with_runtime_dependencies(/home/huahai/dobot_ws/install/dobot_msgs_v3/share/colcon-core/packages/dobot_msgs_v3)
[2.779s] Level 1:colcon.colcon_core.environment:create_environment_scripts_only(dobot_msgs_v3)
[2.779s] Level 1:colcon.colcon_core.environment:checking '/home/huahai/dobot_ws/install/dobot_msgs_v3' for CMake module files
[2.780s] Level 1:colcon.colcon_core.environment:checking '/home/huahai/dobot_ws/install/dobot_msgs_v3' for CMake config files
[2.781s] Level 1:colcon.colcon_core.shell:create_environment_hook('dobot_msgs_v3', 'cmake_prefix_path')
[2.781s] INFO:colcon.colcon_core.shell:Creating environment hook '/home/huahai/dobot_ws/install/dobot_msgs_v3/share/dobot_msgs_v3/hook/cmake_prefix_path.ps1'
[2.782s] INFO:colcon.colcon_core.shell:Creating environment descriptor '/home/huahai/dobot_ws/install/dobot_msgs_v3/share/dobot_msgs_v3/hook/cmake_prefix_path.dsv'
[2.783s] INFO:colcon.colcon_core.shell:Creating environment hook '/home/huahai/dobot_ws/install/dobot_msgs_v3/share/dobot_msgs_v3/hook/cmake_prefix_path.sh'
[2.784s] Level 1:colcon.colcon_core.environment:checking '/home/huahai/dobot_ws/install/dobot_msgs_v3/lib'
[2.784s] Level 1:colcon.colcon_core.shell:create_environment_hook('dobot_msgs_v3', 'ld_library_path_lib')
[2.784s] INFO:colcon.colcon_core.shell:Creating environment hook '/home/huahai/dobot_ws/install/dobot_msgs_v3/share/dobot_msgs_v3/hook/ld_library_path_lib.ps1'
[2.785s] INFO:colcon.colcon_core.shell:Creating environment descriptor '/home/huahai/dobot_ws/install/dobot_msgs_v3/share/dobot_msgs_v3/hook/ld_library_path_lib.dsv'
[2.785s] INFO:colcon.colcon_core.shell:Creating environment hook '/home/huahai/dobot_ws/install/dobot_msgs_v3/share/dobot_msgs_v3/hook/ld_library_path_lib.sh'
[2.786s] Level 1:colcon.colcon_core.environment:checking '/home/huahai/dobot_ws/install/dobot_msgs_v3/bin'
[2.786s] Level 1:colcon.colcon_core.environment:checking '/home/huahai/dobot_ws/install/dobot_msgs_v3/lib/pkgconfig/dobot_msgs_v3.pc'
[2.786s] Level 1:colcon.colcon_core.environment:checking '/home/huahai/dobot_ws/install/dobot_msgs_v3/lib/python3.10/site-packages'
[2.787s] Level 1:colcon.colcon_core.environment:checking '/home/huahai/dobot_ws/install/dobot_msgs_v3/bin'
[2.787s] INFO:colcon.colcon_core.shell:Creating package script '/home/huahai/dobot_ws/install/dobot_msgs_v3/share/dobot_msgs_v3/package.ps1'
[2.788s] INFO:colcon.colcon_core.shell:Creating package descriptor '/home/huahai/dobot_ws/install/dobot_msgs_v3/share/dobot_msgs_v3/package.dsv'
[2.789s] INFO:colcon.colcon_core.shell:Creating package script '/home/huahai/dobot_ws/install/dobot_msgs_v3/share/dobot_msgs_v3/package.sh'
[2.789s] INFO:colcon.colcon_core.shell:Creating package script '/home/huahai/dobot_ws/install/dobot_msgs_v3/share/dobot_msgs_v3/package.bash'
[2.790s] INFO:colcon.colcon_core.shell:Creating package script '/home/huahai/dobot_ws/install/dobot_msgs_v3/share/dobot_msgs_v3/package.zsh'
[2.791s] Level 1:colcon.colcon_core.environment:create_file_with_runtime_dependencies(/home/huahai/dobot_ws/install/dobot_msgs_v3/share/colcon-core/packages/dobot_msgs_v3)
[2.792s] INFO:colcon.colcon_ros.task.ament_python.build:Building ROS package in '/home/huahai/dobot_ws/src/DOBOT_6Axis_ROS2_V3/servo_action' with build type 'ament_python'
[2.792s] Level 1:colcon.colcon_core.shell:create_environment_hook('servo_action', 'ament_prefix_path')
[2.792s] INFO:colcon.colcon_core.shell:Creating environment hook '/home/huahai/dobot_ws/install/servo_action/share/servo_action/hook/ament_prefix_path.ps1'
[2.793s] INFO:colcon.colcon_core.shell:Creating environment descriptor '/home/huahai/dobot_ws/install/servo_action/share/servo_action/hook/ament_prefix_path.dsv'
[2.793s] INFO:colcon.colcon_core.shell:Creating environment hook '/home/huahai/dobot_ws/install/servo_action/share/servo_action/hook/ament_prefix_path.sh'
[2.794s] INFO:colcon.colcon_core.shell:Skip shell extension 'powershell' for command environment: Not usable outside of PowerShell
[2.794s] DEBUG:colcon.colcon_core.shell:Skip shell extension 'dsv' for command environment
[3.152s] INFO:colcon.colcon_core.task.python.build:Building Python package in '/home/huahai/dobot_ws/src/DOBOT_6Axis_ROS2_V3/servo_action'
[3.153s] INFO:colcon.colcon_core.shell:Skip shell extension 'powershell' for command environment: Not usable outside of PowerShell
[3.154s] DEBUG:colcon.colcon_core.shell:Skip shell extension 'dsv' for command environment
[3.171s] DEBUG:colcon.colcon_core.event_handler.log_command:Invoking command in '/home/huahai/dobot_ws/src/DOBOT_6Axis_ROS2_V3/dobot_moveit': PYTHONPATH=/home/huahai/dobot_ws/build/dobot_moveit/prefix_override:/usr/lib/python3/dist-packages/colcon_core/task/python/colcon_distutils_commands:/home/huahai/dobot_ws/install/dobot_moveit/lib/python3.10/site-packages:${PYTHONPATH} /usr/bin/python3 -W ignore:setup.py install is deprecated -W ignore:easy_install command is deprecated setup.py egg_info --egg-base ../../../build/dobot_moveit build --build-base /home/huahai/dobot_ws/build/dobot_moveit/build install --record /home/huahai/dobot_ws/build/dobot_moveit/install.log --single-version-externally-managed install_data
[3.479s] DEBUG:colcon.colcon_core.event_handler.log_command:Invoking command in '/home/huahai/dobot_ws/src/DOBOT_6Axis_ROS2_V3/servo_action': PYTHONPATH=/home/huahai/dobot_ws/build/servo_action/prefix_override:/usr/lib/python3/dist-packages/colcon_core/task/python/colcon_distutils_commands:/home/huahai/dobot_ws/install/servo_action/lib/python3.10/site-packages:${PYTHONPATH} /usr/bin/python3 -W ignore:setup.py install is deprecated -W ignore:easy_install command is deprecated setup.py egg_info --egg-base ../../../build/servo_action build --build-base /home/huahai/dobot_ws/build/servo_action/build install --record /home/huahai/dobot_ws/build/servo_action/install.log --single-version-externally-managed install_data
[3.549s] Level 1:colcon.colcon_core.environment:checking '/home/huahai/dobot_ws/install/dobot_moveit' for CMake module files
[3.551s] DEBUG:colcon.colcon_core.event_handler.log_command:Invoked command in '/home/huahai/dobot_ws/src/DOBOT_6Axis_ROS2_V3/dobot_moveit' returned '0': PYTHONPATH=/home/huahai/dobot_ws/build/dobot_moveit/prefix_override:/usr/lib/python3/dist-packages/colcon_core/task/python/colcon_distutils_commands:/home/huahai/dobot_ws/install/dobot_moveit/lib/python3.10/site-packages:${PYTHONPATH} /usr/bin/python3 -W ignore:setup.py install is deprecated -W ignore:easy_install command is deprecated setup.py egg_info --egg-base ../../../build/dobot_moveit build --build-base /home/huahai/dobot_ws/build/dobot_moveit/build install --record /home/huahai/dobot_ws/build/dobot_moveit/install.log --single-version-externally-managed install_data
[3.551s] Level 1:colcon.colcon_core.environment:checking '/home/huahai/dobot_ws/install/dobot_moveit' for CMake config files
[3.554s] Level 1:colcon.colcon_core.environment:checking '/home/huahai/dobot_ws/install/dobot_moveit/lib'
[3.554s] Level 1:colcon.colcon_core.environment:checking '/home/huahai/dobot_ws/install/dobot_moveit/bin'
[3.554s] Level 1:colcon.colcon_core.environment:checking '/home/huahai/dobot_ws/install/dobot_moveit/lib/pkgconfig/dobot_moveit.pc'
[3.555s] Level 1:colcon.colcon_core.environment:checking '/home/huahai/dobot_ws/install/dobot_moveit/lib/python3.10/site-packages'
[3.555s] Level 1:colcon.colcon_core.shell:create_environment_hook('dobot_moveit', 'pythonpath')
[3.555s] INFO:colcon.colcon_core.shell:Creating environment hook '/home/huahai/dobot_ws/install/dobot_moveit/share/dobot_moveit/hook/pythonpath.ps1'
[3.556s] INFO:colcon.colcon_core.shell:Creating environment descriptor '/home/huahai/dobot_ws/install/dobot_moveit/share/dobot_moveit/hook/pythonpath.dsv'
[3.556s] INFO:colcon.colcon_core.shell:Creating environment hook '/home/huahai/dobot_ws/install/dobot_moveit/share/dobot_moveit/hook/pythonpath.sh'
[3.557s] Level 1:colcon.colcon_core.environment:checking '/home/huahai/dobot_ws/install/dobot_moveit/bin'
[3.557s] Level 1:colcon.colcon_core.environment:create_environment_scripts_only(dobot_moveit)
[3.558s] INFO:colcon.colcon_core.shell:Creating package script '/home/huahai/dobot_ws/install/dobot_moveit/share/dobot_moveit/package.ps1'
[3.558s] INFO:colcon.colcon_core.shell:Creating package descriptor '/home/huahai/dobot_ws/install/dobot_moveit/share/dobot_moveit/package.dsv'
[3.559s] INFO:colcon.colcon_core.shell:Creating package script '/home/huahai/dobot_ws/install/dobot_moveit/share/dobot_moveit/package.sh'
[3.559s] INFO:colcon.colcon_core.shell:Creating package script '/home/huahai/dobot_ws/install/dobot_moveit/share/dobot_moveit/package.bash'
[3.559s] INFO:colcon.colcon_core.shell:Creating package script '/home/huahai/dobot_ws/install/dobot_moveit/share/dobot_moveit/package.zsh'
[3.560s] Level 1:colcon.colcon_core.environment:create_file_with_runtime_dependencies(/home/huahai/dobot_ws/install/dobot_moveit/share/colcon-core/packages/dobot_moveit)
[3.561s] INFO:colcon.colcon_ros.task.ament_cmake.build:Building ROS package in '/home/huahai/dobot_ws/src/DOBOT_6Axis_ROS2_V3/cr10_moveit' with build type 'ament_cmake'
[3.561s] INFO:colcon.colcon_cmake.task.cmake.build:Building CMake package in '/home/huahai/dobot_ws/src/DOBOT_6Axis_ROS2_V3/cr10_moveit'
[3.562s] INFO:colcon.colcon_core.shell:Skip shell extension 'powershell' for command environment: Not usable outside of PowerShell
[3.562s] DEBUG:colcon.colcon_core.shell:Skip shell extension 'dsv' for command environment
[3.577s] DEBUG:colcon.colcon_core.event_handler.log_command:Invoking command in '/home/huahai/dobot_ws/build/cr10_moveit': CMAKE_PREFIX_PATH=/home/huahai/dobot_ws/install/dobot_rviz:/home/huahai/dobot_ws/install/nova5_moveit:/home/huahai/dobot_ws/install/nova2_moveit:/home/huahai/dobot_ws/install/cr7_moveit:/home/huahai/dobot_ws/install/cr5_moveit:/home/huahai/dobot_ws/install/cr3_moveit:/home/huahai/dobot_ws/install/cr16_moveit:/home/huahai/dobot_ws/install/cr12_moveit:/home/huahai/dobot_ws/install/cr10_moveit:/home/huahai/dobot_ws/install/dobot_msgs_v3:/home/huahai/dobot_ws/install/dobot_gazebo:/home/huahai/dobot_ws/install/cra_description:/home/huahai/dobot_ws/install/robot_control_api:/home/huahai/dobot_ws/install/qt_robot_control:/home/huahai/dobot_ws/install/servo_action:/home/huahai/dobot_ws/install/dobot_bringup_v3:/home/huahai/dobot_ws/install/dobot_moveit:/home/huahai/dobot_ws/install/dobot_demo:/opt/ros/humble /usr/bin/cmake --build /home/huahai/dobot_ws/build/cr10_moveit -- -j2 -l2
[3.627s] DEBUG:colcon.colcon_core.event_handler.log_command:Invoked command in '/home/huahai/dobot_ws/build/cr10_moveit' returned '0': CMAKE_PREFIX_PATH=/home/huahai/dobot_ws/install/dobot_rviz:/home/huahai/dobot_ws/install/nova5_moveit:/home/huahai/dobot_ws/install/nova2_moveit:/home/huahai/dobot_ws/install/cr7_moveit:/home/huahai/dobot_ws/install/cr5_moveit:/home/huahai/dobot_ws/install/cr3_moveit:/home/huahai/dobot_ws/install/cr16_moveit:/home/huahai/dobot_ws/install/cr12_moveit:/home/huahai/dobot_ws/install/cr10_moveit:/home/huahai/dobot_ws/install/dobot_msgs_v3:/home/huahai/dobot_ws/install/dobot_gazebo:/home/huahai/dobot_ws/install/cra_description:/home/huahai/dobot_ws/install/robot_control_api:/home/huahai/dobot_ws/install/qt_robot_control:/home/huahai/dobot_ws/install/servo_action:/home/huahai/dobot_ws/install/dobot_bringup_v3:/home/huahai/dobot_ws/install/dobot_moveit:/home/huahai/dobot_ws/install/dobot_demo:/opt/ros/humble /usr/bin/cmake --build /home/huahai/dobot_ws/build/cr10_moveit -- -j2 -l2
[3.629s] DEBUG:colcon.colcon_core.event_handler.log_command:Invoking command in '/home/huahai/dobot_ws/build/cr10_moveit': CMAKE_PREFIX_PATH=/home/huahai/dobot_ws/install/dobot_rviz:/home/huahai/dobot_ws/install/nova5_moveit:/home/huahai/dobot_ws/install/nova2_moveit:/home/huahai/dobot_ws/install/cr7_moveit:/home/huahai/dobot_ws/install/cr5_moveit:/home/huahai/dobot_ws/install/cr3_moveit:/home/huahai/dobot_ws/install/cr16_moveit:/home/huahai/dobot_ws/install/cr12_moveit:/home/huahai/dobot_ws/install/cr10_moveit:/home/huahai/dobot_ws/install/dobot_msgs_v3:/home/huahai/dobot_ws/install/dobot_gazebo:/home/huahai/dobot_ws/install/cra_description:/home/huahai/dobot_ws/install/robot_control_api:/home/huahai/dobot_ws/install/qt_robot_control:/home/huahai/dobot_ws/install/servo_action:/home/huahai/dobot_ws/install/dobot_bringup_v3:/home/huahai/dobot_ws/install/dobot_moveit:/home/huahai/dobot_ws/install/dobot_demo:/opt/ros/humble /usr/bin/cmake --install /home/huahai/dobot_ws/build/cr10_moveit
[3.649s] Level 1:colcon.colcon_core.environment:create_environment_scripts_only(cr10_moveit)
[3.650s] Level 1:colcon.colcon_core.environment:checking '/home/huahai/dobot_ws/install/cr10_moveit' for CMake module files
[3.651s] DEBUG:colcon.colcon_core.event_handler.log_command:Invoked command in '/home/huahai/dobot_ws/build/cr10_moveit' returned '0': CMAKE_PREFIX_PATH=/home/huahai/dobot_ws/install/dobot_rviz:/home/huahai/dobot_ws/install/nova5_moveit:/home/huahai/dobot_ws/install/nova2_moveit:/home/huahai/dobot_ws/install/cr7_moveit:/home/huahai/dobot_ws/install/cr5_moveit:/home/huahai/dobot_ws/install/cr3_moveit:/home/huahai/dobot_ws/install/cr16_moveit:/home/huahai/dobot_ws/install/cr12_moveit:/home/huahai/dobot_ws/install/cr10_moveit:/home/huahai/dobot_ws/install/dobot_msgs_v3:/home/huahai/dobot_ws/install/dobot_gazebo:/home/huahai/dobot_ws/install/cra_description:/home/huahai/dobot_ws/install/robot_control_api:/home/huahai/dobot_ws/install/qt_robot_control:/home/huahai/dobot_ws/install/servo_action:/home/huahai/dobot_ws/install/dobot_bringup_v3:/home/huahai/dobot_ws/install/dobot_moveit:/home/huahai/dobot_ws/install/dobot_demo:/opt/ros/humble /usr/bin/cmake --install /home/huahai/dobot_ws/build/cr10_moveit
[3.652s] Level 1:colcon.colcon_core.environment:checking '/home/huahai/dobot_ws/install/cr10_moveit' for CMake config files
[3.652s] Level 1:colcon.colcon_core.shell:create_environment_hook('cr10_moveit', 'cmake_prefix_path')
[3.652s] INFO:colcon.colcon_core.shell:Creating environment hook '/home/huahai/dobot_ws/install/cr10_moveit/share/cr10_moveit/hook/cmake_prefix_path.ps1'
[3.653s] INFO:colcon.colcon_core.shell:Creating environment descriptor '/home/huahai/dobot_ws/install/cr10_moveit/share/cr10_moveit/hook/cmake_prefix_path.dsv'
[3.654s] INFO:colcon.colcon_core.shell:Creating environment hook '/home/huahai/dobot_ws/install/cr10_moveit/share/cr10_moveit/hook/cmake_prefix_path.sh'
[3.655s] Level 1:colcon.colcon_core.environment:checking '/home/huahai/dobot_ws/install/cr10_moveit/bin'
[3.655s] Level 1:colcon.colcon_core.environment:checking '/home/huahai/dobot_ws/install/cr10_moveit/lib/pkgconfig/cr10_moveit.pc'
[3.656s] Level 1:colcon.colcon_core.environment:checking '/home/huahai/dobot_ws/install/cr10_moveit/lib/python3.10/site-packages'
[3.656s] Level 1:colcon.colcon_core.environment:checking '/home/huahai/dobot_ws/install/cr10_moveit/bin'
[3.656s] INFO:colcon.colcon_core.shell:Creating package script '/home/huahai/dobot_ws/install/cr10_moveit/share/cr10_moveit/package.ps1'
[3.657s] INFO:colcon.colcon_core.shell:Creating package descriptor '/home/huahai/dobot_ws/install/cr10_moveit/share/cr10_moveit/package.dsv'
[3.657s] INFO:colcon.colcon_core.shell:Creating package script '/home/huahai/dobot_ws/install/cr10_moveit/share/cr10_moveit/package.sh'
[3.657s] INFO:colcon.colcon_core.shell:Creating package script '/home/huahai/dobot_ws/install/cr10_moveit/share/cr10_moveit/package.bash'
[3.658s] INFO:colcon.colcon_core.shell:Creating package script '/home/huahai/dobot_ws/install/cr10_moveit/share/cr10_moveit/package.zsh'
[3.659s] Level 1:colcon.colcon_core.environment:create_file_with_runtime_dependencies(/home/huahai/dobot_ws/install/cr10_moveit/share/colcon-core/packages/cr10_moveit)
[3.660s] Level 1:colcon.colcon_core.environment:create_environment_scripts_only(cr10_moveit)
[3.660s] Level 1:colcon.colcon_core.environment:checking '/home/huahai/dobot_ws/install/cr10_moveit' for CMake module files
[3.661s] Level 1:colcon.colcon_core.environment:checking '/home/huahai/dobot_ws/install/cr10_moveit' for CMake config files
[3.662s] Level 1:colcon.colcon_core.shell:create_environment_hook('cr10_moveit', 'cmake_prefix_path')
[3.662s] INFO:colcon.colcon_core.shell:Creating environment hook '/home/huahai/dobot_ws/install/cr10_moveit/share/cr10_moveit/hook/cmake_prefix_path.ps1'
[3.663s] INFO:colcon.colcon_core.shell:Creating environment descriptor '/home/huahai/dobot_ws/install/cr10_moveit/share/cr10_moveit/hook/cmake_prefix_path.dsv'
[3.664s] INFO:colcon.colcon_core.shell:Creating environment hook '/home/huahai/dobot_ws/install/cr10_moveit/share/cr10_moveit/hook/cmake_prefix_path.sh'
[3.664s] Level 1:colcon.colcon_core.environment:checking '/home/huahai/dobot_ws/install/cr10_moveit/bin'
[3.664s] Level 1:colcon.colcon_core.environment:checking '/home/huahai/dobot_ws/install/cr10_moveit/lib/pkgconfig/cr10_moveit.pc'
[3.665s] Level 1:colcon.colcon_core.environment:checking '/home/huahai/dobot_ws/install/cr10_moveit/lib/python3.10/site-packages'
[3.665s] Level 1:colcon.colcon_core.environment:checking '/home/huahai/dobot_ws/install/cr10_moveit/bin'
[3.665s] INFO:colcon.colcon_core.shell:Creating package script '/home/huahai/dobot_ws/install/cr10_moveit/share/cr10_moveit/package.ps1'
[3.666s] INFO:colcon.colcon_core.shell:Creating package descriptor '/home/huahai/dobot_ws/install/cr10_moveit/share/cr10_moveit/package.dsv'
[3.666s] INFO:colcon.colcon_core.shell:Creating package script '/home/huahai/dobot_ws/install/cr10_moveit/share/cr10_moveit/package.sh'
[3.667s] INFO:colcon.colcon_core.shell:Creating package script '/home/huahai/dobot_ws/install/cr10_moveit/share/cr10_moveit/package.bash'
[3.668s] INFO:colcon.colcon_core.shell:Creating package script '/home/huahai/dobot_ws/install/cr10_moveit/share/cr10_moveit/package.zsh'
[3.668s] Level 1:colcon.colcon_core.environment:create_file_with_runtime_dependencies(/home/huahai/dobot_ws/install/cr10_moveit/share/colcon-core/packages/cr10_moveit)
[3.670s] INFO:colcon.colcon_ros.task.ament_cmake.build:Building ROS package in '/home/huahai/dobot_ws/src/DOBOT_6Axis_ROS2_V3/cr12_moveit' with build type 'ament_cmake'
[3.670s] INFO:colcon.colcon_cmake.task.cmake.build:Building CMake package in '/home/huahai/dobot_ws/src/DOBOT_6Axis_ROS2_V3/cr12_moveit'
[3.671s] INFO:colcon.colcon_core.shell:Skip shell extension 'powershell' for command environment: Not usable outside of PowerShell
[3.671s] DEBUG:colcon.colcon_core.shell:Skip shell extension 'dsv' for command environment
[3.690s] DEBUG:colcon.colcon_core.event_handler.log_command:Invoking command in '/home/huahai/dobot_ws/build/cr12_moveit': CMAKE_PREFIX_PATH=/home/huahai/dobot_ws/install/dobot_rviz:/home/huahai/dobot_ws/install/nova5_moveit:/home/huahai/dobot_ws/install/nova2_moveit:/home/huahai/dobot_ws/install/cr7_moveit:/home/huahai/dobot_ws/install/cr5_moveit:/home/huahai/dobot_ws/install/cr3_moveit:/home/huahai/dobot_ws/install/cr16_moveit:/home/huahai/dobot_ws/install/cr12_moveit:/home/huahai/dobot_ws/install/cr10_moveit:/home/huahai/dobot_ws/install/dobot_msgs_v3:/home/huahai/dobot_ws/install/dobot_gazebo:/home/huahai/dobot_ws/install/cra_description:/home/huahai/dobot_ws/install/robot_control_api:/home/huahai/dobot_ws/install/qt_robot_control:/home/huahai/dobot_ws/install/servo_action:/home/huahai/dobot_ws/install/dobot_bringup_v3:/home/huahai/dobot_ws/install/dobot_moveit:/home/huahai/dobot_ws/install/dobot_demo:/opt/ros/humble /usr/bin/cmake --build /home/huahai/dobot_ws/build/cr12_moveit -- -j2 -l2
[3.768s] DEBUG:colcon.colcon_core.event_handler.log_command:Invoked command in '/home/huahai/dobot_ws/build/cr12_moveit' returned '0': CMAKE_PREFIX_PATH=/home/huahai/dobot_ws/install/dobot_rviz:/home/huahai/dobot_ws/install/nova5_moveit:/home/huahai/dobot_ws/install/nova2_moveit:/home/huahai/dobot_ws/install/cr7_moveit:/home/huahai/dobot_ws/install/cr5_moveit:/home/huahai/dobot_ws/install/cr3_moveit:/home/huahai/dobot_ws/install/cr16_moveit:/home/huahai/dobot_ws/install/cr12_moveit:/home/huahai/dobot_ws/install/cr10_moveit:/home/huahai/dobot_ws/install/dobot_msgs_v3:/home/huahai/dobot_ws/install/dobot_gazebo:/home/huahai/dobot_ws/install/cra_description:/home/huahai/dobot_ws/install/robot_control_api:/home/huahai/dobot_ws/install/qt_robot_control:/home/huahai/dobot_ws/install/servo_action:/home/huahai/dobot_ws/install/dobot_bringup_v3:/home/huahai/dobot_ws/install/dobot_moveit:/home/huahai/dobot_ws/install/dobot_demo:/opt/ros/humble /usr/bin/cmake --build /home/huahai/dobot_ws/build/cr12_moveit -- -j2 -l2
[3.776s] DEBUG:colcon.colcon_core.event_handler.log_command:Invoking command in '/home/huahai/dobot_ws/build/cr12_moveit': CMAKE_PREFIX_PATH=/home/huahai/dobot_ws/install/dobot_rviz:/home/huahai/dobot_ws/install/nova5_moveit:/home/huahai/dobot_ws/install/nova2_moveit:/home/huahai/dobot_ws/install/cr7_moveit:/home/huahai/dobot_ws/install/cr5_moveit:/home/huahai/dobot_ws/install/cr3_moveit:/home/huahai/dobot_ws/install/cr16_moveit:/home/huahai/dobot_ws/install/cr12_moveit:/home/huahai/dobot_ws/install/cr10_moveit:/home/huahai/dobot_ws/install/dobot_msgs_v3:/home/huahai/dobot_ws/install/dobot_gazebo:/home/huahai/dobot_ws/install/cra_description:/home/huahai/dobot_ws/install/robot_control_api:/home/huahai/dobot_ws/install/qt_robot_control:/home/huahai/dobot_ws/install/servo_action:/home/huahai/dobot_ws/install/dobot_bringup_v3:/home/huahai/dobot_ws/install/dobot_moveit:/home/huahai/dobot_ws/install/dobot_demo:/opt/ros/humble /usr/bin/cmake --install /home/huahai/dobot_ws/build/cr12_moveit
[3.797s] Level 1:colcon.colcon_core.environment:create_environment_scripts_only(cr12_moveit)
[3.798s] Level 1:colcon.colcon_core.environment:checking '/home/huahai/dobot_ws/install/cr12_moveit' for CMake module files
[3.798s] Level 1:colcon.colcon_core.environment:checking '/home/huahai/dobot_ws/install/cr12_moveit' for CMake config files
[3.798s] Level 1:colcon.colcon_core.shell:create_environment_hook('cr12_moveit', 'cmake_prefix_path')
[3.799s] INFO:colcon.colcon_core.shell:Creating environment hook '/home/huahai/dobot_ws/install/cr12_moveit/share/cr12_moveit/hook/cmake_prefix_path.ps1'
[3.799s] DEBUG:colcon.colcon_core.event_handler.log_command:Invoked command in '/home/huahai/dobot_ws/build/cr12_moveit' returned '0': CMAKE_PREFIX_PATH=/home/huahai/dobot_ws/install/dobot_rviz:/home/huahai/dobot_ws/install/nova5_moveit:/home/huahai/dobot_ws/install/nova2_moveit:/home/huahai/dobot_ws/install/cr7_moveit:/home/huahai/dobot_ws/install/cr5_moveit:/home/huahai/dobot_ws/install/cr3_moveit:/home/huahai/dobot_ws/install/cr16_moveit:/home/huahai/dobot_ws/install/cr12_moveit:/home/huahai/dobot_ws/install/cr10_moveit:/home/huahai/dobot_ws/install/dobot_msgs_v3:/home/huahai/dobot_ws/install/dobot_gazebo:/home/huahai/dobot_ws/install/cra_description:/home/huahai/dobot_ws/install/robot_control_api:/home/huahai/dobot_ws/install/qt_robot_control:/home/huahai/dobot_ws/install/servo_action:/home/huahai/dobot_ws/install/dobot_bringup_v3:/home/huahai/dobot_ws/install/dobot_moveit:/home/huahai/dobot_ws/install/dobot_demo:/opt/ros/humble /usr/bin/cmake --install /home/huahai/dobot_ws/build/cr12_moveit
[3.800s] INFO:colcon.colcon_core.shell:Creating environment descriptor '/home/huahai/dobot_ws/install/cr12_moveit/share/cr12_moveit/hook/cmake_prefix_path.dsv'
[3.802s] INFO:colcon.colcon_core.shell:Creating environment hook '/home/huahai/dobot_ws/install/cr12_moveit/share/cr12_moveit/hook/cmake_prefix_path.sh'
[3.804s] Level 1:colcon.colcon_core.environment:checking '/home/huahai/dobot_ws/install/cr12_moveit/bin'
[3.804s] Level 1:colcon.colcon_core.environment:checking '/home/huahai/dobot_ws/install/cr12_moveit/lib/pkgconfig/cr12_moveit.pc'
[3.804s] Level 1:colcon.colcon_core.environment:checking '/home/huahai/dobot_ws/install/cr12_moveit/lib/python3.10/site-packages'
[3.805s] Level 1:colcon.colcon_core.environment:checking '/home/huahai/dobot_ws/install/cr12_moveit/bin'
[3.805s] INFO:colcon.colcon_core.shell:Creating package script '/home/huahai/dobot_ws/install/cr12_moveit/share/cr12_moveit/package.ps1'
[3.806s] INFO:colcon.colcon_core.shell:Creating package descriptor '/home/huahai/dobot_ws/install/cr12_moveit/share/cr12_moveit/package.dsv'
[3.807s] INFO:colcon.colcon_core.shell:Creating package script '/home/huahai/dobot_ws/install/cr12_moveit/share/cr12_moveit/package.sh'
[3.807s] INFO:colcon.colcon_core.shell:Creating package script '/home/huahai/dobot_ws/install/cr12_moveit/share/cr12_moveit/package.bash'
[3.808s] INFO:colcon.colcon_core.shell:Creating package script '/home/huahai/dobot_ws/install/cr12_moveit/share/cr12_moveit/package.zsh'
[3.808s] Level 1:colcon.colcon_core.environment:create_file_with_runtime_dependencies(/home/huahai/dobot_ws/install/cr12_moveit/share/colcon-core/packages/cr12_moveit)
[3.809s] Level 1:colcon.colcon_core.environment:create_environment_scripts_only(cr12_moveit)
[3.809s] Level 1:colcon.colcon_core.environment:checking '/home/huahai/dobot_ws/install/cr12_moveit' for CMake module files
[3.810s] Level 1:colcon.colcon_core.environment:checking '/home/huahai/dobot_ws/install/cr12_moveit' for CMake config files
[3.810s] Level 1:colcon.colcon_core.shell:create_environment_hook('cr12_moveit', 'cmake_prefix_path')
[3.810s] INFO:colcon.colcon_core.shell:Creating environment hook '/home/huahai/dobot_ws/install/cr12_moveit/share/cr12_moveit/hook/cmake_prefix_path.ps1'
[3.811s] INFO:colcon.colcon_core.shell:Creating environment descriptor '/home/huahai/dobot_ws/install/cr12_moveit/share/cr12_moveit/hook/cmake_prefix_path.dsv'
[3.811s] INFO:colcon.colcon_core.shell:Creating environment hook '/home/huahai/dobot_ws/install/cr12_moveit/share/cr12_moveit/hook/cmake_prefix_path.sh'
[3.813s] Level 1:colcon.colcon_core.environment:checking '/home/huahai/dobot_ws/install/cr12_moveit/bin'
[3.813s] Level 1:colcon.colcon_core.environment:checking '/home/huahai/dobot_ws/install/cr12_moveit/lib/pkgconfig/cr12_moveit.pc'
[3.814s] Level 1:colcon.colcon_core.environment:checking '/home/huahai/dobot_ws/install/cr12_moveit/lib/python3.10/site-packages'
[3.814s] Level 1:colcon.colcon_core.environment:checking '/home/huahai/dobot_ws/install/cr12_moveit/bin'
[3.814s] INFO:colcon.colcon_core.shell:Creating package script '/home/huahai/dobot_ws/install/cr12_moveit/share/cr12_moveit/package.ps1'
[3.814s] INFO:colcon.colcon_core.shell:Creating package descriptor '/home/huahai/dobot_ws/install/cr12_moveit/share/cr12_moveit/package.dsv'
[3.815s] INFO:colcon.colcon_core.shell:Creating package script '/home/huahai/dobot_ws/install/cr12_moveit/share/cr12_moveit/package.sh'
[3.816s] INFO:colcon.colcon_core.shell:Creating package script '/home/huahai/dobot_ws/install/cr12_moveit/share/cr12_moveit/package.bash'
[3.816s] INFO:colcon.colcon_core.shell:Creating package script '/home/huahai/dobot_ws/install/cr12_moveit/share/cr12_moveit/package.zsh'
[3.817s] Level 1:colcon.colcon_core.environment:create_file_with_runtime_dependencies(/home/huahai/dobot_ws/install/cr12_moveit/share/colcon-core/packages/cr12_moveit)
[3.818s] INFO:colcon.colcon_ros.task.ament_cmake.build:Building ROS package in '/home/huahai/dobot_ws/src/DOBOT_6Axis_ROS2_V3/cr16_moveit' with build type 'ament_cmake'
[3.819s] INFO:colcon.colcon_cmake.task.cmake.build:Building CMake package in '/home/huahai/dobot_ws/src/DOBOT_6Axis_ROS2_V3/cr16_moveit'
[3.820s] INFO:colcon.colcon_core.shell:Skip shell extension 'powershell' for command environment: Not usable outside of PowerShell
[3.820s] DEBUG:colcon.colcon_core.shell:Skip shell extension 'dsv' for command environment
[3.824s] Level 1:colcon.colcon_core.environment:checking '/home/huahai/dobot_ws/install/servo_action' for CMake module files
[3.825s] DEBUG:colcon.colcon_core.event_handler.log_command:Invoked command in '/home/huahai/dobot_ws/src/DOBOT_6Axis_ROS2_V3/servo_action' returned '0': PYTHONPATH=/home/huahai/dobot_ws/build/servo_action/prefix_override:/usr/lib/python3/dist-packages/colcon_core/task/python/colcon_distutils_commands:/home/huahai/dobot_ws/install/servo_action/lib/python3.10/site-packages:${PYTHONPATH} /usr/bin/python3 -W ignore:setup.py install is deprecated -W ignore:easy_install command is deprecated setup.py egg_info --egg-base ../../../build/servo_action build --build-base /home/huahai/dobot_ws/build/servo_action/build install --record /home/huahai/dobot_ws/build/servo_action/install.log --single-version-externally-managed install_data
[3.825s] Level 1:colcon.colcon_core.environment:checking '/home/huahai/dobot_ws/install/servo_action' for CMake config files
[3.826s] Level 1:colcon.colcon_core.environment:checking '/home/huahai/dobot_ws/install/servo_action/lib'
[3.826s] Level 1:colcon.colcon_core.environment:checking '/home/huahai/dobot_ws/install/servo_action/bin'
[3.826s] Level 1:colcon.colcon_core.environment:checking '/home/huahai/dobot_ws/install/servo_action/lib/pkgconfig/servo_action.pc'
[3.826s] Level 1:colcon.colcon_core.environment:checking '/home/huahai/dobot_ws/install/servo_action/lib/python3.10/site-packages'
[3.826s] Level 1:colcon.colcon_core.shell:create_environment_hook('servo_action', 'pythonpath')
[3.826s] INFO:colcon.colcon_core.shell:Creating environment hook '/home/huahai/dobot_ws/install/servo_action/share/servo_action/hook/pythonpath.ps1'
[3.827s] INFO:colcon.colcon_core.shell:Creating environment descriptor '/home/huahai/dobot_ws/install/servo_action/share/servo_action/hook/pythonpath.dsv'
[3.827s] INFO:colcon.colcon_core.shell:Creating environment hook '/home/huahai/dobot_ws/install/servo_action/share/servo_action/hook/pythonpath.sh'
[3.828s] Level 1:colcon.colcon_core.environment:checking '/home/huahai/dobot_ws/install/servo_action/bin'
[3.828s] Level 1:colcon.colcon_core.environment:create_environment_scripts_only(servo_action)
[3.828s] INFO:colcon.colcon_core.shell:Creating package script '/home/huahai/dobot_ws/install/servo_action/share/servo_action/package.ps1'
[3.829s] INFO:colcon.colcon_core.shell:Creating package descriptor '/home/huahai/dobot_ws/install/servo_action/share/servo_action/package.dsv'
[3.829s] INFO:colcon.colcon_core.shell:Creating package script '/home/huahai/dobot_ws/install/servo_action/share/servo_action/package.sh'
[3.830s] INFO:colcon.colcon_core.shell:Creating package script '/home/huahai/dobot_ws/install/servo_action/share/servo_action/package.bash'
[3.830s] INFO:colcon.colcon_core.shell:Creating package script '/home/huahai/dobot_ws/install/servo_action/share/servo_action/package.zsh'
[3.830s] Level 1:colcon.colcon_core.environment:create_file_with_runtime_dependencies(/home/huahai/dobot_ws/install/servo_action/share/colcon-core/packages/servo_action)
[3.832s] INFO:colcon.colcon_ros.task.ament_cmake.build:Building ROS package in '/home/huahai/dobot_ws/src/DOBOT_6Axis_ROS2_V3/cr3_moveit' with build type 'ament_cmake'
[3.832s] INFO:colcon.colcon_cmake.task.cmake.build:Building CMake package in '/home/huahai/dobot_ws/src/DOBOT_6Axis_ROS2_V3/cr3_moveit'
[3.832s] INFO:colcon.colcon_core.shell:Skip shell extension 'powershell' for command environment: Not usable outside of PowerShell
[3.833s] DEBUG:colcon.colcon_core.shell:Skip shell extension 'dsv' for command environment
[3.844s] DEBUG:colcon.colcon_core.event_handler.log_command:Invoking command in '/home/huahai/dobot_ws/build/cr16_moveit': CMAKE_PREFIX_PATH=/home/huahai/dobot_ws/install/dobot_rviz:/home/huahai/dobot_ws/install/nova5_moveit:/home/huahai/dobot_ws/install/nova2_moveit:/home/huahai/dobot_ws/install/cr7_moveit:/home/huahai/dobot_ws/install/cr5_moveit:/home/huahai/dobot_ws/install/cr3_moveit:/home/huahai/dobot_ws/install/cr16_moveit:/home/huahai/dobot_ws/install/cr12_moveit:/home/huahai/dobot_ws/install/cr10_moveit:/home/huahai/dobot_ws/install/dobot_msgs_v3:/home/huahai/dobot_ws/install/dobot_gazebo:/home/huahai/dobot_ws/install/cra_description:/home/huahai/dobot_ws/install/robot_control_api:/home/huahai/dobot_ws/install/qt_robot_control:/home/huahai/dobot_ws/install/servo_action:/home/huahai/dobot_ws/install/dobot_bringup_v3:/home/huahai/dobot_ws/install/dobot_moveit:/home/huahai/dobot_ws/install/dobot_demo:/opt/ros/humble /usr/bin/cmake --build /home/huahai/dobot_ws/build/cr16_moveit -- -j2 -l2
[3.852s] DEBUG:colcon.colcon_core.event_handler.log_command:Invoking command in '/home/huahai/dobot_ws/build/cr3_moveit': CMAKE_PREFIX_PATH=/home/huahai/dobot_ws/install/dobot_rviz:/home/huahai/dobot_ws/install/nova5_moveit:/home/huahai/dobot_ws/install/nova2_moveit:/home/huahai/dobot_ws/install/cr7_moveit:/home/huahai/dobot_ws/install/cr5_moveit:/home/huahai/dobot_ws/install/cr3_moveit:/home/huahai/dobot_ws/install/cr16_moveit:/home/huahai/dobot_ws/install/cr12_moveit:/home/huahai/dobot_ws/install/cr10_moveit:/home/huahai/dobot_ws/install/dobot_msgs_v3:/home/huahai/dobot_ws/install/dobot_gazebo:/home/huahai/dobot_ws/install/cra_description:/home/huahai/dobot_ws/install/robot_control_api:/home/huahai/dobot_ws/install/qt_robot_control:/home/huahai/dobot_ws/install/servo_action:/home/huahai/dobot_ws/install/dobot_bringup_v3:/home/huahai/dobot_ws/install/dobot_moveit:/home/huahai/dobot_ws/install/dobot_demo:/opt/ros/humble /usr/bin/cmake --build /home/huahai/dobot_ws/build/cr3_moveit -- -j2 -l2
[3.897s] DEBUG:colcon.colcon_core.event_handler.log_command:Invoked command in '/home/huahai/dobot_ws/build/cr16_moveit' returned '0': CMAKE_PREFIX_PATH=/home/huahai/dobot_ws/install/dobot_rviz:/home/huahai/dobot_ws/install/nova5_moveit:/home/huahai/dobot_ws/install/nova2_moveit:/home/huahai/dobot_ws/install/cr7_moveit:/home/huahai/dobot_ws/install/cr5_moveit:/home/huahai/dobot_ws/install/cr3_moveit:/home/huahai/dobot_ws/install/cr16_moveit:/home/huahai/dobot_ws/install/cr12_moveit:/home/huahai/dobot_ws/install/cr10_moveit:/home/huahai/dobot_ws/install/dobot_msgs_v3:/home/huahai/dobot_ws/install/dobot_gazebo:/home/huahai/dobot_ws/install/cra_description:/home/huahai/dobot_ws/install/robot_control_api:/home/huahai/dobot_ws/install/qt_robot_control:/home/huahai/dobot_ws/install/servo_action:/home/huahai/dobot_ws/install/dobot_bringup_v3:/home/huahai/dobot_ws/install/dobot_moveit:/home/huahai/dobot_ws/install/dobot_demo:/opt/ros/humble /usr/bin/cmake --build /home/huahai/dobot_ws/build/cr16_moveit -- -j2 -l2
[3.903s] DEBUG:colcon.colcon_core.event_handler.log_command:Invoking command in '/home/huahai/dobot_ws/build/cr16_moveit': CMAKE_PREFIX_PATH=/home/huahai/dobot_ws/install/dobot_rviz:/home/huahai/dobot_ws/install/nova5_moveit:/home/huahai/dobot_ws/install/nova2_moveit:/home/huahai/dobot_ws/install/cr7_moveit:/home/huahai/dobot_ws/install/cr5_moveit:/home/huahai/dobot_ws/install/cr3_moveit:/home/huahai/dobot_ws/install/cr16_moveit:/home/huahai/dobot_ws/install/cr12_moveit:/home/huahai/dobot_ws/install/cr10_moveit:/home/huahai/dobot_ws/install/dobot_msgs_v3:/home/huahai/dobot_ws/install/dobot_gazebo:/home/huahai/dobot_ws/install/cra_description:/home/huahai/dobot_ws/install/robot_control_api:/home/huahai/dobot_ws/install/qt_robot_control:/home/huahai/dobot_ws/install/servo_action:/home/huahai/dobot_ws/install/dobot_bringup_v3:/home/huahai/dobot_ws/install/dobot_moveit:/home/huahai/dobot_ws/install/dobot_demo:/opt/ros/humble /usr/bin/cmake --install /home/huahai/dobot_ws/build/cr16_moveit
[3.921s] DEBUG:colcon.colcon_core.event_handler.log_command:Invoked command in '/home/huahai/dobot_ws/build/cr3_moveit' returned '0': CMAKE_PREFIX_PATH=/home/huahai/dobot_ws/install/dobot_rviz:/home/huahai/dobot_ws/install/nova5_moveit:/home/huahai/dobot_ws/install/nova2_moveit:/home/huahai/dobot_ws/install/cr7_moveit:/home/huahai/dobot_ws/install/cr5_moveit:/home/huahai/dobot_ws/install/cr3_moveit:/home/huahai/dobot_ws/install/cr16_moveit:/home/huahai/dobot_ws/install/cr12_moveit:/home/huahai/dobot_ws/install/cr10_moveit:/home/huahai/dobot_ws/install/dobot_msgs_v3:/home/huahai/dobot_ws/install/dobot_gazebo:/home/huahai/dobot_ws/install/cra_description:/home/huahai/dobot_ws/install/robot_control_api:/home/huahai/dobot_ws/install/qt_robot_control:/home/huahai/dobot_ws/install/servo_action:/home/huahai/dobot_ws/install/dobot_bringup_v3:/home/huahai/dobot_ws/install/dobot_moveit:/home/huahai/dobot_ws/install/dobot_demo:/opt/ros/humble /usr/bin/cmake --build /home/huahai/dobot_ws/build/cr3_moveit -- -j2 -l2
[3.925s] DEBUG:colcon.colcon_core.event_handler.log_command:Invoking command in '/home/huahai/dobot_ws/build/cr3_moveit': CMAKE_PREFIX_PATH=/home/huahai/dobot_ws/install/dobot_rviz:/home/huahai/dobot_ws/install/nova5_moveit:/home/huahai/dobot_ws/install/nova2_moveit:/home/huahai/dobot_ws/install/cr7_moveit:/home/huahai/dobot_ws/install/cr5_moveit:/home/huahai/dobot_ws/install/cr3_moveit:/home/huahai/dobot_ws/install/cr16_moveit:/home/huahai/dobot_ws/install/cr12_moveit:/home/huahai/dobot_ws/install/cr10_moveit:/home/huahai/dobot_ws/install/dobot_msgs_v3:/home/huahai/dobot_ws/install/dobot_gazebo:/home/huahai/dobot_ws/install/cra_description:/home/huahai/dobot_ws/install/robot_control_api:/home/huahai/dobot_ws/install/qt_robot_control:/home/huahai/dobot_ws/install/servo_action:/home/huahai/dobot_ws/install/dobot_bringup_v3:/home/huahai/dobot_ws/install/dobot_moveit:/home/huahai/dobot_ws/install/dobot_demo:/opt/ros/humble /usr/bin/cmake --install /home/huahai/dobot_ws/build/cr3_moveit
[3.927s] Level 1:colcon.colcon_core.environment:create_environment_scripts_only(cr16_moveit)
[3.928s] Level 1:colcon.colcon_core.environment:checking '/home/huahai/dobot_ws/install/cr16_moveit' for CMake module files
[3.928s] DEBUG:colcon.colcon_core.event_handler.log_command:Invoked command in '/home/huahai/dobot_ws/build/cr16_moveit' returned '0': CMAKE_PREFIX_PATH=/home/huahai/dobot_ws/install/dobot_rviz:/home/huahai/dobot_ws/install/nova5_moveit:/home/huahai/dobot_ws/install/nova2_moveit:/home/huahai/dobot_ws/install/cr7_moveit:/home/huahai/dobot_ws/install/cr5_moveit:/home/huahai/dobot_ws/install/cr3_moveit:/home/huahai/dobot_ws/install/cr16_moveit:/home/huahai/dobot_ws/install/cr12_moveit:/home/huahai/dobot_ws/install/cr10_moveit:/home/huahai/dobot_ws/install/dobot_msgs_v3:/home/huahai/dobot_ws/install/dobot_gazebo:/home/huahai/dobot_ws/install/cra_description:/home/huahai/dobot_ws/install/robot_control_api:/home/huahai/dobot_ws/install/qt_robot_control:/home/huahai/dobot_ws/install/servo_action:/home/huahai/dobot_ws/install/dobot_bringup_v3:/home/huahai/dobot_ws/install/dobot_moveit:/home/huahai/dobot_ws/install/dobot_demo:/opt/ros/humble /usr/bin/cmake --install /home/huahai/dobot_ws/build/cr16_moveit
[3.929s] Level 1:colcon.colcon_core.environment:checking '/home/huahai/dobot_ws/install/cr16_moveit' for CMake config files
[3.929s] Level 1:colcon.colcon_core.shell:create_environment_hook('cr16_moveit', 'cmake_prefix_path')
[3.930s] INFO:colcon.colcon_core.shell:Creating environment hook '/home/huahai/dobot_ws/install/cr16_moveit/share/cr16_moveit/hook/cmake_prefix_path.ps1'
[3.931s] INFO:colcon.colcon_core.shell:Creating environment descriptor '/home/huahai/dobot_ws/install/cr16_moveit/share/cr16_moveit/hook/cmake_prefix_path.dsv'
[3.932s] INFO:colcon.colcon_core.shell:Creating environment hook '/home/huahai/dobot_ws/install/cr16_moveit/share/cr16_moveit/hook/cmake_prefix_path.sh'
[3.935s] Level 1:colcon.colcon_core.environment:checking '/home/huahai/dobot_ws/install/cr16_moveit/bin'
[3.935s] Level 1:colcon.colcon_core.environment:checking '/home/huahai/dobot_ws/install/cr16_moveit/lib/pkgconfig/cr16_moveit.pc'
[3.936s] Level 1:colcon.colcon_core.environment:checking '/home/huahai/dobot_ws/install/cr16_moveit/lib/python3.10/site-packages'
[3.938s] Level 1:colcon.colcon_core.environment:checking '/home/huahai/dobot_ws/install/cr16_moveit/bin'
[3.938s] INFO:colcon.colcon_core.shell:Creating package script '/home/huahai/dobot_ws/install/cr16_moveit/share/cr16_moveit/package.ps1'
[3.939s] INFO:colcon.colcon_core.shell:Creating package descriptor '/home/huahai/dobot_ws/install/cr16_moveit/share/cr16_moveit/package.dsv'
[3.939s] INFO:colcon.colcon_core.shell:Creating package script '/home/huahai/dobot_ws/install/cr16_moveit/share/cr16_moveit/package.sh'
[3.940s] INFO:colcon.colcon_core.shell:Creating package script '/home/huahai/dobot_ws/install/cr16_moveit/share/cr16_moveit/package.bash'
[3.941s] INFO:colcon.colcon_core.shell:Creating package script '/home/huahai/dobot_ws/install/cr16_moveit/share/cr16_moveit/package.zsh'
[3.941s] Level 1:colcon.colcon_core.environment:create_file_with_runtime_dependencies(/home/huahai/dobot_ws/install/cr16_moveit/share/colcon-core/packages/cr16_moveit)
[3.943s] Level 1:colcon.colcon_core.environment:create_environment_scripts_only(cr16_moveit)
[3.943s] Level 1:colcon.colcon_core.environment:checking '/home/huahai/dobot_ws/install/cr16_moveit' for CMake module files
[3.944s] Level 1:colcon.colcon_core.environment:checking '/home/huahai/dobot_ws/install/cr16_moveit' for CMake config files
[3.944s] Level 1:colcon.colcon_core.shell:create_environment_hook('cr16_moveit', 'cmake_prefix_path')
[3.944s] INFO:colcon.colcon_core.shell:Creating environment hook '/home/huahai/dobot_ws/install/cr16_moveit/share/cr16_moveit/hook/cmake_prefix_path.ps1'
[3.945s] INFO:colcon.colcon_core.shell:Creating environment descriptor '/home/huahai/dobot_ws/install/cr16_moveit/share/cr16_moveit/hook/cmake_prefix_path.dsv'
[3.946s] INFO:colcon.colcon_core.shell:Creating environment hook '/home/huahai/dobot_ws/install/cr16_moveit/share/cr16_moveit/hook/cmake_prefix_path.sh'
[3.948s] Level 1:colcon.colcon_core.environment:checking '/home/huahai/dobot_ws/install/cr16_moveit/bin'
[3.948s] Level 1:colcon.colcon_core.environment:checking '/home/huahai/dobot_ws/install/cr16_moveit/lib/pkgconfig/cr16_moveit.pc'
[3.948s] Level 1:colcon.colcon_core.environment:checking '/home/huahai/dobot_ws/install/cr16_moveit/lib/python3.10/site-packages'
[3.948s] Level 1:colcon.colcon_core.environment:checking '/home/huahai/dobot_ws/install/cr16_moveit/bin'
[3.948s] INFO:colcon.colcon_core.shell:Creating package script '/home/huahai/dobot_ws/install/cr16_moveit/share/cr16_moveit/package.ps1'
[3.949s] INFO:colcon.colcon_core.shell:Creating package descriptor '/home/huahai/dobot_ws/install/cr16_moveit/share/cr16_moveit/package.dsv'
[3.950s] INFO:colcon.colcon_core.shell:Creating package script '/home/huahai/dobot_ws/install/cr16_moveit/share/cr16_moveit/package.sh'
[3.950s] INFO:colcon.colcon_core.shell:Creating package script '/home/huahai/dobot_ws/install/cr16_moveit/share/cr16_moveit/package.bash'
[3.951s] INFO:colcon.colcon_core.shell:Creating package script '/home/huahai/dobot_ws/install/cr16_moveit/share/cr16_moveit/package.zsh'
[3.951s] Level 1:colcon.colcon_core.environment:create_file_with_runtime_dependencies(/home/huahai/dobot_ws/install/cr16_moveit/share/colcon-core/packages/cr16_moveit)
[3.953s] INFO:colcon.colcon_ros.task.ament_cmake.build:Building ROS package in '/home/huahai/dobot_ws/src/DOBOT_6Axis_ROS2_V3/cr5_moveit' with build type 'ament_cmake'
[3.953s] INFO:colcon.colcon_cmake.task.cmake.build:Building CMake package in '/home/huahai/dobot_ws/src/DOBOT_6Axis_ROS2_V3/cr5_moveit'
[3.953s] INFO:colcon.colcon_core.shell:Skip shell extension 'powershell' for command environment: Not usable outside of PowerShell
[3.954s] DEBUG:colcon.colcon_core.shell:Skip shell extension 'dsv' for command environment
[3.961s] Level 1:colcon.colcon_core.environment:create_environment_scripts_only(cr3_moveit)
[3.961s] Level 1:colcon.colcon_core.environment:checking '/home/huahai/dobot_ws/install/cr3_moveit' for CMake module files
[3.963s] Level 1:colcon.colcon_core.environment:checking '/home/huahai/dobot_ws/install/cr3_moveit' for CMake config files
[3.963s] DEBUG:colcon.colcon_core.event_handler.log_command:Invoked command in '/home/huahai/dobot_ws/build/cr3_moveit' returned '0': CMAKE_PREFIX_PATH=/home/huahai/dobot_ws/install/dobot_rviz:/home/huahai/dobot_ws/install/nova5_moveit:/home/huahai/dobot_ws/install/nova2_moveit:/home/huahai/dobot_ws/install/cr7_moveit:/home/huahai/dobot_ws/install/cr5_moveit:/home/huahai/dobot_ws/install/cr3_moveit:/home/huahai/dobot_ws/install/cr16_moveit:/home/huahai/dobot_ws/install/cr12_moveit:/home/huahai/dobot_ws/install/cr10_moveit:/home/huahai/dobot_ws/install/dobot_msgs_v3:/home/huahai/dobot_ws/install/dobot_gazebo:/home/huahai/dobot_ws/install/cra_description:/home/huahai/dobot_ws/install/robot_control_api:/home/huahai/dobot_ws/install/qt_robot_control:/home/huahai/dobot_ws/install/servo_action:/home/huahai/dobot_ws/install/dobot_bringup_v3:/home/huahai/dobot_ws/install/dobot_moveit:/home/huahai/dobot_ws/install/dobot_demo:/opt/ros/humble /usr/bin/cmake --install /home/huahai/dobot_ws/build/cr3_moveit
[3.963s] Level 1:colcon.colcon_core.shell:create_environment_hook('cr3_moveit', 'cmake_prefix_path')
[3.963s] INFO:colcon.colcon_core.shell:Creating environment hook '/home/huahai/dobot_ws/install/cr3_moveit/share/cr3_moveit/hook/cmake_prefix_path.ps1'
[3.964s] INFO:colcon.colcon_core.shell:Creating environment descriptor '/home/huahai/dobot_ws/install/cr3_moveit/share/cr3_moveit/hook/cmake_prefix_path.dsv'
[3.965s] INFO:colcon.colcon_core.shell:Creating environment hook '/home/huahai/dobot_ws/install/cr3_moveit/share/cr3_moveit/hook/cmake_prefix_path.sh'
[3.966s] Level 1:colcon.colcon_core.environment:checking '/home/huahai/dobot_ws/install/cr3_moveit/bin'
[3.966s] Level 1:colcon.colcon_core.environment:checking '/home/huahai/dobot_ws/install/cr3_moveit/lib/pkgconfig/cr3_moveit.pc'
[3.966s] Level 1:colcon.colcon_core.environment:checking '/home/huahai/dobot_ws/install/cr3_moveit/lib/python3.10/site-packages'
[3.967s] Level 1:colcon.colcon_core.environment:checking '/home/huahai/dobot_ws/install/cr3_moveit/bin'
[3.967s] INFO:colcon.colcon_core.shell:Creating package script '/home/huahai/dobot_ws/install/cr3_moveit/share/cr3_moveit/package.ps1'
[3.968s] INFO:colcon.colcon_core.shell:Creating package descriptor '/home/huahai/dobot_ws/install/cr3_moveit/share/cr3_moveit/package.dsv'
[3.969s] INFO:colcon.colcon_core.shell:Creating package script '/home/huahai/dobot_ws/install/cr3_moveit/share/cr3_moveit/package.sh'
[3.969s] INFO:colcon.colcon_core.shell:Creating package script '/home/huahai/dobot_ws/install/cr3_moveit/share/cr3_moveit/package.bash'
[3.969s] INFO:colcon.colcon_core.shell:Creating package script '/home/huahai/dobot_ws/install/cr3_moveit/share/cr3_moveit/package.zsh'
[3.970s] Level 1:colcon.colcon_core.environment:create_file_with_runtime_dependencies(/home/huahai/dobot_ws/install/cr3_moveit/share/colcon-core/packages/cr3_moveit)
[3.970s] Level 1:colcon.colcon_core.environment:create_environment_scripts_only(cr3_moveit)
[3.971s] Level 1:colcon.colcon_core.environment:checking '/home/huahai/dobot_ws/install/cr3_moveit' for CMake module files
[3.971s] Level 1:colcon.colcon_core.environment:checking '/home/huahai/dobot_ws/install/cr3_moveit' for CMake config files
[3.971s] Level 1:colcon.colcon_core.shell:create_environment_hook('cr3_moveit', 'cmake_prefix_path')
[3.971s] INFO:colcon.colcon_core.shell:Creating environment hook '/home/huahai/dobot_ws/install/cr3_moveit/share/cr3_moveit/hook/cmake_prefix_path.ps1'
[3.972s] INFO:colcon.colcon_core.shell:Creating environment descriptor '/home/huahai/dobot_ws/install/cr3_moveit/share/cr3_moveit/hook/cmake_prefix_path.dsv'
[3.974s] INFO:colcon.colcon_core.shell:Creating environment hook '/home/huahai/dobot_ws/install/cr3_moveit/share/cr3_moveit/hook/cmake_prefix_path.sh'
[3.975s] Level 1:colcon.colcon_core.environment:checking '/home/huahai/dobot_ws/install/cr3_moveit/bin'
[3.975s] Level 1:colcon.colcon_core.environment:checking '/home/huahai/dobot_ws/install/cr3_moveit/lib/pkgconfig/cr3_moveit.pc'
[3.975s] Level 1:colcon.colcon_core.environment:checking '/home/huahai/dobot_ws/install/cr3_moveit/lib/python3.10/site-packages'
[3.975s] Level 1:colcon.colcon_core.environment:checking '/home/huahai/dobot_ws/install/cr3_moveit/bin'
[3.976s] INFO:colcon.colcon_core.shell:Creating package script '/home/huahai/dobot_ws/install/cr3_moveit/share/cr3_moveit/package.ps1'
[3.976s] INFO:colcon.colcon_core.shell:Creating package descriptor '/home/huahai/dobot_ws/install/cr3_moveit/share/cr3_moveit/package.dsv'
[3.977s] INFO:colcon.colcon_core.shell:Creating package script '/home/huahai/dobot_ws/install/cr3_moveit/share/cr3_moveit/package.sh'
[3.978s] INFO:colcon.colcon_core.shell:Creating package script '/home/huahai/dobot_ws/install/cr3_moveit/share/cr3_moveit/package.bash'
[3.979s] INFO:colcon.colcon_core.shell:Creating package script '/home/huahai/dobot_ws/install/cr3_moveit/share/cr3_moveit/package.zsh'
[3.979s] Level 1:colcon.colcon_core.environment:create_file_with_runtime_dependencies(/home/huahai/dobot_ws/install/cr3_moveit/share/colcon-core/packages/cr3_moveit)
[3.980s] INFO:colcon.colcon_ros.task.ament_cmake.build:Building ROS package in '/home/huahai/dobot_ws/src/DOBOT_6Axis_ROS2_V3/cr7_moveit' with build type 'ament_cmake'
[3.980s] INFO:colcon.colcon_cmake.task.cmake.build:Building CMake package in '/home/huahai/dobot_ws/src/DOBOT_6Axis_ROS2_V3/cr7_moveit'
[3.980s] INFO:colcon.colcon_core.shell:Skip shell extension 'powershell' for command environment: Not usable outside of PowerShell
[3.980s] DEBUG:colcon.colcon_core.shell:Skip shell extension 'dsv' for command environment
[3.994s] DEBUG:colcon.colcon_core.event_handler.log_command:Invoking command in '/home/huahai/dobot_ws/build/cr5_moveit': CMAKE_PREFIX_PATH=/home/huahai/dobot_ws/install/dobot_rviz:/home/huahai/dobot_ws/install/nova5_moveit:/home/huahai/dobot_ws/install/nova2_moveit:/home/huahai/dobot_ws/install/cr7_moveit:/home/huahai/dobot_ws/install/cr5_moveit:/home/huahai/dobot_ws/install/cr3_moveit:/home/huahai/dobot_ws/install/cr16_moveit:/home/huahai/dobot_ws/install/cr12_moveit:/home/huahai/dobot_ws/install/cr10_moveit:/home/huahai/dobot_ws/install/dobot_msgs_v3:/home/huahai/dobot_ws/install/dobot_gazebo:/home/huahai/dobot_ws/install/cra_description:/home/huahai/dobot_ws/install/robot_control_api:/home/huahai/dobot_ws/install/qt_robot_control:/home/huahai/dobot_ws/install/servo_action:/home/huahai/dobot_ws/install/dobot_bringup_v3:/home/huahai/dobot_ws/install/dobot_moveit:/home/huahai/dobot_ws/install/dobot_demo:/opt/ros/humble /usr/bin/cmake --build /home/huahai/dobot_ws/build/cr5_moveit -- -j2 -l2
[4.003s] DEBUG:colcon.colcon_core.event_handler.log_command:Invoking command in '/home/huahai/dobot_ws/build/cr7_moveit': CMAKE_PREFIX_PATH=/home/huahai/dobot_ws/install/dobot_rviz:/home/huahai/dobot_ws/install/nova5_moveit:/home/huahai/dobot_ws/install/nova2_moveit:/home/huahai/dobot_ws/install/cr7_moveit:/home/huahai/dobot_ws/install/cr5_moveit:/home/huahai/dobot_ws/install/cr3_moveit:/home/huahai/dobot_ws/install/cr16_moveit:/home/huahai/dobot_ws/install/cr12_moveit:/home/huahai/dobot_ws/install/cr10_moveit:/home/huahai/dobot_ws/install/dobot_msgs_v3:/home/huahai/dobot_ws/install/dobot_gazebo:/home/huahai/dobot_ws/install/cra_description:/home/huahai/dobot_ws/install/robot_control_api:/home/huahai/dobot_ws/install/qt_robot_control:/home/huahai/dobot_ws/install/servo_action:/home/huahai/dobot_ws/install/dobot_bringup_v3:/home/huahai/dobot_ws/install/dobot_moveit:/home/huahai/dobot_ws/install/dobot_demo:/opt/ros/humble /usr/bin/cmake --build /home/huahai/dobot_ws/build/cr7_moveit -- -j2 -l2
[4.053s] DEBUG:colcon.colcon_core.event_handler.log_command:Invoked command in '/home/huahai/dobot_ws/build/cr5_moveit' returned '0': CMAKE_PREFIX_PATH=/home/huahai/dobot_ws/install/dobot_rviz:/home/huahai/dobot_ws/install/nova5_moveit:/home/huahai/dobot_ws/install/nova2_moveit:/home/huahai/dobot_ws/install/cr7_moveit:/home/huahai/dobot_ws/install/cr5_moveit:/home/huahai/dobot_ws/install/cr3_moveit:/home/huahai/dobot_ws/install/cr16_moveit:/home/huahai/dobot_ws/install/cr12_moveit:/home/huahai/dobot_ws/install/cr10_moveit:/home/huahai/dobot_ws/install/dobot_msgs_v3:/home/huahai/dobot_ws/install/dobot_gazebo:/home/huahai/dobot_ws/install/cra_description:/home/huahai/dobot_ws/install/robot_control_api:/home/huahai/dobot_ws/install/qt_robot_control:/home/huahai/dobot_ws/install/servo_action:/home/huahai/dobot_ws/install/dobot_bringup_v3:/home/huahai/dobot_ws/install/dobot_moveit:/home/huahai/dobot_ws/install/dobot_demo:/opt/ros/humble /usr/bin/cmake --build /home/huahai/dobot_ws/build/cr5_moveit -- -j2 -l2
[4.058s] DEBUG:colcon.colcon_core.event_handler.log_command:Invoking command in '/home/huahai/dobot_ws/build/cr5_moveit': CMAKE_PREFIX_PATH=/home/huahai/dobot_ws/install/dobot_rviz:/home/huahai/dobot_ws/install/nova5_moveit:/home/huahai/dobot_ws/install/nova2_moveit:/home/huahai/dobot_ws/install/cr7_moveit:/home/huahai/dobot_ws/install/cr5_moveit:/home/huahai/dobot_ws/install/cr3_moveit:/home/huahai/dobot_ws/install/cr16_moveit:/home/huahai/dobot_ws/install/cr12_moveit:/home/huahai/dobot_ws/install/cr10_moveit:/home/huahai/dobot_ws/install/dobot_msgs_v3:/home/huahai/dobot_ws/install/dobot_gazebo:/home/huahai/dobot_ws/install/cra_description:/home/huahai/dobot_ws/install/robot_control_api:/home/huahai/dobot_ws/install/qt_robot_control:/home/huahai/dobot_ws/install/servo_action:/home/huahai/dobot_ws/install/dobot_bringup_v3:/home/huahai/dobot_ws/install/dobot_moveit:/home/huahai/dobot_ws/install/dobot_demo:/opt/ros/humble /usr/bin/cmake --install /home/huahai/dobot_ws/build/cr5_moveit
[4.067s] DEBUG:colcon.colcon_core.event_handler.log_command:Invoked command in '/home/huahai/dobot_ws/build/cr7_moveit' returned '0': CMAKE_PREFIX_PATH=/home/huahai/dobot_ws/install/dobot_rviz:/home/huahai/dobot_ws/install/nova5_moveit:/home/huahai/dobot_ws/install/nova2_moveit:/home/huahai/dobot_ws/install/cr7_moveit:/home/huahai/dobot_ws/install/cr5_moveit:/home/huahai/dobot_ws/install/cr3_moveit:/home/huahai/dobot_ws/install/cr16_moveit:/home/huahai/dobot_ws/install/cr12_moveit:/home/huahai/dobot_ws/install/cr10_moveit:/home/huahai/dobot_ws/install/dobot_msgs_v3:/home/huahai/dobot_ws/install/dobot_gazebo:/home/huahai/dobot_ws/install/cra_description:/home/huahai/dobot_ws/install/robot_control_api:/home/huahai/dobot_ws/install/qt_robot_control:/home/huahai/dobot_ws/install/servo_action:/home/huahai/dobot_ws/install/dobot_bringup_v3:/home/huahai/dobot_ws/install/dobot_moveit:/home/huahai/dobot_ws/install/dobot_demo:/opt/ros/humble /usr/bin/cmake --build /home/huahai/dobot_ws/build/cr7_moveit -- -j2 -l2
[4.073s] DEBUG:colcon.colcon_core.event_handler.log_command:Invoking command in '/home/huahai/dobot_ws/build/cr7_moveit': CMAKE_PREFIX_PATH=/home/huahai/dobot_ws/install/dobot_rviz:/home/huahai/dobot_ws/install/nova5_moveit:/home/huahai/dobot_ws/install/nova2_moveit:/home/huahai/dobot_ws/install/cr7_moveit:/home/huahai/dobot_ws/install/cr5_moveit:/home/huahai/dobot_ws/install/cr3_moveit:/home/huahai/dobot_ws/install/cr16_moveit:/home/huahai/dobot_ws/install/cr12_moveit:/home/huahai/dobot_ws/install/cr10_moveit:/home/huahai/dobot_ws/install/dobot_msgs_v3:/home/huahai/dobot_ws/install/dobot_gazebo:/home/huahai/dobot_ws/install/cra_description:/home/huahai/dobot_ws/install/robot_control_api:/home/huahai/dobot_ws/install/qt_robot_control:/home/huahai/dobot_ws/install/servo_action:/home/huahai/dobot_ws/install/dobot_bringup_v3:/home/huahai/dobot_ws/install/dobot_moveit:/home/huahai/dobot_ws/install/dobot_demo:/opt/ros/humble /usr/bin/cmake --install /home/huahai/dobot_ws/build/cr7_moveit
[4.076s] Level 1:colcon.colcon_core.environment:create_environment_scripts_only(cr5_moveit)
[4.077s] Level 1:colcon.colcon_core.environment:checking '/home/huahai/dobot_ws/install/cr5_moveit' for CMake module files
[4.077s] Level 1:colcon.colcon_core.environment:checking '/home/huahai/dobot_ws/install/cr5_moveit' for CMake config files
[4.078s] Level 1:colcon.colcon_core.shell:create_environment_hook('cr5_moveit', 'cmake_prefix_path')
[4.078s] INFO:colcon.colcon_core.shell:Creating environment hook '/home/huahai/dobot_ws/install/cr5_moveit/share/cr5_moveit/hook/cmake_prefix_path.ps1'
[4.080s] INFO:colcon.colcon_core.shell:Creating environment descriptor '/home/huahai/dobot_ws/install/cr5_moveit/share/cr5_moveit/hook/cmake_prefix_path.dsv'
[4.082s] INFO:colcon.colcon_core.shell:Creating environment hook '/home/huahai/dobot_ws/install/cr5_moveit/share/cr5_moveit/hook/cmake_prefix_path.sh'
[4.083s] Level 1:colcon.colcon_core.environment:checking '/home/huahai/dobot_ws/install/cr5_moveit/bin'
[4.084s] Level 1:colcon.colcon_core.environment:checking '/home/huahai/dobot_ws/install/cr5_moveit/lib/pkgconfig/cr5_moveit.pc'
[4.084s] Level 1:colcon.colcon_core.environment:checking '/home/huahai/dobot_ws/install/cr5_moveit/lib/python3.10/site-packages'
[4.085s] Level 1:colcon.colcon_core.environment:checking '/home/huahai/dobot_ws/install/cr5_moveit/bin'
[4.085s] INFO:colcon.colcon_core.shell:Creating package script '/home/huahai/dobot_ws/install/cr5_moveit/share/cr5_moveit/package.ps1'
[4.087s] INFO:colcon.colcon_core.shell:Creating package descriptor '/home/huahai/dobot_ws/install/cr5_moveit/share/cr5_moveit/package.dsv'
[4.090s] INFO:colcon.colcon_core.shell:Creating package script '/home/huahai/dobot_ws/install/cr5_moveit/share/cr5_moveit/package.sh'
[4.091s] DEBUG:colcon.colcon_core.event_handler.log_command:Invoked command in '/home/huahai/dobot_ws/build/cr5_moveit' returned '0': CMAKE_PREFIX_PATH=/home/huahai/dobot_ws/install/dobot_rviz:/home/huahai/dobot_ws/install/nova5_moveit:/home/huahai/dobot_ws/install/nova2_moveit:/home/huahai/dobot_ws/install/cr7_moveit:/home/huahai/dobot_ws/install/cr5_moveit:/home/huahai/dobot_ws/install/cr3_moveit:/home/huahai/dobot_ws/install/cr16_moveit:/home/huahai/dobot_ws/install/cr12_moveit:/home/huahai/dobot_ws/install/cr10_moveit:/home/huahai/dobot_ws/install/dobot_msgs_v3:/home/huahai/dobot_ws/install/dobot_gazebo:/home/huahai/dobot_ws/install/cra_description:/home/huahai/dobot_ws/install/robot_control_api:/home/huahai/dobot_ws/install/qt_robot_control:/home/huahai/dobot_ws/install/servo_action:/home/huahai/dobot_ws/install/dobot_bringup_v3:/home/huahai/dobot_ws/install/dobot_moveit:/home/huahai/dobot_ws/install/dobot_demo:/opt/ros/humble /usr/bin/cmake --install /home/huahai/dobot_ws/build/cr5_moveit
[4.091s] INFO:colcon.colcon_core.shell:Creating package script '/home/huahai/dobot_ws/install/cr5_moveit/share/cr5_moveit/package.bash'
[4.092s] INFO:colcon.colcon_core.shell:Creating package script '/home/huahai/dobot_ws/install/cr5_moveit/share/cr5_moveit/package.zsh'
[4.094s] Level 1:colcon.colcon_core.environment:create_file_with_runtime_dependencies(/home/huahai/dobot_ws/install/cr5_moveit/share/colcon-core/packages/cr5_moveit)
[4.097s] Level 1:colcon.colcon_core.environment:create_environment_scripts_only(cr5_moveit)
[4.097s] Level 1:colcon.colcon_core.environment:checking '/home/huahai/dobot_ws/install/cr5_moveit' for CMake module files
[4.098s] Level 1:colcon.colcon_core.environment:checking '/home/huahai/dobot_ws/install/cr5_moveit' for CMake config files
[4.099s] Level 1:colcon.colcon_core.shell:create_environment_hook('cr5_moveit', 'cmake_prefix_path')
[4.099s] INFO:colcon.colcon_core.shell:Creating environment hook '/home/huahai/dobot_ws/install/cr5_moveit/share/cr5_moveit/hook/cmake_prefix_path.ps1'
[4.100s] INFO:colcon.colcon_core.shell:Creating environment descriptor '/home/huahai/dobot_ws/install/cr5_moveit/share/cr5_moveit/hook/cmake_prefix_path.dsv'
[4.101s] INFO:colcon.colcon_core.shell:Creating environment hook '/home/huahai/dobot_ws/install/cr5_moveit/share/cr5_moveit/hook/cmake_prefix_path.sh'
[4.102s] Level 1:colcon.colcon_core.environment:checking '/home/huahai/dobot_ws/install/cr5_moveit/bin'
[4.102s] Level 1:colcon.colcon_core.environment:checking '/home/huahai/dobot_ws/install/cr5_moveit/lib/pkgconfig/cr5_moveit.pc'
[4.102s] Level 1:colcon.colcon_core.environment:checking '/home/huahai/dobot_ws/install/cr5_moveit/lib/python3.10/site-packages'
[4.102s] Level 1:colcon.colcon_core.environment:checking '/home/huahai/dobot_ws/install/cr5_moveit/bin'
[4.102s] INFO:colcon.colcon_core.shell:Creating package script '/home/huahai/dobot_ws/install/cr5_moveit/share/cr5_moveit/package.ps1'
[4.103s] INFO:colcon.colcon_core.shell:Creating package descriptor '/home/huahai/dobot_ws/install/cr5_moveit/share/cr5_moveit/package.dsv'
[4.103s] INFO:colcon.colcon_core.shell:Creating package script '/home/huahai/dobot_ws/install/cr5_moveit/share/cr5_moveit/package.sh'
[4.104s] INFO:colcon.colcon_core.shell:Creating package script '/home/huahai/dobot_ws/install/cr5_moveit/share/cr5_moveit/package.bash'
[4.105s] INFO:colcon.colcon_core.shell:Creating package script '/home/huahai/dobot_ws/install/cr5_moveit/share/cr5_moveit/package.zsh'
[4.105s] Level 1:colcon.colcon_core.environment:create_file_with_runtime_dependencies(/home/huahai/dobot_ws/install/cr5_moveit/share/colcon-core/packages/cr5_moveit)
[4.106s] INFO:colcon.colcon_ros.task.ament_python.build:Building ROS package in '/home/huahai/dobot_ws/src/DOBOT_6Axis_ROS2_V3/dobot_bringup_v3' with build type 'ament_python'
[4.106s] Level 1:colcon.colcon_core.shell:create_environment_hook('dobot_bringup_v3', 'ament_prefix_path')
[4.107s] INFO:colcon.colcon_core.shell:Creating environment hook '/home/huahai/dobot_ws/install/dobot_bringup_v3/share/dobot_bringup_v3/hook/ament_prefix_path.ps1'
[4.107s] INFO:colcon.colcon_core.shell:Creating environment descriptor '/home/huahai/dobot_ws/install/dobot_bringup_v3/share/dobot_bringup_v3/hook/ament_prefix_path.dsv'
[4.108s] INFO:colcon.colcon_core.shell:Creating environment hook '/home/huahai/dobot_ws/install/dobot_bringup_v3/share/dobot_bringup_v3/hook/ament_prefix_path.sh'
[4.108s] INFO:colcon.colcon_core.shell:Skip shell extension 'powershell' for command environment: Not usable outside of PowerShell
[4.108s] DEBUG:colcon.colcon_core.shell:Skip shell extension 'dsv' for command environment
[4.116s] Level 1:colcon.colcon_core.environment:create_environment_scripts_only(cr7_moveit)
[4.117s] DEBUG:colcon.colcon_core.event_handler.log_command:Invoked command in '/home/huahai/dobot_ws/build/cr7_moveit' returned '0': CMAKE_PREFIX_PATH=/home/huahai/dobot_ws/install/dobot_rviz:/home/huahai/dobot_ws/install/nova5_moveit:/home/huahai/dobot_ws/install/nova2_moveit:/home/huahai/dobot_ws/install/cr7_moveit:/home/huahai/dobot_ws/install/cr5_moveit:/home/huahai/dobot_ws/install/cr3_moveit:/home/huahai/dobot_ws/install/cr16_moveit:/home/huahai/dobot_ws/install/cr12_moveit:/home/huahai/dobot_ws/install/cr10_moveit:/home/huahai/dobot_ws/install/dobot_msgs_v3:/home/huahai/dobot_ws/install/dobot_gazebo:/home/huahai/dobot_ws/install/cra_description:/home/huahai/dobot_ws/install/robot_control_api:/home/huahai/dobot_ws/install/qt_robot_control:/home/huahai/dobot_ws/install/servo_action:/home/huahai/dobot_ws/install/dobot_bringup_v3:/home/huahai/dobot_ws/install/dobot_moveit:/home/huahai/dobot_ws/install/dobot_demo:/opt/ros/humble /usr/bin/cmake --install /home/huahai/dobot_ws/build/cr7_moveit
[4.117s] Level 1:colcon.colcon_core.environment:checking '/home/huahai/dobot_ws/install/cr7_moveit' for CMake module files
[4.118s] Level 1:colcon.colcon_core.environment:checking '/home/huahai/dobot_ws/install/cr7_moveit' for CMake config files
[4.119s] Level 1:colcon.colcon_core.shell:create_environment_hook('cr7_moveit', 'cmake_prefix_path')
[4.119s] INFO:colcon.colcon_core.shell:Creating environment hook '/home/huahai/dobot_ws/install/cr7_moveit/share/cr7_moveit/hook/cmake_prefix_path.ps1'
[4.120s] INFO:colcon.colcon_core.shell:Creating environment descriptor '/home/huahai/dobot_ws/install/cr7_moveit/share/cr7_moveit/hook/cmake_prefix_path.dsv'
[4.120s] INFO:colcon.colcon_core.shell:Creating environment hook '/home/huahai/dobot_ws/install/cr7_moveit/share/cr7_moveit/hook/cmake_prefix_path.sh'
[4.121s] Level 1:colcon.colcon_core.environment:checking '/home/huahai/dobot_ws/install/cr7_moveit/bin'
[4.121s] Level 1:colcon.colcon_core.environment:checking '/home/huahai/dobot_ws/install/cr7_moveit/lib/pkgconfig/cr7_moveit.pc'
[4.122s] Level 1:colcon.colcon_core.environment:checking '/home/huahai/dobot_ws/install/cr7_moveit/lib/python3.10/site-packages'
[4.122s] Level 1:colcon.colcon_core.environment:checking '/home/huahai/dobot_ws/install/cr7_moveit/bin'
[4.122s] INFO:colcon.colcon_core.shell:Creating package script '/home/huahai/dobot_ws/install/cr7_moveit/share/cr7_moveit/package.ps1'
[4.123s] INFO:colcon.colcon_core.shell:Creating package descriptor '/home/huahai/dobot_ws/install/cr7_moveit/share/cr7_moveit/package.dsv'
[4.123s] INFO:colcon.colcon_core.shell:Creating package script '/home/huahai/dobot_ws/install/cr7_moveit/share/cr7_moveit/package.sh'
[4.124s] INFO:colcon.colcon_core.shell:Creating package script '/home/huahai/dobot_ws/install/cr7_moveit/share/cr7_moveit/package.bash'
[4.125s] INFO:colcon.colcon_core.shell:Creating package script '/home/huahai/dobot_ws/install/cr7_moveit/share/cr7_moveit/package.zsh'
[4.125s] Level 1:colcon.colcon_core.environment:create_file_with_runtime_dependencies(/home/huahai/dobot_ws/install/cr7_moveit/share/colcon-core/packages/cr7_moveit)
[4.126s] Level 1:colcon.colcon_core.environment:create_environment_scripts_only(cr7_moveit)
[4.126s] Level 1:colcon.colcon_core.environment:checking '/home/huahai/dobot_ws/install/cr7_moveit' for CMake module files
[4.126s] Level 1:colcon.colcon_core.environment:checking '/home/huahai/dobot_ws/install/cr7_moveit' for CMake config files
[4.127s] Level 1:colcon.colcon_core.shell:create_environment_hook('cr7_moveit', 'cmake_prefix_path')
[4.127s] INFO:colcon.colcon_core.shell:Creating environment hook '/home/huahai/dobot_ws/install/cr7_moveit/share/cr7_moveit/hook/cmake_prefix_path.ps1'
[4.128s] INFO:colcon.colcon_core.shell:Creating environment descriptor '/home/huahai/dobot_ws/install/cr7_moveit/share/cr7_moveit/hook/cmake_prefix_path.dsv'
[4.128s] INFO:colcon.colcon_core.shell:Creating environment hook '/home/huahai/dobot_ws/install/cr7_moveit/share/cr7_moveit/hook/cmake_prefix_path.sh'
[4.129s] Level 1:colcon.colcon_core.environment:checking '/home/huahai/dobot_ws/install/cr7_moveit/bin'
[4.130s] Level 1:colcon.colcon_core.environment:checking '/home/huahai/dobot_ws/install/cr7_moveit/lib/pkgconfig/cr7_moveit.pc'
[4.130s] Level 1:colcon.colcon_core.environment:checking '/home/huahai/dobot_ws/install/cr7_moveit/lib/python3.10/site-packages'
[4.130s] Level 1:colcon.colcon_core.environment:checking '/home/huahai/dobot_ws/install/cr7_moveit/bin'
[4.130s] INFO:colcon.colcon_core.shell:Creating package script '/home/huahai/dobot_ws/install/cr7_moveit/share/cr7_moveit/package.ps1'
[4.131s] INFO:colcon.colcon_core.shell:Creating package descriptor '/home/huahai/dobot_ws/install/cr7_moveit/share/cr7_moveit/package.dsv'
[4.131s] INFO:colcon.colcon_core.shell:Creating package script '/home/huahai/dobot_ws/install/cr7_moveit/share/cr7_moveit/package.sh'
[4.131s] INFO:colcon.colcon_core.shell:Creating package script '/home/huahai/dobot_ws/install/cr7_moveit/share/cr7_moveit/package.bash'
[4.132s] INFO:colcon.colcon_core.shell:Creating package script '/home/huahai/dobot_ws/install/cr7_moveit/share/cr7_moveit/package.zsh'
[4.132s] Level 1:colcon.colcon_core.environment:create_file_with_runtime_dependencies(/home/huahai/dobot_ws/install/cr7_moveit/share/colcon-core/packages/cr7_moveit)
[4.133s] INFO:colcon.colcon_ros.task.ament_cmake.build:Building ROS package in '/home/huahai/dobot_ws/src/DOBOT_6Axis_ROS2_V3/dobot_gazebo' with build type 'ament_cmake'
[4.133s] INFO:colcon.colcon_cmake.task.cmake.build:Building CMake package in '/home/huahai/dobot_ws/src/DOBOT_6Axis_ROS2_V3/dobot_gazebo'
[4.133s] INFO:colcon.colcon_core.shell:Skip shell extension 'powershell' for command environment: Not usable outside of PowerShell
[4.133s] DEBUG:colcon.colcon_core.shell:Skip shell extension 'dsv' for command environment
[4.359s] INFO:colcon.colcon_core.task.python.build:Building Python package in '/home/huahai/dobot_ws/src/DOBOT_6Axis_ROS2_V3/dobot_bringup_v3'
[4.359s] INFO:colcon.colcon_core.shell:Skip shell extension 'powershell' for command environment: Not usable outside of PowerShell
[4.359s] DEBUG:colcon.colcon_core.shell:Skip shell extension 'dsv' for command environment
[4.373s] DEBUG:colcon.colcon_core.event_handler.log_command:Invoking command in '/home/huahai/dobot_ws/build/dobot_gazebo': CMAKE_PREFIX_PATH=/home/huahai/dobot_ws/install/cra_description:/home/huahai/dobot_ws/install/nova5_moveit:/home/huahai/dobot_ws/install/nova2_moveit:/home/huahai/dobot_ws/install/cr7_moveit:/home/huahai/dobot_ws/install/cr5_moveit:/home/huahai/dobot_ws/install/cr3_moveit:/home/huahai/dobot_ws/install/cr16_moveit:/home/huahai/dobot_ws/install/cr12_moveit:/home/huahai/dobot_ws/install/cr10_moveit:/home/huahai/dobot_ws/install/dobot_rviz:/home/huahai/dobot_ws/install/dobot_msgs_v3:/home/huahai/dobot_ws/install/dobot_gazebo:/home/huahai/dobot_ws/install/robot_control_api:/home/huahai/dobot_ws/install/qt_robot_control:/home/huahai/dobot_ws/install/servo_action:/home/huahai/dobot_ws/install/dobot_bringup_v3:/home/huahai/dobot_ws/install/dobot_moveit:/home/huahai/dobot_ws/install/dobot_demo:/opt/ros/humble /usr/bin/cmake --build /home/huahai/dobot_ws/build/dobot_gazebo -- -j2 -l2
[4.415s] DEBUG:colcon.colcon_core.event_handler.log_command:Invoked command in '/home/huahai/dobot_ws/build/dobot_gazebo' returned '0': CMAKE_PREFIX_PATH=/home/huahai/dobot_ws/install/cra_description:/home/huahai/dobot_ws/install/nova5_moveit:/home/huahai/dobot_ws/install/nova2_moveit:/home/huahai/dobot_ws/install/cr7_moveit:/home/huahai/dobot_ws/install/cr5_moveit:/home/huahai/dobot_ws/install/cr3_moveit:/home/huahai/dobot_ws/install/cr16_moveit:/home/huahai/dobot_ws/install/cr12_moveit:/home/huahai/dobot_ws/install/cr10_moveit:/home/huahai/dobot_ws/install/dobot_rviz:/home/huahai/dobot_ws/install/dobot_msgs_v3:/home/huahai/dobot_ws/install/dobot_gazebo:/home/huahai/dobot_ws/install/robot_control_api:/home/huahai/dobot_ws/install/qt_robot_control:/home/huahai/dobot_ws/install/servo_action:/home/huahai/dobot_ws/install/dobot_bringup_v3:/home/huahai/dobot_ws/install/dobot_moveit:/home/huahai/dobot_ws/install/dobot_demo:/opt/ros/humble /usr/bin/cmake --build /home/huahai/dobot_ws/build/dobot_gazebo -- -j2 -l2
[4.417s] DEBUG:colcon.colcon_core.event_handler.log_command:Invoking command in '/home/huahai/dobot_ws/build/dobot_gazebo': CMAKE_PREFIX_PATH=/home/huahai/dobot_ws/install/cra_description:/home/huahai/dobot_ws/install/nova5_moveit:/home/huahai/dobot_ws/install/nova2_moveit:/home/huahai/dobot_ws/install/cr7_moveit:/home/huahai/dobot_ws/install/cr5_moveit:/home/huahai/dobot_ws/install/cr3_moveit:/home/huahai/dobot_ws/install/cr16_moveit:/home/huahai/dobot_ws/install/cr12_moveit:/home/huahai/dobot_ws/install/cr10_moveit:/home/huahai/dobot_ws/install/dobot_rviz:/home/huahai/dobot_ws/install/dobot_msgs_v3:/home/huahai/dobot_ws/install/dobot_gazebo:/home/huahai/dobot_ws/install/robot_control_api:/home/huahai/dobot_ws/install/qt_robot_control:/home/huahai/dobot_ws/install/servo_action:/home/huahai/dobot_ws/install/dobot_bringup_v3:/home/huahai/dobot_ws/install/dobot_moveit:/home/huahai/dobot_ws/install/dobot_demo:/opt/ros/humble /usr/bin/cmake --install /home/huahai/dobot_ws/build/dobot_gazebo
[4.439s] Level 1:colcon.colcon_core.environment:create_environment_scripts_only(dobot_gazebo)
[4.439s] Level 1:colcon.colcon_core.environment:checking '/home/huahai/dobot_ws/install/dobot_gazebo' for CMake module files
[4.439s] DEBUG:colcon.colcon_core.event_handler.log_command:Invoked command in '/home/huahai/dobot_ws/build/dobot_gazebo' returned '0': CMAKE_PREFIX_PATH=/home/huahai/dobot_ws/install/cra_description:/home/huahai/dobot_ws/install/nova5_moveit:/home/huahai/dobot_ws/install/nova2_moveit:/home/huahai/dobot_ws/install/cr7_moveit:/home/huahai/dobot_ws/install/cr5_moveit:/home/huahai/dobot_ws/install/cr3_moveit:/home/huahai/dobot_ws/install/cr16_moveit:/home/huahai/dobot_ws/install/cr12_moveit:/home/huahai/dobot_ws/install/cr10_moveit:/home/huahai/dobot_ws/install/dobot_rviz:/home/huahai/dobot_ws/install/dobot_msgs_v3:/home/huahai/dobot_ws/install/dobot_gazebo:/home/huahai/dobot_ws/install/robot_control_api:/home/huahai/dobot_ws/install/qt_robot_control:/home/huahai/dobot_ws/install/servo_action:/home/huahai/dobot_ws/install/dobot_bringup_v3:/home/huahai/dobot_ws/install/dobot_moveit:/home/huahai/dobot_ws/install/dobot_demo:/opt/ros/humble /usr/bin/cmake --install /home/huahai/dobot_ws/build/dobot_gazebo
[4.440s] Level 1:colcon.colcon_core.environment:checking '/home/huahai/dobot_ws/install/dobot_gazebo' for CMake config files
[4.441s] Level 1:colcon.colcon_core.shell:create_environment_hook('dobot_gazebo', 'cmake_prefix_path')
[4.441s] INFO:colcon.colcon_core.shell:Creating environment hook '/home/huahai/dobot_ws/install/dobot_gazebo/share/dobot_gazebo/hook/cmake_prefix_path.ps1'
[4.442s] INFO:colcon.colcon_core.shell:Creating environment descriptor '/home/huahai/dobot_ws/install/dobot_gazebo/share/dobot_gazebo/hook/cmake_prefix_path.dsv'
[4.442s] INFO:colcon.colcon_core.shell:Creating environment hook '/home/huahai/dobot_ws/install/dobot_gazebo/share/dobot_gazebo/hook/cmake_prefix_path.sh'
[4.443s] Level 1:colcon.colcon_core.environment:checking '/home/huahai/dobot_ws/install/dobot_gazebo/bin'
[4.443s] Level 1:colcon.colcon_core.environment:checking '/home/huahai/dobot_ws/install/dobot_gazebo/lib/pkgconfig/dobot_gazebo.pc'
[4.443s] Level 1:colcon.colcon_core.environment:checking '/home/huahai/dobot_ws/install/dobot_gazebo/lib/python3.10/site-packages'
[4.444s] Level 1:colcon.colcon_core.environment:checking '/home/huahai/dobot_ws/install/dobot_gazebo/bin'
[4.444s] INFO:colcon.colcon_core.shell:Creating package script '/home/huahai/dobot_ws/install/dobot_gazebo/share/dobot_gazebo/package.ps1'
[4.445s] INFO:colcon.colcon_core.shell:Creating package descriptor '/home/huahai/dobot_ws/install/dobot_gazebo/share/dobot_gazebo/package.dsv'
[4.445s] INFO:colcon.colcon_core.shell:Creating package script '/home/huahai/dobot_ws/install/dobot_gazebo/share/dobot_gazebo/package.sh'
[4.446s] INFO:colcon.colcon_core.shell:Creating package script '/home/huahai/dobot_ws/install/dobot_gazebo/share/dobot_gazebo/package.bash'
[4.446s] INFO:colcon.colcon_core.shell:Creating package script '/home/huahai/dobot_ws/install/dobot_gazebo/share/dobot_gazebo/package.zsh'
[4.447s] Level 1:colcon.colcon_core.environment:create_file_with_runtime_dependencies(/home/huahai/dobot_ws/install/dobot_gazebo/share/colcon-core/packages/dobot_gazebo)
[4.448s] Level 1:colcon.colcon_core.environment:create_environment_scripts_only(dobot_gazebo)
[4.448s] Level 1:colcon.colcon_core.environment:checking '/home/huahai/dobot_ws/install/dobot_gazebo' for CMake module files
[4.449s] Level 1:colcon.colcon_core.environment:checking '/home/huahai/dobot_ws/install/dobot_gazebo' for CMake config files
[4.449s] Level 1:colcon.colcon_core.shell:create_environment_hook('dobot_gazebo', 'cmake_prefix_path')
[4.449s] INFO:colcon.colcon_core.shell:Creating environment hook '/home/huahai/dobot_ws/install/dobot_gazebo/share/dobot_gazebo/hook/cmake_prefix_path.ps1'
[4.450s] INFO:colcon.colcon_core.shell:Creating environment descriptor '/home/huahai/dobot_ws/install/dobot_gazebo/share/dobot_gazebo/hook/cmake_prefix_path.dsv'
[4.451s] INFO:colcon.colcon_core.shell:Creating environment hook '/home/huahai/dobot_ws/install/dobot_gazebo/share/dobot_gazebo/hook/cmake_prefix_path.sh'
[4.452s] Level 1:colcon.colcon_core.environment:checking '/home/huahai/dobot_ws/install/dobot_gazebo/bin'
[4.452s] Level 1:colcon.colcon_core.environment:checking '/home/huahai/dobot_ws/install/dobot_gazebo/lib/pkgconfig/dobot_gazebo.pc'
[4.453s] Level 1:colcon.colcon_core.environment:checking '/home/huahai/dobot_ws/install/dobot_gazebo/lib/python3.10/site-packages'
[4.453s] Level 1:colcon.colcon_core.environment:checking '/home/huahai/dobot_ws/install/dobot_gazebo/bin'
[4.453s] INFO:colcon.colcon_core.shell:Creating package script '/home/huahai/dobot_ws/install/dobot_gazebo/share/dobot_gazebo/package.ps1'
[4.454s] INFO:colcon.colcon_core.shell:Creating package descriptor '/home/huahai/dobot_ws/install/dobot_gazebo/share/dobot_gazebo/package.dsv'
[4.455s] INFO:colcon.colcon_core.shell:Creating package script '/home/huahai/dobot_ws/install/dobot_gazebo/share/dobot_gazebo/package.sh'
[4.455s] INFO:colcon.colcon_core.shell:Creating package script '/home/huahai/dobot_ws/install/dobot_gazebo/share/dobot_gazebo/package.bash'
[4.456s] INFO:colcon.colcon_core.shell:Creating package script '/home/huahai/dobot_ws/install/dobot_gazebo/share/dobot_gazebo/package.zsh'
[4.457s] Level 1:colcon.colcon_core.environment:create_file_with_runtime_dependencies(/home/huahai/dobot_ws/install/dobot_gazebo/share/colcon-core/packages/dobot_gazebo)
[4.458s] INFO:colcon.colcon_ros.task.ament_cmake.build:Building ROS package in '/home/huahai/dobot_ws/src/DOBOT_6Axis_ROS2_V3/nova2_moveit' with build type 'ament_cmake'
[4.458s] INFO:colcon.colcon_cmake.task.cmake.build:Building CMake package in '/home/huahai/dobot_ws/src/DOBOT_6Axis_ROS2_V3/nova2_moveit'
[4.459s] INFO:colcon.colcon_core.shell:Skip shell extension 'powershell' for command environment: Not usable outside of PowerShell
[4.459s] DEBUG:colcon.colcon_core.shell:Skip shell extension 'dsv' for command environment
[4.474s] DEBUG:colcon.colcon_core.event_handler.log_command:Invoking command in '/home/huahai/dobot_ws/build/nova2_moveit': CMAKE_PREFIX_PATH=/home/huahai/dobot_ws/install/dobot_rviz:/home/huahai/dobot_ws/install/nova5_moveit:/home/huahai/dobot_ws/install/nova2_moveit:/home/huahai/dobot_ws/install/cr7_moveit:/home/huahai/dobot_ws/install/cr5_moveit:/home/huahai/dobot_ws/install/cr3_moveit:/home/huahai/dobot_ws/install/cr16_moveit:/home/huahai/dobot_ws/install/cr12_moveit:/home/huahai/dobot_ws/install/cr10_moveit:/home/huahai/dobot_ws/install/dobot_msgs_v3:/home/huahai/dobot_ws/install/dobot_gazebo:/home/huahai/dobot_ws/install/cra_description:/home/huahai/dobot_ws/install/robot_control_api:/home/huahai/dobot_ws/install/qt_robot_control:/home/huahai/dobot_ws/install/servo_action:/home/huahai/dobot_ws/install/dobot_bringup_v3:/home/huahai/dobot_ws/install/dobot_moveit:/home/huahai/dobot_ws/install/dobot_demo:/opt/ros/humble /usr/bin/cmake --build /home/huahai/dobot_ws/build/nova2_moveit -- -j2 -l2
[4.526s] DEBUG:colcon.colcon_core.event_handler.log_command:Invoked command in '/home/huahai/dobot_ws/build/nova2_moveit' returned '0': CMAKE_PREFIX_PATH=/home/huahai/dobot_ws/install/dobot_rviz:/home/huahai/dobot_ws/install/nova5_moveit:/home/huahai/dobot_ws/install/nova2_moveit:/home/huahai/dobot_ws/install/cr7_moveit:/home/huahai/dobot_ws/install/cr5_moveit:/home/huahai/dobot_ws/install/cr3_moveit:/home/huahai/dobot_ws/install/cr16_moveit:/home/huahai/dobot_ws/install/cr12_moveit:/home/huahai/dobot_ws/install/cr10_moveit:/home/huahai/dobot_ws/install/dobot_msgs_v3:/home/huahai/dobot_ws/install/dobot_gazebo:/home/huahai/dobot_ws/install/cra_description:/home/huahai/dobot_ws/install/robot_control_api:/home/huahai/dobot_ws/install/qt_robot_control:/home/huahai/dobot_ws/install/servo_action:/home/huahai/dobot_ws/install/dobot_bringup_v3:/home/huahai/dobot_ws/install/dobot_moveit:/home/huahai/dobot_ws/install/dobot_demo:/opt/ros/humble /usr/bin/cmake --build /home/huahai/dobot_ws/build/nova2_moveit -- -j2 -l2
[4.528s] DEBUG:colcon.colcon_core.event_handler.log_command:Invoking command in '/home/huahai/dobot_ws/build/nova2_moveit': CMAKE_PREFIX_PATH=/home/huahai/dobot_ws/install/dobot_rviz:/home/huahai/dobot_ws/install/nova5_moveit:/home/huahai/dobot_ws/install/nova2_moveit:/home/huahai/dobot_ws/install/cr7_moveit:/home/huahai/dobot_ws/install/cr5_moveit:/home/huahai/dobot_ws/install/cr3_moveit:/home/huahai/dobot_ws/install/cr16_moveit:/home/huahai/dobot_ws/install/cr12_moveit:/home/huahai/dobot_ws/install/cr10_moveit:/home/huahai/dobot_ws/install/dobot_msgs_v3:/home/huahai/dobot_ws/install/dobot_gazebo:/home/huahai/dobot_ws/install/cra_description:/home/huahai/dobot_ws/install/robot_control_api:/home/huahai/dobot_ws/install/qt_robot_control:/home/huahai/dobot_ws/install/servo_action:/home/huahai/dobot_ws/install/dobot_bringup_v3:/home/huahai/dobot_ws/install/dobot_moveit:/home/huahai/dobot_ws/install/dobot_demo:/opt/ros/humble /usr/bin/cmake --install /home/huahai/dobot_ws/build/nova2_moveit
[4.560s] Level 1:colcon.colcon_core.environment:create_environment_scripts_only(nova2_moveit)
[4.560s] Level 1:colcon.colcon_core.environment:checking '/home/huahai/dobot_ws/install/nova2_moveit' for CMake module files
[4.562s] DEBUG:colcon.colcon_core.event_handler.log_command:Invoked command in '/home/huahai/dobot_ws/build/nova2_moveit' returned '0': CMAKE_PREFIX_PATH=/home/huahai/dobot_ws/install/dobot_rviz:/home/huahai/dobot_ws/install/nova5_moveit:/home/huahai/dobot_ws/install/nova2_moveit:/home/huahai/dobot_ws/install/cr7_moveit:/home/huahai/dobot_ws/install/cr5_moveit:/home/huahai/dobot_ws/install/cr3_moveit:/home/huahai/dobot_ws/install/cr16_moveit:/home/huahai/dobot_ws/install/cr12_moveit:/home/huahai/dobot_ws/install/cr10_moveit:/home/huahai/dobot_ws/install/dobot_msgs_v3:/home/huahai/dobot_ws/install/dobot_gazebo:/home/huahai/dobot_ws/install/cra_description:/home/huahai/dobot_ws/install/robot_control_api:/home/huahai/dobot_ws/install/qt_robot_control:/home/huahai/dobot_ws/install/servo_action:/home/huahai/dobot_ws/install/dobot_bringup_v3:/home/huahai/dobot_ws/install/dobot_moveit:/home/huahai/dobot_ws/install/dobot_demo:/opt/ros/humble /usr/bin/cmake --install /home/huahai/dobot_ws/build/nova2_moveit
[4.564s] Level 1:colcon.colcon_core.environment:checking '/home/huahai/dobot_ws/install/nova2_moveit' for CMake config files
[4.565s] Level 1:colcon.colcon_core.shell:create_environment_hook('nova2_moveit', 'cmake_prefix_path')
[4.565s] INFO:colcon.colcon_core.shell:Creating environment hook '/home/huahai/dobot_ws/install/nova2_moveit/share/nova2_moveit/hook/cmake_prefix_path.ps1'
[4.566s] INFO:colcon.colcon_core.shell:Creating environment descriptor '/home/huahai/dobot_ws/install/nova2_moveit/share/nova2_moveit/hook/cmake_prefix_path.dsv'
[4.569s] INFO:colcon.colcon_core.shell:Creating environment hook '/home/huahai/dobot_ws/install/nova2_moveit/share/nova2_moveit/hook/cmake_prefix_path.sh'
[4.571s] Level 1:colcon.colcon_core.environment:checking '/home/huahai/dobot_ws/install/nova2_moveit/bin'
[4.571s] Level 1:colcon.colcon_core.environment:checking '/home/huahai/dobot_ws/install/nova2_moveit/lib/pkgconfig/nova2_moveit.pc'
[4.572s] Level 1:colcon.colcon_core.environment:checking '/home/huahai/dobot_ws/install/nova2_moveit/lib/python3.10/site-packages'
[4.572s] Level 1:colcon.colcon_core.environment:checking '/home/huahai/dobot_ws/install/nova2_moveit/bin'
[4.572s] INFO:colcon.colcon_core.shell:Creating package script '/home/huahai/dobot_ws/install/nova2_moveit/share/nova2_moveit/package.ps1'
[4.573s] INFO:colcon.colcon_core.shell:Creating package descriptor '/home/huahai/dobot_ws/install/nova2_moveit/share/nova2_moveit/package.dsv'
[4.573s] INFO:colcon.colcon_core.shell:Creating package script '/home/huahai/dobot_ws/install/nova2_moveit/share/nova2_moveit/package.sh'
[4.573s] INFO:colcon.colcon_core.shell:Creating package script '/home/huahai/dobot_ws/install/nova2_moveit/share/nova2_moveit/package.bash'
[4.576s] INFO:colcon.colcon_core.shell:Creating package script '/home/huahai/dobot_ws/install/nova2_moveit/share/nova2_moveit/package.zsh'
[4.577s] Level 1:colcon.colcon_core.environment:create_file_with_runtime_dependencies(/home/huahai/dobot_ws/install/nova2_moveit/share/colcon-core/packages/nova2_moveit)
[4.579s] Level 1:colcon.colcon_core.environment:create_environment_scripts_only(nova2_moveit)
[4.579s] Level 1:colcon.colcon_core.environment:checking '/home/huahai/dobot_ws/install/nova2_moveit' for CMake module files
[4.579s] Level 1:colcon.colcon_core.environment:checking '/home/huahai/dobot_ws/install/nova2_moveit' for CMake config files
[4.580s] Level 1:colcon.colcon_core.shell:create_environment_hook('nova2_moveit', 'cmake_prefix_path')
[4.581s] INFO:colcon.colcon_core.shell:Creating environment hook '/home/huahai/dobot_ws/install/nova2_moveit/share/nova2_moveit/hook/cmake_prefix_path.ps1'
[4.582s] INFO:colcon.colcon_core.shell:Creating environment descriptor '/home/huahai/dobot_ws/install/nova2_moveit/share/nova2_moveit/hook/cmake_prefix_path.dsv'
[4.583s] INFO:colcon.colcon_core.shell:Creating environment hook '/home/huahai/dobot_ws/install/nova2_moveit/share/nova2_moveit/hook/cmake_prefix_path.sh'
[4.585s] Level 1:colcon.colcon_core.environment:checking '/home/huahai/dobot_ws/install/nova2_moveit/bin'
[4.585s] Level 1:colcon.colcon_core.environment:checking '/home/huahai/dobot_ws/install/nova2_moveit/lib/pkgconfig/nova2_moveit.pc'
[4.585s] Level 1:colcon.colcon_core.environment:checking '/home/huahai/dobot_ws/install/nova2_moveit/lib/python3.10/site-packages'
[4.586s] Level 1:colcon.colcon_core.environment:checking '/home/huahai/dobot_ws/install/nova2_moveit/bin'
[4.586s] INFO:colcon.colcon_core.shell:Creating package script '/home/huahai/dobot_ws/install/nova2_moveit/share/nova2_moveit/package.ps1'
[4.586s] INFO:colcon.colcon_core.shell:Creating package descriptor '/home/huahai/dobot_ws/install/nova2_moveit/share/nova2_moveit/package.dsv'
[4.588s] INFO:colcon.colcon_core.shell:Creating package script '/home/huahai/dobot_ws/install/nova2_moveit/share/nova2_moveit/package.sh'
[4.591s] INFO:colcon.colcon_core.shell:Creating package script '/home/huahai/dobot_ws/install/nova2_moveit/share/nova2_moveit/package.bash'
[4.591s] INFO:colcon.colcon_core.shell:Creating package script '/home/huahai/dobot_ws/install/nova2_moveit/share/nova2_moveit/package.zsh'
[4.592s] Level 1:colcon.colcon_core.environment:create_file_with_runtime_dependencies(/home/huahai/dobot_ws/install/nova2_moveit/share/colcon-core/packages/nova2_moveit)
[4.592s] INFO:colcon.colcon_ros.task.ament_cmake.build:Building ROS package in '/home/huahai/dobot_ws/src/DOBOT_6Axis_ROS2_V3/nova5_moveit' with build type 'ament_cmake'
[4.592s] INFO:colcon.colcon_cmake.task.cmake.build:Building CMake package in '/home/huahai/dobot_ws/src/DOBOT_6Axis_ROS2_V3/nova5_moveit'
[4.593s] INFO:colcon.colcon_core.shell:Skip shell extension 'powershell' for command environment: Not usable outside of PowerShell
[4.593s] DEBUG:colcon.colcon_core.shell:Skip shell extension 'dsv' for command environment
[4.628s] DEBUG:colcon.colcon_core.event_handler.log_command:Invoking command in '/home/huahai/dobot_ws/build/nova5_moveit': CMAKE_PREFIX_PATH=/home/huahai/dobot_ws/install/dobot_rviz:/home/huahai/dobot_ws/install/nova5_moveit:/home/huahai/dobot_ws/install/nova2_moveit:/home/huahai/dobot_ws/install/cr7_moveit:/home/huahai/dobot_ws/install/cr5_moveit:/home/huahai/dobot_ws/install/cr3_moveit:/home/huahai/dobot_ws/install/cr16_moveit:/home/huahai/dobot_ws/install/cr12_moveit:/home/huahai/dobot_ws/install/cr10_moveit:/home/huahai/dobot_ws/install/dobot_msgs_v3:/home/huahai/dobot_ws/install/dobot_gazebo:/home/huahai/dobot_ws/install/cra_description:/home/huahai/dobot_ws/install/robot_control_api:/home/huahai/dobot_ws/install/qt_robot_control:/home/huahai/dobot_ws/install/servo_action:/home/huahai/dobot_ws/install/dobot_bringup_v3:/home/huahai/dobot_ws/install/dobot_moveit:/home/huahai/dobot_ws/install/dobot_demo:/opt/ros/humble /usr/bin/cmake --build /home/huahai/dobot_ws/build/nova5_moveit -- -j2 -l2
[4.726s] DEBUG:colcon.colcon_core.event_handler.log_command:Invoked command in '/home/huahai/dobot_ws/build/nova5_moveit' returned '0': CMAKE_PREFIX_PATH=/home/huahai/dobot_ws/install/dobot_rviz:/home/huahai/dobot_ws/install/nova5_moveit:/home/huahai/dobot_ws/install/nova2_moveit:/home/huahai/dobot_ws/install/cr7_moveit:/home/huahai/dobot_ws/install/cr5_moveit:/home/huahai/dobot_ws/install/cr3_moveit:/home/huahai/dobot_ws/install/cr16_moveit:/home/huahai/dobot_ws/install/cr12_moveit:/home/huahai/dobot_ws/install/cr10_moveit:/home/huahai/dobot_ws/install/dobot_msgs_v3:/home/huahai/dobot_ws/install/dobot_gazebo:/home/huahai/dobot_ws/install/cra_description:/home/huahai/dobot_ws/install/robot_control_api:/home/huahai/dobot_ws/install/qt_robot_control:/home/huahai/dobot_ws/install/servo_action:/home/huahai/dobot_ws/install/dobot_bringup_v3:/home/huahai/dobot_ws/install/dobot_moveit:/home/huahai/dobot_ws/install/dobot_demo:/opt/ros/humble /usr/bin/cmake --build /home/huahai/dobot_ws/build/nova5_moveit -- -j2 -l2
[4.730s] DEBUG:colcon.colcon_core.event_handler.log_command:Invoking command in '/home/huahai/dobot_ws/build/nova5_moveit': CMAKE_PREFIX_PATH=/home/huahai/dobot_ws/install/dobot_rviz:/home/huahai/dobot_ws/install/nova5_moveit:/home/huahai/dobot_ws/install/nova2_moveit:/home/huahai/dobot_ws/install/cr7_moveit:/home/huahai/dobot_ws/install/cr5_moveit:/home/huahai/dobot_ws/install/cr3_moveit:/home/huahai/dobot_ws/install/cr16_moveit:/home/huahai/dobot_ws/install/cr12_moveit:/home/huahai/dobot_ws/install/cr10_moveit:/home/huahai/dobot_ws/install/dobot_msgs_v3:/home/huahai/dobot_ws/install/dobot_gazebo:/home/huahai/dobot_ws/install/cra_description:/home/huahai/dobot_ws/install/robot_control_api:/home/huahai/dobot_ws/install/qt_robot_control:/home/huahai/dobot_ws/install/servo_action:/home/huahai/dobot_ws/install/dobot_bringup_v3:/home/huahai/dobot_ws/install/dobot_moveit:/home/huahai/dobot_ws/install/dobot_demo:/opt/ros/humble /usr/bin/cmake --install /home/huahai/dobot_ws/build/nova5_moveit
[4.743s] Level 1:colcon.colcon_core.environment:create_environment_scripts_only(nova5_moveit)
[4.743s] Level 1:colcon.colcon_core.environment:checking '/home/huahai/dobot_ws/install/nova5_moveit' for CMake module files
[4.744s] Level 1:colcon.colcon_core.environment:checking '/home/huahai/dobot_ws/install/nova5_moveit' for CMake config files
[4.744s] Level 1:colcon.colcon_core.shell:create_environment_hook('nova5_moveit', 'cmake_prefix_path')
[4.744s] INFO:colcon.colcon_core.shell:Creating environment hook '/home/huahai/dobot_ws/install/nova5_moveit/share/nova5_moveit/hook/cmake_prefix_path.ps1'
[4.747s] DEBUG:colcon.colcon_core.event_handler.log_command:Invoked command in '/home/huahai/dobot_ws/build/nova5_moveit' returned '0': CMAKE_PREFIX_PATH=/home/huahai/dobot_ws/install/dobot_rviz:/home/huahai/dobot_ws/install/nova5_moveit:/home/huahai/dobot_ws/install/nova2_moveit:/home/huahai/dobot_ws/install/cr7_moveit:/home/huahai/dobot_ws/install/cr5_moveit:/home/huahai/dobot_ws/install/cr3_moveit:/home/huahai/dobot_ws/install/cr16_moveit:/home/huahai/dobot_ws/install/cr12_moveit:/home/huahai/dobot_ws/install/cr10_moveit:/home/huahai/dobot_ws/install/dobot_msgs_v3:/home/huahai/dobot_ws/install/dobot_gazebo:/home/huahai/dobot_ws/install/cra_description:/home/huahai/dobot_ws/install/robot_control_api:/home/huahai/dobot_ws/install/qt_robot_control:/home/huahai/dobot_ws/install/servo_action:/home/huahai/dobot_ws/install/dobot_bringup_v3:/home/huahai/dobot_ws/install/dobot_moveit:/home/huahai/dobot_ws/install/dobot_demo:/opt/ros/humble /usr/bin/cmake --install /home/huahai/dobot_ws/build/nova5_moveit
[4.747s] INFO:colcon.colcon_core.shell:Creating environment descriptor '/home/huahai/dobot_ws/install/nova5_moveit/share/nova5_moveit/hook/cmake_prefix_path.dsv'
[4.747s] INFO:colcon.colcon_core.shell:Creating environment hook '/home/huahai/dobot_ws/install/nova5_moveit/share/nova5_moveit/hook/cmake_prefix_path.sh'
[4.748s] Level 1:colcon.colcon_core.environment:checking '/home/huahai/dobot_ws/install/nova5_moveit/bin'
[4.748s] Level 1:colcon.colcon_core.environment:checking '/home/huahai/dobot_ws/install/nova5_moveit/lib/pkgconfig/nova5_moveit.pc'
[4.749s] Level 1:colcon.colcon_core.environment:checking '/home/huahai/dobot_ws/install/nova5_moveit/lib/python3.10/site-packages'
[4.749s] Level 1:colcon.colcon_core.environment:checking '/home/huahai/dobot_ws/install/nova5_moveit/bin'
[4.749s] INFO:colcon.colcon_core.shell:Creating package script '/home/huahai/dobot_ws/install/nova5_moveit/share/nova5_moveit/package.ps1'
[4.750s] INFO:colcon.colcon_core.shell:Creating package descriptor '/home/huahai/dobot_ws/install/nova5_moveit/share/nova5_moveit/package.dsv'
[4.750s] INFO:colcon.colcon_core.shell:Creating package script '/home/huahai/dobot_ws/install/nova5_moveit/share/nova5_moveit/package.sh'
[4.751s] INFO:colcon.colcon_core.shell:Creating package script '/home/huahai/dobot_ws/install/nova5_moveit/share/nova5_moveit/package.bash'
[4.752s] INFO:colcon.colcon_core.shell:Creating package script '/home/huahai/dobot_ws/install/nova5_moveit/share/nova5_moveit/package.zsh'
[4.752s] Level 1:colcon.colcon_core.environment:create_file_with_runtime_dependencies(/home/huahai/dobot_ws/install/nova5_moveit/share/colcon-core/packages/nova5_moveit)
[4.754s] Level 1:colcon.colcon_core.environment:create_environment_scripts_only(nova5_moveit)
[4.755s] Level 1:colcon.colcon_core.environment:checking '/home/huahai/dobot_ws/install/nova5_moveit' for CMake module files
[4.755s] Level 1:colcon.colcon_core.environment:checking '/home/huahai/dobot_ws/install/nova5_moveit' for CMake config files
[4.755s] Level 1:colcon.colcon_core.shell:create_environment_hook('nova5_moveit', 'cmake_prefix_path')
[4.755s] INFO:colcon.colcon_core.shell:Creating environment hook '/home/huahai/dobot_ws/install/nova5_moveit/share/nova5_moveit/hook/cmake_prefix_path.ps1'
[4.756s] INFO:colcon.colcon_core.shell:Creating environment descriptor '/home/huahai/dobot_ws/install/nova5_moveit/share/nova5_moveit/hook/cmake_prefix_path.dsv'
[4.756s] INFO:colcon.colcon_core.shell:Creating environment hook '/home/huahai/dobot_ws/install/nova5_moveit/share/nova5_moveit/hook/cmake_prefix_path.sh'
[4.757s] Level 1:colcon.colcon_core.environment:checking '/home/huahai/dobot_ws/install/nova5_moveit/bin'
[4.757s] Level 1:colcon.colcon_core.environment:checking '/home/huahai/dobot_ws/install/nova5_moveit/lib/pkgconfig/nova5_moveit.pc'
[4.757s] Level 1:colcon.colcon_core.environment:checking '/home/huahai/dobot_ws/install/nova5_moveit/lib/python3.10/site-packages'
[4.757s] Level 1:colcon.colcon_core.environment:checking '/home/huahai/dobot_ws/install/nova5_moveit/bin'
[4.757s] INFO:colcon.colcon_core.shell:Creating package script '/home/huahai/dobot_ws/install/nova5_moveit/share/nova5_moveit/package.ps1'
[4.758s] INFO:colcon.colcon_core.shell:Creating package descriptor '/home/huahai/dobot_ws/install/nova5_moveit/share/nova5_moveit/package.dsv'
[4.758s] INFO:colcon.colcon_core.shell:Creating package script '/home/huahai/dobot_ws/install/nova5_moveit/share/nova5_moveit/package.sh'
[4.759s] INFO:colcon.colcon_core.shell:Creating package script '/home/huahai/dobot_ws/install/nova5_moveit/share/nova5_moveit/package.bash'
[4.759s] INFO:colcon.colcon_core.shell:Creating package script '/home/huahai/dobot_ws/install/nova5_moveit/share/nova5_moveit/package.zsh'
[4.759s] Level 1:colcon.colcon_core.environment:create_file_with_runtime_dependencies(/home/huahai/dobot_ws/install/nova5_moveit/share/colcon-core/packages/nova5_moveit)
[4.760s] INFO:colcon.colcon_ros.task.ament_python.build:Building ROS package in '/home/huahai/dobot_ws/src/qt_robot_control' with build type 'ament_python'
[4.760s] Level 1:colcon.colcon_core.shell:create_environment_hook('qt_robot_control', 'ament_prefix_path')
[4.760s] INFO:colcon.colcon_core.shell:Creating environment hook '/home/huahai/dobot_ws/install/qt_robot_control/share/qt_robot_control/hook/ament_prefix_path.ps1'
[4.761s] INFO:colcon.colcon_core.shell:Creating environment descriptor '/home/huahai/dobot_ws/install/qt_robot_control/share/qt_robot_control/hook/ament_prefix_path.dsv'
[4.763s] INFO:colcon.colcon_core.shell:Creating environment hook '/home/huahai/dobot_ws/install/qt_robot_control/share/qt_robot_control/hook/ament_prefix_path.sh'
[4.763s] INFO:colcon.colcon_core.shell:Skip shell extension 'powershell' for command environment: Not usable outside of PowerShell
[4.763s] DEBUG:colcon.colcon_core.shell:Skip shell extension 'dsv' for command environment
[4.985s] INFO:colcon.colcon_core.task.python.build:Building Python package in '/home/huahai/dobot_ws/src/qt_robot_control'
[4.986s] INFO:colcon.colcon_core.shell:Skip shell extension 'powershell' for command environment: Not usable outside of PowerShell
[4.986s] DEBUG:colcon.colcon_core.shell:Skip shell extension 'dsv' for command environment
[4.994s] DEBUG:colcon.colcon_core.event_handler.log_command:Invoking command in '/home/huahai/dobot_ws/src/DOBOT_6Axis_ROS2_V3/dobot_bringup_v3': CMAKE_PREFIX_PATH=/home/huahai/dobot_ws/install/dobot_msgs_v3:/home/huahai/dobot_ws/install/nova5_moveit:/home/huahai/dobot_ws/install/nova2_moveit:/home/huahai/dobot_ws/install/cr7_moveit:/home/huahai/dobot_ws/install/cr5_moveit:/home/huahai/dobot_ws/install/cr3_moveit:/home/huahai/dobot_ws/install/cr16_moveit:/home/huahai/dobot_ws/install/cr12_moveit:/home/huahai/dobot_ws/install/cr10_moveit:/home/huahai/dobot_ws/install/dobot_rviz:/home/huahai/dobot_ws/install/dobot_gazebo:/home/huahai/dobot_ws/install/cra_description PYTHONPATH=/home/huahai/dobot_ws/build/dobot_bringup_v3/prefix_override:/usr/lib/python3/dist-packages/colcon_core/task/python/colcon_distutils_commands:/home/huahai/dobot_ws/install/dobot_bringup_v3/lib/python3.10/site-packages:${PYTHONPATH} /usr/bin/python3 -W ignore:setup.py install is deprecated -W ignore:easy_install command is deprecated setup.py egg_info --egg-base ../../../build/dobot_bringup_v3 build --build-base /home/huahai/dobot_ws/build/dobot_bringup_v3/build install --record /home/huahai/dobot_ws/build/dobot_bringup_v3/install.log --single-version-externally-managed install_data
[5.271s] Level 1:colcon.colcon_core.environment:checking '/home/huahai/dobot_ws/install/dobot_bringup_v3' for CMake module files
[5.272s] DEBUG:colcon.colcon_core.event_handler.log_command:Invoked command in '/home/huahai/dobot_ws/src/DOBOT_6Axis_ROS2_V3/dobot_bringup_v3' returned '0': CMAKE_PREFIX_PATH=/home/huahai/dobot_ws/install/dobot_msgs_v3:/home/huahai/dobot_ws/install/nova5_moveit:/home/huahai/dobot_ws/install/nova2_moveit:/home/huahai/dobot_ws/install/cr7_moveit:/home/huahai/dobot_ws/install/cr5_moveit:/home/huahai/dobot_ws/install/cr3_moveit:/home/huahai/dobot_ws/install/cr16_moveit:/home/huahai/dobot_ws/install/cr12_moveit:/home/huahai/dobot_ws/install/cr10_moveit:/home/huahai/dobot_ws/install/dobot_rviz:/home/huahai/dobot_ws/install/dobot_gazebo:/home/huahai/dobot_ws/install/cra_description PYTHONPATH=/home/huahai/dobot_ws/build/dobot_bringup_v3/prefix_override:/usr/lib/python3/dist-packages/colcon_core/task/python/colcon_distutils_commands:/home/huahai/dobot_ws/install/dobot_bringup_v3/lib/python3.10/site-packages:${PYTHONPATH} /usr/bin/python3 -W ignore:setup.py install is deprecated -W ignore:easy_install command is deprecated setup.py egg_info --egg-base ../../../build/dobot_bringup_v3 build --build-base /home/huahai/dobot_ws/build/dobot_bringup_v3/build install --record /home/huahai/dobot_ws/build/dobot_bringup_v3/install.log --single-version-externally-managed install_data
[5.272s] Level 1:colcon.colcon_core.environment:checking '/home/huahai/dobot_ws/install/dobot_bringup_v3' for CMake config files
[5.273s] Level 1:colcon.colcon_core.environment:checking '/home/huahai/dobot_ws/install/dobot_bringup_v3/lib'
[5.273s] Level 1:colcon.colcon_core.environment:checking '/home/huahai/dobot_ws/install/dobot_bringup_v3/bin'
[5.273s] Level 1:colcon.colcon_core.environment:checking '/home/huahai/dobot_ws/install/dobot_bringup_v3/lib/pkgconfig/dobot_bringup_v3.pc'
[5.273s] Level 1:colcon.colcon_core.environment:checking '/home/huahai/dobot_ws/install/dobot_bringup_v3/lib/python3.10/site-packages'
[5.273s] Level 1:colcon.colcon_core.shell:create_environment_hook('dobot_bringup_v3', 'pythonpath')
[5.273s] INFO:colcon.colcon_core.shell:Creating environment hook '/home/huahai/dobot_ws/install/dobot_bringup_v3/share/dobot_bringup_v3/hook/pythonpath.ps1'
[5.274s] INFO:colcon.colcon_core.shell:Creating environment descriptor '/home/huahai/dobot_ws/install/dobot_bringup_v3/share/dobot_bringup_v3/hook/pythonpath.dsv'
[5.275s] INFO:colcon.colcon_core.shell:Creating environment hook '/home/huahai/dobot_ws/install/dobot_bringup_v3/share/dobot_bringup_v3/hook/pythonpath.sh'
[5.276s] Level 1:colcon.colcon_core.environment:checking '/home/huahai/dobot_ws/install/dobot_bringup_v3/bin'
[5.276s] Level 1:colcon.colcon_core.environment:create_environment_scripts_only(dobot_bringup_v3)
[5.276s] INFO:colcon.colcon_core.shell:Creating package script '/home/huahai/dobot_ws/install/dobot_bringup_v3/share/dobot_bringup_v3/package.ps1'
[5.277s] INFO:colcon.colcon_core.shell:Creating package descriptor '/home/huahai/dobot_ws/install/dobot_bringup_v3/share/dobot_bringup_v3/package.dsv'
[5.277s] INFO:colcon.colcon_core.shell:Creating package script '/home/huahai/dobot_ws/install/dobot_bringup_v3/share/dobot_bringup_v3/package.sh'
[5.278s] INFO:colcon.colcon_core.shell:Creating package script '/home/huahai/dobot_ws/install/dobot_bringup_v3/share/dobot_bringup_v3/package.bash'
[5.279s] INFO:colcon.colcon_core.shell:Creating package script '/home/huahai/dobot_ws/install/dobot_bringup_v3/share/dobot_bringup_v3/package.zsh'
[5.279s] Level 1:colcon.colcon_core.environment:create_file_with_runtime_dependencies(/home/huahai/dobot_ws/install/dobot_bringup_v3/share/colcon-core/packages/dobot_bringup_v3)
[5.280s] INFO:colcon.colcon_ros.task.ament_python.build:Building ROS package in '/home/huahai/dobot_ws/src/robot_control_api' with build type 'ament_python'
[5.280s] Level 1:colcon.colcon_core.shell:create_environment_hook('robot_control_api', 'ament_prefix_path')
[5.281s] INFO:colcon.colcon_core.shell:Creating environment hook '/home/huahai/dobot_ws/install/robot_control_api/share/robot_control_api/hook/ament_prefix_path.ps1'
[5.281s] INFO:colcon.colcon_core.shell:Creating environment descriptor '/home/huahai/dobot_ws/install/robot_control_api/share/robot_control_api/hook/ament_prefix_path.dsv'
[5.282s] INFO:colcon.colcon_core.shell:Creating environment hook '/home/huahai/dobot_ws/install/robot_control_api/share/robot_control_api/hook/ament_prefix_path.sh'
[5.282s] INFO:colcon.colcon_core.shell:Skip shell extension 'powershell' for command environment: Not usable outside of PowerShell
[5.282s] DEBUG:colcon.colcon_core.shell:Skip shell extension 'dsv' for command environment
[5.507s] INFO:colcon.colcon_core.task.python.build:Building Python package in '/home/huahai/dobot_ws/src/robot_control_api'
[5.507s] INFO:colcon.colcon_core.shell:Skip shell extension 'powershell' for command environment: Not usable outside of PowerShell
[5.507s] DEBUG:colcon.colcon_core.shell:Skip shell extension 'dsv' for command environment
[5.515s] DEBUG:colcon.colcon_core.event_handler.log_command:Invoking command in '/home/huahai/dobot_ws/src/qt_robot_control': CMAKE_PREFIX_PATH=/home/huahai/dobot_ws/install/dobot_msgs_v3:/home/huahai/dobot_ws/install/nova5_moveit:/home/huahai/dobot_ws/install/nova2_moveit:/home/huahai/dobot_ws/install/cr7_moveit:/home/huahai/dobot_ws/install/cr5_moveit:/home/huahai/dobot_ws/install/cr3_moveit:/home/huahai/dobot_ws/install/cr16_moveit:/home/huahai/dobot_ws/install/cr12_moveit:/home/huahai/dobot_ws/install/cr10_moveit:/home/huahai/dobot_ws/install/dobot_rviz:/home/huahai/dobot_ws/install/dobot_gazebo:/home/huahai/dobot_ws/install/cra_description PYTHONPATH=/home/huahai/dobot_ws/build/qt_robot_control/prefix_override:/usr/lib/python3/dist-packages/colcon_core/task/python/colcon_distutils_commands:/home/huahai/dobot_ws/install/qt_robot_control/lib/python3.10/site-packages:${PYTHONPATH} /usr/bin/python3 -W ignore:setup.py install is deprecated -W ignore:easy_install command is deprecated setup.py egg_info --egg-base ../../build/qt_robot_control build --build-base /home/huahai/dobot_ws/build/qt_robot_control/build install --record /home/huahai/dobot_ws/build/qt_robot_control/install.log --single-version-externally-managed install_data
[5.793s] DEBUG:colcon.colcon_core.event_handler.log_command:Invoking command in '/home/huahai/dobot_ws/src/robot_control_api': CMAKE_PREFIX_PATH=/home/huahai/dobot_ws/install/dobot_msgs_v3:/home/huahai/dobot_ws/install/nova5_moveit:/home/huahai/dobot_ws/install/nova2_moveit:/home/huahai/dobot_ws/install/cr7_moveit:/home/huahai/dobot_ws/install/cr5_moveit:/home/huahai/dobot_ws/install/cr3_moveit:/home/huahai/dobot_ws/install/cr16_moveit:/home/huahai/dobot_ws/install/cr12_moveit:/home/huahai/dobot_ws/install/cr10_moveit:/home/huahai/dobot_ws/install/dobot_rviz:/home/huahai/dobot_ws/install/dobot_gazebo:/home/huahai/dobot_ws/install/cra_description PYTHONPATH=/home/huahai/dobot_ws/build/robot_control_api/prefix_override:/usr/lib/python3/dist-packages/colcon_core/task/python/colcon_distutils_commands:/home/huahai/dobot_ws/install/robot_control_api/lib/python3.10/site-packages:${PYTHONPATH} /usr/bin/python3 -W ignore:setup.py install is deprecated -W ignore:easy_install command is deprecated setup.py egg_info --egg-base ../../build/robot_control_api build --build-base /home/huahai/dobot_ws/build/robot_control_api/build install --record /home/huahai/dobot_ws/build/robot_control_api/install.log --single-version-externally-managed install_data
[5.897s] Level 1:colcon.colcon_core.environment:checking '/home/huahai/dobot_ws/install/qt_robot_control' for CMake module files
[5.898s] DEBUG:colcon.colcon_core.event_handler.log_command:Invoked command in '/home/huahai/dobot_ws/src/qt_robot_control' returned '0': CMAKE_PREFIX_PATH=/home/huahai/dobot_ws/install/dobot_msgs_v3:/home/huahai/dobot_ws/install/nova5_moveit:/home/huahai/dobot_ws/install/nova2_moveit:/home/huahai/dobot_ws/install/cr7_moveit:/home/huahai/dobot_ws/install/cr5_moveit:/home/huahai/dobot_ws/install/cr3_moveit:/home/huahai/dobot_ws/install/cr16_moveit:/home/huahai/dobot_ws/install/cr12_moveit:/home/huahai/dobot_ws/install/cr10_moveit:/home/huahai/dobot_ws/install/dobot_rviz:/home/huahai/dobot_ws/install/dobot_gazebo:/home/huahai/dobot_ws/install/cra_description PYTHONPATH=/home/huahai/dobot_ws/build/qt_robot_control/prefix_override:/usr/lib/python3/dist-packages/colcon_core/task/python/colcon_distutils_commands:/home/huahai/dobot_ws/install/qt_robot_control/lib/python3.10/site-packages:${PYTHONPATH} /usr/bin/python3 -W ignore:setup.py install is deprecated -W ignore:easy_install command is deprecated setup.py egg_info --egg-base ../../build/qt_robot_control build --build-base /home/huahai/dobot_ws/build/qt_robot_control/build install --record /home/huahai/dobot_ws/build/qt_robot_control/install.log --single-version-externally-managed install_data
[5.898s] Level 1:colcon.colcon_core.environment:checking '/home/huahai/dobot_ws/install/qt_robot_control' for CMake config files
[5.899s] Level 1:colcon.colcon_core.environment:checking '/home/huahai/dobot_ws/install/qt_robot_control/lib'
[5.899s] Level 1:colcon.colcon_core.environment:checking '/home/huahai/dobot_ws/install/qt_robot_control/bin'
[5.899s] Level 1:colcon.colcon_core.environment:checking '/home/huahai/dobot_ws/install/qt_robot_control/lib/pkgconfig/qt_robot_control.pc'
[5.899s] Level 1:colcon.colcon_core.environment:checking '/home/huahai/dobot_ws/install/qt_robot_control/lib/python3.10/site-packages'
[5.899s] Level 1:colcon.colcon_core.shell:create_environment_hook('qt_robot_control', 'pythonpath')
[5.900s] INFO:colcon.colcon_core.shell:Creating environment hook '/home/huahai/dobot_ws/install/qt_robot_control/share/qt_robot_control/hook/pythonpath.ps1'
[5.901s] INFO:colcon.colcon_core.shell:Creating environment descriptor '/home/huahai/dobot_ws/install/qt_robot_control/share/qt_robot_control/hook/pythonpath.dsv'
[5.902s] INFO:colcon.colcon_core.shell:Creating environment hook '/home/huahai/dobot_ws/install/qt_robot_control/share/qt_robot_control/hook/pythonpath.sh'
[5.905s] Level 1:colcon.colcon_core.environment:checking '/home/huahai/dobot_ws/install/qt_robot_control/bin'
[5.905s] Level 1:colcon.colcon_core.environment:create_environment_scripts_only(qt_robot_control)
[5.905s] INFO:colcon.colcon_core.shell:Creating package script '/home/huahai/dobot_ws/install/qt_robot_control/share/qt_robot_control/package.ps1'
[5.906s] INFO:colcon.colcon_core.shell:Creating package descriptor '/home/huahai/dobot_ws/install/qt_robot_control/share/qt_robot_control/package.dsv'
[5.906s] INFO:colcon.colcon_core.shell:Creating package script '/home/huahai/dobot_ws/install/qt_robot_control/share/qt_robot_control/package.sh'
[5.907s] INFO:colcon.colcon_core.shell:Creating package script '/home/huahai/dobot_ws/install/qt_robot_control/share/qt_robot_control/package.bash'
[5.908s] INFO:colcon.colcon_core.shell:Creating package script '/home/huahai/dobot_ws/install/qt_robot_control/share/qt_robot_control/package.zsh'
[5.908s] Level 1:colcon.colcon_core.environment:create_file_with_runtime_dependencies(/home/huahai/dobot_ws/install/qt_robot_control/share/colcon-core/packages/qt_robot_control)
[6.044s] Level 1:colcon.colcon_core.environment:checking '/home/huahai/dobot_ws/install/robot_control_api' for CMake module files
[6.044s] Level 1:colcon.colcon_core.environment:checking '/home/huahai/dobot_ws/install/robot_control_api' for CMake config files
[6.045s] DEBUG:colcon.colcon_core.event_handler.log_command:Invoked command in '/home/huahai/dobot_ws/src/robot_control_api' returned '0': CMAKE_PREFIX_PATH=/home/huahai/dobot_ws/install/dobot_msgs_v3:/home/huahai/dobot_ws/install/nova5_moveit:/home/huahai/dobot_ws/install/nova2_moveit:/home/huahai/dobot_ws/install/cr7_moveit:/home/huahai/dobot_ws/install/cr5_moveit:/home/huahai/dobot_ws/install/cr3_moveit:/home/huahai/dobot_ws/install/cr16_moveit:/home/huahai/dobot_ws/install/cr12_moveit:/home/huahai/dobot_ws/install/cr10_moveit:/home/huahai/dobot_ws/install/dobot_rviz:/home/huahai/dobot_ws/install/dobot_gazebo:/home/huahai/dobot_ws/install/cra_description PYTHONPATH=/home/huahai/dobot_ws/build/robot_control_api/prefix_override:/usr/lib/python3/dist-packages/colcon_core/task/python/colcon_distutils_commands:/home/huahai/dobot_ws/install/robot_control_api/lib/python3.10/site-packages:${PYTHONPATH} /usr/bin/python3 -W ignore:setup.py install is deprecated -W ignore:easy_install command is deprecated setup.py egg_info --egg-base ../../build/robot_control_api build --build-base /home/huahai/dobot_ws/build/robot_control_api/build install --record /home/huahai/dobot_ws/build/robot_control_api/install.log --single-version-externally-managed install_data
[6.045s] Level 1:colcon.colcon_core.environment:checking '/home/huahai/dobot_ws/install/robot_control_api/lib'
[6.045s] Level 1:colcon.colcon_core.environment:checking '/home/huahai/dobot_ws/install/robot_control_api/bin'
[6.045s] Level 1:colcon.colcon_core.environment:checking '/home/huahai/dobot_ws/install/robot_control_api/lib/pkgconfig/robot_control_api.pc'
[6.045s] Level 1:colcon.colcon_core.environment:checking '/home/huahai/dobot_ws/install/robot_control_api/lib/python3.10/site-packages'
[6.045s] Level 1:colcon.colcon_core.shell:create_environment_hook('robot_control_api', 'pythonpath')
[6.046s] INFO:colcon.colcon_core.shell:Creating environment hook '/home/huahai/dobot_ws/install/robot_control_api/share/robot_control_api/hook/pythonpath.ps1'
[6.046s] INFO:colcon.colcon_core.shell:Creating environment descriptor '/home/huahai/dobot_ws/install/robot_control_api/share/robot_control_api/hook/pythonpath.dsv'
[6.047s] INFO:colcon.colcon_core.shell:Creating environment hook '/home/huahai/dobot_ws/install/robot_control_api/share/robot_control_api/hook/pythonpath.sh'
[6.048s] Level 1:colcon.colcon_core.environment:checking '/home/huahai/dobot_ws/install/robot_control_api/bin'
[6.048s] Level 1:colcon.colcon_core.environment:create_environment_scripts_only(robot_control_api)
[6.048s] INFO:colcon.colcon_core.shell:Creating package script '/home/huahai/dobot_ws/install/robot_control_api/share/robot_control_api/package.ps1'
[6.048s] INFO:colcon.colcon_core.shell:Creating package descriptor '/home/huahai/dobot_ws/install/robot_control_api/share/robot_control_api/package.dsv'
[6.049s] INFO:colcon.colcon_core.shell:Creating package script '/home/huahai/dobot_ws/install/robot_control_api/share/robot_control_api/package.sh'
[6.049s] INFO:colcon.colcon_core.shell:Creating package script '/home/huahai/dobot_ws/install/robot_control_api/share/robot_control_api/package.bash'
[6.050s] INFO:colcon.colcon_core.shell:Creating package script '/home/huahai/dobot_ws/install/robot_control_api/share/robot_control_api/package.zsh'
[6.050s] Level 1:colcon.colcon_core.environment:create_file_with_runtime_dependencies(/home/huahai/dobot_ws/install/robot_control_api/share/colcon-core/packages/robot_control_api)
[6.050s] DEBUG:colcon.colcon_parallel_executor.executor.parallel:closing loop
[6.051s] DEBUG:colcon.colcon_parallel_executor.executor.parallel:loop closed
[6.051s] DEBUG:colcon.colcon_parallel_executor.executor.parallel:run_until_complete finished with '0'
[6.051s] DEBUG:colcon.colcon_core.event_reactor:joining thread
[6.057s] INFO:colcon.colcon_core.plugin_system:Skipping extension 'colcon_notification.desktop_notification.terminal_notifier': Not used on non-Darwin systems
[6.057s] INFO:colcon.colcon_core.plugin_system:Skipping extension 'colcon_notification.desktop_notification.win32': Not used on non-Windows systems
[6.057s] INFO:colcon.colcon_notification.desktop_notification:Sending desktop notification using 'notify2'
[6.076s] DEBUG:colcon.colcon_core.event_reactor:joined thread
[6.076s] INFO:colcon.colcon_core.shell:Creating prefix script '/home/huahai/dobot_ws/install/local_setup.ps1'
[6.079s] INFO:colcon.colcon_core.shell:Creating prefix util module '/home/huahai/dobot_ws/install/_local_setup_util_ps1.py'
[6.081s] INFO:colcon.colcon_core.shell:Creating prefix chain script '/home/huahai/dobot_ws/install/setup.ps1'
[6.083s] INFO:colcon.colcon_core.shell:Creating prefix script '/home/huahai/dobot_ws/install/local_setup.sh'
[6.084s] INFO:colcon.colcon_core.shell:Creating prefix util module '/home/huahai/dobot_ws/install/_local_setup_util_sh.py'
[6.089s] INFO:colcon.colcon_core.shell:Creating prefix chain script '/home/huahai/dobot_ws/install/setup.sh'
[6.091s] INFO:colcon.colcon_core.shell:Creating prefix script '/home/huahai/dobot_ws/install/local_setup.bash'
[6.091s] INFO:colcon.colcon_core.shell:Creating prefix chain script '/home/huahai/dobot_ws/install/setup.bash'
[6.094s] INFO:colcon.colcon_core.shell:Creating prefix script '/home/huahai/dobot_ws/install/local_setup.zsh'
[6.095s] INFO:colcon.colcon_core.shell:Creating prefix chain script '/home/huahai/dobot_ws/install/setup.zsh'
